# 73894076416 32491361022246912 950340 2463183800 1653383410777200 0 0
14400 46876930048 63.4 12277915634892800 37.8
2117500 51578542080 69.8 16069043001753600 49.5
3736700 53274928640 72.1 17316643625500672 53.3
5267600 54364709248 73.6 18123211371708416 55.8
6642000 55177994112 74.7 18728749214203904 57.6
7971800 55830191552 75.6 19216013958578176 59.1
9263900 56372825920 76.3 19625075166674944 60.4
10485400 56837207840 76.9 19978051014098944 61.5
11666500 57242241632 77.5 20288167080886272 62.4
12822700 57602478432 78.0 20564906252173312 63.3
13939800 57936354144 78.4 20820174177304576 64.1
15073400 58231421440 78.8 21045453734805504 64.8
16152500 58500410240 79.2 21250158083702784 65.4
17110500 58747901824 79.5 21438806905323520 66.0
18224800 58976743616 79.8 21612344136171520 66.5
19260100 59190720720 80.1 21774753173864448 67.0
20299800 59391200432 80.4 21926511447638016 67.5
21275900 59579208736 80.6 22069137782079488 67.9
22274900 59756659440 80.9 22203670552641536 68.3
23211900 59925379744 81.1 22331442985959424 68.7
24105300 60087410944 81.3 22455177059500032 69.1
24323600 60088761244 81.3 22456336157638656 69.1
26081100 60383217532 81.7 22678696429223936 69.8
26117600 60385885632 81.7 22680927333646336 69.8
27960500 60652544640 82.1 22882019044622336 70.4
27990900 60654854340 82.1 22883985258315776 70.4
29719200 60900074436 82.4 23068868903567360 71.0
29838900 60902828436 82.4 23071266552807424 71.0
31274100 61128851028 82.7 23241641915973632 71.5
31280000 61132203128 82.7 23244125497589760 71.5
32746500 61342528632 83.0 23403234507227136 72.0
33184200 61346417432 83.0 23406596938661888 72.0
34644600 61348940632 83.0 23408240532520960 72.0
34858100 61545096936 83.3 23556394942857216 72.5
36202100 61728446840 83.5 23695071056625664 72.9
36578100 61730863140 83.5 23696948471398400 72.9
37430900 61733271340 83.5 23698463301828608 72.9
38123600 61905850140 83.8 23828656100212736 73.3
38949900 62068929628 84.0 23951836634677248 73.7
39451300 62071095328 84.0 23953392626565120 73.7
41188700 62072305028 84.0 23954213216714752 73.7
41204800 62227041124 84.2 24070506653679616 74.1
41366200 62229630224 84.2 24073274893533184 74.1
42785300 62446569520 84.5 24234999857020928 74.6
43500200 62448889420 84.5 24236497758322688 74.6
43699000 62450204120 84.5 24238746097418240 74.6
45390200 62651009128 84.8 24388962075279360 75.1
45425300 62654728328 84.8 24391361188331520 75.1
45786400 62656060928 84.8 24393062113476608 75.1
47395300 62841579024 85.0 24532039948697600 75.5
47766900 62843714124 85.0 24534170634944512 75.5
47954300 62846473524 85.0 24536040825028608 75.5
49540000 62849405524 85.1 24538328006000640 75.5
49567900 63023784020 85.3 24668985189335040 75.9
49799400 63025472520 85.3 24670789419663360 75.9
51001500 63188748120 85.5 24792589013090304 76.3
51733100 63190494120 85.5 24793888866959360 76.3
52238500 63194162420 85.5 24796419490054144 76.3
53822900 63346388516 85.7 24910328045764608 76.7
53973000 63348589616 85.7 24911936720338944 76.7
54183100 63352654416 85.7 24921151196233728 76.7
55084200 63354685616 85.7 24922586275119104 76.7
55378200 63358108216 85.7 24926947910352896 76.7
55516700 63360128716 85.7 24928279758766080 76.7
56047800 63504683020 85.9 25035976466366464 77.1
56685000 63507512720 85.9 25037925038555136 77.1
57234700 63686923120 86.2 25171983802433536 77.5
58502900 63690260120 86.2 25174284428247040 77.5
58662100 63691972920 86.2 25175733916008448 77.5
59702700 63859130216 86.4 25300458306666496 77.9
59889600 63862230516 86.4 25302805407203328 77.9
60669900 63864869516 86.4 25304717469286400 77.9
60843100 63866083416 86.4 25306328293441536 77.9
61988900 64022561496 86.6 25422842761838592 78.2
63175500 64023705296 86.6 25423862587260928 78.2
64079400 64026497296 86.6 25425813232353280 78.3
64245600 64028951196 86.6 25427822290862080 78.3
65796300 64031293596 86.7 25429550624342016 78.3
65819800 64032362296 86.7 25430999987191808 78.3
65907300 64036126596 86.7 25433509524209664 78.3
66110300 64183613892 86.9 25543239806550016 78.6
66710400 64184060492 86.9 25543738227195904 78.6
66803800 64191002492 86.9 25546711783735296 78.6
67322500 64192134992 86.9 25548406844850176 78.6
68191400 64329278496 87.1 25650325076606976 78.9
68482900 64331360896 87.1 25652004743315456 79.0
70545700 64333388696 87.1 25653988886478848 79.0
70708000 64339648996 87.1 25656209892343808 79.0
71059700 64340934296 87.1 25657969025515520 79.0
71350700 64343081396 87.1 25659215650783232 79.0
71414200 64501183700 87.3 25778921086943232 79.3
72054500 64507211100 87.3 25781956674617344 79.4
73503300 64654096812 87.5 25893151373033472 79.7
73609300 64656125612 87.5 25894538797809664 79.7
73637200 64658718412 87.5 25896397902610432 79.7
73824900 64659782712 87.5 25897490551373824 79.7
74260200 64661815012 87.5 25899026470502400 79.7
75227900 64662686412 87.5 25900110214234112 79.7
75574800 64799435116 87.7 26003877303582720 80.0
75736800 64804892316 87.7 26005822652841984 80.0
76220700 64807371716 87.7 26007514274103296 80.0
77737700 64935804620 87.9 26104843467522048 80.3
77861800 64938023020 87.9 26106462514479104 80.3
78107000 64938488120 87.9 26106882997288960 80.4
78111000 64941149020 87.9 26108643875815424 80.4
78204400 64942285020 87.9 26110174725341184 80.4
78971200 64960037420 87.9 26120502921068544 80.4
80209500 65089771820 88.1 26219917941866496 80.7
80962500 65090880220 88.1 26220810047782912 80.7
81028100 65091787420 88.1 26222239932153856 80.7
81290400 65092454120 88.1 26222621941137408 80.7
81371100 65095305920 88.1 26224896257916928 80.7
81761000 65114178820 88.1 26235694440087552 80.7
83928100 65236622924 88.3 26329066047635456 81.0
84167800 65237436824 88.3 26330250525114368 81.0
84527300 65240225624 88.3 26332234829234176 81.0
84689700 65241685024 88.3 26333697895006208 81.0
84895000 65244127824 88.3 26334511357263872 81.1
85477500 65260333924 88.3 26344055431004160 81.1
85781500 65263791424 88.3 26345669567217664 81.1
85852000 65265187824 88.3 26347311522152448 81.1
86059400 65377284624 88.5 26434064853532672 81.4
86192300 65378222924 88.5 26435032409210880 81.4
86498600 65381371324 88.5 26437135213428736 81.4
86694800 65395964024 88.5 26445486856503296 81.4
87675500 65398406724 88.5 26447429599133696 81.4
87702200 65398940624 88.5 26447922612469760 81.4
87884500 65400124524 88.5 26449207995465728 81.4
87921600 65404064124 88.5 26451077180227584 81.4
87973800 65406133624 88.5 26452437600632832 81.4
88221500 65511882216 88.7 26534080071925760 81.7
88833400 65528079116 88.7 26543401299148800 81.7
90871500 65642344108 88.8 26631993304350720 82.0
91268600 65642922408 88.8 26632359391002624 82.0
92140600 65659567108 88.9 26642063533015040 82.0
92972000 65663146608 88.9 26643853929349120 82.0
93123200 65664970208 88.9 26644898011938816 82.0
93486600 65667283108 88.9 26646635897552896 82.0
93558900 65668393108 88.9 26647724484395008 82.0
94012700 65669323308 88.9 26648654418870272 82.0
94215800 65669923408 88.9 26649186121154560 82.0
94378600 65774809408 89.0 26730613886025728 82.3
94398700 65776739908 89.0 26731888091725824 82.3
94677700 65779868008 89.0 26733378490597376 82.3
94785500 65795607708 89.0 26742585658966016 82.3
95134200 65797879308 89.0 26744173504102400 82.3
96895900 65896147804 89.2 26820367398338560 82.5
97483500 65896852904 89.2 26820604680159232 82.5
97554300 65897030904 89.2 26820987644362752 82.5
99365900 65898719304 89.2 26822515450003456 82.6
100146100 65901278104 89.2 26824297154822144 82.6
100449100 65903398004 89.2 26825753625182208 82.6
100654200 65906761704 89.2 26827596395397120 82.6
100716400 65909422304 89.2 26829447090094080 82.6
100845800 65911120204 89.2 26830569815228416 82.6
100849800 65912133804 89.2 26831351312236544 82.6
100898500 65915208204 89.2 26832929664483328 82.6
101363000 65930864804 89.2 26841945902891008 82.6
102012900 65945868804 89.2 26850467865116672 82.6
102977400 65946713804 89.2 26851138672082944 82.6
103144200 65947513404 89.2 26851587272622080 82.6
103317700 65948374504 89.2 26852212508672000 82.6
103422100 66046365608 89.4 26927724853673984 82.9
103440500 66151277704 89.5 27008886271852544 83.1
103678000 66151660404 89.5 27009375504252928 83.1
103775000 66154846404 89.5 27010740264321024 83.1
103898600 66155147204 89.5 27010980861394944 83.1
104261700 66155437904 89.5 27011320900698112 83.1
104285600 66158292604 89.5 27013543026180096 83.1
104467400 66159279204 89.5 27014346654760960 83.1
104650000 66174201004 89.6 27022825982935040 83.2
106644300 66175795104 89.6 27024274813108224 83.2
106724400 66176557904 89.6 27024699790278656 83.2
106813300 66279964000 89.7 27104460411584512 83.4
107172300 66280112700 89.7 27104753161781248 83.4
107177500 66294479800 89.7 27113080802426880 83.4
107379000 66296028900 89.7 27114287740272640 83.5
107630900 66296825600 89.7 27114979770286080 83.5
107798000 66301090100 89.7 27116810756997120 83.5
108516100 66302666700 89.7 27117228564594688 83.5
109172300 66397705404 89.9 27190928097853440 83.7
109728700 66397998004 89.9 27191287015063552 83.7
110201000 66398296904 89.9 27191474468831232 83.7
110582300 66399890504 89.9 27192630635282432 83.7
110653700 66403343704 89.9 27194295738843136 83.7
110809000 66405262004 89.9 27194901410168832 83.7
111134000 66407065704 89.9 27196449784807424 83.7
111168300 66420801004 89.9 27204224408567808 83.7
111517700 66421098404 89.9 27204579705798656 83.7
111535900 66421804604 89.9 27205022008983552 83.7
113573800 66423159704 89.9 27206173349494784 83.7
113589400 66424849904 89.9 27207474943213568 83.7
113946600 66427569204 89.9 27208486672318464 83.7
113959600 66525348708 90.0 27284009394028544 84.0
116461800 66525809208 90.0 27284326607241216 84.0
116578600 66533708108 90.0 27290657809514496 84.0
116872800 66536562208 90.0 27291845828952064 84.0
117116300 66538968708 90.0 27293114921271296 84.0
117397100 66539490008 90.0 27293562433814528 84.0
117751100 66543108808 90.1 27294426477412352 84.0
118941700 66543139008 90.1 27294467319283712 84.0
119497400 66543424808 90.1 27294917342150656 84.0
120113600 66632788312 90.2 27364664679219200 84.2
121020700 66632794412 90.2 27364668410274816 84.2
121184500 66636332312 90.2 27366453898486784 84.2
121206600 66640182612 90.2 27367539951379456 84.2
121406000 66640238612 90.2 27367669952783360 84.2
121460300 66642159712 90.2 27368196308870144 84.2
121518200 66646804612 90.2 27370190193435648 84.2
121630200 66646859412 90.2 27370268013102080 84.2
122513900 66655951712 90.2 27377411508405248 84.3
123106500 66658722712 90.2 27378438025643008 84.3
123275000 66658740712 90.2 27378470585289728 84.3
123406000 66751290808 90.3 27450410138258432 84.5
123406100 66751310808 90.3 27450441245819904 84.5
123950300 66763322908 90.4 27459013371397120 84.5
124093000 66766307808 90.4 27460927012111360 84.5
124132700 66769822908 90.4 27461793148797952 84.5
124227500 66769856408 90.4 27461811335762944 84.5
124328500 66769869108 90.4 27461817547428352 84.5
124346700 66781031408 90.4 27469845973242368 84.5
124538400 66783137208 90.4 27470566885954048 84.5
124850600 66783146408 90.4 27470577319880192 84.5
125067900 66785828008 90.4 27471498091832832 84.6
125308400 66786854808 90.4 27472148084368896 84.6
125400100 66789166408 90.4 27473833765316096 84.6
125529400 66792505608 90.4 27475455988803072 84.6
125984700 66792547008 90.4 27475473907076608 84.6
126090000 66792659608 90.4 27475597922201088 84.6
126497600 66796113408 90.4 27476823989480960 84.6
127257300 66882268608 90.5 27543537867484672 84.8
127263900 66882321008 90.5 27543612553334272 84.8
127458300 66882328608 90.5 27543619648413184 84.8
127716500 66967107712 90.6 27608821056200192 85.0
127939800 66967214412 90.6 27608902715989504 85.0
127959500 66967230812 90.6 27608919239176704 85.0
127997000 66969656612 90.6 27610517197304320 85.0
128073600 66972444812 90.6 27611738841166336 85.0
128080700 66983810712 90.6 27619607514853888 85.0
128217500 66983816112 90.6 27619611087860992 85.0
128529700 66984040112 90.6 27619870095095040 85.0
128785300 66990629112 90.7 27622274022159616 85.0
128983200 66990683112 90.7 27622402138920192 85.0
129043800 66993149012 90.7 27625579622257920 85.0
129436100 66995201312 90.7 27627051001271552 85.0
129582500 66995213812 90.7 27627061613950208 85.0
130650300 66995224012 90.7 27627067436717824 85.0
130919400 66995238112 90.7 27627078748797696 85.0
131046500 66998875312 90.7 27628843251333888 85.0
131128200 67076469408 90.8 27687578841709312 85.2
131184100 67090648008 90.8 27695921517886208 85.2
131407400 67091859108 90.8 27696836511333120 85.2
131475100 67091892808 90.8 27696910460451584 85.2
131485800 67091931908 90.8 27697007655664384 85.2
131634300 67091944508 90.8 27697011807589632 85.2
132128500 67093997108 90.8 27697736570213632 85.2
132432400 67096216508 90.8 27699131255723264 85.3
132616300 67098831908 90.8 27702552921216256 85.3
132646900 67098858008 90.8 27702590470538496 85.3
134564200 67100939208 90.8 27703738493617408 85.3
134785700 67100960408 90.8 27703766956168448 85.3
134845600 67178376808 90.9 27762453401883904 85.4
135071800 67178386808 90.9 27762457408256256 85.4
135586700 67182947608 90.9 27763233365899520 85.4
135601300 67185812508 90.9 27764094906153216 85.5
135911400 67185825808 90.9 27764106692987136 85.5
135995200 67194595408 90.9 27771216520612096 85.5
136166400 67196714008 90.9 27772372169722112 85.5
136450400 67196718708 90.9 27772373940070784 85.5
136717900 67196870708 90.9 27772506177489280 85.5
137009300 67198637608 90.9 27773174814165376 85.5
137537200 67200617608 90.9 27774863394818432 85.5
138245100 67200643608 90.9 27774879907568000 85.5
138335800 67201590108 90.9 27775379038558592 85.5
139030500 67276010108 91.0 27833042854238592 85.7
139128900 67276044408 91.0 27833106955131264 85.7
139155900 67276061108 91.0 27833112315422080 85.7
139174800 67278007208 91.0 27833905103365504 85.7
139261400 67278015508 91.0 27833909263271040 85.7
139465000 67278589608 91.0 27834342721946752 85.7
139564700 67285029908 91.1 27836337083745408 85.7
139849100 67294880708 91.1 27844363184342144 85.7
139925600 67294910408 91.1 27844414462956672 85.7
139939200 67294917408 91.1 27844417363112064 85.7
139991300 67300311608 91.1 27847319154061440 85.7
140448500 67300338408 91.1 27847344803123328 85.7
141733100 67300360108 91.1 27847376325961856 85.7
141987300 67371465108 91.2 27902154703759488 85.9
142816100 67371494208 91.2 27902220609124480 85.9
143046500 67371832008 91.2 27902586115750016 85.9
143117800 67375337208 91.2 27904150301341824 85.9
143155300 67376469808 91.2 27904794967898240 85.9
143443700 67376481608 91.2 27904801383899776 85.9
143560300 67376504208 91.2 27904815692583552 85.9
143601100 67376532808 91.2 27904862402757248 85.9
143822700 67386381108 91.2 27912736298877568 85.9
144387900 67391308708 91.2 27913969099981440 85.9
144585500 67397209108 91.2 27919597794607744 85.9
144802300 67399125408 91.2 27920070254248576 85.9
145029100 67399144508 91.2 27920088045277824 85.9
145320400 67402909708 91.2 27921801330643584 85.9
145619100 67402931708 91.2 27921854744240768 85.9
145868500 67470452412 91.3 27972601670279808 86.1
145946300 67471280312 91.3 27972924251972224 86.1
146025500 67471726512 91.3 27973272014070400 86.1
146208300 67471745112 91.3 27973312183411328 86.1
147174200 67477006712 91.3 27974846685782656 86.1
147443400 67483117912 91.3 27978028831613568 86.1
147475100 67484968212 91.3 27979634873475712 86.1
147658000 67484990712 91.3 27979662991092352 86.1
147707500 67492940512 91.3 27986061116107392 86.1
147789100 67492960012 91.3 27986084997456512 86.1
148284900 67492967712 91.3 27986089330909824 86.1
148372700 67495305512 91.3 27988905869222528 86.1
148679700 67495470212 91.3 27989026338980480 86.1
148798300 67496409112 91.3 27989695451120256 86.1
148967600 67496413512 91.3 27989697417518464 86.1
150127900 67496427512 91.3 27989705462606720 86.1
150248700 67496733612 91.3 27989966546021248 86.1
150512000 67496746712 91.3 27990005977811840 86.1
150514400 67496754812 91.3 27990012466545024 86.1
150594400 67564048612 91.4 28040136139981184 86.3
150874000 67565436712 91.4 28041179623375232 86.3
150991300 67565454712 91.4 28041193326459264 86.3
151033400 67567124812 91.4 28042380791855488 86.3
151089800 67568946812 91.4 28043925768714624 86.3
151245900 67568953312 91.4 28043931323229568 86.3
151301600 67577693212 91.5 28050816045704576 86.3
151482800 67577715012 91.5 28050837366017408 86.3
151576100 67583530012 91.5 28052433024224640 86.3
151779900 67583550012 91.5 28052454111294848 86.3
152072000 67584215112 91.5 28053009416828288 86.3
152116700 67589856812 91.5 28056341325002112 86.4
152907700 67590242512 91.5 28056693871424896 86.4
153223400 67590256912 91.5 28056716963177856 86.4
153919000 67654573612 91.6 28105637223687552 86.5
154058700 67654606112 91.6 28105675656537472 86.5
154066300 67654622412 91.6 28105702016714112 86.5
154147200 67655260512 91.6 28106092487411072 86.5
154305300 67664186012 91.6 28113111567074688 86.5
154377200 67664208912 91.6 28113130323103104 86.5
154508900 67665280912 91.6 28114041906515328 86.5
154754800 67665304112 91.6 28114082784673152 86.5
154817500 67672867112 91.6 28115961243303296 86.5
155003700 67673212412 91.6 28116346936458624 86.5
155055600 67673218312 91.6 28116349906924672 86.5
155747900 67676749412 91.6 28119075233805440 86.5
155808600 67679171712 91.6 28120679981200512 86.5
155975800 67679185112 91.6 28120704574706816 86.5
156705700 67681173712 91.6 28123251733845120 86.6
157266500 67681177512 91.6 28123256086664320 86.6
157453300 67682271512 91.6 28123943774852224 86.6
157544000 67683907912 91.6 28125146003936384 86.6
157804000 67687661312 91.6 28125632773461120 86.6
158005500 67749577912 91.7 28171759057081472 86.7
158157700 67749829012 91.7 28171991924167808 86.7
158352700 67750391012 91.7 28172102615815296 86.7
158501000 67750408012 91.7 28172126572024960 86.7
158585300 67750415912 91.7 28172132292311680 86.7
158941700 67758529012 91.7 28178856009611904 86.7
158984400 67762781512 91.7 28180988589456000 86.7
159039700 67762792412 91.7 28180996223042688 86.7
159260800 67762800212 91.7 28181000465196928 86.7
159268300 67766259612 91.7 28183677849347968 86.7
159280500 67766277512 91.7 28183701651752832 86.7
159385600 67766943412 91.7 28184149614331776 86.7
159712700 67767592612 91.7 28184934645368704 86.7
160152400 67771390012 91.7 28189848464918400 86.8
160378900 67773740112 91.7 28192652503943040 86.8
161121300 67774432512 91.7 28192911457306496 86.8
161314200 67774670112 91.7 28193118853023616 86.8
161475400 67774693112 91.7 28193145968666496 86.8
161674400 67831861812 91.8 28233897151047552 86.9
161918700 67831870012 91.8 28233903549613952 86.9
161968300 67831882812 91.8 28233923099426688 86.9
162030400 67834956912 91.8 28235340069011328 86.9
162228100 67836217612 91.8 28236266039148416 86.9
162510500 67836529812 91.8 28236408727928704 86.9
162542000 67838100912 91.8 28236819996147584 86.9
162806400 67838132512 91.8 28236896513703808 86.9
162868600 67841925112 91.8 28239767423827840 86.9
162926300 67841939012 91.8 28239790005331840 86.9
162950700 67846591012 91.8 28241445832140672 86.9
163007100 67846604812 91.8 28241463338301312 86.9
163176300 67848560112 91.8 28242214790526848 86.9
163495700 67851063712 91.8 28244952999163776 86.9
163574600 67859096612 91.8 28251591818508160 87.0
163874800 67859324812 91.8 28251777769846656 87.0
164253800 67859334212 91.8 28251798534107008 87.0
165035400 67859575612 91.8 28251995638755200 87.0
165239600 67859590212 91.8 28252022404312960 87.0
165462200 67919184012 91.9 28296427437846400 87.1
165557600 67921256812 91.9 28298240959606656 87.1
165586100 67923306612 91.9 28298974936395648 87.1
165664100 67923325512 91.9 28299006394521472 87.1
165814200 67923338012 91.9 28299012734448512 87.1
166050400 67924197012 91.9 28299690148688768 87.1
166244000 67924386312 91.9 28299874417587072 87.1
166327400 67924397412 91.9 28299885055828864 87.1
166445000 67926643912 91.9 28300552306549632 87.1
166554900 67926665812 91.9 28300589353530240 87.1
166849500 67927292612 91.9 28301169813091200 87.1
166901700 67935177312 91.9 28307611266315136 87.1
167044200 67935182312 91.9 28307612736810112 87.1
167163300 67939588312 91.9 28310317427715200 87.1
167415300 67939603912 91.9 28310340838290560 87.1
167633300 67945387512 91.9 28313407184630912 87.1
167661500 67945924712 92.0 28313886897534080 87.1
168356400 67945949212 92.0 28313903662073984 87.1
168690000 67945951112 92.0 28313904198649984 87.1
168759300 68004239812 92.0 28357565795993728 87.3
168972100 68004263512 92.0 28357613044709504 87.3
169302000 68004269412 92.0 28357618045195392 87.3
169345700 68004276112 92.0 28357621664021632 87.3
169681800 68008798312 92.0 28360862739823744 87.3
169877100 68011499412 92.0 28362032752196736 87.3
170212100 68021290012 92.1 28370078130863232 87.3
170344700 68021325412 92.1 28370133052939392 87.3
170436700 68021326512 92.1 28370133282315392 87.3
170439000 68021337812 92.1 28370154164749440 87.3
170603800 68021340812 92.1 28370156901230720 87.3
170657100 68021349412 92.1 28370161823251072 87.3
170701100 68021354712 92.1 28370163953875840 87.3
170779600 68025387312 92.1 28371830145858432 87.3
170878900 68026052812 92.1 28372201750346624 87.3
170955900 68026058512 92.1 28372206220486016 87.3
171031200 68034731812 92.1 28379293006701952 87.3
171117300 68034762512 92.1 28379350593086848 87.3
171132900 68040726012 92.1 28382635309311360 87.4
171227800 68040736012 92.1 28382640367935360 87.4
171319200 68044287012 92.1 28387139084033920 87.4
171797200 68098107512 92.2 28425482819805056 87.5
171905100 68098119412 92.2 28425492591710080 87.5
171925500 68099957912 92.2 28426113471254400 87.5
172061000 68099960712 92.2 28426114748920704 87.5
172399200 68100007212 92.2 28426231242355584 87.5
172460700 68100015412 92.2 28426244326622080 87.5
172514200 68100736212 92.2 28426786864333696 87.5
172602800 68100760012 92.2 28426828837282688 87.5
172626400 68103095912 92.2 28427434905953152 87.5
172663900 68103122612 92.2 28427481637872512 87.5
172705000 68106269512 92.2 28429932470887296 87.5
172829800 68106281812 92.2 28429951348370304 87.5
173044100 68106300712 92.2 28429964649918336 87.5
173456100 68106934512 92.2 28430402183393152 87.5
173500900 68107347512 92.2 28430654882361216 87.5
173539900 68107351212 92.2 28430656243462016 87.5
173557700 68114069612 92.2 28434959873044352 87.5
173588200 68114082712 92.2 28434978845656960 87.5
174116300 68117595212 92.2 28439524832610176 87.5
174654800 68118239112 92.2 28439724493621120 87.5
174750600 68118483112 92.2 28439921919264640 87.5
174930800 68171464012 92.3 28477483299899264 87.6
175343400 68171474512 92.3 28477500293199744 87.6
175417400 68171953612 92.3 28478017408350080 87.6
175503900 68171970712 92.3 28478044780558208 87.6
175782500 68171974812 92.3 28478046681677696 87.6
175946800 68173736812 92.3 28478750773133184 87.7
176119100 68173741512 92.3 28478760297158528 87.7
176570100 68185525612 92.3 28486607796950912 87.7
176637200 68185551212 92.3 28486659741075328 87.7
176861500 68186861812 92.3 28487575030679424 87.7
176936500 68186883012 92.3 28487601627498368 87.7
177017900 68190459912 92.3 28491031713843072 87.7
177402500 68190470312 92.3 28491047717610368 87.7
177479800 68191657612 92.3 28491384752120704 87.7
177559900 68191659112 92.3 28491386287711104 87.7
177665000 68191661312 92.3 28491387816212992 87.7
177690700 68191668612 92.3 28491391006195712 87.7
177857300 68195963812 92.3 28494528998850560 87.7
177936600 68195977912 92.3 28494553389539328 87.7
178070400 68199308512 92.3 28498821222834176 87.7
178103000 68201463512 92.3 28500050634940416 87.7
178320600 68201466512 92.3 28500053131694592 87.7
178722100 68201472112 92.3 28500063393953280 87.7
178734700 68201504412 92.3 28500147262993920 87.7
178789800 68201523912 92.3 28500175992124928 87.7
178910100 68201529812 92.3 28500178457788160 87.7
179006700 68202815112 92.3 28500924690398976 87.7
179090400 68254668512 92.4 28537769528721152 87.8
179290400 68254670212 92.4 28537771359633152 87.8
179393200 68255632712 92.4 28538483725532928 87.8
179415800 68255639912 92.4 28538488384234240 87.8
179472100 68255654512 92.4 28538509457177344 87.8
179494900 68268464812 92.4 28545950411471616 87.9
179836500 68268472012 92.4 28545964124343040 87.9
179902600 68268486212 92.4 28545974086885120 87.9
180000600 68268487912 92.4 28545975768702720 87.9
180112200 68272429912 92.4 28549460702125824 87.9
180137900 68272949012 92.4 28549921354014464 87.9
180381900 68275516012 92.4 28550678787710720 87.9
180464300 68275518912 92.4 28550680905547520 87.9
180761400 68279910712 92.4 28553946948206336 87.9
180807200 68279924912 92.4 28553976156548864 87.9
181081000 68279929212 92.4 28553980716340992 87.9
181156900 68280413512 92.4 28554380345693952 87.9
181181100 68280432512 92.4 28554410407214848 87.9
181429900 68283840512 92.4 28558820916576000 87.9
181681900 68284155512 92.4 28559070701993728 87.9
181778800 68284160012 92.4 28559073441392640 87.9
182107900 68284170612 92.4 28559094730039296 87.9
182420900 68284177612 92.4 28559099919342080 87.9
182483200 68284189712 92.4 28559118168230400 87.9
182577900 68293560512 92.4 28566857450260992 87.9
182639200 68293570712 92.4 28566869616844288 87.9
182719000 68294526812 92.4 28567646431895040 87.9
182817400 68294539512 92.4 28567667186595328 87.9
183040000 68297226912 92.4 28568131170465280 87.9
183222800 68297812112 92.4 28568629498410496 87.9
183522300 68297815912 92.4 28568630751319680 87.9
183689700 68297828312 92.4 28568647081747072 87.9
183815300 68299358112 92.4 28569036884238976 87.9
183874600 68350681612 92.5 28605741330817664 88.0
184041700 68350698912 92.5 28605766934528640 88.0
184127700 68350702612 92.5 28605768814733184 88.0
184331900 68354683212 92.5 28608859983488896 88.1
184724900 68354691312 92.5 28608868809111424 88.1
184875700 68354711212 92.5 28608903192917888 88.1
184904500 68354718412 92.5 28608906811149184 88.1
185128000 68354727412 92.5 28608920015243136 88.1
185130700 68354736612 92.5 28608933504447360 88.1
185140000 68354743012 92.5 28608942652035968 88.1
185193300 68356481612 92.5 28611168791991168 88.1
185242100 68356494912 92.5 28611187474858880 88.1
185281600 68358658812 92.5 28612380450915200 88.1
185338600 68360401912 92.5 28613132906496896 88.1
185339100 68362867512 92.5 28613968811361152 88.1
185360600 68364376012 92.5 28614758841156480 88.1
185443000 68364390012 92.5 28614775835346816 88.1
185451600 68364395812 92.5 28614783239678336 88.1
185640700 68364662212 92.5 28614991637637504 88.1
185776800 68366248512 92.5 28615561684052352 88.1
185779200 68377236012 92.5 28622770831747456 88.1
185813500 68377247312 92.5 28622784831154560 88.1
186076500 68379653112 92.5 28623530151700864 88.1
186201000 68433922812 92.6 28663802369730944 88.2
186217800 68433926912 92.6 28663806083425408 88.2
186295300 68433944512 92.6 28663836305491072 88.2
186336100 68433948312 92.6 28663837963734528 88.2
186453900 68433960312 92.6 28663857440830976 88.2
186463600 68433974812 92.6 28663874838935040 88.2
186731400 68433992412 92.6 28663892826553856 88.2
186732700 68434766412 92.6 28664411829272064 88.2
186768000 68434968612 92.6 28664568812584448 88.2
186794700 68434975312 92.6 28664579366478336 88.2
186940600 68435400512 92.6 28664865956291072 88.2
186978600 68487433512 92.7 28702478486462976 88.3
186980000 68487737012 92.7 28702662764077568 88.3
187022000 68490875312 92.7 28705093421441536 88.3
187132600 68490890312 92.7 28705119995546112 88.3
187451100 68491542712 92.7 28705650385308160 88.3
187469800 68494716512 92.7 28709817918638592 88.4
188143500 68494817612 92.7 28709890492402176 88.4
188145400 68495078812 92.7 28710109189163520 88.4
188219600 68495082712 92.7 28710112002415616 88.4
188455600 68495363912 92.7 28710334562229248 88.4
189228100 68495372912 92.7 28710349439630336 88.4
189473300 68498661512 92.7 28710854110379008 88.4
190033200 68498673512 92.7 28710870700417024 88.4
190138800 68499048612 92.7 28711002702340096 88.4
190236000 68504988212 92.7 28716993574592512 88.4
190427300 68512515212 92.7 28724026998775808 88.4
190568000 68521683312 92.7 28732220034768896 88.4
190825900 68521858612 92.7 28732329130835968 88.4
190987000 68521861012 92.7 28732329824660608 88.4
191080300 68525079012 92.7 28734375640214656 88.4
191142100 68525081912 92.7 28734377385520256 88.4
191163700 68572794512 92.8 28766985706269824 88.5
191322300 68572864712 92.8 28767035905264768 88.5
191348900 68575710812 92.8 28769254734023808 88.5
191378800 68575736512 92.8 28769302986235008 88.5
191461300 68575847112 92.8 28769398151027840 88.5
191521100 68575857312 92.8 28769403955660928 88.5
191523800 68575873112 92.8 28769439560722560 88.5
191561700 68575877012 92.8 28769440722876032 88.5
191616700 68577679612 92.8 28770125924431488 88.5
191748500 68577687712 92.8 28770140488652416 88.5
191759700 68578027212 92.8 28770394466309760 88.5
191759900 68578454212 92.8 28770808291120768 88.5
191799100 68580480112 92.8 28771250773022336 88.6
191852800 68582989212 92.8 28771627688449664 88.6
191892100 68582997712 92.8 28771639966278272 88.6
191896800 68583232012 92.8 28771824444039808 88.6
191939500 68589794812 92.8 28774518679069312 88.6
191977300 68589798612 92.8 28774520424716032 88.6
191997900 68589800912 92.8 28774522103714048 88.6
192030000 68590067012 92.8 28774727239962880 88.6
192072800 68590076012 92.8 28774742948288768 88.6
192164700 68590079012 92.8 28774743655654144 88.6
192266500 68590079412 92.8 28774744210509824 88.6
192268100 68590248112 92.8 28774861308661760 88.6
192314400 68590261712 92.8 28774883349276672 88.6
192370800 68590273112 92.8 28774905341372416 88.6
192597800 68590291912 92.8 28774947745310720 88.6
192627100 68593295012 92.8 28778860728166400 88.6
192700100 68593553812 92.8 28779088421726208 88.6
192759700 68593567912 92.8 28779103138949120 88.6
192771800 68593809712 92.8 28779273521227776 88.6
192778700 68594002412 92.8 28779421869697024 88.6
192839700 68594323412 92.8 28779575888078848 88.6
192901300 68596614312 92.8 28779859686090752 88.6
192933400 68596623512 92.8 28779870159645696 88.6
192967500 68596641412 92.8 28779912615627776 88.6
192988500 68598183012 92.8 28780258552810496 88.6
193008500 68598191112 92.8 28780271128083456 88.6
193079100 68598398512 92.8 28780419307977728 88.6
193091600 68598414312 92.8 28780448428358656 88.6
193104300 68598644512 92.8 28780681508813824 88.6
193141600 68598654612 92.8 28780697860417536 88.6
193196500 68607477412 92.8 28788229980530688 88.6
193231500 68610338112 92.8 28791587259787264 88.6
193245100 68611405012 92.9 28791843935070208 88.6
193267900 68621837212 92.9 28796473534949376 88.6
193290100 68622690612 92.9 28796934108456960 88.6
193358000 68622708912 92.9 28796975765751808 88.6
193358800 68623169612 92.9 28797402841679872 88.6
193389200 68623347312 92.9 28797531865532416 88.6
193457100 68623473712 92.9 28797614165166080 88.6
193486000 68625886012 92.9 28798355975538688 88.6
193493400 68625900912 92.9 28798382236456960 88.6
193537200 68626022512 92.9 28798694747166720 88.6
193563500 68627418112 92.9 28799636022843392 88.6
193714700 68627429012 92.9 28799650443444224 88.6
193751300 68627771812 92.9 28800116059586560 88.6
193768500 68627775312 92.9 28800117781544960 88.6
193796400 68630917012 92.9 28802531927244800 88.6
193850500 68630922412 92.9 28802542507908096 88.6
193995900 68630924712 92.9 28802543386909696 88.6
194145100 68633100612 92.9 28803163541363712 88.6
194146200 68633129312 92.9 28803236174093312 88.6
194288400 68635141712 92.9 28803512262581248 88.6
194303100 68636219412 92.9 28804348191038464 88.7
194362200 68637344012 92.9 28805048437169152 88.7
194457500 68637344112 92.9 28805048445565952 88.7
194460200 68637346712 92.9 28805051495911936 88.7
194495900 68641751012 92.9 28810493347926528 88.7
194648300 68686552212 93.0 28844681474249216 88.8
194655400 68686582412 93.0 28844732859113984 88.8
194797800 68690465312 93.0 28847316895883776 88.8
194819300 68690614612 93.0 28847436394086912 88.8
195085600 68690617212 93.0 28847438239539712 88.8
195154800 68690706512 93.0 28847512432550400 88.8
195183600 68690965112 93.0 28847693663658496 88.8
195388700 68694936312 93.0 28852692637016576 88.8
195691400 68695484612 93.0 28852879607816704 88.8
195787100 68695504312 93.0 28852926004990464 88.8
195846600 68695565412 93.0 28852976370991616 88.8
195850400 68695648912 93.0 28853102180336128 88.8
195946100 68698618612 93.0 28856925992550912 88.8
195996500 68698624712 93.0 28856935532603904 88.8
196317700 68749818212 93.0 28895511188220416 88.9
196387600 68749828212 93.0 28895521962338816 88.9
196509400 68749829412 93.0 28895522697980416 88.9
196584800 68749930612 93.0 28895623052904960 88.9
196845600 68750008412 93.0 28895682039396864 88.9
196920800 68750015012 93.0 28895686225057024 88.9
196994900 68750079912 93.0 28895737372673280 88.9
197028000 68750153112 93.0 28895796423005440 88.9
197176700 68750528312 93.0 28896037148988672 88.9
197234300 68760774712 93.1 28900298487141632 88.9
197471000 68808683812 93.1 28936679028593920 89.1
197502200 68809192512 93.1 28937048766158080 89.1
197529000 68809871112 93.1 28937549630379264 89.1
197939900 68821018312 93.1 28942419638850816 89.1
198032500 68821020912 93.1 28942421372687616 89.1
198063200 68824192412 93.1 28944873364903168 89.1
198161100 68825645012 93.1 28945989625566464 89.1
198272900 68825703612 93.1 28946049743463680 89.1
198447700 68826088312 93.1 28946280839308544 89.1
198458900 68826091512 93.1 28946284611430912 89.1
198475800 68826120612 93.1 28946336674167296 89.1
198482700 68829046912 93.1 28950181603654144 89.1
198669100 68829048412 93.1 28950183531362304 89.1
198680100 68829055912 93.1 28950188214879232 89.1
198744700 68829426612 93.1 28950384121676800 89.1
198767500 68829427712 93.1 28950385621427200 89.1
198767700 68829613612 93.1 28950535152591872 89.1
198913100 68829728112 93.1 28950610029569024 89.1
198919200 68830171412 93.1 28950861781558272 89.1
198970300 68830503412 93.1 28951088376079360 89.1
199002900 68830511512 93.1 28951092412971776 89.1
199190700 68830515612 93.1 28951093746110336 89.1
199245400 68830519812 93.1 28951102701318016 89.1
199314500 68830662812 93.1 28951238114365312 89.1
199448600 68830670212 93.1 28951250816151424 89.1
199560700 68836796212 93.2 28958708701278080 89.1
199571900 68841769812 93.2 28962692127731584 89.1
199685800 68841776812 93.2 28962702858323840 89.1
199694900 68843132112 93.2 28962983214352256 89.1
199766700 68843139112 93.2 28962994306332544 89.1
199792800 68843255212 93.2 28963083674949504 89.1
199822000 68847899112 93.2 28965866962130816 89.1
199839200 68847906612 93.2 28965872293404032 89.1
199887800 68847913812 93.2 28965888369791360 89.1
199936600 68847923612 93.2 28965900345611648 89.1
199968400 68849688312 93.2 28966477250696576 89.2
200079200 68849691212 93.2 28966481229473408 89.2
200216900 68849697812 93.2 28966492930733696 89.2
200232700 68849709112 93.2 28966507889542784 89.2
200266500 68849901612 93.2 28966698639230592 89.2
200287000 68849910512 93.2 28966713044731520 89.2
200416700 68852478812 93.2 28967148905137792 89.2
200424600 68852490212 93.2 28967166659241600 89.2
200437400 68852947312 93.2 28967430217541248 89.2
200494500 68852959112 93.2 28967454624145024 89.2
200581600 68852974412 93.2 28967493253901952 89.2
200590700 68852999312 93.2 28967548914060928 89.2
200623400 68853003612 93.2 28967558822905472 89.2
200638600 68854369812 93.2 28968586302539392 89.2
200694000 68859225112 93.2 28973701553014400 89.2
200752600 68859244612 93.2 28973743718524544 89.2
200800600 68861380112 93.2 28974743307937408 89.2
200842900 68862602112 93.2 28975353618949760 89.2
200933600 68862968012 93.2 28975536786515584 89.2
200948500 68862978812 93.2 28975550999972480 89.2
201077100 68862986212 93.2 28975566993929856 89.2
201097700 68862993612 93.2 28975578861348480 89.2
201191200 68872480212 93.2 28979805575784064 89.2
201300600 68874835312 93.2 28982395616437888 89.2
201476400 68875554012 93.2 28982975550727808 89.2
201523200 68875558512 93.2 28982977097373184 89.2
201648500 68875569812 93.2 28982990602038784 89.2
201763700 68875574112 93.2 28982995218896384 89.2
201789600 68876738312 93.2 28983303351735808 89.2
201907700 68876744012 93.2 28983305275428864 89.2
201927900 68928566612 93.3 29021241282908160 89.3
202250000 68929484812 93.3 29021877308674048 89.3
202253600 68929547512 93.3 29021924923109376 89.3
202520600 68929550312 93.3 29021930172338176 89.3
202612700 68929557312 93.3 29021943580103680 89.3
202737300 68929747512 93.3 29022069333021696 89.3
202766000 68929755712 93.3 29022083391643648 89.3
202823800 68933551512 93.3 29026425468575744 89.3
202871800 68937085112 93.3 29027911357521920 89.3
203113400 68937090912 93.3 29027922653349888 89.3
203125200 68937098412 93.3 29027938831364096 89.3
203286500 68937102512 93.3 29027946226000896 89.3
203393500 68937109112 93.3 29027959666101248 89.3
203545100 68937593312 93.3 29028117847395328 89.3
203696800 68937600012 93.3 29028130926096384 89.3
203702400 68937716512 93.3 29028249391484928 89.3
203984200 68937724012 93.3 29028253375031552 89.3
204007200 68937732912 93.3 29028265197009152 89.3
204097900 68937733012 93.3 29028265407264048 89.3
204098700 68937739212 93.3 29028269866860848 89.3
204137400 68941415912 93.3 29032360137703728 89.4
204155300 68941531412 93.3 29032462630723888 89.4
204198800 68942703112 93.3 29032996821770544 89.4
204262400 68946229612 93.3 29035734920569136 89.4
204281100 68946238412 93.3 29035745286427952 89.4
204286800 68949221912 93.3 29036605881652528 89.4
204301500 68949230512 93.3 29036614566347056 89.4
204326400 68949328912 93.3 29036701592609072 89.4
204331100 68949329812 93.3 29036702612103472 89.4
204585800 68949346112 93.3 29036748440019248 89.4
204591600 68949351112 93.3 29036759249343792 89.4
204662000 68953414812 93.3 29041787218449712 89.4
204706600 68955636312 93.3 29044469123798320 89.4
204795100 68955638212 93.3 29044469577518640 89.4
204815600 68955644612 93.3 29044473890748976 89.4
204995500 68955648512 93.3 29044480570794544 89.4
205173700 68955656812 93.3 29044500113467952 89.4
205238400 68955748412 93.3 29044577986947632 89.4
205256700 68955956312 93.3 29044760602683952 89.4
205349900 68955964112 93.3 29044766416865328 89.4
205353500 68955975912 93.3 29044784228575280 89.4
205419300 68955986812 93.3 29044804074795056 89.4
205445200 68955988712 93.3 29044805439663664 89.4
205482100 68956078112 93.3 29044877847899696 89.4
205725700 68956080212 93.3 29044878566116080 89.4
205937300 69006538412 93.4 29083822469040880 89.5
205986100 69018639712 93.4 29088483651504880 89.5
206074900 69018639912 93.4 29088484072012464 89.5
206081400 69018641712 93.4 29088484519458256 89.5
206384500 69018648812 93.4 29088495032610256 89.5
206591200 69020954312 93.4 29090033809370576 89.5
208418200 69020955512 93.4 29090034139712976 89.5
208522500 69071033412 93.5 29129130421702096 89.7
208968000 69073293512 93.5 29129689309957584 89.7
209003900 69073308012 93.5 29129732608880080 89.7
209641200 69073308712 93.5 29129732901744080 89.7
210772200 69073325612 93.5 29129763429033424 89.7
210903800 69076069612 93.5 29133225840879056 89.7
211141000 69078949412 93.5 29135967056569808 89.7
212020800 69078953412 93.5 29135976191501776 89.7
212096600 69078956612 93.5 29135979259748560 89.7
212110700 69079011612 93.5 29136205177200848 89.7
212155100 69079016412 93.5 29136214006678736 89.7
212365300 69079023012 93.5 29136217826608336 89.7
212417800 69079036012 93.5 29136239520908496 89.7
212466000 69079210112 93.5 29136435136546000 89.7
212538100 69079477812 93.5 29136644054746320 89.7
212540400 69079487312 93.5 29136654847898832 89.7
212545300 69081297812 93.5 29137227439011024 89.7
212601100 69081299812 93.5 29137228202923024 89.7
212605000 69081719812 93.5 29137575451907088 89.7
212623900 69081724412 93.5 29137577957812752 89.7
212893900 69081738512 93.5 29137604980978192 89.7
212924300 69085126512 93.5 29141632250753552 89.7
212955700 69085126712 93.5 29141632274305552 89.7
213008700 69089715612 93.5 29144934208934416 89.7
213051500 69089884912 93.5 29145073299313168 89.7
213181300 69089896312 93.5 29145081728150032 89.7
213230500 69089909612 93.5 29145123673967120 89.7
213302100 69089997612 93.5 29145251168397840 89.7
213445700 69090066712 93.5 29145343344298512 89.7
213661800 69090070412 93.5 29145351368320528 89.7
213803600 69102355112 93.5 29150720719693328 89.7
214034300 69102361312 93.5 29150731856621072 89.7
214038800 69102368812 93.5 29150743483350544 89.7
214446500 69102381212 93.5 29150757407169040 89.7
214809700 69102386212 93.5 29150759632317968 89.7
214837100 69102386412 93.5 29150759842852368 89.7
214840000 69102393312 93.5 29150774742983184 89.7
215535600 69151505112 93.6 29189926293316112 89.8
216403300 69153159212 93.6 29190524314690064 89.8
216679900 69153162112 93.6 29190525691918480 89.8
217542400 69153171112 93.6 29190538878905488 89.8
218167900 69155620312 93.6 29190880902081680 89.8
218224000 69155626112 93.6 29190892463504528 89.8
218310900 69155630812 93.6 29190898646636688 89.8
218338000 69155634512 93.6 29190901918316432 89.8
218446900 69159995812 93.6 29193959157249936 89.9
218449300 69165174812 93.6 29197715854833552 89.9
218596400 69165180412 93.6 29197726044434320 89.9
218601000 69170614312 93.6 29202979419631504 89.9
218639000 69170617212 93.6 29202980928802704 89.9
218664300 69170623712 93.6 29202991278365584 89.9
218698100 69170628912 93.6 29203000034489232 89.9
218705600 69170630412 93.6 29203000607929232 89.9
218758100 69170662912 93.6 29203062896472976 89.9
218897100 69170665112 93.6 29203063313423472 89.9
219051900 69170679512 93.6 29203091121343600 89.9
219064100 69170682012 93.6 29203092504569712 89.9
219082100 69170698312 93.6 29203135800141680 89.9
219135100 69172699312 93.6 29203742198589296 89.9
219150700 69172708512 93.6 29203754069242736 89.9
219170300 69172718712 93.6 29203772271975280 89.9
219235300 69172724012 93.6 29203784071051120 89.9
219294500 69174692412 93.6 29204975826564976 89.9
219426000 69174694812 93.6 29204976468162480 89.9
219446100 69174704312 93.6 29204992598098864 89.9
219581500 69174708912 93.6 29204995274378672 89.9
219704200 69175510112 93.6 29205682466459056 89.9
219709400 69175513912 93.6 29205685244250288 89.9
219841200 69175624312 93.6 29205757497280688 89.9
219928400 69176109812 93.6 29206141739075760 89.9
219943900 69176112412 93.6 29206143264621232 89.9
219983200 69176173912 93.6 29206195297100464 89.9
219992200 69178912912 93.6 29209607838147248 89.9
220462800 69178924312 93.6 29209625157501616 89.9
220914700 69181140312 93.6 29210485827830448 89.9
221037500 69192915412 93.6 29215501365019312 89.9
221355600 69192917512 93.6 29215502318053488 89.9
221482400 69192925612 93.6 29215517162702960 89.9
221615200 69192930412 93.6 29215526445092976 89.9
222543700 69192935212 93.6 29215537943191664 89.9
224220600 69192938312 93.6 29215538636927984 89.9
224833600 69192950512 93.6 29215549027661808 89.9
224944100 69235277412 93.7 29249000063776752 90.0
225002100 69235281212 93.7 29249002268409072 90.0
225116300 69235289412 93.7 29249029123658992 90.0
225181800 69244563712 93.7 29256704849401072 90.0
226151000 69244569712 93.7 29256714091116784 90.0
226566500 69244571312 93.7 29256715745826928 90.0
226816100 69248863712 93.7 29259753356990576 90.1
226926600 69251465112 93.7 29263051843115120 90.1
227039900 69251477212 93.7 29263072321968240 90.1
227129700 69251484912 93.7 29263082749915248 90.1
227185900 69251488712 93.7 29263085907558000 90.1
227402200 69252433612 93.7 29263736733449840 90.1
227818400 69252433712 93.7 29263736943702544 90.1
227830400 69252936912 93.7 29264105881727504 90.1
228077700 69252944212 93.7 29264111416334352 90.1
228247900 69252948612 93.7 29264118928825360 90.1
228520300 69252954812 93.7 29264124375185424 90.1
228612400 69252957712 93.7 29264125543563408 90.1
228668000 69253951012 93.7 29264856487936144 90.1
228823400 69253959812 93.7 29264870000661648 90.1
228986100 69253961512 93.7 29264870960318864 90.1
229139400 69253974112 93.7 29264892317239696 90.1
229283500 69253980212 93.7 29264903114637712 90.1
229315700 69253985912 93.7 29264913103152528 90.1
229840700 69253995912 93.7 29264934670869904 90.1
229911600 69253999012 93.7 29264938549497744 90.1
229931800 69254001112 93.7 29264939042850448 90.1
229941500 69254007212 93.7 29264949858586256 90.1
230098600 69261072412 93.7 29268026556731024 90.1
230099400 69261076112 93.7 29268028257431184 90.1
230253300 69261080112 93.7 29268034912974480 90.1
230460300 69261089312 93.7 29268052707952272 90.1
230596400 69262887412 93.7 29268772680812176 90.1
230681900 69268982012 93.7 29273822163027600 90.1
230831400 69268987112 93.7 29273832682575504 90.1
230981000 69268993312 93.7 29273842751736464 90.1
231362100 69271353012 93.7 29275345814784656 90.1
231721700 69271363312 93.7 29275365605644944 90.1
232001100 69271370712 93.7 29275377815644816 90.1
232003200 69271371112 93.7 29275377872579216 90.1
234284800 69271381212 93.7 29275384878550672 90.1
234303100 69271402812 93.7 29275444285251216 90.1
234340600 69271449212 93.7 29275481108815504 90.1
234596700 69271451712 93.7 29275482526778640 90.1
234721800 69271453412 93.7 29275484044240784 90.1
234988100 69285256412 93.8 29286819650971536 90.1
235040000 69285267512 93.8 29286838328248208 90.1
235368700 69287877012 93.8 29290112109135760 90.1
235677200 69287878512 93.8 29290112732041104 90.1
235852100 69287883312 93.8 29290121057219472 90.1
235962300 69287885112 93.8 29290122274550672 90.1
235995000 69287898012 93.8 29290149931264912 90.1
236393900 69287909012 93.8 29290169732959120 90.1
236454200 69287923712 93.8 29290199905039248 90.1
236613500 69330717412 93.8 29324168480519056 90.3
236636900 69332872112 93.8 29325119652656016 90.3
236643200 69333885412 93.8 29325750956422032 90.3
236662800 69346136512 93.8 29331158464426896 90.3
236668700 69346137012 93.8 29331158497194896 90.3
237012900 69346139012 93.8 29331159339332496 90.3
237207400 69346151112 93.8 29331185226865552 90.3
237434800 69346166012 93.8 29331214305086352 90.3
237464500 69346167312 93.8 29331214643211152 90.3
237601900 69346953812 93.8 29331793820953488 90.3
237668300 69346958812 93.8 29331802139452816 90.3
237703800 69347903712 93.8 29332341665850768 90.3
237798400 69347910412 93.8 29332355807197584 90.3
237804500 69347935612 93.8 29332405713533328 90.3
237990500 69347940612 93.8 29332410792626576 90.3
237997700 69347942912 93.8 29332416171889040 90.3
238177100 69347944512 93.8 29332416959472912 90.3
239734200 69347985212 93.8 29332443257695504 90.3
239766600 69347986212 93.8 29332443851173136 90.3
239849100 69347990512 93.8 29332454049469712 90.3
239894700 69348000212 93.8 29332461338237200 90.3
239927000 69348004712 93.8 29332469098903312 90.3
239963800 69348482312 93.8 29332845040531216 90.3
240228000 69348492012 93.8 29332864759052048 90.3
240254800 69348495212 93.8 29332871580966160 90.3
240577000 69348507312 93.8 29332910231072016 90.3
240619500 69361325812 93.9 29343328361065744 90.3
240879600 69361335212 93.9 29343347712879888 90.3
241299200 69361336912 93.9 29343348719494096 90.3
241539700 69362091612 93.9 29343726130504656 90.3
242466600 69363947412 93.9 29345813830640592 90.3
242700800 69405976112 93.9 29379197074219984 90.4
243481400 69405983212 93.9 29379207251709904 90.4
243915000 69405988912 93.9 29379218574425040 90.4
245059100 69414951012 93.9 29383150824602576 90.4
245189700 69417760612 93.9 29384652305742800 90.4
245714900 69417762912 93.9 29384653694696400 90.4
246057300 69417842412 93.9 29384743213792208 90.4
246173400 69418425812 93.9 29385083405368272 90.4
246280000 69420983712 93.9 29388324921310160 90.4
246320700 69420984612 93.9 29388325460064592 90.4
246403700 69421002212 93.9 29388356795933008 90.4
246568300 69421007512 93.9 29388359977412688 90.4
246696000 69421014612 93.9 29388371033160784 90.4
246781800 69421019612 93.9 29388379331419216 90.4
246818200 69421057012 93.9 29388429724322896 90.4
247178300 69421069212 93.9 29388448695938128 90.5
247732100 69421075512 93.9 29388460163691600 90.5
247881800 69422894212 93.9 29389306003813456 90.5
247913600 69423477212 93.9 29389533877351504 90.5
249038500 69423483212 93.9 29389543939525712 90.5
249705900 69423496212 94.0 29389570708814928 90.5
250171400 69423499412 94.0 29389571819005008 90.5
250267100 69423504012 94.0 29389580594486352 90.5
250411000 69432715712 94.0 29396589316840528 90.5
250654300 69432719912 94.0 29396590639477200 90.5
250803600 69432724212 94.0 29396597961778128 90.5
250817700 69432728412 94.0 29396609428827088 90.5
250840000 69432737312 94.0 29396626626833360 90.5
251020700 69432744212 94.0 29396636047817680 90.5
251053700 69433548112 94.0 29397303097539536 90.5
251081000 69433554812 94.0 29397312652701648 90.5
251092100 69435779912 94.0 29397527582076880 90.5
251292300 69435784912 94.0 29397537988277200 90.5
251706000 69435796212 94.0 29397554830507984 90.5
251729000 69435843712 94.0 29397611193319376 90.5
251794100 69435852012 94.0 29397626728795088 90.5
251872900 69435859712 94.0 29397641642115024 90.5
251966000 69435862812 94.0 29397648085127632 90.5
252091900 69440054212 94.0 29402525309374928 90.5
252536300 69440058112 94.0 29402526282592208 90.5
252609500 69440088912 94.0 29402585337171920 90.5
252725400 69440378312 94.0 29402804623675344 90.5
253586100 69440388812 94.0 29402821942349776 90.5
253967200 69450814412 94.0 29407274808414160 90.5
254045700 69452896312 94.0 29409622711898064 90.5
254311300 69453350512 94.0 29409917477392336 90.5
255017200 69455966612 94.0 29411958766112720 90.5
257053700 69494376112 94.0 29442093699502032 90.6
257483600 69496386512 94.0 29443214681378768 90.6
258222400 69496395612 94.0 29443231024319440 90.6
258277100 69496425912 94.0 29443245214405584 90.6
258371200 69498122912 94.1 29443697341567952 90.6
258779600 69498140312 94.1 29443729307192272 90.6
258939200 69498141812 94.1 29443730045156432 90.6
259322500 69498148612 94.1 29443741878255696 90.6
259630100 69498991912 94.1 29444275663994960 90.6
259635600 69498992312 94.1 29444276253056080 90.6
259636500 69498992412 94.1 29444276358528080 90.6
259852800 69501399912 94.1 29447308275661904 90.6
259853300 69501400212 94.1 29447308563126416 90.6
259954300 69501405412 94.1 29447318455648400 90.6
260088600 69501423412 94.1 29447366547525776 90.6
260102800 69501423612 94.1 29447366562680976 90.6
260112900 69501784712 94.1 29447653481975952 90.6
260181300 69501786112 94.1 29447654039748240 90.6
260228300 69510802812 94.1 29455502677245584 90.7
260315000 69510804212 94.1 29455503154120176 90.7
260477600 69512535212 94.1 29456643577382384 90.7
260484700 69512537612 94.1 29456644443120624 90.7
260489700 69512559612 94.1 29456684960277488 90.7
260549200 69512567112 94.1 29456697768738800 90.7
260572100 69512568212 94.1 29456698129870896 90.7
260689300 69512570612 94.1 29456700571053360 90.7
260794500 69512575812 94.1 29456711181913392 90.7
260841200 69512775112 94.1 29456874237103408 90.7
260870000 69512791612 94.1 29456895868718384 90.7
261095300 69512805912 94.1 29456918254255408 90.7
261512600 69517070112 94.1 29461300037352752 90.7
261585500 69517083112 94.1 29461335900339504 90.7
261619300 69517092112 94.1 29461350811942192 90.7
261993700 69517953812 94.1 29461883174796592 90.7
262011600 69517959312 94.1 29461886801311536 90.7
262188000 69517961812 94.1 29461892158922544 90.7
262427900 69517980412 94.1 29461929690857264 90.7
262492900 69518126512 94.1 29462046098775856 90.7
262644900 69518129312 94.1 29462047225265712 90.7
262720500 69521144812 94.1 29464398309867056 90.7
262785500 69533356612 94.1 29469104393928240 90.7
263281900 69533366612 94.1 29469121850093104 90.7
263672100 69533373612 94.1 29469135612778032 90.7
263773200 69533378012 94.1 29469144440429104 90.7
264221700 69533643312 94.1 29469386957642288 90.7
264743900 69533645512 94.1 29469388123363888 90.7
265176900 69533654812 94.1 29469403883469360 90.7
266993000 69574258012 94.2 29501600380189232 90.8
267866700 69574261112 94.2 29501609903989296 90.8
268144500 69574268112 94.2 29501617887726128 90.8
268541400 69574271912 94.2 29501618751284720 90.8
269069800 69574274312 94.2 29501623310163952 90.8
269331300 69574277612 94.2 29501630198803952 90.8
269665200 69574283112 94.2 29501640402016752 90.8
269843700 69574718512 94.2 29501972771838448 90.8
270132600 69575259812 94.2 29502160337312240 90.8
270180500 69575266612 94.2 29502175916916208 90.8
270352200 69575273612 94.2 29502187887175152 90.8
270469200 69585846012 94.2 29510205229016560 90.8
270495600 69585852012 94.2 29510211084592624 90.8
270715300 69586001812 94.2 29510351745721840 90.8
271270900 69586005012 94.2 29510352383680368 90.8
271363700 69586013612 94.2 29510362552779632 90.8
271501500 69588329912 94.2 29513270612640624 90.8
271527000 69588333612 94.2 29513278525904240 90.8
271715200 69588335712 94.2 29513279875536240 90.8
272090200 69588342612 94.2 29513288858526064 90.8
272119000 69590419412 94.2 29513820874563952 90.8
272284700 69590424212 94.2 29513828429146992 90.8
272585200 69590425412 94.2 29513828891346192 90.8
272710500 69590426112 94.2 29513829191787792 90.8
272712200 69590429812 94.2 29513839015103760 90.8
272825300 69593752412 94.2 29518226092199184 90.8
273023600 69595107112 94.2 29519258147556624 90.9
273318900 69595380112 94.2 29519526345919760 90.9
273391300 69595387112 94.2 29519533385795344 90.9
273399500 69595401512 94.2 29519551275507472 90.9
273417000 69595410612 94.2 29519567690570512 90.9
273457400 69595411612 94.2 29519567854073712 90.9
273490800 69604906612 94.2 29524132364121968 90.9
273713500 69604912012 94.2 29524134290331632 90.9
273936000 69604934412 94.2 29524186510903280 90.9
273975200 69604941712 94.2 29524198272959472 90.9
274047300 69604943912 94.2 29524198672222960 90.9
274050700 69604944112 94.2 29524198886164464 90.9
274266400 69608361812 94.2 29526785936279536 90.9
274359300 69608363712 94.2 29526786476432240 90.9
274446200 69608364112 94.2 29526786770525040 90.9
274451100 69608546412 94.2 29527000098937712 90.9
274775700 69608557612 94.2 29527015563555696 90.9
275642300 69608561012 94.2 29527016436757104 90.9
276029900 69610705312 94.2 29527205558252144 90.9
276203400 69610712212 94.2 29527221507636848 90.9
276324800 69610716312 94.2 29527223585385840 90.9
276410900 69610740512 94.2 29527272169839984 90.9
276533400 69610741112 94.2 29527272867798384 90.9
276592300 69612903712 94.2 29529644349300080 90.9
276593600 69612903812 94.2 29529644450061680 90.9
276807400 69612905612 94.2 29529644948057200 90.9
277371600 69613906812 94.2 29530440588127344 90.9
280065900 69614611912 94.2 29530646406081648 90.9
280254700 69615080212 94.2 29530842457205872 90.9
280277600 69652156712 94.3 29559503004658800 91.0
281189600 69652157012 94.3 29559503094975600 91.0
281195200 69652220212 94.3 29559635331886192 91.0
281210600 69652260512 94.3 29559678547373168 91.0
281372300 69652265212 94.3 29559686723709552 91.0
281380200 69652267312 94.3 29559688254936688 91.0
281459200 69652273912 94.3 29559692169545584 91.0
281576500 69652274912 94.3 29559692699772784 91.0
281721500 69652276912 94.3 29559693092079472 91.0
282128300 69654483212 94.3 29562364673935216 91.0
282303300 69654485712 94.3 29562365238568816 91.0
282518100 69665629712 94.3 29571212077426544 91.0
282588600 69666559812 94.3 29571305839478640 91.0
282653500 69666567312 94.3 29571315376246640 91.0
283429300 69666571012 94.3 29571326075365232 91.0
283773900 69666578912 94.3 29571337318795120 91.0
283801200 69668074112 94.3 29572471656384368 91.0
283842700 69679892512 94.3 29577506628929392 91.0
284182400 69681147812 94.3 29578274226931568 91.0
284233000 69681149312 94.3 29578275451503856 91.0
284265800 69681154912 94.3 29578288796876016 91.0
284470300 69681159912 94.3 29578297036946160 91.0
284891900 69681192612 94.3 29578320812301040 91.0
284967000 69681225412 94.3 29578348319517424 91.0
285124200 69681232912 94.3 29578365080870640 91.0
285359300 69681236212 94.3 29578371510039280 91.0
285409800 69681240512 94.3 29578379704066800 91.0
285456800 69681242912 94.3 29578380989954544 91.0
285889000 69681252812 94.3 29578406181286384 91.0
285940500 69681259212 94.3 29578407170411952 91.0
286018500 69681290012 94.3 29578450952342960 91.0
286118200 69681541212 94.3 29578613443055024 91.0
286419300 69681683712 94.3 29578741752966576 91.0
286784800 69681684912 94.3 29578742026169776 91.0
287045100 69681686812 94.3 29578746772339120 91.0
287158900 69681694512 94.3 29578755684344240 91.0
287253900 69682358412 94.3 29579296280191408 91.0
287329400 69682631012 94.3 29579483682349488 91.0
287344200 69682639212 94.3 29579499095460272 91.0
287435500 69685260412 94.3 29581582789904816 91.0
287676000 69685266812 94.3 29581593775225264 91.0
287785000 69685270712 94.3 29581596898231984 91.0
287960000 69685281712 94.3 29581616264130224 91.0
288836400 69690930712 94.3 29586383373741744 91.1
289122200 69690932112 94.3 29586385073786544 91.1
289450900 69690937512 94.3 29586391198688944 91.1
290011700 69690939012 94.3 29586391591085744 91.1
290089000 69690940112 94.3 29586391905786032 91.1
290527800 69690942412 94.3 29586392581626032 91.1
290548500 69690943512 94.3 29586392743915024 91.1
290914400 69693319012 94.3 29588958417235472 91.1
291182500 69693325012 94.3 29588967264852496 91.1
293099600 69694794612 94.3 29589399291304464 91.1
293468300 69694798312 94.3 29589404725928464 91.1
293779100 69694811612 94.3 29589429617062416 91.1
293780000 69694812012 94.3 29589429791756816 91.1
293816000 69694819312 94.3 29589440256043536 91.1
294197900 69694828912 94.3 29589457946180112 91.1
294215300 69738944712 94.4 29624544293190160 91.2
294690000 69738970512 94.4 29624619756534288 91.2
295326800 69738974412 94.4 29624631357718032 91.2
295381600 69753804212 94.4 29632629024079376 91.2
295720600 69753808312 94.4 29632630810959376 91.2
296263100 69753811012 94.4 29632634058063376 91.2
296403800 69753834512 94.4 29632681730235920 91.2
296427200 69754583812 94.4 29633224780406288 91.2
296485800 69754585412 94.4 29633225180954192 91.2
296516100 69754588412 94.4 29633226447538000 91.2
296615800 69756527412 94.4 29634730400696144 91.2
296634400 69756535212 94.4 29634738905868112 91.2
296668800 69756538412 94.4 29634744852586320 91.2
296740800 69760733312 94.4 29637430726532944 91.2
296806500 69760751612 94.4 29637468770778960 91.2
296865700 69760754012 94.4 29637469352136144 91.2
296993100 69760754812 94.4 29637470256737744 91.2
297006500 69760756212 94.4 29637471082331344 91.2
297010200 69760756912 94.4 29637471203572944 91.2
297052100 69760759612 94.4 29637471750273616 91.2
297094800 69760764812 94.4 29637480268667472 91.2
297164200 69762858512 94.4 29638770882353744 91.2
297201100 69762861012 94.4 29638771626110416 91.2
297211300 69762862612 94.4 29638772182142416 91.2
297310700 69762862812 94.4 29638772195659216 91.2
297312400 69762864212 94.4 29638772630387024 91.2
297650600 69762864512 94.4 29638772651686224 91.2
297921200 69762874312 94.4 29638791146117456 91.2
298062700 69762886312 94.4 29638818612756816 91.2
298243300 69762891512 94.4 29638825712885584 91.2
299729100 69763961312 94.4 29639413792120656 91.2
299962100 69763964412 94.4 29639415945373520 91.2
300100000 69763965112 94.4 29639416626947920 91.2
300565600 69763973512 94.4 29639431677606736 91.2
300571200 69766389012 94.4 29639785915054928 91.2
300628800 69766400412 94.4 29639815465550672 91.2
300660800 69766417512 94.4 29639846967581520 91.2
301318000 69766920012 94.4 29639976610233168 91.2
301338700 69766921612 94.4 29639978725293264 91.2
301428800 69766933112 94.4 29640004389424336 91.2
301655000 69766935512 94.4 29640005993261136 91.2
301849200 69766935712 94.4 29640006119417936 91.2
301853300 69770508512 94.4 29644615369058384 91.2
302170200 69770514112 94.4 29644624818734160 91.2
302179400 69770515312 94.4 29644626114928208 91.2
302242000 69773085212 94.4 29647310128963152 91.2
302404500 69773085712 94.4 29647310591328944 91.2
302416000 69773093412 94.4 29647321428645552 91.2
302832700 69773097912 94.4 29647329055092400 91.2
302901400 69773098112 94.4 29647329065332400 91.2
302902000 69775444312 94.4 29648579155750576 91.3
303209000 69785760112 94.4 29657714248150704 91.3
306243600 69785762612 94.4 29657714958192304 91.3
306379200 69785763612 94.4 29657715784355504 91.3
306813600 69820162512 94.5 29684340662013616 91.4
307748600 69820169912 94.5 29684346951798960 91.4
307949500 69831407412 94.5 29689304219095216 91.4
308533000 69831410212 94.5 29689305005125232 91.4
308955100 69831411212 94.5 29689305476183440 91.4
309031800 69831418312 94.5 29689316263860624 91.4
309216100 69835823612 94.5 29690565526428048 91.4
309579700 69837931112 94.5 29693097755154832 91.4
309718700 69837933412 94.5 29693101041385360 91.4
309720200 69837943712 94.5 29693125626371984 91.4
309745400 69837957212 94.5 29693155724877712 91.4
309766800 69837962712 94.5 29693167132134288 91.4
309812400 69837965412 94.5 29693168248375312 91.4
309892400 69837968212 94.5 29693173100084752 91.4
309940300 69837969812 94.5 29693173583003152 91.4
310220000 69837985412 94.5 29693204687103504 91.4
310237400 69838933312 94.5 29693750384338448 91.4
310275300 69839016912 94.5 29693827094709776 91.4
310284000 69839022212 94.5 29693836253851152 91.4
310445800 69839039512 94.5 29693867269518864 91.4
310553400 69839041212 94.5 29693868425468816 91.4
310562800 69840697512 94.5 29694399585966992 91.4
310694800 69840698512 94.5 29694400586005392 91.4
311114200 69840700012 94.5 29694400798635184 91.4
311594700 69840722412 94.5 29694457609032880 91.4
311645900 69840723812 94.5 29694458110495088 91.4
311690600 69843326112 94.5 29696404231375216 91.4
311946200 69843326912 94.5 29696405163420016 91.4
311963300 69843334912 94.5 29696415549751664 91.4
312440800 69843339512 94.5 29696418221772912 91.4
312445700 69843349712 94.5 29696426058305648 91.4
312447300 69843353312 94.5 29696434552277104 91.4
312639500 69843354812 94.5 29696435445537584 91.4
312653000 69843635512 94.5 29696627605052208 91.4
312819000 69843637512 94.5 29696628257348400 91.4
312824700 69847973512 94.5 29701937568308016 91.4
312833700 69847973612 94.5 29701937568512816 91.4
312880400 69847975412 94.5 29701938208989424 91.4
312928900 69849055812 94.5 29702559247589616 91.4
312980100 69849057212 94.5 29702559464739520 91.4
313254500 69849064412 94.5 29702566449829568 91.4
313344300 69849077012 94.5 29702600821913280 91.4
313364100 69849078112 94.5 29702601174172288 91.4
313366600 69849084612 94.5 29702605051032192 91.4
313367500 69849111312 94.5 29702678123057792 91.4
313387600 69849114512 94.5 29702678916049792 91.4
314256000 69851285712 94.5 29703454708476800 91.4
314389400 69851290612 94.5 29703462872394112 91.4
314936700 69851293912 94.5 29703470479699840 91.4
315160300 69851299612 94.5 29703478234541952 91.4
315349600 69851322112 94.5 29703523511570304 91.4
315578100 69855609212 94.5 29707175843073920 91.4
315611600 69855610612 94.5 29707176027393920 91.4
315858200 69855611312 94.5 29707176264894528 91.4
316437100 69855617012 94.5 29707183921648704 91.4
317080100 69855618612 94.5 29707185152871744 91.4
318078900 69866787812 94.5 29716969039088960 91.5
320278700 69913366312 94.6 29748635411434816 91.6
321003100 69913368112 94.6 29748636199264896 91.6
321282800 69913381912 94.6 29748664965245568 91.6
322381100 69913384912 94.6 29748671377635968 91.6
322621500 69913386812 94.6 29748671908102560 91.6
322947400 69913413212 94.6 29748726100050336 91.6
322986700 69913423412 94.6 29748743660485024 91.6
322997000 69913423712 94.6 29748744043665824 91.6
323338200 69913433812 94.6 29748753997754784 91.6
323630500 69917048312 94.6 29751798821548448 91.6
323684900 69917048412 94.6 29751798829126048 91.6
323692200 69917048712 94.6 29751799158239648 91.6
323693200 69918604312 94.6 29752759777784224 91.6
323788400 69918621012 94.6 29752797826199968 91.6
323826100 69918625512 94.6 29752799777295776 91.6
323909800 69918629712 94.6 29752802133911712 91.6
324373600 69918633812 94.6 29752802583120416 91.6
324544300 69918644212 94.6 29752822751054368 91.6
324547300 69918646312 94.6 29752823737720736 91.6
324620300 69918667612 94.6 29752865843376032 91.6
324820700 69918676612 94.6 29752886537858976 91.6
324896300 69918680112 94.6 29752888279334304 91.6
324935700 69918683012 94.6 29752890837957024 91.6
324939400 69918683312 94.6 29752891008760224 91.6
325122800 69921785212 94.6 29753379335420320 91.6
325189400 69921794412 94.6 29753390748795296 91.6
325192900 69921806112 94.6 29753420544278944 91.6
325455000 69921810012 94.6 29753429190551968 91.6
325489600 69921839712 94.6 29753484316223904 91.6
325502900 69921843112 94.6 29753486396066464 91.6
325504200 69921843212 94.6 29753486640597664 91.6
325625900 69925911812 94.6 29756518270421664 91.6
325728200 69926773612 94.6 29757136134064800 91.6
325862700 69926783912 94.6 29757157596490400 91.6
326020500 69926787812 94.6 29757167895663264 91.6
326040500 69926789412 94.6 29757168478001248 91.6
326179100 69926790512 94.6 29757168726098048 91.6
326307100 69929753112 94.6 29759149745946752 91.6
326387300 69929755412 94.6 29759150416193536 91.6
326443900 69929757612 94.6 29759151135655936 91.6
326580000 69929764812 94.6 29759162111756288 91.6
326687400 69929770212 94.6 29759164791659520 91.6
326826400 69929772212 94.6 29759166259766656 91.6
326885800 69929772812 94.6 29759166592560256 91.6
327317100 69929783812 94.6 29759193821795456 91.6
327344200 69933259012 94.6 29763767308178560 91.6
327372600 69933266812 94.6 29763780291073152 91.6
327379300 69935364712 94.6 29765036740449408 91.6
328002700 69935378312 94.6 29765047064900736 91.6
328041400 69935382712 94.6 29765050006153344 91.6
328168900 69935382912 94.6 29765050021103744 91.6
328176800 69935383312 94.6 29765050035644544 91.6
328183700 69937833512 94.6 29767572189915264 91.6
328328600 69937837112 94.6 29767580928538752 91.6
329970300 69950539612 94.7 29777788646029440 91.6
331457500 69950541012 94.7 29777789483978816 91.6
332180600 69950541212 94.7 29777789677719616 91.6
332190500 69963271212 94.7 29783424891867200 91.7
333049900 69963332112 94.7 29783465930690624 91.7
333428800 69963336812 94.7 29783471188194880 91.7
333637800 69967176312 94.7 29786490970420800 91.7
334763600 69967377912 94.7 29786581460817472 91.7
335835800 69967381112 94.7 29786582679186752 91.7
335956100 69967390112 94.7 29786589650975040 91.7
336033800 69967407612 94.7 29786642545068352 91.7
336127600 69968986412 94.7 29787189954955584 91.7
336361500 69968995112 94.7 29787210094160192 91.7
336546600 69969084812 94.7 29787432655038784 91.7
336560700 69969085012 94.7 29787432826046784 91.7
336776600 69969094612 94.7 29787459170865472 91.7
336807000 69969098712 94.7 29787467115493184 91.7
336851500 69969102712 94.7 29787474970795328 91.7
337011900 69969107612 94.7 29787484652371264 91.7
337075700 69969108612 94.7 29787485552386752 91.7
337097100 69969112212 94.7 29787486046704864 91.7
337213400 70003979812 94.7 29814049704301792 91.8
337260300 70003981212 94.7 29814050380306528 91.8
337345200 70003985512 94.7 29814058841883744 91.8
337437600 70003990012 94.7 29814060648677088 91.8
337492200 70006378212 94.7 29816816719019744 91.8
337871200 70006976712 94.7 29817020035940064 91.8
337985800 70007260312 94.7 29817215520325344 91.8
338081300 70007263712 94.7 29817222045968608 91.8
338172400 70012803712 94.7 29822566807185632 91.8
338393000 70012809612 94.7 29822575281027296 91.8
338491100 70012810612 94.7 29822575817808096 91.8
338497500 70012810812 94.7 29822575842998496 91.8
338548000 70012819412 94.7 29822602125428960 91.8
338903200 70017323612 94.8 29825508007921888 91.8
339132400 70017327612 94.8 29825512168032480 91.8
339240500 70017329412 94.8 29825512818723552 91.8
339302800 70017790812 94.8 29826060440750816 91.8
339353200 70017792512 94.8 29826061082386784 91.8
339623900 70017793912 94.8 29826062183164512 91.8
339700700 70017802112 94.8 29826072322298464 91.8
339952800 70018270412 94.8 29826646092730976 91.8
340134500 70018271812 94.8 29826646791303776 91.8
340145000 70018273012 94.8 29826647559315552 91.8
340150000 70018388512 94.8 29826782933508192 91.8
340266000 70018390812 94.8 29826784079668576 91.8
340455200 70018404612 94.8 29826817936958816 91.8
340466400 70018413512 94.8 29826840539811168 91.8
340738600 70018415412 94.8 29826842145179104 91.8
340856800 70019388712 94.8 29827596160714208 91.8
340866200 70019392912 94.8 29827597646717536 91.8
341038500 70020472112 94.8 29828253539263072 91.8
341043700 70020473512 94.8 29828254709047648 91.8
341110500 70020474712 94.8 29828255083758848 91.8
341175700 70026276012 94.8 29831042033616128 91.8
341351600 70027785712 94.8 29832222606591232 91.8
341370500 70027923812 94.8 29832417505330432 91.8
341395500 70027963812 94.8 29832463591531776 91.8
341472300 70027975312 94.8 29832486619192576 91.8
341692800 70028018712 94.8 29832552784551168 91.8
341907200 70028024312 94.8 29832556592513792 91.8
342082500 70028027112 94.8 29832557960481024 91.8
342540200 70029504912 94.8 29833158755535104 91.8
342944500 70029506612 94.8 29833161053882624 91.8
343163000 70029508412 94.8 29833162552391424 91.8
343314600 70045952312 94.8 29842092098729728 91.8
343557300 70045991112 94.8 29842137988499200 91.8
344025300 70045997812 94.8 29842147257667328 91.8
344034300 70046162512 94.8 29842252131651328 91.8
344175000 70046173112 94.8 29842270251728640 91.8
344417500 70046174812 94.8 29842270404099840 91.8
344490600 70046177512 94.8 29842276486451968 91.8
344645100 70048134212 94.8 29843931144098560 91.9
344677200 70050751012 94.8 29845204785402624 91.9
344679500 70050753412 94.8 29845205904121344 91.9
344898000 70050761212 94.8 29845217336083968 91.9
345250100 70050764712 94.8 29845217779289472 91.9
345254000 70050782312 94.8 29845270904458624 91.9
345275700 70050794912 94.8 29845299523917184 91.9
345554800 70050857812 94.8 29845382710826368 91.9
345594400 70063756412 94.8 29856687138149760 91.9
346002700 70063758412 94.8 29856688016803776 91.9
346423200 70063764912 94.8 29856696973412288 91.9
346497300 70063777312 94.8 29856725367691200 91.9
346648100 70063779312 94.8 29856728445229504 91.9
346808900 70064183712 94.8 29856969942555072 91.9
346862200 70064204712 94.8 29857014611327424 91.9
346913700 70066477612 94.8 29857867138611648 91.9
346958900 70066480312 94.8 29857869286665920 91.9
347032500 70066797912 94.8 29858251147701952 91.9
347034500 70066798312 94.8 29858251685301952 91.9
347059400 70068997012 94.8 29859514054282944 91.9
347188100 70069000112 94.8 29859518024696000 91.9
347396500 70069825112 94.8 29860119039754432 91.9
347412800 70069831712 94.8 29860130160780480 91.9
347455300 70069835912 94.8 29860137633846976 91.9
347471500 70071057412 94.8 29861150795765440 91.9
347584700 70071071412 94.8 29861169387531968 91.9
347690800 70071086012 94.8 29861187626114752 91.9
347782400 70071519012 94.8 29861426842115776 91.9
347914500 70071519412 94.8 29861426997968576 91.9
348105200 70071662212 94.8 29861560576081600 91.9
348124200 70071671212 94.8 29861564284655296 91.9
348147800 70071845112 94.8 29861685562463936 91.9
348239300 70072606612 94.8 29862078505080512 91.9
348323200 70073950312 94.8 29862852048180928 91.9
348328100 70074068412 94.8 29862884795576000 91.9
348466600 70074462912 94.8 29863075136761536 91.9
348518100 70075083212 94.8 29863582724910784 91.9
348528200 70075085412 94.8 29863583102908992 91.9
348534500 70075176112 94.8 29863697252448832 91.9
348668700 70075176812 94.8 29863699157721536 91.9
348681900 70075181512 94.8 29863708025139648 91.9
348687100 70109552612 94.9 29889412576031168 92.0
348707000 70109554912 94.9 29889413071011872 92.0
348906900 70109691812 94.9 29889514733420576 92.0
348915200 70110549312 94.9 29890112807157792 92.0
349024200 70111118812 94.9 29890476468617248 92.0
349024600 70111121312 94.9 29890479037652000 92.0
349078900 70111124412 94.9 29890480117522464 92.0
349106600 70111127512 94.9 29890481542218400 92.0
349173200 70111128212 94.9 29890481999620384 92.0
349255500 70111898612 94.9 29891136565455136 92.0
349289000 70112009112 94.9 29891269666220320 92.0
349405900 70112018012 94.9 29891287989070112 92.0
349449300 70112018812 94.9 29891288207386912 92.0
349647700 70112019712 94.9 29891289065716448 92.0
349724800 70112026412 94.9 29891301175356128 92.0
349777200 70112029212 94.9 29891305153410016 92.0
349795200 70112031012 94.9 29891305917781600 92.0
349849300 70112033812 94.9 29891308333658208 92.0
349911200 70115137612 94.9 29893681256951904 92.0
349969000 70115141312 94.9 29893688810963552 92.0
349988000 70115172012 94.9 29893732187189856 92.0
349990300 70115622512 94.9 29893968057791072 92.0
350001400 70115627612 94.9 29893976859978336 92.0
350085700 70115629212 94.9 29893979910917216 92.0
350169500 70115645912 94.9 29894000554615904 92.0
350183300 70116989112 94.9 29895064854340704 92.0
350195400 70116989712 94.9 29895066298456672 92.0
350309400 70117227512 94.9 29895281472019040 92.0
350413300 70117229212 94.9 29895282079808032 92.0
350572800 70117230512 94.9 29895285514272288 92.0
350612200 70117231812 94.9 29895287976821280 92.0
350614800 70123613812 94.9 29899639315038752 92.0
350626600 70124034312 94.9 29899897247728160 92.0
350675800 70124036212 94.9 29899901923655712 92.0
350702600 70124037812 94.9 29899902247239712 92.0
350709800 70124041512 94.9 29899905110744864 92.0
350720200 70124048012 94.9 29899913912645408 92.0
350740900 70124049912 94.9 29899917866227488 92.0
350750700 70128151512 94.9 29900913548777248 92.0
350753700 70128153312 94.9 29900917613659680 92.0
350794600 70128252412 94.9 29901007798634016 92.0
350812700 70128270312 94.9 29901064073967136 92.0
350905100 70128285212 94.9 29901096225857056 92.0
351093900 70129764112 94.9 29902341133032992 92.0
351207400 70129766612 94.9 29902342705696288 92.0
351223400 70129841312 94.9 29902434375388704 92.0
351322100 70129893012 94.9 29902469145812512 92.0
351416400 70129893612 94.9 29902469516090912 92.0
351424400 70132549712 94.9 29904581152726560 92.0
351429800 70132551112 94.9 29904581866997152 92.0
351457200 70132551812 94.9 29904582652867168 92.0
351469300 70132555212 94.9 29904591055012448 92.0
351484300 70133086112 94.9 29904985880740448 92.0
351513000 70133116512 94.9 29905011392963168 92.0
351554000 70133117212 94.9 29905013289275232 92.0
351582200 70133764612 94.9 29905842494263136 92.0
351670500 70133893712 94.9 29905915602145120 92.0
351768500 70134122012 94.9 29906089728888672 92.0
351850500 70135057112 94.9 29906796684857184 92.0
352079900 70135176512 94.9 29906870231584608 92.0
352147100 70135437812 94.9 29907110081548128 92.0
352204100 70136307312 94.9 29907760346648416 92.0
352225600 70136310512 94.9 29907765885315936 92.0
352254400 70136316112 94.9 29907773208413536 92.0
352277000 70136392712 94.9 29907867521787232 92.0
352397500 70136397112 94.9 29907876134561120 92.0
352458500 70136818212 94.9 29908074113082720 92.0
352514900 70136819512 94.9 29908074598198208 92.0
352685100 70136824512 94.9 29908084031676352 92.0
352709500 70137062012 94.9 29908233114935232 92.0
352819400 70137063312 94.9 29908234539498688 92.0
352848000 70137069612 94.9 29908245675080896 92.0
352929300 70137151012 94.9 29908309194808512 92.1
353036600 70137153612 94.9 29908311936885696 92.1
353061400 70137399712 94.9 29908489467847616 92.1
353087800 70137604512 94.9 29908648146641856 92.1
353102600 70137841912 94.9 29908789984060352 92.1
353144300 70137847512 94.9 29908800762926016 92.1
353163100 70137850512 94.9 29908802108551104 92.1
353361100 70138048212 94.9 29908907404283840 92.1
353456300 70138094812 94.9 29908967843717056 92.1
353632800 70138105812 94.9 29908994125580224 92.1
353707600 70138106512 94.9 29908996724440000 92.1
353741700 70138264412 94.9 29909094684179392 92.1
353775900 70138854212 94.9 29909712096410560 92.1
353819900 70139088012 94.9 29909886897290176 92.1
353861700 70139089712 94.9 29909890411769280 92.1
353873900 70139866712 94.9 29910395455778240 92.1
353893500 70139985112 94.9 29910486972263872 92.1
353983400 70140902012 94.9 29911221234527680 92.1
353997700 70141570912 94.9 29911773089328576 92.1
354122400 70141645712 94.9 29911861718183360 92.1
354221100 70142047512 94.9 29912352774974912 92.1
354251300 70142048612 94.9 29912353836979904 92.1
354397000 70142054512 94.9 29912364886026944 92.1
354425800 70142157712 94.9 29912423061170880 92.1
354485200 70153004912 94.9 29920588356561600 92.1
354594400 70153005912 94.9 29920589132958400 92.1
354630800 70154013012 94.9 29921029400169152 92.1
354759500 70154488112 94.9 29921285754784448 92.1
354794800 70155049712 94.9 29921703643679424 92.1
354815400 70155056512 94.9 29921713611495104 92.1
355021500 70156313212 94.9 29922344086034112 92.1
355036400 70156664612 94.9 29922782863283904 92.1
355129000 70156665512 94.9 29922786051674304 92.1
355146500 70157291912 94.9 29923303501746368 92.1
355159900 70162234812 94.9 29928584737607872 92.1
355160000 70162383812 94.9 29928647195586752 92.1
355171400 70162390112 94.9 29928658391587008 92.1
355200800 70162391312 94.9 29928661892880064 92.1
355293000 70162656512 95.0 29928775597274816 92.1
355310400 70162844112 95.0 29928958571017920 92.1
355342000 70163123912 95.0 29929312727856832 92.1
355416600 70163125312 95.0 29929313732810432 92.1
355435900 70163459512 95.0 29929694620440256 92.1
355461100 70163465412 95.0 29929707536542400 92.1
355479000 70163469212 95.0 29929710505301184 92.1
355480700 70163470112 95.0 29929711979575360 92.1
355518900 70163471612 95.0 29929714604698432 92.1
355588500 70164717812 95.0 29930697698569024 92.1
355640300 70164718512 95.0 29930698339183424 92.1
355955100 70164720012 95.0 29930702143370816 92.1
355995600 70164830512 95.0 29930847616480832 92.1
355997400 70165086912 95.0 29931037473764928 92.1
356065100 70167556312 95.0 29932315078817344 92.1
356126500 70167607812 95.0 29932349322974784 92.1
356130400 70203037112 95.0 29957656337733184 92.2
356172300 70203037312 95.0 29957656422929984 92.2
356181000 70203447112 95.0 29958138219550272 92.2
356181900 70203530712 95.0 29958246750410304 92.2
356256300 70204086812 95.0 29958488649635392 92.2
356272200 70204093312 95.0 29958497246591552 92.2
356296500 70204094712 95.0 29958497372629352 92.2
356311600 70204216312 95.0 29958651229563240 92.2
356376000 70204894012 95.0 29959027469937000 92.2
356388500 70204899512 95.0 29959031592765800 92.2
356427700 70205114312 95.0 29959234482424168 92.2
356497800 70205122212 95.0 29959244593935720 92.2
356499100 70205128712 95.0 29959254862271848 92.2
356510600 70205263812 95.0 29959370472707432 92.2
356523200 70212685212 95.0 29964498916365672 92.2
356552800 70212688712 95.0 29964506034131816 92.2
356657100 70212688912 95.0 29964506244591912 92.2
356663400 70212762112 95.0 29964602888057128 92.2
356688700 70212768812 95.0 29964619916093736 92.2
356837900 70228165512 95.0 29971612096112936 92.2
356906700 70229696212 95.0 29972895387855144 92.2
356912500 70232345712 95.0 29973852628560168 92.3
356923800 70232744912 95.0 29974139522525480 92.3
356936100 70232788412 95.0 29974209013778728 92.3
356943200 70233182512 95.0 29974443233544488 92.3
356957000 70233185512 95.0 29974448418127656 92.3
356959100 70233185912 95.0 29974448668111560 92.3
356966700 70233412912 95.0 29974728968991432 92.3
356968400 70233609912 95.0 29974840821363400 92.3
356986500 70233644612 95.0 29974882083033800 92.3
356989400 70233752412 95.0 29974999530222280 92.3
356996000 70234771212 95.0 29975477071295176 92.3
357004000 70234967912 95.0 29975647798817480 92.3
357021100 70235101312 95.0 29975710230610632 92.3
357098700 70235942912 95.0 29976260309910216 92.3
357144300 70237625712 95.1 29976988941386440 92.3
357247500 70237625812 95.1 29976989151641640 92.3
357256100 70251110812 95.1 29988926508875816 92.3
357299500 70252367312 95.1 29989786648559656 92.3
357306400 70252367912 95.1 29989786688905256 92.3
357320500 70252380012 95.1 29989815405131816 92.3
357426500 70252498312 95.1 29989878471260200 92.3
357555900 70252499312 95.1 29989880198520232 92.3
357579300 70252504412 95.1 29989881657835688 92.3
357644600 70255319912 95.1 29991593930801320 92.3
357663700 70255389912 95.1 29991677354606760 92.3
357706400 70255397912 95.1 29991697857640616 92.3
357719000 70255433512 95.1 29991743477504168 92.3
357737300 70255689012 95.1 29991864780888232 92.3
357815100 70255689312 95.1 29991864821848232 92.3
357838400 70255689412 95.1 29991864829221032 92.3
357839200 70256367512 95.1 29992182198442152 92.3
357842900 70256376212 95.1 29992206555517096 92.3
357851500 70256377312 95.1 29992207103971496 92.3
357893000 70256381612 95.1 29992215712680104 92.3
357996200 70256384212 95.1 29992216459227304 92.3
358002500 70257140512 95.1 29992574616940712 92.3
358033200 70257142912 95.1 29992576057708712 92.3
358034400 70257303912 95.1 29992677161300136 92.3
358092000 70257375312 95.1 29992762410610856 92.3
358116600 70257377612 95.1 29992763160276456 92.3
358129500 70257511112 95.1 29992932529270248 92.3
358222300 70257722012 95.1 29993068107476456 92.3
358235700 70257722512 95.1 29993068579745256 92.3
358254800 70257724312 95.1 29993069790952040 92.3
358276900 70258019912 95.1 29993229600438888 92.3
358300100 70258020112 95.1 29993230020946888 92.3
358306600 70258171312 95.1 29993323669769160 92.3
358315300 70258362312 95.1 29993446308481992 92.3
358401100 70258370412 95.1 29993467624074184 92.3
358490200 70258373712 95.1 29993472015505352 92.3
358523100 70260815712 95.1 29995377718368200 92.3
358557900 70261099112 95.1 29995528988628936 92.3
358566100 70261100412 95.1 29995532936236488 92.3
358583600 70261146512 95.1 29995593968401864 92.3
358617800 70261705312 95.1 29995953488084424 92.3
358630000 70261835912 95.1 29996020738538952 92.3
358647400 70261907512 95.1 29996104494382536 92.3
358697900 70261911812 95.1 29996116160212424 92.3
358710400 70262041812 95.1 29996159325871560 92.3
359079100 70262150712 95.1 29996260028833224 92.3
359089100 70262151912 95.1 29996262859558856 92.3
359101400 70262152912 95.1 29996264218764232 92.3
359134700 70262604212 95.1 29996466929820616 92.3
359143200 70262837512 95.1 29996577899971528 92.3
359169700 70262838912 95.1 29996580251214536 92.3
359170900 70269129212 95.1 30001230297277128 92.3
359186800 70269144312 95.1 30001261967286984 92.3
359323400 70269630112 95.1 30001732976911048 92.3
359387300 70269723812 95.1 30001811234136776 92.3
359396200 70269835212 95.1 30001908936868552 92.3
359402100 70270118312 95.1 30002194716263112 92.3
359407200 70270291412 95.1 30002329149276872 92.3
359418900 70270602712 95.1 30002534805111496 92.3
359427000 70270607912 95.1 30002544575073992 92.3
359481300 70270767712 95.1 30002670598442696 92.3
359525900 70270769512 95.1 30002671282368328 92.3
359556700 70271069412 95.1 30002960211750728 92.3
359608400 70271258612 95.1 30003140593725256 92.3
359643000 70291787212 95.1 30018597903150920 92.4
359665800 70292775512 95.1 30019274132827976 92.4
359667400 70292776312 95.1 30019274429378376 92.4
359717500 70293372112 95.1 30019570523418440 92.4
359787800 70293373512 95.1 30019574728405320 92.4
359822500 70293596512 95.1 30019699272151368 92.4
359951500 70293980712 95.1 30020044736655688 92.4
360021700 70294499812 95.1 30020427608158536 92.4
360036200 70294501212 95.1 30020429796566344 92.4
360071100 70299859612 95.1 30024064392455496 92.4
360078800 70300059112 95.1 30024165623522632 92.4
360358100 70300138412 95.1 30024229228045640 92.4
360381500 70308514512 95.1 30031770633823560 92.4
360399500 70309740112 95.1 30032640793961800 92.4
360407100 70309919612 95.1 30032742633137480 92.4
360504200 70310107612 95.1 30032901718336840 92.4
360620700 70310108812 95.1 30032902321472840 92.4
360696400 70310111112 95.1 30032906435182152 92.4
360758500 70310129912 95.1 30032927178769992 92.4
360884200 70310580512 95.2 30033356051564104 92.4
360948000 70310744212 95.2 30033421153822280 92.4
360973900 70310811512 95.2 30033505355802184 92.4
361015000 70311172512 95.2 30033683328181832 92.4
361085700 70311789412 95.2 30034069627414088 92.4
361186800 70311805612 95.2 30034091635738184 92.4
361210400 70311807912 95.2 30034096445652040 92.4
361218700 70311812512 95.2 30034102827192392 92.4
361279900 70311927712 95.2 30034174355320904 92.4
361462300 70311929712 95.2 30034178257828936 92.4
361559900 70312049112 95.2 30034286956354632 92.4
361646600 70312256812 95.2 30034440758975560 92.4
361713000 70313197312 95.2 30035362067602504 92.4
361858700 70314311112 95.2 30036063489645640 92.4
361879500 70314312212 95.2 30036066818208072 92.4
361929600 70315068412 95.2 30036543720075592 92.4
361952400 70315165612 95.2 30036618193301832 92.4
362019900 70315257812 95.2 30036667272802632 92.4
362041100 70315467812 95.2 30036795584385352 92.4
362060900 70315731812 95.2 30036932900606280 92.4
362146500 70315735012 95.2 30036936939827528 92.4
362189000 70316171612 95.2 30037175034196296 92.4
362275800 70316777112 95.2 30037719715787080 92.4
362447000 70318273812 95.2 30038726987919688 92.5
362458300 70318275612 95.2 30038729840421704 92.5
362550300 70318289412 95.2 30038743759772488 92.5
362630200 70318526412 95.2 30038794008136520 92.5
362636600 70318748512 95.2 30039002001738568 92.5
362714700 70318846612 95.2 30039041657924424 92.5
362726700 70318848912 95.2 30039043616478152 92.5
362814900 70319167312 95.2 30039400462095304 92.5
362817600 70319225412 95.2 30039434277305288 92.5
362837600 70319337312 95.2 30039517983923144 92.5
362944200 70320272412 95.2 30040346733566920 92.5
362987300 70323076612 95.2 30041687762918344 92.5
363234300 70323078212 95.2 30041690437749448 92.5
363333000 70323317412 95.2 30041805766634184 92.5
363543200 70323556112 95.2 30041939719793352 92.5
363561000 70323898812 95.2 30042146587208392 92.5
363592000 70325588112 95.2 30042967652494024 92.5
363665000 70325977712 95.2 30043312497224392 92.5
363720200 70326510912 95.2 30043628087995080 92.5
363761300 70331127412 95.2 30048461786901192 92.5
363802300 70331169112 95.2 30048487606866632 92.5
363829800 70331302112 95.2 30048573475164872 92.5
363862800 70331605312 95.2 30048748005446344 92.5
363944500 70331820612 95.2 30048907016704712 92.5
364209900 70332279312 95.2 30049314417480392 92.5
364283400 70332727112 95.2 30049660270514888 92.5
364417800 70332727312 95.2 30049660529177288 92.5
364455800 70332729912 95.2 30049664534862792 92.5
364534500 70333048312 95.2 30050011089132488 92.5
364589500 70333049212 95.2 30050012648367048 92.5
364647800 70333125912 95.2 30050071165477832 92.5
364658200 70333186712 95.2 30050114040329160 92.5
364914800 70333187812 95.2 30050114989372360 92.5
364930400 70333346912 95.2 30050168869471176 92.5
364954700 70333475712 95.2 30050268547646408 92.5
365005000 70333478012 95.2 30050271222897352 92.5
365060900 70333569712 95.2 30050331823196872 92.5
365090500 70333570712 95.2 30050334427925960 92.5
365110800 70336258912 95.2 30050802011688392 92.5
365110900 70336765712 95.2 30051049448000968 92.5
365182700 70336766612 95.2 30051049611636168 92.5
365192000 70336995612 95.2 30051146393431496 92.5
365229000 70337320812 95.2 30051311032135112 92.5
365352400 70337322012 95.2 30051311890184712 92.5
365372600 70337546112 95.2 30051554887088648 92.5
365397000 70337548012 95.2 30051558137591560 92.5
365456900 70337737712 95.2 30051685296101128 92.5
365511000 70337741212 95.2 30051687805094664 92.5
365586000 70337748512 95.2 30051702259308296 92.5
365597400 70337750312 95.2 30051705089272072 92.5
365613500 70337751812 95.2 30051705967996872 92.5
365627400 70337973212 95.2 30051849822023624 92.5
365711800 70338650612 95.2 30052432335548360 92.5
365717700 70338827312 95.2 30052505012342728 92.5
365790900 70338878012 95.2 30052565458833352 92.5
365982700 70339017512 95.2 30052642474913736 92.5
366157900 70339078912 95.2 30052687411498952 92.5
366271600 70339455112 95.2 30052848357511112 92.5
366283800 70339680212 95.2 30052972747280328 92.5
366295100 70339681612 95.2 30052976961981384 92.5
366344200 70340361812 95.2 30053719472016328 92.5
366356600 70340444712 95.2 30053817438530504 92.5
366417600 70340451312 95.2 30053831307021256 92.5
366441900 70340636412 95.2 30053940877110216 92.5
366448800 70341009112 95.2 30054161510149064 92.5
366713500 70341208112 95.2 30054305924557768 92.5
366719500 70341473012 95.2 30054485018979272 92.5
366736100 70367475112 95.2 30073940587490248 92.6
366834800 70367476812 95.2 30073943023126472 92.6
366835600 70367571212 95.2 30073991695259592 92.6
366934700 70367572812 95.2 30073995241129160 92.6
367006400 70367804112 95.2 30074187009541320 92.6
367073000 70368022312 95.2 30074444330124488 92.6
367120900 70368960512 95.2 30074977698137288 92.6
367176000 70369236512 95.2 30075144116896968 92.6
367231300 70369237712 95.2 30075144930772168 92.6
367257900 70369407812 95.2 30075300848911560 92.6
367278000 70369410012 95.2 30075301552194760 92.6
367283300 70369561312 95.2 30075400219108552 92.6
367297100 70370032112 95.2 30075789589882056 92.6
367372600 70370262512 95.2 30076028814976200 92.6
367413300 70370271212 95.2 30076048136021192 92.6
367455300 70370654412 95.2 30076399841715400 92.6
367491100 70370658112 95.2 30076406170709704 92.6
367533000 70370767412 95.2 30076485616971464 92.6
367695800 70370769712 95.2 30076491365961928 92.6
367715500 70371101312 95.2 30076815272136904 92.6
367740500 70371103812 95.2 30076819996764872 92.6
367757400 70371200312 95.2 30076888336493256 92.6
367823900 70371879012 95.2 30077453407611592 92.6
367836700 70371939512 95.2 30077487380855496 92.6
367891400 70372004512 95.2 30077523744938696 92.6
367950700 70373621312 95.2 30078573792221896 92.6
367962500 70373627012 95.2 30078586921918152 92.6
368000800 70373633012 95.2 30078600293494472 92.6
368145600 70374584512 95.2 30079027058618056 92.6
368190000 70374589612 95.2 30079038020173512 92.6
368197200 70374591012 95.2 30079038586855112 92.6
368286100 70376092712 95.2 30079819573337800 92.6
368358900 70376094612 95.2 30079822055177160 92.6
368416900 70376384612 95.2 30080156109700040 92.6
368420600 70378031712 95.2 30081283878878152 92.6
368437900 70378236612 95.2 30081492443839432 92.6
368591500 70378238012 95.2 30081495725321672 92.6
368627700 70378476612 95.2 30081680612683208 92.6
368647700 70378716612 95.2 30081976455458248 92.6
368718500 70378742012 95.2 30082004671905224 92.6
368721900 70378742912 95.2 30082004922785224 92.6
368742800 70378957512 95.2 30082191922011592 92.6
368817600 70378959812 95.2 30082192732931592 92.6
368829000 70379071712 95.2 30082290695734792 92.6
368838600 70379144612 95.2 30082328125158920 92.6
368900800 70379146112 95.2 30082331151920648 92.6
368970500 70379146512 95.2 30082331214899548 92.6
369044400 70379264412 95.2 30082409783912796 92.6
369063500 70379595512 95.2 30082653283707228 92.6
369101100 70401590012 95.3 30095395544656220 92.6
369121200 70401833712 95.3 30095594961250652 92.6
369130000 70402198212 95.3 30095779694422364 92.6
369140900 70402720112 95.3 30096039356934492 92.6
369164100 70402823412 95.3 30096110081796444 92.6
369225000 70403014912 95.3 30096223730166108 92.6
369317800 70403473512 95.3 30096521153472860 92.6
369379500 70403602312 95.3 30096645630527836 92.6
369402200 70404685512 95.3 30097693880486236 92.6
369416000 70404700212 95.3 30097713969490268 92.6
369452500 70404746812 95.3 30097766614751580 92.6
369573100 70404950312 95.3 30097838547056988 92.6
369602700 70404994912 95.3 30097901649148252 92.6
369611200 70405001912 95.3 30097911813415260 92.6
369621200 70407285712 95.3 30099805125648732 92.6
369655300 70408184412 95.3 30100195967738204 92.6
369722400 70408560512 95.3 30100439402045788 92.6
369765500 70408669112 95.3 30100491373351260 92.6
369766500 70408904212 95.3 30100769841156444 92.6
369775800 70409593812 95.3 30101167646478684 92.6
369779500 70410553212 95.3 30101411047297372 92.6
369788500 70410554612 95.3 30101413930377052 92.6
369789700 70410799412 95.3 30101684919000924 92.6
369918000 70411528312 95.3 30102169535799132 92.6
369955000 70412084712 95.3 30102523970084700 92.6
370000200 70412085412 95.3 30102524321931100 92.6
370002100 70412087712 95.3 30102529122171228 92.6
370007100 70412091812 95.3 30102533504150876 92.6
370039600 70412285612 95.3 30102684276895068 92.6
370107200 70412661112 95.3 30102952856841564 92.6
370134900 70412661212 95.3 30102953057340764 92.6
370176900 70413317912 95.3 30103478485896540 92.7
370179500 70413353712 95.3 30103498848777564 92.7
370180000 70415141312 95.3 30105501095736668 92.7
370228900 70415392412 95.3 30105665054324060 92.7
370281200 70415629912 95.3 30105849906902364 92.7
370336800 70415920912 95.3 30106160271144284 92.7
370379700 70416040012 95.3 30106248306931036 92.7
370462300 70416040512 95.3 30106248927255260 92.7
370529300 70416042012 95.3 30106253250740956 92.7
370538900 70416042712 95.3 30106253302555356 92.7
370551400 70416174912 95.3 30106330401055452 92.7
370718700 70416406012 95.3 30106488731149020 92.7
370736000 70416510312 95.3 30106568042488540 92.7
370808200 70417727712 95.3 30107629518398172 92.7
370823100 70417731312 95.3 30107630544065884 92.7
370831200 70417918912 95.3 30107836998636892 92.7
370841200 70418431212 95.3 30108129147344220 92.7
370856400 70418504812 95.3 30108176985732444 92.7
370870700 70418510012 95.3 30108189940598108 92.7
370882700 70418712912 95.3 30108316337456476 92.7
370924500 70418714212 95.3 30108318112748380 92.7
370973600 70418784712 95.3 30108361887015772 92.7
370992400 70418949612 95.3 30108485517321052 92.7
371013400 70419007512 95.3 30108553798886236 92.7
371029900 70419652212 95.3 30109049703015260 92.7
371061800 70419770912 95.3 30109103014503260 92.7
371072000 70419773412 95.3 30109105653237340 92.7
371079500 70419883312 95.3 30109242392561244 92.7
371098200 70420358212 95.3 30109571745891932 92.7
371100300 70420716612 95.3 30109839177696860 92.7
371117100 70422118012 95.3 30110597526865500 92.7
371121400 70422540412 95.3 30110745672828508 92.7
371132200 70422541212 95.3 30110745922645004 92.7
371165700 70422546112 95.3 30110755377087500 92.7
371197200 70422780512 95.3 30110851573548044 92.7
371216900 70422782612 95.3 30110855298485004 92.7
371231100 70422826812 95.3 30110910505097996 92.7
371251500 70423000912 95.3 30111130683906828 92.7
371256300 70423360512 95.3 30111277956832012 92.7
371305900 70423461112 95.3 30111350083017484 92.7
371338500 70423667712 95.3 30111499021163276 92.7
371359800 70423701812 95.3 30111523074775820 92.7
371365000 70423767812 95.3 30111579452537612 92.7
371401200 70423769912 95.3 30111583726811916 92.7
371411100 70425441812 95.3 30112939721440012 92.7
371411300 70425442212 95.3 30112940114860812 92.7
371415100 70425695612 95.3 30113145682189068 92.7
371460600 70426251812 95.3 30113745639103244 92.7
371471400 70426509112 95.3 30113888220715788 92.7
371478500 70426512612 95.3 30113893000425228 92.7
371540400 70426518412 95.3 30113912564958988 92.7
371540900 70426519612 95.3 30113913600837388 92.7
371551700 70426520812 95.3 30113915015446284 92.7
371556100 70426521312 95.3 30113915721391884 92.7
371581900 70426709012 95.3 30114109430423308 92.7
371613800 70427144912 95.3 30114333732003596 92.7
371660500 70427165012 95.3 30114357466132236 92.7
371673200 70427165212 95.3 30114357559111436 92.7
371715300 70427482612 95.3 30114587390275340 92.7
371752700 70427534912 95.3 30114652344643340 92.7
371792500 70427764212 95.3 30114831583883020 92.7
371834600 70428171012 95.3 30115050428837644 92.7
371880500 70428329812 95.3 30115150088466188 92.7
371923000 70429239712 95.3 30115724665057036 92.7
371956000 70430145912 95.3 30116178950876940 92.7
371959300 70430406812 95.3 30116349752012556 92.7
371970600 70430411212 95.3 30116355469014796 92.7
371988100 70430411512 95.3 30116355524310796 92.7
372006600 70449803712 95.3 30130292565260044 92.7
372022400 70449805312 95.3 30130293323676940 92.7
372043400 70449806412 95.3 30130295401049868 92.7
372050700 70450029912 95.3 30130336536768268 92.7
372059900 70450032512 95.3 30130340811251212 92.7
372061000 70450301312 95.3 30130399101021708 92.7
372092300 70450443512 95.3 30130458369609228 92.7
372133400 70450525712 95.3 30130524012850700 92.7
372144100 70451300712 95.3 30130944675393036 92.7
372147500 70451301712 95.3 30130944817524236 92.7
372179800 70451674512 95.3 30131370269797900 92.7
372200700 70451767012 95.3 30131425098923532 92.7
372204200 70451769412 95.3 30131428275941900 92.7
372208100 70451849212 95.3 30131469615780364 92.7
372217300 70451852312 95.3 30131476337765900 92.7
372279700 70451963312 95.3 30131607810723340 92.7
372328400 70451967712 95.3 30131615099051532 92.7
372377000 70452035012 95.3 30131696035642892 92.7
372408000 70452121712 95.3 30131751904652812 92.7
372520700 70452125912 95.3 30131760059886604 92.7
372523600 70452130812 95.3 30131770182886412 92.7
372523900 70452132812 95.3 30131770720218252 92.7
372548100 70452165812 95.3 30131806614277260 92.7
372577400 70452370012 95.3 30132052821675148 92.7
372587000 70452460212 95.3 30132102424046732 92.7
372599600 70464803712 95.4 30141052962876556 92.8
372604900 70466900512 95.4 30142905428225164 92.8
372609000 70467096012 95.4 30143088067357836 92.8
372618600 70467175212 95.4 30143140053494924 92.8
372625700 70467233412 95.4 30143218532682892 92.8
372634000 70467347912 95.4 30143285761957004 92.8
372699400 70467570212 95.4 30143440074775692 92.8
372744400 70467979712 95.4 30143709266238604 92.8
372755900 70467981412 95.4 30143710322788876 92.8
372784500 70468432112 95.4 30144019227937292 92.8
372803200 70470772212 95.4 30145380990126604 92.8
372805300 70501915712 95.4 30167773779397132 92.8
372831100 70501948612 95.4 30167814056438284 92.8
372836900 70502106412 95.4 30167923817892364 92.8
372850400 70502108212 95.4 30167927042223372 92.8
372864000 70502388212 95.4 30168082446757132 92.8
372901900 70503709712 95.4 30168673350790412 92.9
372949300 70503864012 95.4 30168879685332236 92.9
372985400 70503892612 95.4 30168915363872012 92.9
372986200 70503894312 95.4 30168918520259340 92.9
373027500 70507157612 95.4 30170479777440524 92.9
373060800 70507160712 95.4 30170487407653644 92.9
373062200 70509844312 95.4 30174100946563852 92.9
373073300 70509851312 95.4 30174119859497740 92.9
373080200 70509882712 95.4 30174153980898060 92.9
373097800 70510355312 95.4 30174348391410444 92.9
373108200 70511119912 95.4 30174773625678604 92.9
373114400 70511124612 95.4 30174782973956876 92.9
373127600 70513862912 95.4 30176662783283980 92.9
373138500 70513892612 95.4 30176699345220364 92.9
373165500 70514227312 95.4 30176913963905804 92.9
373184800 70514230512 95.4 30176916009007116 92.9
373188900 70514232812 95.4 30176921272047116 92.9
373251400 70514233712 95.4 30176921958353740 92.9
373278200 70514236212 95.4 30176930476699980 92.9
373278800 70514275012 95.4 30176968567107916 92.9
373286900 70514395112 95.4 30177045419831628 92.9
373293700 70515146412 95.4 30177503964475724 92.9
373299900 70515265312 95.4 30177590838112588 92.9
373323900 70515268212 95.4 30177595137935180 92.9
373335500 70515412312 95.4 30177701251204940 92.9
373360200 70515414512 95.4 30177706835290956 92.9
373480500 70515420212 95.4 30177716635904844 92.9
373483700 70515666712 95.4 30177995388005196 92.9
373502400 70515840512 95.4 30178112983993164 92.9
373514700 70515842612 95.4 30178117844427596 92.9
373559800 70515844112 95.4 30178120487670860 92.9
373636600 70515845912 95.4 30178120603276156 92.9
373654000 70515846612 95.4 30178121331340156 92.9
373671900 70517927312 95.4 30179737046315900 92.9
373673500 70518260312 95.4 30180132714804092 92.9
373678500 70518305412 95.4 30180176039834492 92.9
373690400 70518307712 95.4 30180181144950140 92.9
373730000 70518309512 95.4 30180184478692220 92.9
373754400 70521681212 95.4 30183192953860988 92.9
373755600 70521681912 95.4 30183194000388988 92.9
373756600 70521734712 95.4 30183235776631676 92.9
373760200 70521735712 95.4 30183238516086652 92.9
373776500 70521749312 95.4 30183277547755388 92.9
373834600 70523328012 95.4 30184477682571132 92.9
373845200 70523709112 95.4 30184712843859836 92.9
373850300 70523849912 95.4 30184882428414844 92.9
373876500 70523850712 95.4 30184884431672700 92.9
373877800 70524751212 95.4 30185382736582012 92.9
373985500 70524756112 95.4 30185392195648892 92.9
374027900 70524895212 95.4 30185515858959740 92.9
374059400 70525365912 95.4 30185743262031228 92.9
374060500 70525369012 95.4 30185749258658684 92.9
374137500 70525371112 95.4 30185751888207484 92.9
374162400 70525446712 95.4 30185825536089724 92.9
374162500 70529447912 95.4 30188747431911036 92.9
374194700 70529571012 95.4 30188853859540604 92.9
374307900 70529864412 95.4 30188937029222012 92.9
374366500 70529926612 95.4 30189007018598012 92.9
374368300 70529926912 95.4 30189007368601212 92.9
374455700 70529961112 95.4 30189055492591228 92.9
374495200 70531020712 95.4 30190098321084028 92.9
374519400 70531089612 95.4 30190183883148924 92.9
374521300 70531188812 95.4 30190307206024828 92.9
374532200 70531190812 95.4 30190313210365052 92.9
374540000 70531563812 95.4 30190397947528316 92.9
374541600 70531625912 95.4 30190442391979132 92.9
374548000 70531791712 95.4 30190610823038076 92.9
374549300 70531794612 95.4 30190617168034940 92.9
374549700 70551133312 95.5 30205349454265468 93.0
374557600 70551303412 95.5 30205496184880252 93.0
374579600 70551304112 95.5 30205499071389052 93.0
374602500 70551393612 95.5 30205601700232572 93.0
374619400 70551874412 95.5 30205844001111420 93.0
374644600 70551875412 95.5 30205844502461820 93.0
374648500 70551877112 95.5 30205846566801276 93.0
374925400 70552029312 95.5 30205931079888764 93.0
374945700 70552037712 95.5 30205951554719612 93.0
374995700 70552087612 95.5 30205981743261564 93.0
374996400 70552184612 95.5 30206041012238204 93.0
375004700 70552187012 95.5 30206044435208316 93.0
375005100 70552324412 95.5 30206155789629564 93.0
375057400 70552338712 95.5 30206173756113020 93.0
375080200 70552382812 95.5 30206210953248892 93.0
375107700 70552538812 95.5 30206338957623420 93.0
375110100 70576395212 95.5 30223372473909372 93.0
375129500 70577096012 95.5 30223997524754556 93.0
375145200 70577119412 95.5 30224025128540284 93.0
375155500 70577472212 95.5 30224192733288572 93.0
375157200 70577474512 95.5 30224194766619004 93.0
375163000 70577890512 95.5 30224523686134140 93.0
375206700 70577892512 95.5 30224529047754620 93.0
375231600 70578061212 95.5 30224666611029884 93.0
375271500 70578083312 95.5 30224692565129084 93.0
375286400 70578086912 95.5 30224700680434044 93.0
375291700 70578189312 95.5 30224750091784572 93.0
375314400 70578559412 95.5 30225046710538620 93.0
375328300 70578562312 95.5 30225054633110908 93.0
375329700 70578644212 95.5 30225152273755516 93.0
375400600 70578895612 95.5 30225436127538556 93.0
375437600 70578897212 95.5 30225440233858940 93.0
375442300 70578949012 95.5 30225499430045564 93.0
375449900 70584860612 95.5 30230006908569468 93.0
375461900 70585134712 95.5 30230275491432316 93.0
375489900 70585154812 95.5 30230303722563452 93.0
375498700 70585155812 95.5 30230304071321660 93.0
375577400 70585248212 95.5 30230426603571260 93.0
375631400 70585252312 95.5 30230435296981052 93.0
375661000 70585467612 95.5 30230587703210044 93.0
375661700 70585470112 95.5 30230593210178620 93.0
375662100 70585554212 95.5 30230694297746492 93.0
375663000 70585573412 95.5 30230718016707644 93.0
375670200 70585929812 95.5 30231176632163388 93.0
375675400 70585937412 95.5 30231185118603836 93.0
375699300 70585978912 95.5 30231206770321980 93.0
375725600 70586015612 95.5 30231254909823548 93.0
375743300 70586709712 95.5 30232042147129916 93.0
375745400 70587322112 95.5 30232485787413052 93.0
375746600 70587326412 95.5 30232491928678460 93.0
375788000 70587328512 95.5 30232492615727868 93.0
375844900 70587498212 95.5 30232581687507708 93.0
375860300 70588080412 95.5 30233140848392956 93.0
375868100 70588450712 95.5 30233288288484092 93.1
375883900 70588528812 95.5 30233337304668924 93.1
375889400 70588659712 95.5 30233439227615996 93.1
375907700 70588675012 95.5 30233456272818940 93.1
375921600 70588677712 95.5 30233457435203452 93.1
375948700 70588714412 95.5 30233509751703420 93.1
375958300 70588742212 95.5 30233547241113468 93.1
375988700 70588744912 95.5 30233552699209084 93.1
376044000 70589323012 95.5 30233987049207164 93.1
376051000 70589354412 95.5 30234022481507708 93.1
376055800 70589518312 95.5 30234100073043324 93.1
376071300 70589579012 95.5 30234171029583228 93.1
376117000 70589581312 95.5 30234175253738876 93.1
376121400 70589657712 95.5 30234231582045564 93.1
376204900 70589660012 95.5 30234236499503484 93.1
376235500 70589933412 95.5 30234352764143996 93.1
376244200 70590142112 95.5 30234507522689404 93.1
376244900 70607637512 95.6 30247209945090428 93.1
376269200 70607869212 95.6 30247501106891132 93.1
376283300 70607871312 95.6 30247502090302524 93.1
376283400 70607954712 95.6 30247543573759036 93.1
376286800 70607956812 95.6 30247545527826364 93.1
376293400 70607958012 95.6 30247548124668604 93.1
376322200 70607963512 95.6 30247560377249468 93.1
376344100 70607992312 95.6 30247595765894844 93.1
376352400 70607995712 95.6 30247600891507900 93.1
376367400 70607996912 95.6 30247601295460892 93.1
376383100 70607998912 95.6 30247604867539228 93.1
376403300 70607999812 95.6 30247605318713628 93.1
376476700 70608231512 95.6 30247854231945500 93.1
376518300 70608553612 95.6 30248090470383900 93.1
376522800 70608556112 95.6 30248096417924380 93.1
376604700 70608715912 95.6 30248242056578332 93.1
376606300 70608979912 95.6 30248376868054300 93.1
376611400 70608980512 95.6 30248376961033500 93.1
376618000 70608983212 95.6 30248380243126812 93.1
376630600 70609104812 95.6 30248458647464476 93.1
376632800 70609168612 95.6 30248491944595996 93.1
376644400 70609312512 95.6 30248592545911324 93.1
376663800 70609440912 95.6 30248746912977436 93.1
376695000 70609441412 95.6 30248747095394844 93.1
376727500 70609637212 95.6 30248897431243292 93.1
376781900 70609853212 95.6 30249102700546588 93.1
376793700 70609854812 95.6 30249104167733788 93.1
376857300 70609986812 95.6 30249288609155612 93.1
376864400 70609992312 95.6 30249301773105692 93.1
376887200 70610212312 95.6 30249405749631516 93.1
376908100 70610213612 95.6 30249406470871196 93.1
376913700 70610645512 95.6 30249483416213660 93.1
376974100 70610649712 95.6 30249486851048092 93.1
377011100 70610815712 95.6 30249593320620700 93.1
377012000 70610819912 95.6 30249600066508444 93.1
377035000 70610946212 95.6 30249675516483228 93.1
377066700 70611651312 95.6 30250040651323036 93.1
377095200 70611763312 95.6 30250181222815388 93.1
377151300 70611764412 95.6 30250181622175388 93.1
377153800 70611959812 95.6 30250339351729820 93.1
377177300 70612002312 95.6 30250440593790620 93.1
377228800 70612100412 95.6 30250503756863132 93.1
377239600 70612279012 95.6 30250623508149916 93.1
377337500 70612280012 95.6 30250624072326300 93.1
377347800 70613620612 95.6 30251335358651548 93.1
377356900 70613622712 95.6 30251338554699932 93.1
377377500 70613874012 95.6 30251469991071900 93.1
377391300 70613876612 95.6 30251471136095644 93.1
377394800 70613879112 95.6 30251474621501084 93.1
377400300 70613915612 95.6 30251503444067996 93.1
377441100 70614366112 95.6 30251930312345244 93.1
377494400 70614970712 95.6 30252474970605212 93.1
377532500 70614972112 95.6 30252475818886812 93.1
377534700 70614972312 95.6 30252475834042012 93.1
377544900 70615623912 95.6 30252957325199004 93.1
377553700 70616018412 95.6 30253343611127452 93.1
377554500 70616020912 95.6 30253348855356572 93.1
377559700 70616551812 95.6 30253677282434204 93.1
377570600 70616595012 95.6 30253696750226588 93.1
377684000 70616694712 95.6 30253754550062236 93.1
377785200 70618654212 95.6 30253992194313372 93.1
377791700 70618655812 95.6 30253993569135772 93.1
377888700 70618657412 95.6 30253994142807452 93.1
377921500 70618837712 95.6 30254146292151708 93.1
377923100 70618913212 95.6 30254198029706652 93.1
377962700 70618914412 95.6 30254201722125980 93.1
378104100 70619172512 95.6 30254516054507164 93.1
378148500 70619677112 95.6 30254954714709660 93.1
378159300 70619677812 95.6 30254955176407580 93.1
378193200 70619759012 95.6 30255013485031964 93.1
378283200 70619970512 95.6 30255121878880796 93.1
378299500 70620362212 95.6 30255428708504092 93.1
378330600 70620394712 95.6 30255468445041180 93.1
378349700 70620397712 95.6 30255471448629788 93.1
378367600 70637961212 95.6 30265996496675356 93.2
378402800 70638119312 95.6 30266107399340572 93.2
378414400 70638290212 95.6 30266243172155932 93.2
378421700 70648715712 95.6 30270974848287260 93.2
378430100 70648719912 95.6 30270977959736092 93.2
378498800 70648894612 95.6 30271174895809308 93.2
378503600 70649329212 95.6 30271429792936732 93.2
378510400 70649372712 95.6 30271452362140444 93.2
378533200 70649374912 95.6 30271455302133532 93.2
378535100 70658036112 95.6 30279159177422620 93.2
378554500 70658525312 95.6 30279452832802588 93.2
378561700 70658527912 95.6 30279456581052188 93.2
378572000 70658736212 95.6 30279603096708892 93.2
378621000 70659402212 95.6 30280249729214236 93.2
378646500 70659750012 95.6 30280516145850140 93.2
378680400 70660583912 95.6 30281409065658140 93.2
378687000 70660619412 95.6 30281453909112604 93.2
378716100 70662900712 95.6 30282755336632092 93.2
378752500 70662903612 95.6 30282757031072540 93.2
378777500 70663132812 95.6 30282921149666076 93.2
378789900 70663134212 95.6 30282923128554908 93.2
378810200 70663170012 95.6 30282967936615836 93.2
378876300 70663714312 95.6 30283358160569756 93.2
378916900 70663717512 95.6 30283364419640732 93.2
378932700 70663717812 95.6 30283364550303132 93.2
378976900 70663718512 95.6 30283366477155996 93.2
378980200 70663782512 95.6 30283408454172316 93.2
379023200 70663848512 95.6 30283457063108252 93.2
379024800 70663987212 95.6 30283518079815324 93.2
379037900 70664124012 95.6 30283585494425244 93.2
379045300 70664248612 95.6 30283656542502556 93.2
379055200 70665203912 95.6 30283968811024028 93.2
379066000 70665290212 95.6 30284056820080284 93.2
379168500 70665393912 95.6 30284179950280348 93.2
379204100 70665914912 95.6 30284481560649372 93.2
379228600 70665915212 95.6 30284481772207772 93.2
379229900 70665920612 95.6 30284493188428444 93.2
379259400 70665921812 95.6 30284494628582044 93.2
379280400 70665924312 95.6 30284499018088604 93.2
379306100 70666002512 95.6 30284563523608732 93.2
379307400 70666223212 95.6 30284772996325532 93.2
379320300 70666258112 95.6 30284801240570012 93.2
379330500 70666559612 95.6 30285027652573340 93.2
379379600 70667846812 95.6 30285705914456220 93.2
379399000 70667847412 95.6 30285706232101020 93.2
379416700 70667924612 95.6 30285757660248220 93.2
379444400 70667952612 95.6 30285774502808732 93.2
379479200 70669016212 95.6 30286287773551772 93.2
379483600 70669215312 95.6 30286442089434268 93.2
379504400 70669216812 95.6 30286445293441180 93.2
379518800 70669219112 95.6 30286448543627676 93.2
379545100 70669453012 95.6 30286582293166492 93.2
379615300 70670115012 95.6 30287187486931356 93.2
379680900 70670233312 95.6 30287266615048604 93.2
379717200 70670353612 95.6 30287371844647324 93.2
379753500 70670762412 95.6 30287626219485596 93.2
379754900 70670862912 95.6 30287746976733596 93.2
379762100 70673754312 95.6 30290342762535324 93.2
379770200 70673874512 95.6 30290441119570332 93.2
379798700 70674230812 95.6 30290715185142172 93.2
379816200 70674458012 95.6 30290837376334236 93.2
379886200 70675208612 95.6 30291286799022492 93.2
379889400 70675962612 95.6 30292132385388956 93.2
379937000 70676203012 95.6 30292221289675164 93.2
379945200 70676256612 95.6 30292252342405532 93.2
379954200 70676257912 95.6 30292256641994140 93.2
379958400 70677124812 95.6 30292941858688412 93.2
380009400 70677278412 95.6 30293025452535196 93.2
380166300 70677281312 95.6 30293029354076572 93.2
380189800 70677382212 95.6 30293144087714204 93.2
380217800 70677451712 95.6 30293222353344924 93.2
380257500 70688516912 95.7 30302800181795228 93.3
380272400 70688520112 95.7 30302807155612060 93.3
380342900 70688727512 95.7 30302964967659932 93.3
380365000 70689295012 95.7 30303485646297500 93.3
380438700 70689354312 95.7 30303525620079004 93.3
380581200 70696922912 95.7 30310202879170972 93.3
380586800 70696925012 95.7 30310205119946908 93.3
380652900 70697197012 95.7 30310448096059548 93.3
380690100 70697202612 95.7 30310460612418716 93.3
380693600 70697789412 95.7 30310975957146780 93.3
380724700 70698969612 95.7 30311566870813852 93.3
380821300 70699200812 95.7 30311710693678236 93.3
380913000 70699596012 95.7 30311943422287004 93.3
380921700 70699596812 95.7 30311943993883804 93.3
380950300 70699914712 95.7 30312233275849884 93.3
381039600 70700215212 95.7 30312377746848924 93.3
381167900 70700217812 95.7 30312381128525724 93.3
381173800 70703488512 95.7 30316575512741788 93.3
381190100 70703699412 95.7 30316657040934812 93.3
381380900 70703774312 95.7 30316746745907100 93.3
381447000 70703776212 95.7 30316749763920796 93.3
381518500 70703777812 95.7 30316753704410780 93.3
381627600 70709796012 95.7 30319488608460444 93.3
381662200 70717023412 95.7 30325836199976604 93.3
381703400 70717129112 95.7 30325880994844316 93.3
381735900 70717148612 95.7 30325906137362076 93.3
381780500 70717684712 95.7 30326189406334620 93.3
381789800 70717685712 95.7 30326189662771324 93.3
381875400 70717688312 95.7 30326194418236028 93.3
381925200 70718177012 95.7 30326583331732092 93.3
381937600 70718511812 95.7 30326827089984124 93.3
381968100 70725326312 95.7 30329934370372220 93.3
381990900 70726002512 95.7 30330411418679932 93.3
382018700 70726004312 95.7 30330417161916540 93.3
382087000 70726023312 95.7 30330441485275260 93.3
382092700 70726047312 95.7 30330475291959420 93.3
382115400 70726444512 95.7 30330712182775932 93.4
382168300 70726445212 95.7 30330712915190844 93.4
382321100 70727338712 95.7 30331418627613756 93.4
382329700 70727339612 95.7 30331420594789308 93.4
382358400 70727519912 95.7 30331589377711036 93.4
382529000 70727521412 95.7 30331592506410172 93.4
382555000 70727582212 95.7 30331637234963644 93.4
382604200 70727585012 95.7 30331646202899644 93.4
382648200 70727869712 95.7 30331877678017724 93.4
382669300 70727945012 95.7 30331978472713404 93.4
382691000 70728110112 95.7 30332094241033404 93.4
382698000 70728299112 95.7 30332228056075452 93.4
382726900 70728601712 95.7 30332566392327356 93.4
382791300 70728842812 95.7 30332755621563580 93.4
382799700 70729179012 95.7 30333112969481404 93.4
382887600 70729181012 95.7 30333117211560636 93.4
382911700 70729907112 95.7 30333547632118460 93.4
382942200 70729923512 95.7 30333567805403836 93.4
382960000 70729924112 95.7 30333567865093936 93.4
382992800 70729973512 95.7 30333629106130736 93.4
382995500 70732203712 95.7 30334575527563056 93.4
383047000 70732314512 95.7 30334655477731120 93.4
383065500 70732397412 95.7 30334754554654512 93.4
383183400 70732413912 95.7 30334774421675824 93.4
383256600 70732638112 95.7 30334942870167344 93.4
383274200 70732643012 95.7 30334953241189168 93.4
383281900 70732758612 95.7 30335053797038896 93.4
383282400 70732920712 95.7 30335154513173296 93.4
383344100 70733390612 95.7 30335541361236784 93.4
383376800 70733446012 95.7 30335595649248048 93.4
383391800 70733770912 95.7 30335764045278000 93.4
383402700 70734407212 95.7 30336072111860528 93.4
383615100 70734410512 95.7 30336076590782256 93.4
383704600 70734698512 95.7 30336208396678960 93.4
383791200 70734720112 95.7 30336234766376752 93.4
383826000 70736040312 95.7 30337319142793008 93.4
383882700 70736230512 95.7 30337471289597744 93.4
383908400 70736233712 95.7 30337479641065776 93.4
383966700 70736407312 95.7 30337584197159216 93.4
383973000 70736605512 95.7 30337755946191152 93.4
383981200 70737410712 95.7 30338296371939632 93.4
384020200 70737539412 95.7 30338370869709104 93.4
384144400 70737539812 95.7 30338371413657904 93.4
384183200 70737566712 95.7 30338406110882096 93.4
384377200 70737861212 95.7 30338558718994736 93.4
384511000 70737938912 95.7 30338589946591536 93.4
384525000 70739869612 95.7 30340593114069296 93.4
384549500 70739871912 95.7 30340598856057648 93.4
384591000 70740055612 95.7 30340724396155696 93.4
384671500 70740055712 95.7 30340724606408400 93.4
384678300 70740118712 95.7 30340806568621776 93.4
384699000 70740224812 95.7 30340939687917264 93.4
384886900 70742481212 95.7 30342652172302032 93.4
384903300 70742654612 95.7 30342857591731920 93.4
384909200 70742920312 95.7 30343020483966672 93.4
385037300 70743365912 95.7 30343251735410384 93.4
385065900 70743416012 95.7 30343312772228816 93.4
385122600 70743417312 95.7 30343313355749904 93.4
385202400 70743574312 95.7 30343427695917584 93.4
385435600 70743579212 95.7 30343431949792784 93.4
385546900 70743581512 95.7 30343435695872272 93.4
385711100 70744219412 95.7 30344107181201680 93.4
385718500 70744259012 95.7 30344152126200080 93.4
385743600 70744410812 95.7 30344184409872656 93.4
386008000 70745139712 95.7 30344923488901392 93.4
386011500 70745423412 95.7 30345191706368272 93.4
386071300 70745424112 95.7 30345194241925904 93.4
386296600 70745505812 95.7 30345249113080592 93.4
386430000 70745508612 95.7 30345254828375824 93.4
386440500 70745660812 95.7 30345324033523472 93.4
386513000 70746430512 95.7 30345815571676944 93.4
386665800 70747448212 95.7 30346188342214416 93.4
386740700 70748890812 95.7 30346860147031824 93.4
386750800 70749083912 95.7 30347033003458320 93.4
386823600 70749167712 95.7 30347104061316880 93.4
386905400 70749169212 95.7 30347106589758736 93.4
386919500 70749472012 95.7 30347407132022032 93.4
386988800 70749753412 95.7 30347586787677456 93.4
387005700 70749894712 95.7 30347718096106768 93.4
387055000 70749896912 95.7 30347719181751568 93.4
387085900 70750085512 95.7 30347831872222480 93.4
387241200 70750237512 95.7 30347995177268496 93.4
387338400 70750239412 95.7 30347998404102160 93.4
387353300 70750516312 95.7 30348135623600144 93.4
387355900 70750640212 95.7 30348214682978320 93.4
387455600 70750803412 95.7 30348345460852752 93.4
387670100 70754145312 95.8 30350966681438224 93.4
387873400 70754244612 95.8 30351025242568720 93.4
388012200 70754259712 95.8 30351041802242064 93.4
388045900 70755248712 95.8 30351784476706832 93.4
388211200 70755368812 95.8 30351830630610960 93.4
388411500 70773366112 95.8 30365462352443408 93.5
388785000 70773669612 95.8 30365668849088528 93.5
388955400 70774023812 95.8 30365919684900880 93.5
389043500 70774143912 95.8 30365999160358928 93.5
389052300 70774145512 95.8 30366001677043216 93.5
389135200 70774367612 95.8 30366174705681936 93.5
390074200 70774618212 95.8 30366273369671184 93.5
390114900 70774619912 95.8 30366276221368848 93.5
390248000 70775173912 95.8 30366684928866832 93.5
390561800 70775174312 95.8 30366685124450832 93.5
390746700 70775175712 95.8 30366688223588368 93.5
390752400 70775178812 95.8 30366693866794000 93.5
390877700 70778145112 95.8 30368027829398544 93.5
391057200 70778263712 95.8 30368074419649552 93.5
391235600 70778298712 95.8 30368096823454736 93.5
391596900 70778635612 95.8 30368370293140496 93.5
391714200 70778638112 95.8 30368374555189776 93.5
391826300 70786896112 95.8 30374437053571600 93.5
392061700 70787478712 95.8 30374687620801040 93.5
392078800 70787521012 95.8 30374712340935184 93.5
392704000 70787522712 95.8 30374715376483344 93.5
392773100 70787877712 95.8 30375009304525840 93.5
392827100 70788384612 95.8 30375360613104656 93.5
392949400 70788626112 95.8 30375499879414800 93.5
393237900 70788627112 95.8 30375502364000272 93.5
393483600 70788755312 95.8 30375550912995344 93.5
393487300 70788766712 95.8 30375564617187344 93.5
393775100 70788831912 95.8 30375615887654928 93.5
394614500 70788904612 95.8 30375657088897040 93.5
394615100 70788906712 95.8 30375660519624720 93.5
394656200 70789074112 95.8 30375766192476176 93.5
394720400 70789074412 95.8 30375766625763088 93.5
394809400 70789075112 95.8 30375766802049296 93.5
394949200 70789124612 95.8 30375811731749136 93.5
395104000 70789127412 95.8 30375818474144016 93.5
395124100 70789520112 95.8 30376013443596560 93.5
395284900 70789522012 95.8 30376017389288464 93.5
395423000 70789681212 95.8 30376101246352400 93.5
395546500 70789864112 95.8 30376245277834256 93.5
396157500 70789968412 95.8 30376308117781520 93.5
396561900 70790476412 95.8 30376604035169296 93.5
396678600 70790515512 95.8 30376621778678800 93.5
396860800 70790518112 95.8 30376625664205840 93.5
397364500 70790634312 95.8 30376691017372688 93.5
397534500 70790822512 95.8 30376792211198992 93.5
399014400 70790911212 95.8 30376827109524496 93.5
399436800 70791131612 95.8 30377013820359696 93.5
399457000 70791264112 95.8 30377096135140368 93.5
399478100 70791265712 95.8 30377100693150736 93.5
399515900 70791944412 95.8 30377904897858576 93.5
399590200 70792158812 95.8 30378097182596112 93.5
400448500 70792359412 95.8 30378208586652688 93.5
400551800 70792812312 95.8 30378428054936592 93.5
400878800 70792855312 95.8 30378462641892368 93.5
400880700 70792856712 95.8 30378463943477776 93.5
400910400 70792909212 95.8 30378502578272784 93.5
401191700 70792910512 95.8 30378505396710672 93.5
401378400 70793096712 95.8 30378641995967760 93.5
401476900 70793099112 95.8 30378646292232976 93.5
401669100 70793101812 95.8 30378651637596944 93.5
402140500 70793104312 95.8 30378657221813520 93.5
402231600 70793156212 95.8 30378684660073744 93.5
402375800 70793160612 95.8 30378698029023504 93.5
402390700 70793162012 95.8 30378701243772432 93.5
402445100 70793971012 95.8 30379781434863120 93.5
403334400 70794241912 95.8 30379900845649424 93.5
404119800 70794690512 95.8 30380184983170576 93.5
405070900 70795365312 95.8 30380589135293968 93.5
405558800 70795365912 95.8 30380589477644976 93.5
405576400 70795367612 95.8 30380593225546416 93.5
405803600 70795547312 95.8 30380696464022192 93.5
406266900 70795791712 95.8 30380923184421552 93.5
407013300 70796032312 95.8 30381075488774832 93.5
407076200 70796034712 95.8 30381079991577264 93.5
410206000 70796115312 95.8 30381128591604400 93.5
410509800 70796303612 95.8 30381244569074352 93.5
410681200 70796391312 95.8 30381324208216752 93.5
411079700 70796460112 95.8 30381359033236144 93.5
411255300 70798894612 95.8 30382571902483120 93.5
411373100 70799062312 95.8 30382665832209072 93.5
411977500 70799064912 95.8 30382671962015920 93.5
412024200 70799398112 95.8 30382838111045808 93.5
412667000 70799407012 95.8 30382859494510768 93.5
412707100 70819978112 95.8 30398602707620016 93.6
412888000 70820094312 95.8 30398672769675440 93.6
413302300 70820533812 95.8 30399009380823216 93.6
413575000 70820595412 95.8 30399040728522928 93.6
413581700 70820854312 95.8 30399175371735216 93.6
413650100 70820854512 95.8 30399175655383216 93.6
413836200 70820857412 95.8 30399181323173552 93.6
413992300 70820859312 95.8 30399185890071216 93.6
414358300 70820860112 95.8 30399188736349104 93.6
414501600 70820862512 95.8 30399195015808944 93.6
414808400 70821039412 95.8 30399323316299696 93.6
415040400 70821124412 95.8 30399382195586992 93.6
415137500 70821254412 95.8 30399441041807280 93.6
415671400 70821256312 95.8 30399447202785712 93.6
415737700 70821885612 95.8 30399765849598384 93.6
416045300 70821950012 95.8 30399795741880752 93.6
416167400 70822009212 95.8 30399825288620464 93.6
416350000 70822117512 95.8 30399898953836976 93.6
416587300 70822263112 95.8 30399981243124144 93.6
416662000 70822265512 95.8 30399988565500848 93.6
416714000 70822314412 95.8 30400019778587568 93.6
416928900 70822316412 95.8 30400023443668400 93.6
416930800 70822318212 95.8 30400023847799408 93.6
416952000 70822320912 95.8 30400029323100784 93.6
416998100 70822371412 95.8 30400066714202736 93.6
417036600 70822516912 95.8 30400163119092336 93.6
417054600 70822600612 95.8 30400215582761584 93.6
417094700 70822666812 95.8 30400259177558640 93.6
417208300 70822702112 95.8 30400277032696432 93.6
417213200 70822842212 95.8 30400366217837168 93.6
417396900 70828487312 95.9 30405640905341552 93.6
417468500 70828567712 95.9 30405671009362544 93.6
417482200 70828752512 95.9 30405703960707696 93.6
417707100 70828840512 95.9 30405736616102512 93.6
418003000 70829093812 95.9 30405815887784560 93.6
418311900 70829527512 95.9 30406163043314288 93.6
418690500 70829528712 95.9 30406165042330736 93.6
418778400 70829528912 95.9 30406165249383536 93.6
418827300 70829646512 95.9 30406252570524784 93.6
418848200 70829648812 95.9 30406256211014256 93.6
418997700 70829651412 95.9 30406263742750320 93.6
419008300 70829902612 95.9 30406422106611312 93.6
419109900 70830020912 95.9 30406461454147184 93.6
419154400 70833970512 95.9 30408234199146096 93.6
419325200 70833972312 95.9 30408240890297456 93.6
419497100 70834986012 95.9 30408797991386224 93.6
419584900 70835592712 95.9 30409106556435568 93.6
419809300 70835712612 95.9 30409154714504304 93.6
419828900 70835828912 95.9 30409240473726064 93.6
420193000 70835832212 95.9 30409246844431984 93.6
420715300 70835835712 95.9 30409255021660784 93.6
420896700 70835930412 95.9 30409292328524400 93.6
420935600 70835962512 95.9 30409314798514800 93.6
420989900 70836097312 95.9 30409380512518768 93.6
421184700 70836194212 95.9 30409445821502064 93.6
421285100 70836196312 95.9 30409451355789936 93.6
421381900 70836253612 95.9 30409476177445488 93.6
421617700 70836407712 95.9 30409553785799280 93.6
421728100 70836613712 95.9 30409674961093232 93.6
421944400 70836786612 95.9 30409792919036528 93.6
422105200 70837379612 95.9 30409982015988336 93.6
422143700 70837543712 95.9 30410064173711984 93.6
422190200 70837611612 95.9 30410097081549424 93.6
422396300 70837776912 95.9 30410196752704112 93.6
422641600 70837777612 95.9 30410197218344720 93.6
422754400 70837986912 95.9 30410311390011152 93.6
422789900 70838035912 95.9 30410338445463312 93.6
422903800 70838097812 95.9 30410361922854672 93.6
423008100 70838313612 95.9 30410849008328464 93.6
423024500 70838594412 95.9 30410973534781200 93.6
423524600 70838760912 95.9 30411070128414480 93.6
423636100 70838821912 95.9 30411115247050512 93.6
423682600 70838967612 95.9 30411195966947088 93.6
423742000 70838968712 95.9 30411199875204112 93.6
423840100 70839368712 95.9 30411291720311824 93.6
423849500 70839369512 95.9 30411293724114448 93.6
423906700 70839428212 95.9 30411318702396944 93.6
423915900 70839744212 95.9 30411502451906064 93.6
424237300 70839746812 95.9 30411506018833424 93.6
424503300 70839836812 95.9 30411567172903952 93.6
424521100 70840039212 95.9 30411672994956304 93.6
424537400 70840217512 95.9 30411786912932880 93.6
424571000 70840325012 95.9 30411849355895824 93.6
424736300 70840588412 95.9 30412003293684752 93.6
425087000 70841993312 95.9 30413039108252688 93.6
425112600 70842101812 95.9 30413116551201808 93.6
425222000 70842103512 95.9 30413120419470096 93.6
425389400 70842125212 95.9 30413132693149456 93.6
425422600 70842979912 95.9 30414158164367120 93.6
425452800 70843101512 95.9 30414226741630736 93.6
425652400 70843199112 95.9 30414299052840720 93.6
425875600 70843199412 95.9 30414299073115920 93.6
425883000 70843316512 95.9 30414365926557456 93.6
426900000 70844229912 95.9 30415438310803216 93.6
426916200 70844471412 95.9 30415541818386192 93.6
427003500 70844548012 95.9 30415577838618384 93.6
427059600 70844833612 95.9 30415774730159888 93.6
427195000 70844837012 95.9 30415779859536656 93.6
427503500 70844997612 95.9 30415915035654928 93.6
427917100 70845124912 95.9 30415966609615632 93.6
428063300 70845127212 95.9 30415972291184400 93.6
428128500 70845169412 95.9 30415994173011728 93.6
428247600 70845196412 95.9 30416006950595344 93.6
428887700 70845311612 95.9 30416066489629456 93.6
428960500 70845313612 95.9 30416070568393744 93.6
429273300 70845315012 95.9 30416071487339792 93.6
429279300 70845315112 95.9 30416071573355792 93.6
429846200 70845319412 95.9 30416082356902160 93.6
429925600 70845588812 95.9 30416265256130832 93.6
430434400 70848576112 95.9 30419775450798352 93.6
430689600 70848578312 95.9 30419779728594960 93.6
431809800 70848755112 95.9 30419835468593168 93.6
431839300 70848755512 95.9 30419836140541968 93.6
432277100 70848755812 95.9 30419836519012368 93.6
432502800 70848784312 95.9 30419860016390160 93.6
432868800 70848786612 95.9 30419863335138832 93.6
433047300 70872109512 95.9 30437715922449936 93.7
433420500 70872205412 95.9 30437772782933520 93.7
433825600 70872242612 95.9 30437791467290128 93.7
433839000 70872245712 95.9 30437795562581520 93.7
434184500 70872248212 95.9 30437797973744400 93.7
434296100 70872320812 95.9 30437815939681040 93.7
434669900 70872502212 95.9 30437896579304208 93.7
434704400 70872755412 95.9 30438018806704912 93.7
434921500 70872761912 95.9 30438030967878416 93.7
435057500 70873331412 95.9 30438687765934864 93.7
435076100 70873482612 95.9 30438738438062864 93.7
435363400 70873632512 95.9 30438849232913168 93.7
435396300 70873635612 95.9 30438853481675536 93.7
435578500 70873637212 95.9 30438856901285392 93.7
435598200 70873637312 95.9 30438856908043792 93.7
435802700 70873638412 95.9 30438860408377360 93.7
436004700 70873640512 95.9 30438862564141328 93.7
436016300 70873640612 95.9 30438862609402128 93.7
436092000 70873775112 95.9 30438942325532944 93.7
436254400 70873941612 95.9 30439037869648144 93.7
436328600 70874047012 95.9 30439089480104208 93.7
436381600 70874079312 95.9 30439121406785808 93.7
436511100 70874474312 95.9 30439362109126928 93.7
436685000 70874859212 95.9 30439641230326032 93.7
436698700 70874860812 95.9 30439644649664272 93.7
436820700 70874861112 95.9 30439644739095376 93.7
436971200 70874862212 95.9 30439644887525680 93.7
437454500 70874934912 95.9 30439684075796784 93.7
437905300 70874973512 95.9 30439720622324016 93.7
438048600 70875011112 95.9 30439756885125424 93.7
438475900 70875012512 95.9 30439760361994288 93.7
438586700 70875014612 95.9 30439764825802800 93.7
439027100 70875167112 95.9 30439856514353200 93.7
439399000 70875167812 95.9 30439859154104368 93.7
439530300 70883752912 95.9 30443859030618160 93.7
440287600 70883754712 95.9 30443863302144304 93.7
440577700 70883849412 95.9 30443924423749936 93.7
440810900 70884341612 95.9 30444304834244912 93.7
441754600 70884343612 95.9 30444310340548912 93.7
442167000 70884346112 95.9 30444314743832368 93.7
442194900 70884346212 95.9 30444314794008368 93.7
442836300 70884748912 95.9 30444545985306416 93.7
443326900 70884751412 95.9 30444549061259568 93.7
444373500 70884753212 95.9 30444552570219568 93.7
444436400 70886821512 95.9 30446265496841264 93.7
444963000 70886822412 95.9 30446265819606064 93.7
444963300 70886929912 95.9 30446348198579248 93.7
445256000 70887008312 95.9 30446375022103600 93.7
445304300 70887012212 95.9 30446385912458288 93.7
445711100 70887013312 95.9 30446386522352688 93.7
446277200 70887017112 95.9 30446394365358640 93.7
446314700 70887018012 95.9 30446394593505840 93.7
446369300 70887226812 95.9 30446564178981424 93.7
446380900 70887251612 95.9 30446581073653296 93.7
447168500 70887441312 95.9 30446710410382896 93.7
447361800 70887772212 95.9 30447039884398128 93.7
447411300 70888463312 95.9 30447183079116336 93.7
447468800 70888668412 95.9 30447313399442992 93.7
447841800 70888935112 95.9 30447406543826480 93.7
448122600 70888939112 95.9 30447411738363952 93.7
448172100 70889872912 95.9 30448402799970352 93.7
448468100 70890329512 95.9 30448701501655088 93.7
448503200 70890596712 95.9 30448875144349744 93.7
448613600 70890599712 95.9 30448879927429680 93.7
449171900 70890804512 95.9 30448973909002800 93.7
449200900 70890806212 95.9 30448977383876656 93.7
449206100 70892183612 95.9 30450616753023024 93.7
449421300 70892449612 95.9 30450733330540592 93.7
449572300 70892473612 95.9 30450756838703152 93.7
449688600 70892753412 95.9 30451005861888048 93.7
450098400 70892754212 95.9 30451008937314608 93.7
450674900 70892757812 95.9 30451018247820592 93.7
450893000 70892814812 95.9 30451039480108336 93.7
450992200 70892816012 95.9 30451041632679728 93.7
450998400 70892899512 95.9 30451145363846960 93.7
451096400 70892997312 95.9 30451200718194480 93.7
451143200 70893045812 95.9 30451232802359088 93.7
451406400 70893048612 95.9 30451241167026992 93.7
451585000 70893049112 95.9 30451241951001392 93.7
451709700 70893220612 95.9 30451345005165360 93.7
451715500 70893310912 95.9 30451397165718320 93.7
451838500 70893509212 95.9 30451536612629296 93.7
452075400 70893747312 95.9 30451627561474864 93.7
452253000 70902121212 96.0 30459246765824816 93.7
452307400 70902192012 96.0 30459290907482928 93.7
452363900 70902920212 96.0 30459999760653104 93.7
452461200 70902929712 96.0 30460021330977584 93.7
452485100 70903197612 96.0 30460142753129264 93.7
452657100 70903220412 96.0 30460171096814384 93.7
452672600 70903597012 96.0 30460229321499440 93.7
453027900 70903600912 96.0 30460235124515632 93.7
453144300 70904270412 96.0 30460602745299760 93.7
453744600 70904272912 96.0 30460607010515248 93.7
454009200 70904354512 96.0 30460673001924912 93.8
454051600 70904355212 96.0 30460674094647600 93.8
454142400 70904462312 96.0 30460763945183536 93.8
454582700 70904465512 96.0 30460770139110704 93.8
455004800 70904508912 96.0 30460816530492720 93.8
455055300 70904595212 96.0 30460855609355568 93.8
455175800 70904807912 96.0 30460967137799472 93.8
455690700 70904808812 96.0 30460967886119984 93.8
455940700 70904810812 96.0 30460972299177008 93.8
456102400 70905187212 96.0 30461368016686128 93.8
456103300 70905212012 96.0 30461395452714032 93.8
456696700 70905213212 96.0 30461399326845232 93.8
456919300 70905214012 96.0 30461400410624560 93.8
457643600 70905217212 96.0 30461405735080496 93.8
458517400 70905220212 96.0 30461407851727920 93.8
458979800 70905279712 96.0 30461436441277488 93.8
459477800 70905456012 96.0 30461566420096048 93.8
459506800 70905510312 96.0 30461597506264112 93.8
459618200 70906099712 96.0 30461903001148464 93.8
459667500 70906101112 96.0 30461906055685424 93.8
459670300 70906669612 96.0 30462058538591536 93.8
459761000 70906670912 96.0 30462060872488496 93.8
460555300 70906672512 96.0 30462066294463024 93.8
460674900 70906674912 96.0 30462069979283504 93.8
460699000 70907153612 96.0 30462341127028784 93.8
461011500 70907158112 96.0 30462349934382128 93.8
461517300 70907158512 96.0 30462350085524528 93.8
461546900 70907217512 96.0 30462387403557936 93.8
461843500 70908986912 96.0 30463280115289136 93.8
462147600 70908992512 96.0 30463287762539568 93.8
462186200 70908992712 96.0 30463287937233968 93.8
462209800 70908999412 96.0 30463299210652720 93.8
463059800 70909001112 96.0 30463304181867568 93.8
463140000 70909004812 96.0 30463309070066736 93.8
463203100 70910101012 96.0 30463791783109680 93.8
463220200 70910103212 96.0 30463795985915440 93.8
463238700 70910105212 96.0 30463799859413552 93.8
463599600 70910189412 96.0 30463822894930480 93.8
463601600 70910615112 96.0 30464285879933488 93.8
463628200 70910725512 96.0 30464378373167664 93.8
464304300 70910727212 96.0 30464383097010224 93.8
464707600 70910727612 96.0 30464383488178224 93.8
464986800 70910728312 96.0 30464384466100784 93.8
465125300 70910882112 96.0 30464413767643696 93.8
465304400 70932945712 96.0 30480598962876976 93.8
465497500 70932947412 96.0 30480603487840816 93.8
465676700 70932993812 96.0 30480641149258288 93.8
465967600 70932995412 96.0 30480643671222320 93.8
465986800 70932999112 96.0 30480651110979120 93.8
466161800 70933000512 96.0 30480651771852464 93.8
466227100 70933003512 96.0 30480657203431088 93.8
466241700 70933003812 96.0 30480657742874288 93.8
466412700 70933004612 96.0 30480658433664688 93.8
466498400 70933005112 96.0 30480658901434384 93.8
466560000 70933009312 96.0 30480670214074384 93.8
466594000 70940770612 96.0 30487953492946960 93.8
466944000 70940773212 96.0 30487958362163216 93.8
468498600 70940773812 96.0 30487958773562320 93.8
468869300 70940842212 96.0 30487999618517968 93.8
469197600 70948901112 96.0 30491797204011984 93.8
469434200 70949289712 96.0 30492065166216144 93.8
470619800 70949294612 96.0 30492075226261456 93.8
470667100 70949588812 96.0 30492203600906192 93.8
470772400 70951234412 96.0 30494317139789776 93.9
470860500 70951451112 96.0 30494429397960656 93.9
471755500 70951762712 96.0 30494735386789840 93.9
472667400 70951903212 96.0 30494773291890640 93.9
472748300 70951905212 96.0 30494777451019728 93.9
472817400 70952276012 96.0 30495055966502352 93.9
472891100 70952350512 96.0 30495101133376976 93.9
473912100 70952353812 96.0 30495108306247632 93.9
474118400 70952550312 96.0 30495189103083472 93.9
474268300 70952761312 96.0 30495264224002000 93.9
474623000 70952763912 96.0 30495269171160528 93.9
474753900 70952765712 96.0 30495272734201552 93.9
474888000 70952828812 96.0 30495315249604304 93.9
474968200 70952970612 96.0 30495379541927632 93.9
475151200 70953297312 96.0 30495751611524816 93.9
475471000 70953557712 96.0 30495906751588048 93.9
475505500 70953562112 96.0 30495915451999952 93.9
475629300 70957597012 96.0 30498723497633488 93.9
475683600 70957838312 96.0 30498815451629264 93.9
475766000 70957884712 96.0 30498841491500752 93.9
475827700 70957884912 96.0 30498841632607952 93.9
476057700 70957886512 96.0 30498844397369040 93.9
476255600 70957888712 96.0 30498851007549136 93.9
476489400 70958288812 96.0 30499057499442896 93.9
476580600 70958291212 96.0 30499059770976976 93.9
476612100 70958545512 96.0 30499119692032720 93.9
476808600 70958547512 96.0 30499125276946640 93.9
477271600 70958549612 96.0 30499129451578064 93.9
477322500 70958551412 96.0 30499134166302416 93.9
477350200 70958553412 96.0 30499138272344016 93.9
477960500 70958600012 96.0 30499163729457104 93.9
477992800 70958732012 96.0 30499238609350608 93.9
478072800 70958737812 96.0 30499248903842768 93.9
478227200 70958740512 96.0 30499254153004496 93.9
478299600 70958742312 96.0 30499259192399824 93.9
478631400 70958803112 96.0 30499293044522960 93.9
478687400 70958804312 96.0 30499296404230608 93.9
478700200 70958805612 96.0 30499298112216016 93.9
478737400 70959269212 96.0 30499489535744976 93.9
478759800 70959430412 96.0 30499550808067024 93.9
478829900 70959522112 96.0 30499615068650448 93.9
478944700 70959524312 96.0 30499619852156368 93.9
479119500 70959524812 96.0 30499619992853968 93.9
479413900 70959526312 96.0 30499624940180432 93.9
479528800 70959636412 96.0 30499662717567952 93.9
479633300 70959641212 96.0 30499671627751376 93.9
479818800 70959703312 96.0 30499713072365520 93.9
479916000 70959705512 96.0 30499717261946320 93.9
480078800 70959708412 96.0 30499722796725200 93.9
480099100 70959710212 96.0 30499727439923152 93.9
480351700 70959797612 96.0 30499783676397520 93.9
480502600 70959803612 96.0 30499794756047824 93.9
480540000 70959803712 96.0 30499794848207824 93.9
480545200 70959850412 96.0 30499823053603792 93.9
480575500 70959851912 96.0 30499826739370448 93.9
480618900 70959853912 96.0 30499830819137232 93.9
480681600 70959857112 96.0 30499838290331856 93.9
480911600 70959858312 96.0 30499842263942352 93.9
481085100 70959861712 96.0 30499848460268240 93.9
481356000 70959864112 96.0 30499852437723344 93.9
481358100 70959867312 96.0 30499856693879504 93.9
481501100 70959869012 96.0 30499860342972880 93.9
481568300 70959927812 96.0 30499886077473232 93.9
481735900 70961507112 96.0 30501714387300816 93.9
481927100 70961941512 96.0 30501937068143056 93.9
482007100 70962282612 96.0 30502160161288656 93.9
482361600 70962285312 96.0 30502164998786512 93.9
482571400 70962286712 96.0 30502170249216464 93.9
482695900 70962409312 96.0 30502212979454416 93.9
482907200 70962410312 96.0 30502213842891216 93.9
483084600 70962414812 96.0 30502218800694736 93.9
483184900 70962658912 96.0 30502333596231120 93.9
483399400 70963304212 96.0 30502684755781072 93.9
483953000 70963316012 96.0 30502713214551504 93.9
484041300 70963317212 96.0 30502715873129168 93.9
484342200 70963418612 96.0 30502760525021904 93.9
484533700 70963420912 96.0 30502764173865424 93.9
484831900 70963421212 96.0 30502764804239824 93.9
484852600 70963618912 96.0 30502812883378640 93.9
485037600 70963624212 96.0 30502817150357968 93.9
485046000 70963750112 96.0 30502885472002512 93.9
485269800 70963753012 96.0 30502891774652880 93.9
485345800 70963753312 96.0 30502891983548880 93.9
485575700 70963757012 96.0 30502901085099472 93.9
485582700 70963757112 96.0 30502901091857872 93.9
485590500 70963999912 96.0 30502990398117328 93.9
485635000 70964002612 96.0 30502995833327568 93.9
485685300 70966731912 96.0 30505252775989200 93.9
485859300 70967043912 96.0 30505458180575184 93.9
485949500 70967048612 96.0 30505469159805904 93.9
486203800 70967049212 96.0 30505469436490704 93.9
486860000 70967099212 96.0 30505510290432976 93.9
487141500 70967101412 96.0 30505516342290896 93.9
487145200 70967102112 96.0 30505516808620496 93.9
488242200 70992014212 96.1 30523302106712528 93.9
488421900 70992119612 96.1 30523335630535120 93.9
489365500 70992123612 96.1 30523346636107216 93.9
489434200 70995230712 96.1 30525579452345808 93.9
489706100 70995233012 96.1 30525582702934992 93.9
489887500 70995356912 96.1 30525659432950736 94.0
491835400 70996212812 96.1 30526147321469904 94.0
491900100 70996213312 96.1 30526147445783504 94.0
492016700 70996214212 96.1 30526147935351600 94.0
492085900 70996215212 96.1 30526149975659568 94.0
492125700 70996220412 96.1 30526165497483312 94.0
492370700 70996223512 96.1 30526171261698096 94.0
493135800 70996374712 96.1 30526250813702192 94.0
493303000 70996375912 96.1 30526254046829872 94.0
493476600 70996515312 96.1 30526337823325488 94.0
493537600 70996673812 96.1 30526429363780912 94.0
493547200 70997437112 96.1 30526852950342960 94.0
494012600 71000245612 96.1 30528763029568816 94.0
494570500 71000247112 96.1 30528765222320432 94.0
494755500 71000450012 96.1 30528895256164656 94.0
494806600 71000454512 96.1 30528905637606704 94.0
494829700 71011404312 96.1 30534230800414000 94.0
494861600 71011558912 96.1 30534320481006896 94.0
495043300 71011559012 96.1 30534320723899696 94.0
495044300 71011560112 96.1 30534321134614288 94.0
495131400 71011562512 96.1 30534326874449168 94.0
495591500 71011567912 96.1 30534339759906064 94.0
496295900 71011568012 96.1 30534339766664464 94.0
496301400 71011821212 96.1 30534486977969424 94.0
496372000 71011823112 96.1 30534491796820752 94.0
496478800 71011981012 96.1 30534590575072016 94.0
497041000 71011983212 96.1 30534595128317712 94.0
497161000 71011985512 96.1 30534599005642512 94.0
497234600 71022097012 96.1 30543971205193488 94.0
497591600 71022099212 96.1 30543976008908048 94.0
497891400 71022103112 96.1 30543982969428752 94.0
498534900 71022926312 96.1 30544722671508240 94.0
498674400 71023303912 96.1 30544835319921424 94.0
498828600 71023435112 96.1 30544879572302608 94.0
498861500 71023435912 96.1 30544879995214608 94.0
498925600 71023436912 96.1 30544882935524368 94.0
499595800 71023438212 96.1 30544884869593616 94.0
499639800 71023438512 96.1 30544885132352016 94.0
499655300 71023443612 96.1 30544895401864720 94.0
499658000 71026239912 96.1 30548524345404944 94.0
499685200 71026567412 96.1 30548697360264720 94.0
500043600 71026572812 96.1 30548704100836880 94.0
500257600 71026841612 96.1 30548827355784720 94.0
500332900 71026843412 96.1 30548830453560848 94.0
500427100 71026847812 96.1 30548841569938960 94.0
500433100 71027004712 96.1 30548929950346768 94.0
500874100 71027222312 96.1 30549002651635216 94.0
500952700 71027223812 96.1 30549005420113168 94.0
501818500 71027228912 96.1 30549017524576528 94.0
501861100 71027233812 96.1 30549032076573968 94.0
502191800 71027234212 96.1 30549032179717168 94.0
502275600 71027237512 96.1 30549036261666608 94.0
502334100 71027238712 96.1 30549039900853552 94.0
502357500 71027240712 96.1 30549045089661232 94.0
502392900 71027248012 96.1 30549053382094128 94.0
502756200 71027291612 96.1 30549077194046768 94.0
503183400 71027296712 96.1 30549089886869808 94.0
503241300 71027369312 96.1 30549119833352496 94.0
503307200 71027370412 96.1 30549119887175196 94.0
503722900 71027372512 96.1 30549125221974556 94.0
503979800 71028230112 96.1 30549630646747676 94.0
504292900 71028336312 96.1 30549713129628188 94.0
504304600 71028336612 96.1 30549713246364188 94.0
504666600 71028338212 96.1 30549713740274396 94.0
504763800 71028338912 96.1 30549714090687196 94.0
504940500 71028339912 96.1 30549716090395356 94.0
505112100 71028351912 96.1 30549735875160796 94.0
505176500 71028353812 96.1 30549740228450012 94.0
505302600 71028355512 96.1 30549743578517980 94.0
505342800 71028356012 96.1 30549744579989980 94.0
505476600 71028357712 96.1 30549750445681628 94.0
505502300 71028481112 96.1 30549814984625116 94.0
506002800 71028483712 96.1 30549816396679644 94.0
506144400 71028484412 96.1 30549817014534108 94.0
506303200 71028485012 96.1 30549817468985308 94.0
506467000 71028486512 96.1 30549820109267676 94.0
506744300 71028593212 96.1 30549867960636124 94.0
506907300 71028714212 96.1 30549921508029148 94.0
506915600 71028845812 96.1 30550000210531036 94.0
507034700 71028846812 96.1 30550003762600412 94.0
507260500 71028850612 96.1 30550013497522652 94.0
507285400 71028854912 96.1 30550024505314780 94.0
508183000 71030309712 96.1 30550750785687004 94.0
508246000 71030311312 96.1 30550755592648668 94.0
508363700 71030313512 96.1 30550759283849948 94.0
508664600 71030318512 96.1 30550768523754204 94.0
508735900 71030323112 96.1 30550775997933276 94.0
509034900 71030323712 96.1 30550776057734876 94.0
509144100 71030324512 96.1 30550776259462876 94.0
509144700 71030731812 96.1 30550972763211484 94.0
509163900 71030731912 96.1 30550972769969884 94.0
509167100 71032048412 96.1 30551666248787676 94.0
509237000 71032131312 96.1 30551723473495772 94.0
509521400 71032134812 96.1 30551729217447132 94.0
509607500 71032136512 96.1 30551733970841820 94.0
509824700 71032138412 96.1 30551736571306204 94.0
509915500 71032140912 96.1 30551740544315100 94.0
510021900 71032141212 96.1 30551740560878500 94.0
510272100 71032185212 96.1 30551775564688292 94.0
510378000 71032186812 96.1 30551778155719076 94.0
510443800 71032187612 96.1 30551778600135076 94.0
510448700 71032191012 96.1 30551783591085988 94.0
510643400 71032191712 96.1 30551785199415588 94.0
510785600 71032191912 96.1 30551785268637988 94.0
510807600 71032197812 96.1 30551794777898276 94.0
510933000 71032199212 96.1 30551798518289700 94.0
510947700 71039716712 96.1 30558731671868708 94.1
511119300 71039722112 96.1 30558747459650852 94.1
512343800 71039722812 96.1 30558747808918052 94.1
512807000 71039726912 96.1 30558752897175076 94.1
512959300 71039729712 96.1 30558758005778980 94.1
513383700 71039987712 96.1 30558916737296932 94.1
513464500 71039989912 96.1 30558922266813476 94.1
514115400 71050115912 96.2 30563954086814756 94.1
514430900 71050119012 96.2 30563962107640356 94.1
514823700 71050119112 96.2 30563962114398756 94.1
514839500 71050123212 96.2 30563971128625700 94.1
515025500 71050124612 96.2 30563974832220708 94.1
515102300 71050125912 96.2 30563975410575908 94.1
515185500 71050126512 96.2 30563975803382308 94.1
515243600 71050127712 96.2 30563976245425508 94.1
515388100 71050675812 96.2 30564280800458084 94.1
515970100 71050949312 96.2 30564366275450212 94.1
516075100 71050951212 96.2 30564371934842212 94.1
516524400 71050951712 96.2 30564372381715812 94.1
516525100 71050952212 96.2 30564372959456612 94.1
516703000 71051099312 96.2 30564402424370532 94.1
516882300 71051099412 96.2 30564402513663332 94.1
517361800 71054382112 96.2 30566792200803684 94.1
517367800 71054384812 96.2 30566800090453860 94.1
517982500 71054385412 96.2 30566800276558756 94.1
518556000 71054387012 96.2 30566803136402852 94.1
518853400 71054388912 96.2 30566810296040868 94.1
519086700 71054397012 96.2 30566832840551844 94.1
519178600 71054618012 96.2 30566948737658276 94.1
519489100 71054620012 96.2 30566955459233188 94.1
519993300 71054622412 96.2 30566961061866404 94.1
521603100 71077583712 96.2 30583259912252324 94.1
521778800 71077586412 96.2 30583265716519332 94.1
523989600 71077845012 96.2 30583390476075428 94.1
524173800 71077847212 96.2 30583395743538596 94.1
524852700 71077848412 96.2 30583400360301476 94.1
524906600 71077926112 96.2 30583428101671844 94.1
525122500 71077928212 96.2 30583431417496484 94.1
525147800 71077929912 96.2 30583434959768484 94.1
525261800 71078145212 96.2 30583475807153060 94.1
525279700 71078148712 96.2 30583485009548196 94.1
525675000 71078461912 96.2 30583613718508452 94.1
525675500 71078567112 96.2 30583654964921252 94.1
526069800 71078567812 96.2 30583657811778468 94.1
526400700 71078729612 96.2 30583695898753956 94.1
526556300 71078765112 96.2 30583707709506468 94.1
526640100 71078850112 96.2 30583768239653796 94.1
526798800 71078850412 96.2 30583768354712100 94.1
526867000 71078852712 96.2 30583774625597988 94.1
527031400 71078853112 96.2 30583774854123588 94.1
527273500 71078961812 96.2 30583819046850628 94.1
527498000 71078963812 96.2 30583821929291076 94.1
527503600 71078965312 96.2 30583824056387140 94.1
527515500 71080191012 96.2 30584671826347588 94.1
527589900 71080194212 96.2 30584675583655748 94.1
527922100 71084683012 96.2 30588451032923972 94.1
528294800 71084684912 96.2 30588454905386308 94.1
528402500 71085008812 96.2 30588679599347012 94.1
528573600 71085078212 96.2 30588715803657540 94.1
528862500 71085148612 96.2 30588756420654404 94.1
528867900 71085148912 96.2 30588756620539204 94.1
529180800 71085173712 96.2 30588778520024388 94.1
529586700 71085379812 96.2 30588863346398532 94.1
529695000 71085382612 96.2 30588865863403332 94.1
529702400 71085446612 96.2 30588883569835844 94.1
529807400 71085508412 96.2 30588918987251524 94.1
529895100 71085509712 96.2 30588922815457348 94.1
529951800 71085558412 96.2 30588955761553476 94.1
530049300 71085850812 96.2 30589061278076996 94.1
530441000 71085993912 96.2 30589151775805508 94.1
530619200 71085995412 96.2 30589155818562372 94.1
530654200 71086018212 96.2 30589175897473860 94.1
530690400 71086020712 96.2 30589181395242820 94.1
530749200 71086021312 96.2 30589181836846724 94.1
530804700 71086235612 96.2 30589306868213380 94.1
530844100 71086240812 96.2 30589321400570500 94.1
530954300 71086283212 96.2 30589350926197380 94.1
530963800 71086402012 96.2 30589392766141060 94.1
531058500 71086448112 96.2 30589423076756100 94.1
531078400 71087508412 96.2 30589927005932164 94.1
531193600 71087658112 96.2 30589981603539588 94.1
531396800 71087660212 96.2 30589984654941828 94.1
531572100 71087666712 96.2 30589994800332420 94.1
531762800 71087668712 96.2 30590002087069828 94.1
531825300 71087802212 96.2 30590068465277060 94.1
531825900 71087808612 96.2 30590083431841924 94.1
531850800 71087959012 96.2 30590164984946820 94.1
531860700 71087962812 96.2 30590176089017476 94.1
531880400 71087965012 96.2 30590183032678020 94.1
531978600 71087965712 96.2 30590184923564292 94.1
532119400 71087966612 96.2 30590186787297540 94.1
532137000 71087968512 96.2 30590190727135492 94.1
532226900 71088107812 96.2 30590287906357508 94.1
532257300 71088216512 96.2 30590350783099140 94.1
532320200 71088458812 96.2 30590481178398980 94.1
532366300 71088523212 96.2 30590529537855748 94.1
532369900 71088524812 96.2 30590533797755140 94.1
532391500 71088525912 96.2 30590535560424452 94.1
532425900 71088563712 96.2 30590549063634948 94.1
532437400 71088660512 96.2 30590623003750404 94.2
532686200 71088737912 96.2 30590676532170756 94.2
532690900 71088738012 96.2 30590676538929156 94.2
532695100 71089580112 96.2 30591307491291140 94.2
532701100 71089831812 96.2 30591358818934788 94.2
533484000 71089834812 96.2 30591366088468484 94.2
533645500 71089836612 96.2 30591368625186820 94.2
533672500 71090117912 96.2 30591509919557636 94.2
533732700 71092355112 96.2 30594467142428676 94.2
533932100 71092356012 96.2 30594467221375876 94.2
534003800 71094352112 96.2 30596550592203652 94.2
534034100 71094354812 96.2 30596553580262532 94.2
534185600 71094504812 96.2 30596606631462020 94.2
534203500 71094537612 96.2 30596631388413060 94.2
534213000 71094539512 96.2 30596634065443972 94.2
534511700 71094559812 96.2 30596653761698948 94.2
534581100 71094830912 96.2 30596767113403524 94.2
534683100 71094833212 96.2 30596770130424452 94.2
534828900 71094836412 96.2 30596778006785668 94.2
534859100 71094985512 96.2 30596865623805572 94.2
534898900 71095045912 96.2 30596922099658372 94.2
534946100 71095524012 96.2 30597180773691012 94.2
534958200 71095524812 96.2 30597182488779780 94.2
535031500 71095528912 96.2 30597187211987972 94.2
535181300 71095529012 96.2 30597187422243076 94.2
535196600 71095575112 96.2 30597217529084164 94.2
535451100 71095686812 96.2 30597275999418628 94.2
535598600 71095688112 96.2 30597280449005828 94.2
535863900 71095705012 96.2 30597290114746628 94.2
536050300 71095707412 96.2 30597295444320516 94.2
536076400 71095710012 96.2 30597297998886660 94.2
536097000 71095851212 96.2 30597360183105284 94.2
536273300 71096063212 96.2 30597449295705860 94.2
536287200 71096065212 96.2 30597452953809156 94.2
536302600 71096094712 96.2 30597473556226308 94.2
536424900 71096146412 96.2 30597510141526276 94.2
536479900 71096380812 96.2 30597632732561668 94.2
536646700 71096504012 96.2 30597713090257156 94.2
537310100 71096546012 96.2 30597754900992260 94.2
537373700 71096547512 96.2 30597756836147460 94.2
537564300 71096547912 96.2 30597757255373060 94.2
537653100 71096752112 96.2 30597858039828740 94.2
537751700 71096753112 96.2 30597861122745348 94.2
537905900 71096781612 96.2 30597876118214660 94.2
538135700 71096882112 96.2 30597957353166852 94.2
538218000 71096885012 96.2 30597963425670148 94.2
538323800 71096921012 96.2 30597986886669316 94.2
538388700 71096921612 96.2 30597987779036036 94.2
538397000 71096987612 96.2 30598025855492996 94.2
538439700 71096987712 96.2 30598026277500004 94.2
538442500 71096988912 96.2 30598027998225892 94.2
538628100 71097165712 96.2 30598119938000356 94.2
539684000 71097167412 96.2 30598124021275364 94.2
539723900 71097168012 96.2 30598125606061028 94.2
539853700 71097169012 96.2 30598128883550436 94.2
540043300 71097175212 96.2 30598140100079844 94.2
540169100 71097241112 96.2 30598187274309860 94.2
540175100 71097260512 96.2 30598217869996260 94.2
540375600 71097262412 96.2 30598223110039268 94.2
540438700 71097489212 96.2 30598283269351140 94.2
540446600 71097533612 96.2 30598323841193700 94.2
540525700 71097534112 96.2 30598324686053284 94.2
540531100 71097906512 96.2 30598672102842276 94.2
540594500 71097911512 96.2 30598678961746852 94.2
540652100 71097911812 96.2 30598678984479652 94.2
540657700 71097912212 96.2 30598679458443364 94.2
540659100 71097913212 96.2 30598682182623076 94.2
540897000 71097946412 96.2 30598703848822628 94.2
540943800 71097947412 96.2 30598705631934564 94.2
541077800 71097950312 96.2 30598710168236644 94.2
541158600 71098020912 96.2 30598743619535460 94.2
541566300 71098021612 96.2 30598745840083300 94.2
541646500 71098068312 96.2 30598775128791396 94.2
541864900 71098071512 96.2 30598778748261220 94.2
541957500 71098077112 96.2 30598783202866020 94.2
542254500 71098078312 96.2 30598785801750116 94.2
542466500 71106820512 96.2 30606828019484260 94.2
542618600 71106822112 96.2 30606832144176740 94.2
542717400 71106823312 96.2 30606833626709476 94.2
542931300 71107102812 96.2 30606957160463844 94.2
543020500 71107129412 96.2 30606975671438820 94.2
543159600 71107188112 96.2 30607010117381604 94.2
543185400 71107188512 96.2 30607010280650404 94.2
543316000 71107309312 96.2 30607063034381988 94.2
543373800 71124426712 96.3 30619490871428772 94.2
543450000 71124446612 96.3 30619504199422628 94.2
543588400 71124528812 96.3 30619548770562724 94.2
543846200 71124583012 96.3 30619594818384548 94.2
543910000 71134529412 96.3 30624363747799716 94.3
543918100 71134614512 96.3 30624414761218724 94.3
544001800 71134637012 96.3 30624436376500900 94.3
544069200 71134639112 96.3 30624439530819748 94.3
544151800 71134641112 96.3 30624444629573796 94.3
544310600 71134690812 96.3 30624475920857252 94.3
544570200 71134693112 96.3 30624480031183524 94.3
544952300 71134693912 96.3 30624482695642276 94.3
545008000 71137152112 96.3 30626388713602212 94.3
545029700 71137373312 96.3 30626526082522276 94.3
545100500 71137374612 96.3 30626528337462436 94.3
545196300 71137376112 96.3 30626529897976612 94.3
545460900 71137417512 96.3 30626552051082020 94.3
545864000 71137419112 96.3 30626552528306628 94.3
545990300 71137471912 96.3 30626583171011012 94.3
546227200 71137474412 96.3 30626588418000324 94.3
546388000 71138038512 96.3 30626766084769220 94.3
546554400 71138106912 96.3 30626795149604292 94.3
546572800 71138135112 96.3 30626810963021252 94.3
546653600 71138136712 96.3 30626813772591044 94.3
547039500 71138749112 96.3 30627087181508548 94.3
547169700 71139016012 96.3 30627226622635972 94.3
547346300 71139016912 96.3 30627228828335556 94.3
547413300 71139018612 96.3 30627231411718596 94.3
547597000 71139019612 96.3 30627234327958724 94.3
547765500 71139109112 96.3 30627275278599364 94.3
547921700 71139111712 96.3 30627279272765124 94.3
547947300 71139114712 96.3 30627285637235396 94.3
547954000 71139116112 96.3 30627289357200068 94.3
547956800 71139117112 96.3 30627291209835716 94.3
548271100 71139117312 96.3 30627292053867332 94.3
548289600 71139117612 96.3 30627292107320132 94.3
548361000 71139119812 96.3 30627296410314564 94.3
548452000 71139140212 96.3 30627310614701892 94.3
548986300 71139150512 96.3 30627321641720644 94.3
549021200 71140769512 96.3 30629004807527236 94.3
549302800 71140770112 96.3 30629006687189572 94.3
549309800 71140870412 96.3 30629062904949316 94.3
549317200 71141182112 96.3 30629234819066436 94.3
549616300 71141482412 96.3 30629349068974660 94.3
549718400 71141698512 96.3 30629454854998596 94.3
549995900 71145800812 96.3 30633259583654468 94.3
550094500 71146111712 96.3 30633309299571268 94.3
550235800 71146192712 96.3 30633357559781956 94.3
550638200 71146203812 96.3 30633366532983364 94.3
550877900 71146205312 96.3 30633368379145028 94.3
551088300 71146224112 96.3 30633395996328772 94.3
551096400 71146224812 96.3 30633397183328580 94.3
551414700 71146225112 96.3 30633398216864580 94.3
551417800 71146227712 96.3 30633402730705220 94.3
551738000 71147396312 96.3 30634761003888964 94.3
552282600 71147451112 96.3 30634785292474692 94.3
552326300 71147576412 96.3 30634840108951876 94.3
552355800 71147608212 96.3 30634860657985860 94.3
552405900 71147650112 96.3 30634887123245380 94.3
552838400 71147651212 96.3 30634887941549764 94.3
552867100 71147652012 96.3 30634890100354500 94.3
552889200 71147681812 96.3 30634911609148868 94.3
552951600 71147693912 96.3 30634918617427396 94.3
553077800 71147739212 96.3 30634943234448836 94.3
553410800 71147840912 96.3 30634998235737540 94.3
553429500 71147841512 96.3 30635000358691268 94.3
553815000 71147921412 96.3 30635043989123524 94.3
554036500 71148122612 96.3 30635178409513412 94.3
554332800 71148339812 96.3 30635316656296388 94.3
554815200 71148567212 96.3 30635481124377028 94.3
554925400 71148675312 96.3 30635536930861508 94.3
554945800 71149048512 96.3 30635714993451460 94.3
555002000 71149050012 96.3 30635716999689284 94.3
555225500 71149051612 96.3 30635719281279044 94.3
555309800 71149052112 96.3 30635720434142276 94.3
555364600 71149052912 96.3 30635723010434372 94.3
555368400 71149124812 96.3 30635766828680516 94.3
555418700 71149311412 96.3 30635897695421764 94.3
555550500 71149338612 96.3 30635912856992068 94.3
555744600 71149424712 96.3 30635942496315716 94.3
555763100 71149425212 96.3 30635942550178116 94.3
555883500 71149426512 96.3 30635944805376068 94.3
556175900 71149429712 96.3 30635952072833604 94.3
556259900 71149430412 96.3 30635953595007940 94.3
556704200 71149430912 96.3 30635954865983812 94.3
556748500 71149483212 96.3 30635990305870148 94.3
556889500 71149484112 96.3 30635992645046084 94.3
556971400 71149484912 96.3 30635993141890884 94.3
557066300 71149485312 96.3 30635994091634884 94.3
557127400 71149487012 96.3 30635996038625604 94.3
557261300 71149676312 96.3 30636075555559748 94.3
557267700 71149677212 96.3 30636075750331556 94.3
557299800 71149764412 96.3 30636119975117988 94.3
557307400 71149829212 96.3 30636147945860260 94.3
557635500 71149832812 96.3 30636159098718372 94.3
557708400 71150005512 96.3 30636321868073124 94.3
557759400 71150045512 96.3 30636337627012260 94.3
557803300 71150046812 96.3 30636340662153892 94.3
557809700 71150048812 96.3 30636346537020580 94.3
557825800 71150049012 96.3 30636346550537380 94.3
558108700 71150117412 96.3 30636383489281188 94.3
558134900 71150120012 96.3 30636389351672996 94.3
558181200 71150120912 96.3 30636391827277988 94.3
558212800 71150121712 96.3 30636393639325988 94.3
558239500 71150123812 96.3 30636398037269796 94.3
558338600 71150246612 96.3 30636468878966052 94.3
558386500 71150343112 96.3 30636510990322980 94.3
558527400 71150507812 96.3 30636609663413540 94.3
558555900 71151927812 96.3 30637800903290148 94.3
558615100 71151929012 96.3 30637802673747364 94.3
558653800 71151942412 96.3 30637809411244452 94.3
558787600 71159670112 96.3 30641520143450532 94.3
558838500 71159671612 96.3 30641523458067364 94.3
558898000 71159672312 96.3 30641523626822564 94.3
558903500 71160067712 96.3 30641755288144804 94.3
558941600 71160151212 96.3 30641802901556132 94.3
558950800 71160151912 96.3 30641805012438820 94.3
559103400 71160153112 96.3 30641806957493796 94.3
559169600 71160200612 96.3 30641832035786276 94.3
559228000 71160297612 96.3 30641896598384164 94.3
559257300 71160298912 96.3 30641900886950948 94.3
559402700 71160299512 96.3 30641903205705764 94.3
559408500 71160358612 96.3 30641982276814884 94.3
559419300 71160394812 96.3 30642001332736036 94.3
559450300 71160518912 96.3 30642052912394276 94.3
559587100 71160519712 96.3 30642055609642532 94.3
559603300 71160522112 96.3 30642057158006052 94.3
559620100 71161004112 96.3 30642312709526820 94.3
559680900 71161186112 96.3 30642380716954916 94.3
559682700 71161188112 96.3 30642385216602404 94.3
559684000 71161247512 96.3 30642428649201956 94.3
559684200 71161248412 96.3 30642431501342756 94.3
559827100 71161313812 96.3 30642449755596836 94.3
559882900 71161315012 96.3 30642453849363236 94.3
559993400 71161315912 96.3 30642456385364772 94.3
559998600 71161466612 96.3 30642505436963620 94.3
560012400 71161467112 96.3 30642506025206820 94.3
560029700 71161502912 96.3 30642528823856164 94.3
560054600 71161504112 96.3 30642532181147940 94.3
560098900 71161534712 96.3 30642545137815844 94.3
560099400 71161536112 96.3 30642546693075108 94.3
560183900 71161585412 96.3 30642583231037604 94.3
560220200 71161746512 96.3 30642676155990180 94.3
560272500 71161748112 96.3 30642679711421860 94.3
560294700 71162223912 96.3 30642869051184548 94.3
560371500 71162341912 96.3 30642949243278756 94.3
560391100 71162343012 96.3 30642951710539172 94.3
560455300 71162343612 96.3 30642954031686820 94.3
560459900 71162344612 96.3 30642957284272036 94.3
560512000 71162622412 96.3 30643128981514148 94.3
560514300 71162623612 96.3 30643132058074532 94.3
560574800 71163160112 96.3 30643422462901668 94.3
560606700 71163160912 96.3 30643424209132836 94.3
560694400 71163284512 96.3 30643499701435684 94.3
560711100 71163284712 96.3 30643500202901092 94.3
560873600 71163335212 96.3 30643529582198372 94.3
560891600 71174948212 96.3 30652050338037348 94.3
560896700 71174950312 96.3 30652054385500004 94.3
560953500 71174952012 96.3 30652058394566756 94.3
560988500 71175081812 96.3 30652131502268516 94.3
561011300 71175082712 96.3 30652133190934884 94.3
561025500 71175099312 96.3 30652144242728292 94.3
561066300 71175116912 96.3 30652159201105252 94.3
561091000 71175117712 96.3 30652161699363684 94.3
561117100 71175179712 96.3 30652184983520100 94.3
561126100 71175180212 96.3 30652187093572836 94.3
561155400 71175298412 96.3 30652317470538980 94.3
561179700 71175299012 96.3 30652318052191972 94.3
561267300 71175406512 96.3 30652390009360100 94.3
561276200 71175407712 96.3 30652393476092132 94.3
561290400 71175468212 96.3 30652429860700388 94.3
561299400 71175521812 96.3 30652457789487332 94.3
561360700 71175845112 96.3 30652858520140004 94.3
561374400 71177169312 96.3 30654488783321316 94.3
561381000 71177171212 96.3 30654492087149284 94.3
561383200 71177188512 96.3 30654507650275044 94.3
561408700 71177543312 96.3 30654742399031012 94.3
561414500 71177626812 96.3 30654776997562084 94.3
561428300 71177771312 96.3 30654821922162404 94.3
561446000 71177773812 96.3 30654823959449572 94.3
561465500 71177774612 96.3 30654826609235684 94.3
561472500 71178007912 96.3 30654950359774948 94.3
561700600 71178008912 96.3 30654952873909476 94.3
561725600 71178009712 96.3 30654955417696996 94.3
561779200 71178011012 96.3 30654956557855716 94.3
561922900 71178013012 96.3 30654961430558180 94.3
561994900 71178125812 96.3 30655016666838500 94.3
562003100 71178194612 96.3 30655051666802148 94.3
562192300 71178240212 96.3 30655073606919652 94.3
562231300 71178241012 96.3 30655075535688804 94.3
562283500 71178243612 96.3 30655082900879460 94.3
562284500 71178314412 96.3 30655113638393956 94.3
562341200 71178316612 96.3 30655119155854948 94.3
562461500 71178603512 96.3 30655299353968228 94.3
562550600 71178605312 96.3 30655304907365476 94.3
562553400 71178606112 96.3 30655305241803876 94.3
562568700 71178770012 96.3 30655395195534436 94.3
562572400 71178957212 96.3 30655488187833444 94.3
562608400 71178957712 96.3 30655489480065380 94.3
562643200 71179332012 96.3 30655755603067236 94.4
562654400 71179359312 96.3 30655772708374884 94.4
562706700 71179473412 96.3 30655873056041316 94.4
562732100 71179578212 96.3 30655917213362532 94.4
562812400 71179827312 96.3 30656040414284132 94.4
562863800 71179924512 96.3 30656067900391780 94.4
562874400 71179928012 96.3 30656069573624164 94.4
562875900 71179928412 96.3 30656070414639588 94.4
562879400 71179928512 96.3 30656070554722788 94.4
562881600 71179928712 96.3 30656070841237988 94.4
562929000 71180629412 96.3 30656387084943844 94.4
562929800 71180630012 96.3 30656388351356644 94.4
562949300 71181605312 96.3 30657474475290340 94.4
562958600 71181750012 96.3 30657551482162916 94.4
562970800 71181795112 96.3 30657567916035812 94.4
563043200 71181848812 96.3 30657591249153764 94.4
563111200 71181924112 96.3 30657653192355556 94.4
563123300 71181924412 96.3 30657654091861348 94.4
563139300 71181966612 96.3 30657674988301668 94.4
563144200 71182306612 96.3 30657804370726244 94.4
563193800 71182668112 96.3 30658042656083300 94.4
563197900 71182669012 96.3 30658044399735524 94.4
563251300 71182669912 96.3 30658047705655268 94.4
563351600 71182696312 96.3 30658064703632356 94.4
563373600 71182696712 96.3 30658066391715812 94.4
563397000 71182705012 96.3 30658074232856548 94.4
563412100 71182705912 96.3 30658076421650916 94.4
563491100 71182729112 96.3 30658084017318372 94.4
563497100 71182774412 96.3 30658121272256996 94.4
563529200 71182776712 96.3 30658126326105060 94.4
563541900 71182777212 96.3 30658127630532324 94.4
563555600 71182777612 96.3 30658129318615780 94.4
563588500 71182778212 96.3 30658131268548196 94.4
563599600 71182872212 96.3 30658177109567076 94.4
563600200 71182911112 96.3 30658194648776292 94.4
563601700 71182913712 96.3 30658198186886500 94.4
563617900 71182914212 96.3 30658199769537124 94.4
563660800 71182915112 96.3 30658201614177636 94.4
563772300 71183075312 96.3 30658315854615908 94.4
563793800 71183128612 96.3 30658378952734052 94.4
563819700 71183130612 96.3 30658382521271140 94.4
563894900 71183268112 96.3 30658450202092388 94.4
563915400 71183269012 96.3 30658453067988068 94.4
563922900 71183328312 96.3 30658506643319908 94.4
563923200 71183480812 96.3 30658665472044132 94.4
563957200 71183509312 96.3 30658683493862500 94.4
563958800 71183514012 96.3 30658690786434660 94.4
563992200 71183562412 96.3 30658712822265444 94.4
564050500 71183612312 96.3 30658748602852964 94.4
564204500 71183613312 96.3 30658751031632484 94.4
564242400 71183645412 96.3 30658777884361316 94.4
564246700 71183645612 96.3 30658778728392420 94.4
564247200 71183774512 96.3 30658862387676900 94.4
564273000 71183777812 96.3 30658865433909988 94.4
564304900 71183972412 96.3 30658915481070308 94.4
564337200 71185200912 96.3 30659769066367716 94.4
564358800 71185251812 96.3 30659822819711716 94.4
564406900 71185253312 96.3 30659825917510372 94.4
564409000 71185253412 96.3 30659825924473572 94.4
564411600 71185336112 96.3 30659852619660004 94.4
564424100 71185337812 96.3 30659855228631524 94.4
564455800 71185440512 96.3 30659924590344676 94.4
564468800 71185453212 96.3 30659932379496932 94.4
564474900 71185493412 96.3 30659956528744932 94.4
564603400 71185552512 96.3 30659991647095268 94.4
564631100 71185554012 96.3 30659992804059364 94.4
564632500 71185554112 96.3 30659993014311460 94.4
564659600 71185555912 96.3 30659996704028452 94.4
564718500 71185556312 96.3 30659997729523620 94.4
564720700 71185557612 96.3 30660000049603492 94.4
564721300 71185558412 96.3 30660000666925092 94.4
564741900 71185607012 96.3 30660020436600868 94.4
564746800 71185607612 96.3 30660021562697764 94.4
564757100 71185699812 96.3 30660076628858916 94.4
564780800 71185804212 96.3 30660131626383396 94.4
564828600 71185804912 96.3 30660132660330468 94.4
564855900 71185805712 96.3 30660134358013028 94.4
564905400 71185806212 96.3 30660135417735844 94.4
564923200 71185839612 96.3 30660178219727524 94.4
564926800 71186658312 96.3 30660996239424164 94.4
564986000 71187687612 96.3 30661887528172196 94.4
565047200 71187759412 96.3 30661903115825828 94.4
565068300 71187928512 96.3 30662019799462564 94.4
565128500 71187930512 96.3 30662022067669924 94.4
565131300 71187931312 96.3 30662024325800356 94.4
565135600 71187931912 96.3 30662026132379684 94.4
565139700 71188050512 96.3 30662078569572388 94.4
565191300 71188180512 96.3 30662154507438116 94.4
565225000 71188181212 96.3 30662156738463524 94.4
565233200 71188242612 96.3 30662183331098404 94.4
565247600 71188450412 96.3 30662298218434340 94.4
565291300 71188451212 96.3 30662299452387876 94.4
565351000 71188452512 96.3 30662301344697380 94.4
565380800 71188453312 96.3 30662303370980644 94.4
565433500 71188477512 96.3 30662316595119396 94.4
565448800 71188547512 96.3 30662349581974820 94.4
565472500 71188572712 96.3 30662362781830436 94.4
565488600 71188574612 96.3 30662367665286436 94.4
565498000 71188595212 96.3 30662380130815268 94.4
565503700 71188626312 96.3 30662400401618212 94.4
565522000 71188628812 96.3 30662405361831204 94.4
565525600 71188629112 96.3 30662406627841956 94.4
565550800 71188773212 96.3 30662504140945316 94.4
565596500 71188773812 96.3 30662505634686628 94.4
565663500 71188774412 96.3 30662508406461092 94.4
565695100 71188774512 96.3 30662508413424292 94.4
565701300 71189342812 96.3 30662955277587108 94.4
565706400 71189491312 96.3 30663042894254756 94.4
565715500 71189599612 96.3 30663081528496804 94.4
565722600 71189994112 96.3 30663363568538276 94.4
565765800 71190096512 96.3 30663435371229860 94.4
565843500 71190113212 96.3 30663444915346084 94.4
565895400 71190273712 96.3 30663565500668580 94.4
565983300 71190275312 96.3 30663568953283236 94.4
565998800 71190278412 96.3 30663571596065956 94.4
566056300 71190278812 96.3 30663573419775012 94.4
566057000 71190374412 96.3 30663638170395684 94.4
566095200 71190374712 96.3 30663638596293092 94.4
566111800 71190375312 96.3 30663640394812516 94.4
566138600 71190376812 96.3 30663643305575524 94.4
566151900 71190376912 96.3 30663643313972324 94.4
566177300 71190469512 96.3 30663709319480420 94.4
566247600 71190470212 96.3 30663710032933732 94.4
566249400 71190815112 96.3 30663932068098916 94.4
566264800 71190816512 96.3 30663933999021668 94.4
566276600 71190984312 96.3 30664025326460516 94.4
566280100 71191433212 96.3 30664530654961252 94.4
566299200 71191433812 96.3 30664532067810404 94.4
566324400 71191434512 96.3 30664532573181604 94.4
566364300 71191454812 96.3 30664551972095652 94.4
566374500 71191455212 96.3 30664552883294756 94.4
566409300 71191622812 96.3 30664698105385508 94.4
566435200 71191626212 96.3 30664704310848036 94.4
566437200 71191629412 96.3 30664712511895588 94.4
566451400 71191630112 96.3 30664715372076068 94.4
566458300 71191798812 96.3 30664770201091108 94.4
566464300 71191830212 96.3 30664783186251812 94.4
566486100 71192314412 96.3 30665124226191396 94.4
566489300 71192348312 96.3 30665145064939556 94.4
566533700 71192349212 96.3 30665146005995556 94.4
566545900 71192351812 96.3 30665151898533924 94.4
566565800 71192351912 96.3 30665152319025924 94.4
566602100 71192470012 96.3 30665190487462660 94.4
566615200 71192471212 96.3 30665191671586308 94.4
566688500 71192632912 96.3 30665392501038596 94.4
566691100 71192921912 96.3 30665516149095940 94.4
566695100 71192985312 96.3 30665551586975236 94.4
566719600 71193075012 96.3 30665605091606020 94.4
566818900 71193118112 96.3 30665624670281220 94.4
566823800 71193149312 96.3 30665637959840260 94.4
566840400 71194521812 96.3 30667053892907524 94.4
566866700 71194525412 96.3 30667063625950724 94.4
566873400 71194526012 96.3 30667063971841732 94.4
566906900 71194527812 96.3 30667065836719556 94.4
567030100 71194528612 96.3 30667067600127556 94.4
567041100 71194598812 96.3 30667128938886724 94.4
567042100 71194649212 96.3 30667160741899844 94.4
567062100 71194686912 96.3 30667187347195460 94.4
567080100 71194803912 96.3 30667273396610628 94.4
567099800 71194852312 96.3 30667304661870148 94.4
567118600 71194946212 96.3 30667376841942596 94.4
567118900 71195742612 96.3 30668096098035268 94.4
567121300 71195743912 96.3 30668099786017604 94.4
567129600 71195821112 96.3 30668151255948100 94.4
567138600 71195821712 96.3 30668152253175684 94.4
567140200 71196204412 96.3 30668382259222404 94.4
567177000 71197147512 96.4 30668812532062084 94.4
567181100 71197149212 96.4 30668814279165316 94.4
567294400 71197201912 96.4 30668846132938116 94.4
567317200 71197202612 96.4 30668848074272388 94.4
567326100 71197231512 96.4 30668864549964420 94.4
567370400 71197232212 96.4 30668867193836932 94.4
567373100 71197233412 96.4 30668870210094212 94.4
567383100 71197252512 96.4 30668883786771588 94.4
567427900 71197363212 96.4 30668953323302020 94.4
567447000 71197783412 96.4 30669249260743812 94.4
567447200 71197784612 96.4 30669252613624452 94.4
567448700 71197830712 96.4 30669282035053188 94.4
567472100 71197884912 96.4 30669340407546500 94.4
567501100 71197885712 96.4 30669342786343300 94.4
567515700 71198057912 96.4 30669479404794244 94.4
567539000 71198058612 96.4 30669481000820484 94.4
567556300 71198160112 96.4 30669509619738372 94.4
567578800 71198160912 96.4 30669511428190596 94.4
567581900 71198353312 96.4 30669667631804804 94.4
567605600 71198408412 96.4 30669686229676420 94.4
567662400 71198778012 96.4 30669972598501764 94.4
567666900 71198778312 96.4 30669973074970468 94.4
567677000 71198816512 96.4 30669988671322980 94.4
567692600 71198817612 96.4 30669988716993380 94.4
567715600 71198871812 96.4 30670012453503844 94.4
567755400 71199041612 96.4 30670086390104932 94.4
567792400 71199079312 96.4 30670113385102180 94.4
567802200 71199080112 96.4 30670113477773580 94.4
567839000 71199129912 96.4 30670139036504332 94.4
567854100 71199158012 96.4 30670153908343052 94.4
567884200 71199227812 96.4 30670191330349324 94.4
567930400 71199296612 96.4 30670233630990604 94.4
567970900 71199322412 96.4 30670246308281612 94.4
567976800 71199323712 96.4 30670248304425868 94.4
567993200 71199613512 96.4 30670497642937228 94.4
567993500 71199614612 96.4 30670500768544140 94.4
567999100 71199614712 96.4 30670500775302540 94.4
568022900 71199688212 96.4 30670540538426764 94.4
568035700 71199688912 96.4 30670540812781772 94.4
568073000 71199689812 96.4 30670543136827852 94.4
568107300 71199691012 96.4 30670546814135756 94.4
568140600 71199691712 96.4 30670547131925964 94.4
568175100 71199806312 96.4 30670591731529164 94.4
568202900 71199838912 96.4 30670606122062284 94.4
568204200 71199839412 96.4 30670607229916620 94.4
568229400 71199882812 96.4 30670631244789196 94.4
568244200 71200061512 96.4 30670712069281228 94.4
568265800 71200330512 96.4 30670820310529484 94.4
568273500 71200330712 96.4 30670820496897484 94.4
568278100 71200576312 96.4 30670920445441484 94.4
568278600 71200576912 96.4 30670922204579404 94.4
568355300 71200644212 96.4 30670959308949068 94.4
568379000 71200706212 96.4 30670995088320076 94.4
568386900 71200730912 96.4 30671014521388620 94.4
568414100 71200731012 96.4 30671014544326220 94.4
568426000 71201194412 96.4 30671504231906892 94.4
568429700 71201196012 96.4 30671506188099404 94.4
568452700 71201196712 96.4 30671508008847692 94.4
568490200 71201229612 96.4 30671526689896780 94.4
568506600 71201230212 96.4 30671528167178316 94.4
568533500 71201232012 96.4 30671531065485900 94.4
568538900 71201275212 96.4 30671615564925516 94.4
568541400 71201276312 96.4 30671618550988108 94.4
568554800 71201340612 96.4 30671636919983436 94.4
568580100 71201495312 96.4 30671736747916620 94.4
568623700 71201521512 96.4 30671751489457484 94.4
568630200 71201688012 96.4 30671832473537868 94.4
568810800 71201690012 96.4 30671834940280908 94.4
568813600 71201691612 96.4 30671837075821388 94.4
568845500 71201692212 96.4 30671838371599948 94.4
568872500 71201716912 96.4 30671852227151436 94.4
568877400 71201718712 96.4 30671855247787596 94.4
568880500 71201777912 96.4 30671902126888524 94.4
568995800 71201794212 96.4 30671910613635660 94.4
569004500 71201795512 96.4 30671913203685452 94.4
569161500 71201795912 96.4 30671914575346508 94.4
569199800 71201966312 96.4 30672005027191628 94.4
569223200 71201998912 96.4 30672028039551820 94.4
569242000 71206418412 96.4 30675983286311756 94.4
569243000 71206437312 96.4 30675996751921996 94.4
569311100 71206440412 96.4 30676002497370956 94.4
569317700 71206681612 96.4 30676100267563852 94.4
569319200 71206684212 96.4 30676104553296204 94.4
569319500 71206687512 96.4 30676111336227148 94.4
569367300 71206819112 96.4 30676179913355596 94.4
569384100 71207325912 96.4 30676724307439948 94.4
569393900 71207327012 96.4 30676726192338380 94.4
569394000 71207366812 96.4 30676749982406092 94.4
569438800 71207370012 96.4 30676755660895692 94.4
569440700 71207664112 96.4 30676854448182732 94.4
569525300 71208589512 96.4 30677318117381580 94.4
569568500 71210042512 96.4 30679102560294348 94.4
569572000 71210121312 96.4 30679135088543180 94.4
569602800 71210122212 96.4 30679136427766348 94.4
569617100 71210125012 96.4 30679140628874060 94.4
569654400 71210185312 96.4 30679183584895820 94.4
569665800 71210213012 96.4 30679204653437772 94.4
569707600 71210213112 96.4 30679204759031276 94.4
569758300 71210213412 96.4 30679205376912876 94.4
569763800 71220115912 96.4 30686355335114220 94.4
569769500 71220130412 96.4 30686364246316524 94.4
569849500 71220900612 96.4 30686903180432876 94.4
569856900 71220950512 96.4 30686966004491756 94.4
569863400 71220951412 96.4 30686968140567276 94.4
569876500 71220952212 96.4 30686970139609836 94.4
569970100 71221047012 96.4 30687062433696492 94.4
569985000 71221103312 96.4 30687086969148140 94.4
570010400 71221104512 96.4 30687089690191596 94.4
570020600 71221105212 96.4 30687091826049004 94.4
570074000 71221332912 96.4 30687242255368172 94.4
570080300 71221358512 96.4 30687257071621740 94.4
570100600 71221358912 96.4 30687258109888748 94.4
570142000 71221392712 96.4 30687278070466796 94.4
570183100 71222135112 96.4 30688214749907180 94.5
570214500 71222222712 96.4 30688252579690732 94.5
570253900 71222224412 96.4 30688256127871212 94.5
570264500 71222357312 96.4 30688326062065900 94.5
570273400 71222357912 96.4 30688328329487596 94.5
570277700 71222360712 96.4 30688331544970732 94.5
570309000 71222461812 96.4 30688368139187692 94.5
570318900 71222462612 96.4 30688369807638124 94.5
570364600 71222521412 96.4 30688391760682604 94.5
570385200 71222613312 96.4 30688503882399340 94.5
570438900 71222614712 96.4 30688504527541868 94.5
570509600 71222614912 96.4 30688504534914668 94.5
570539900 71223011112 96.4 30688744850364012 94.5
570551700 71223012612 96.4 30688749530785388 94.5
570624200 71223013212 96.4 30688751984080492 94.5
570675900 71223725412 96.4 30689092512708204 94.5
570716100 71223738712 96.4 30689101172830828 94.5
570751600 71223776712 96.4 30689127177386604 94.5
570768300 71223936012 96.4 30689222703209068 94.5
570771400 71223936512 96.4 30689224265309164 94.5
570790300 71223937412 96.4 30689226433057516 94.5
570914000 71223939412 96.4 30689233009048300 94.5
570916500 71223941312 96.4 30689236527228396 94.5
570941300 71223946112 96.4 30689242169428972 94.5
570980100 71224155612 96.4 30689341960186860 94.5
570987300 71224199012 96.4 30689375854380012 94.5
571012200 71224273212 96.4 30689421597955052 94.5
571021200 71224308312 96.4 30689435392050156 94.5
571056500 71224309812 96.4 30689438245885164 94.5
571056900 71224310612 96.4 30689439971209324 94.5
571082900 71224320812 96.4 30689447986457708 94.5
571153700 71224322112 96.4 30689450316447852 94.5
571162100 71224322312 96.4 30689450364575852 94.5
571163300 71224592512 96.4 30689797768519788 94.5
571177900 71224609212 96.4 30689805760545388 94.5
571271800 71224651212 96.4 30689825007524460 94.5
571329800 71224735212 96.4 30689866130283116 94.5
571344200 71224738312 96.4 30689868719109740 94.5
571357600 71224739812 96.4 30689873473526380 94.5
571369500 71224741912 96.4 30689880120242284 94.5
571418900 71224846612 96.4 30689938719547500 94.5
571451100 71224881412 96.4 30689964820418668 94.5
571510700 71224945512 96.4 30689987459768428 94.5
571519500 71224946312 96.4 30689989169957356 94.5
571536500 71224947012 96.4 30689990858386796 94.5
571548400 71225020412 96.4 30690036415221100 94.5
571584000 71225076012 96.4 30690053381434732 94.5
571598300 71225076412 96.4 30690054062221804 94.5
571615400 71225098212 96.4 30690067815059948 94.5
571631500 71225187112 96.4 30690129275863532 94.5
571641600 71225231212 96.4 30690160241277420 94.5
571681000 71225232812 96.4 30690162298956268 94.5
571703100 71225251412 96.4 30690173063477740 94.5
571736300 71225383012 96.4 30690235836897772 94.5
571802300 71225384812 96.4 30690239000044012 94.5
571803500 71225385512 96.4 30690240946423276 94.5
571813500 71225439512 96.4 30690273741372908 94.5
571881900 71225439812 96.4 30690275007417964 94.5
571920700 71225609912 96.4 30690458195906156 94.5
571928000 71225640112 96.4 30690477088700012 94.5
571938600 71225640512 96.4 30690478776778860 94.5
571945900 71225712612 96.4 30690534709256300 94.5
571988000 71225713612 96.4 30690537229704812 94.5
571988400 71232188812 96.4 30696369634860652 94.5
571988800 71232222312 96.4 30696384250574444 94.5
571998100 71232223012 96.4 30696385700639340 94.5
572030700 71232249712 96.4 30696400512332396 94.5
572059000 71232249812 96.4 30696400519090796 94.5
572085500 71232386712 96.4 30696515763008108 94.5
572085900 71237303812 96.4 30700760396034668 94.5
572091100 71237436212 96.4 30700815546720876 94.5
572119700 71237510012 96.4 30700864152056428 94.5
572122000 71237511112 96.4 30700865910963308 94.5
572136200 71237511912 96.4 30700869022563436 94.5
572139700 71237539212 96.4 30700886047035500 94.5
572155700 71237546912 96.4 30700895486752876 94.5
572157800 71237547012 96.4 30700895493511276 94.5
572163200 71237580812 96.4 30700905303398508 94.5
572214300 71237629912 96.4 30700924485122156 94.5
572243600 71237687412 96.4 30700937620378732 94.5
572260600 71237745512 96.4 30700967937692780 94.5
572390900 71238148112 96.4 30701217416991852 94.5
572419800 71243745112 96.4 30703745853019244 94.5
572427800 71243790012 96.4 30703769234605164 94.5
572442600 71243907612 96.4 30703821896799340 94.5
572492600 71248912212 96.4 30706216420234348 94.5
572549800 71249050812 96.4 30706290185213036 94.5
572571400 71249086112 96.4 30706320646732908 94.5
572578300 71249469612 96.4 30706668785728620 94.5
572582100 71249499912 96.4 30706685531526252 94.5
572592900 71249731912 96.4 30706934198309996 94.5
572632300 71249939312 96.4 30707066896946284 94.5
572670900 71250017812 96.4 30707120536654956 94.5
572684900 71250020612 96.4 30707126557266540 94.5
572712600 71250153112 96.4 30707231086146156 94.5
572714400 71250154912 96.4 30707233007598956 94.5
572727600 71250156012 96.4 30707235853746796 94.5
572744700 71250166112 96.4 30707245813170796 94.5
572754000 71250167312 96.4 30707246896496748 94.5
572829800 71250168512 96.4 30707249986029164 94.5
572840800 71250170812 96.4 30707256015701612 94.5
572866000 71250174312 96.4 30707260228570732 94.5
572940600 71250497612 96.4 30707481895882348 94.5
572980000 71250498512 96.4 30707483482223212 94.5
572994300 71250500712 96.4 30707488256957036 94.5
573019400 71250753812 96.4 30707552777017964 94.5
573025900 71250824512 96.4 30707565360674412 94.5
573043100 71250839812 96.4 30707575257349740 94.5
573098100 71250840612 96.4 30707578033644396 94.5
573124400 71250887612 96.4 30707600718463852 94.5
573142400 71250935012 96.4 30707621658076012 94.5
573207000 71250962312 96.4 30707630081586028 94.5
573366900 71251007912 96.4 30707654728569708 94.5
573433400 71251086412 96.4 30707687351065452 94.5
573489000 71251088212 96.4 30707689270147436 94.5
573548600 71251113112 96.4 30707705859966316 94.5
573554500 71251117412 96.4 30707709442487404 94.5
573640100 71251137112 96.4 30707759811462252 94.5
573717300 71251658912 96.4 30708319110038636 94.5
573789100 71251659412 96.4 30708320591727084 94.5
573797700 71251660312 96.4 30708322862290412 94.5
573912200 71251661012 96.4 30708324422612972 94.5
573922700 71251710412 96.4 30708348747605996 94.5
573941200 71251801212 96.4 30708407652792300 94.5
573948100 71251805912 96.4 30708409898049260 94.5
573981300 71251861712 96.4 30708440198946540 94.5
573997200 71251862512 96.4 30708441919125228 94.5
574005800 71251881812 96.4 30708451648533228 94.5
574023400 71264678912 96.4 30717871986111212 94.5
574084500 71264680512 96.4 30717874005621228 94.5
574256100 71264809612 96.4 30717943861393900 94.5
574280900 71264811012 96.4 30717947081638636 94.5
574303700 71264811912 96.4 30717947953189228 94.5
574336800 71264812712 96.4 30717950150913900 94.5
574343100 71264906612 96.4 30717989687873388 94.5
574380600 71265209612 96.4 30718293618413420 94.5
574437400 71265277512 96.4 30718339426799468 94.5
574524100 71265278912 96.4 30718342679231852 94.5
574556300 71265285312 96.4 30718351609077100 94.5
574627000 71265339412 96.4 30718388846173548 94.5
574634700 71265416012 96.4 30718412426329452 94.5
574696000 71265417512 96.4 30718415203767404 94.5
574820200 71265417712 96.4 30718415440925804 94.5
574829900 71265644912 96.4 30718519802672236 94.5
574838600 71265645212 96.4 30718520065840236 94.5
574891400 71265647512 96.4 30718524476575852 94.5
574902000 71265924012 96.4 30718782752493676 94.5
574908800 71265925112 96.4 30718785887683948 94.5
574924200 71265992912 96.4 30718812259026284 94.5
574995900 71265993312 96.4 30718812319851884 94.5
575046000 71266511212 96.4 30719295545091436 94.5
575082200 71266654512 96.4 30719382305916268 94.5
575129400 71266658512 96.4 30719390532767084 94.5
575170400 71266823712 96.4 30719489066962284 94.5
575194300 71266838412 96.4 30719500413594988 94.5
575237700 71266839012 96.4 30719501929917164 94.5
575399600 71266839112 96.4 30719502240393964 94.5
575437300 71266887612 96.4 30719513817413356 94.5
575459600 71266992312 96.4 30719572991543020 94.5
575504700 71267010412 96.4 30719588233836268 94.5
575551200 71267011412 96.4 30719589780920300 94.5
575553300 71267041512 96.4 30719618973521900 94.5
575588500 71267347912 96.4 30719854101125100 94.5
575626900 71267348812 96.4 30719856092991468 94.5
575710500 71267349512 96.4 30719856851291884 94.5
575731000 71267403512 96.4 30719888298145516 94.5
575801600 71267445012 96.4 30719910965225196 94.5
575899300 71267448112 96.4 30719913506964972 94.5
576042600 71267514412 96.4 30719952774092268 94.5
576043800 71267555612 96.4 30720003977782764 94.5
576077400 71268108912 96.4 30720758719194604 94.6
576172400 71268109812 96.4 30720761752829164 94.6
576208800 71268110612 96.4 30720764371760108 94.6
576241300 71268140012 96.4 30720783622003692 94.6
576349300 71268171912 96.4 30720797704834028 94.6
576358300 71268270012 96.4 30720854142700524 94.6
576366900 71268270312 96.4 30720855059314732 94.6
576489300 71268486612 96.4 30720945396234284 94.6
576531500 71268487212 96.4 30720946107030380 94.6
576538100 71268592112 96.4 30720988990249836 94.6
576586800 71268858212 96.4 30721224432655212 94.6
576707300 71268858812 96.4 30721225949822444 94.6
576747500 71269002912 96.4 30721276750220780 94.6
576808400 71269004712 96.4 30721279493349356 94.6
576920400 71269082212 96.4 30721325527130092 94.6
576933900 71269193512 96.4 30721396137328620 94.6
576963900 71269455012 96.4 30721580859998188 94.6
577001300 71269571512 96.4 30721656559534060 94.6
577096600 71269572612 96.4 30721658322835820 94.6
577113800 71269813612 96.4 30721750416701804 94.6
577136400 71269911512 96.4 30721798056847724 94.6
577218800 71269961912 96.4 30721813949871468 94.6
577268200 71269994012 96.4 30721842284987756 94.6
577303900 71270031912 96.4 30721860668829036 94.6
577328200 71270033812 96.4 30721864681647468 94.6
577408200 71271637112 96.5 30722796960673132 94.6
577428500 71271637712 96.5 30722798751541612 94.6
577456100 71272042112 96.5 30723082377193836 94.6
577478700 71272088812 96.5 30723115291533676 94.6
577511700 71272089312 96.5 30723116710320620 94.6
577648300 71272166512 96.5 30723145337879020 94.6
577947800 71272226012 96.5 30723185704667628 94.6
578002300 71272398712 96.5 30723361180633580 94.6
578140900 71272470412 96.5 30723413021428204 94.6
578256600 71272868112 96.5 30723577458002412 94.6
578299300 71272883812 96.5 30723586130861548 94.6
578355800 71272883912 96.5 30723586236446044 94.6
578483300 71272900112 96.5 30723597419861340 94.6
578543300 71272974212 96.5 30723638458844508 94.6
578566900 71273288712 96.5 30723850039969116 94.6
578611900 71273381412 96.5 30723936341149020 94.6
578685900 71273414012 96.5 30723953563096412 94.6
578696000 71273606012 96.5 30724113534719324 94.6
578729800 71273849712 96.5 30724216413590876 94.6
578802500 71273853612 96.5 30724225344425308 94.6
578918800 71273871112 96.5 30724236977176924 94.6
579092900 71273871912 96.5 30724238365194204 94.6
579217400 71274623812 96.5 30724782496577500 94.6
579465200 71274625712 96.5 30724787015212508 94.6
579505600 71274626812 96.5 30724790762855388 94.6
579594500 71274627812 96.5 30724793304899036 94.6
579732300 71274642212 96.5 30724809585571292 94.6
579773400 71274643512 96.5 30724813305935324 94.6
579834900 71274657512 96.5 30724823406943708 94.6
579991100 71274691912 96.5 30724841424709084 94.6
580033200 71274721612 96.5 30724860784219612 94.6
580133800 71274723112 96.5 30724862194896988 94.6
580140100 71274765812 96.5 30724895309643868 94.6
580143600 71274766512 96.5 30724896811136220 94.6
580210800 71274779512 96.5 30724904823409372 94.6
580227400 71274912712 96.5 30725032926481116 94.6
580254900 71279332312 96.5 30727122242865884 94.6
580357300 71279344612 96.5 30727127386640092 94.6
580366300 71279381712 96.5 30727170648342236 94.6
580387400 71279382312 96.5 30727171467676252 94.6
580449500 71279738912 96.5 30727434404104796 94.6
580474800 71279764212 96.5 30727449946652252 94.6
580686400 71279996412 96.5 30727594627006044 94.6
580688000 71280090912 96.5 30727646957526620 94.6
580719000 71280151212 96.5 30727687126720092 94.6
580728100 71280204112 96.5 30727712637593180 94.6
580797500 71280610112 96.5 30728036667139676 94.6
580824200 71280699012 96.5 30728051842341468 94.6
581005400 71280699712 96.5 30728054151237212 94.6
581078700 71280756212 96.5 30728093777477212 94.6
581166100 71280900412 96.5 30728161719819868 94.6
581168000 71280962112 96.5 30728195471738460 94.6
581277100 71281751112 96.5 30728575069849180 94.6
581545000 71292584612 96.5 30736349090154076 94.6
581677100 71292591812 96.5 30736355046793820 94.6
582000700 71292594712 96.5 30736356290706012 94.6
582127700 71292596812 96.5 30736361848105564 94.6
582434100 71292782912 96.5 30736482996824668 94.6
582566200 71292835112 96.5 30736513250462300 94.6
582588400 71292836912 96.5 30736514566080604 94.6
582597900 71292837712 96.5 30736516753791580 94.6
582686300 71292838212 96.5 30736518070208220 94.6
582756100 71292839212 96.5 30736520183242972 94.6
582772000 71292904512 96.5 30736533820969180 94.6
582803600 71292932112 96.5 30736540202407644 94.6
582830900 71298688012 96.5 30741785820763868 94.6
582915100 71300398512 96.5 30744066721289948 94.6
582936100 71300400012 96.5 30744069920610012 94.6
583043400 71300494712 96.5 30744132113917660 94.6
583057900 71301040512 96.5 30744606132856540 94.6
583234800 71301041012 96.5 30744606713389340 94.6
583354700 71301120012 96.5 30744660558856476 94.6
583458700 71301120812 96.5 30744660624073676 94.6
583555700 71301178712 96.5 30744702518649804 94.6
583591400 71301209712 96.5 30744721580923852 94.6
583594600 71301211512 96.5 30744725851648972 94.6
583707800 71301224212 96.5 30744735491760076 94.6
583709400 71301357712 96.5 30744815114502092 94.6
584225500 71301358012 96.5 30744816039414988 94.6
584317800 71301358412 96.5 30744817310150732 94.6
584612800 71301404212 96.5 30744850167781452 94.6
584654800 71301641312 96.5 30744884081305676 94.6
584703200 71301689112 96.5 30744914530328652 94.6
584711700 71301689812 96.5 30744914853093452 94.6
584746200 71301822912 96.5 30744980373594188 94.6
584884300 71301823012 96.5 30744980380147788 94.6
584966900 71301841212 96.5 30744989482060876 94.6
585218600 71301842112 96.5 30744992858528844 94.6
585229400 71301842212 96.5 30744993068781644 94.6
585232200 71301876512 96.5 30745014749589580 94.6
585263700 71301876612 96.5 30745014959843788 94.6
585485000 71302023612 96.5 30745129463212492 94.6
585582200 71302025312 96.5 30745133800143308 94.6
585659900 71302045812 96.5 30745142867676620 94.6
585707000 71302047812 96.5 30745146598179532 94.6
585881800 71302048612 96.5 30745148229695436 94.6
585894700 71302193112 96.5 30745254791247820 94.6
585914400 71302193812 96.5 30745256831125068 94.6
586023600 71302283112 96.5 30745300481451596 94.6
586295200 71302371012 96.5 30745355770635852 94.6
586310700 71302424612 96.5 30745389345902156 94.6
586530600 71302585312 96.5 30745447531929164 94.6
586540100 71302586812 96.5 30745450739650380 94.6
586608800 71302621712 96.5 30745466202020684 94.6
586618600 71302625112 96.5 30745472771598156 94.6
586681800 71302638812 96.5 30745482126142284 94.6
587067200 71302665212 96.5 30745494726656844 94.6
587090500 71302730912 96.5 30745537090900812 94.6
587607500 71302731212 96.5 30745537316238108 94.6
587674700 71302732312 96.5 30745541175548700 94.6
587722400 71302750112 96.5 30745563178775324 94.6
587832500 71303661312 96.5 30746108506256156 94.6
587945500 71303829912 96.5 30746188740424476 94.6
588293600 71303830612 96.5 30746190499904028 94.6
588330700 71303856812 96.5 30746208596986396 94.6
589001800 71303858112 96.5 30746212030432284 94.6
589437600 71303946412 96.5 30746265139295260 94.6
589581300 71303979612 96.5 30746288134493212 94.6
589805700 71303980912 96.5 30746290229735964 94.6
589930000 71303982112 96.5 30746293184350748 94.6
590330700 71304115812 96.5 30746367122868764 94.6
590483800 71306422112 96.5 30747554181286428 94.6
590556600 71306701412 96.5 30747688210680348 94.6
590618800 71306731212 96.5 30747706603069980 94.6
590701600 71306731812 96.5 30747708529921820 94.6
590855300 71307057812 96.5 30747858378411804 94.6
591402400 71307125412 96.5 30747902081376028 94.6
591632400 71307127712 96.5 30747907987883804 94.6
592455600 71307132112 96.5 30747912590954268 94.6
592493900 71307133812 96.5 30747914623346716 94.6
592509300 71307173912 96.5 30747937876269084 94.6
592909300 71307192112 96.5 30747954341310492 94.6
593127200 71307206512 96.5 30747964583435292 94.6
593299200 71307224412 96.5 30747973005300252 94.6
593846100 71307275812 96.5 30748003045360156 94.6
594536500 71307277712 96.5 30748005801730844 94.6
595368800 71307306012 96.5 30748021186050844 94.6
595623600 71307313812 96.5 30748028732454172 94.6
595633800 71307314512 96.5 30748030104453276 94.6
595844700 71307315612 96.5 30748032181882012 94.6
596723700 71307316212 96.5 30748033099222620 94.6
596894900 71307355412 96.5 30748047391897180 94.6
596920800 71307388712 96.5 30748067365731932 94.6
597428300 71307392012 96.5 30748071455402076 94.6
597499000 71307393012 96.5 30748071645047276 94.6
597718700 71307393912 96.5 30748073039487852 94.6
597989900 71307408812 96.5 30748085187602284 94.6
598044300 71307410312 96.5 30748089551581036 94.6
598233000 71307432112 96.5 30748103158097772 94.6
598407800 71307497612 96.5 30748121298591596 94.6
598416900 71307499512 96.5 30748124642055276 94.6
598441300 71307521812 96.5 30748176719365228 94.6
598801000 71307523612 96.5 30748180298123372 94.6
599487700 71307524712 96.5 30748181862657388 94.6
599514700 71307525512 96.5 30748182195465100 94.6
599573900 71307526212 96.5 30748183408813452 94.6
599641900 71307627812 96.5 30748233885537676 94.6
599760300 71307675512 96.5 30748258986118540 94.6
599807600 71307676712 96.5 30748262171894156 94.6
599996600 71308090812 96.5 30748514345066892 94.6
600201700 71308092612 96.5 30748520145982860 94.6
600591100 71308116512 96.5 30748528721140108 94.6
600628800 71308182112 96.5 30748550525766028 94.6
600857800 71308182812 96.5 30748553070009228 94.6
600932700 71308224912 96.5 30748579553227660 94.6
601223000 71308226012 96.5 30748582331589516 94.6
601339100 71308238212 96.5 30748599979244428 94.6
601350000 71308239012 96.5 30748602504801164 94.6
601369100 71308332212 96.5 30748666383338380 94.6
601459700 71308368212 96.5 30748695022201740 94.6
601491500 71308368912 96.5 30748697192162188 94.6
601579900 71308547312 96.5 30748779418551180 94.6
601665000 71308732712 96.5 30748891441849228 94.6
602047900 71309562312 96.5 30749498350560140 94.6
602055900 71309564012 96.5 30749500690014092 94.6
602362600 71309564312 96.5 30749501639619404 94.6
602788600 71322074812 96.5 30758570837406540 94.7
602866700 71323450512 96.5 30759476680651596 94.7
602874500 71323452112 96.5 30759481451510604 94.7
602878800 71323452912 96.5 30759482722939084 94.7
602942800 71323454712 96.5 30759487407933644 94.7
602971600 71323455412 96.5 30759489224404044 94.7
603132100 71323455812 96.5 30759490200917132 94.7
603299800 71323507212 96.5 30759510466622604 94.7
603301700 71323611812 96.5 30759554963141772 94.7
603314700 71323680112 96.5 30759602535232652 94.7
603367000 71323739512 96.5 30759641708897420 94.7
603529100 71329012112 96.5 30762128783058060 94.7
603706000 71329013212 96.5 30762131426487436 94.7
603714700 71329013912 96.5 30762133428726668 94.7
603800500 71329033612 96.5 30762143802090380 94.7
604303500 71329505812 96.5 30762394688742284 94.7
604397200 71329536912 96.5 30762413290746764 94.7
604408600 71329537512 96.5 30762415454550924 94.7
604482100 71329579512 96.5 30762428086992780 94.7
604818700 71329581912 96.5 30762431101515660 94.7
605023700 71329584112 96.5 30762438886791564 94.7
605039500 71329653412 96.5 30762473269864844 94.7
605078700 71329654612 96.5 30762476356764044 94.7
605465600 71329656512 96.5 30762478436600204 94.7
605538200 71329657212 96.5 30762480757825420 94.7
605589600 71329692712 96.5 30762507233652620 94.7
605728500 71329712012 96.5 30762523166643084 94.7
605813100 71329713112 96.5 30762526219423372 94.7
606004700 71329715112 96.5 30762530133208972 94.7
606020400 71329761912 96.5 30762558898827148 94.7
606257100 71329762512 96.5 30762559957288716 94.7
606344100 71329868312 96.5 30762635307632396 94.7
606430000 71329869312 96.5 30762637969167628 94.7
606474300 71330180312 96.5 30762870671004940 94.7
606529700 71330181412 96.5 30762873039749132 94.7
606570200 71330182712 96.5 30762877705040396 94.7
606603100 71330205812 96.5 30762898511684108 94.7
606700700 71331975712 96.5 30765221767340556 94.7
606980900 71332390512 96.5 30765473405788684 94.7
607135200 71332501712 96.5 30765539704033804 94.7
607138800 71332644012 96.5 30765645554364940 94.7
607147100 71332645312 96.5 30765648984930060 94.7
607303700 71332647412 96.5 30765651996067084 94.7
607389900 71332648912 96.5 30765654974910988 94.7
607607900 71332985112 96.5 30765793557991948 94.7
607685000 71333014112 96.5 30765812839281164 94.7
607696200 71333024112 96.5 30765824692761100 94.7
607736100 71333024212 96.5 30765824701362700 94.7
607742000 71333028412 96.5 30765838429530636 94.7
607742400 71333030812 96.5 30765841830569484 94.7
607753000 71333033012 96.5 30765844329069068 94.7
607805800 71333073012 96.5 30765868051827212 94.7
607989500 71333102212 96.5 30765886269975052 94.7
608041200 71333133512 96.5 30765899976776204 94.7
608416500 71333498112 96.5 30766067546528268 94.7
608579600 71333630312 96.5 30766123443603980 94.7
608668500 71333780012 96.5 30766209069517324 94.7
608758900 71333781312 96.5 30766209670022988 94.7
608928800 71333782112 96.5 30766212456315212 94.7
608957200 71333867612 96.5 30766275530832204 94.7
609102800 71333890412 96.5 30766291886744908 94.7
609479000 71333892112 96.5 30766294452123212 94.7
609505700 71334028112 96.5 30766375387682380 94.7
609516000 71334100712 96.5 30766420153173580 94.7
609553200 71334102612 96.5 30766421528258892 94.7
609565300 71334133112 96.5 30766440121268556 94.7
609849600 71334134412 96.5 30766442244247500 94.7
609881700 71334136112 96.5 30766445878444236 94.7
609926500 71334137012 96.5 30766448837874636 94.7
609935800 71334137912 96.5 30766450743721292 94.7
610031500 71334139312 96.5 30766453070659404 94.7
610085400 71334140412 96.5 30766456828303436 94.7
610105700 71334144812 96.5 30766459955460172 94.7
610499600 71334147412 96.5 30766464969919052 94.7
610722000 71334148812 96.5 30766467938418764 94.7
610738600 71334165612 96.5 30766477981206604 94.7
610766900 71334253312 96.5 30766527770056780 94.7
610827700 71334254312 96.5 30766530795405132 94.7
610859300 71334425412 96.5 30766642105089868 94.7
610936200 71334508312 96.5 30766685320113996 94.7
610937200 71334509512 96.5 30766687878066508 94.7
611194800 71334511112 96.5 30766689885583180 94.7
611288200 71335801112 96.5 30767959536138060 94.7
611386000 71335802412 96.5 30767963860648268 94.7
611395700 71335803512 96.5 30767967172581196 94.7
611402600 71335803712 96.5 30767967382501196 94.7
611448000 71335804312 96.5 30767968774985292 94.7
611700800 71335907212 96.5 30768019361498700 94.7
612005100 71335946412 96.5 30768034007389772 94.7
612142000 71335968912 96.5 30768044268418636 94.7
612249200 71335969512 96.5 30768045984913484 94.7
612292900 71336012812 96.5 30768059354047564 94.7
612299000 71336013512 96.5 30768059552209660 94.7
612383700 71336015312 96.5 30768064831448316 94.7
612394700 71336065712 96.5 30768078295570684 94.7
612450300 71336231212 96.5 30768184115951868 94.7
612454900 71336231812 96.5 30768186027718268 94.7
612510900 71336232812 96.5 30768188804653436 94.7
612656800 71336237912 96.5 30768201991691644 94.7
612817800 71336239412 96.5 30768204785725820 94.7
612929000 71336244112 96.5 30768212281521020 94.7
612963900 71336280212 96.5 30768233764975484 94.7
613036000 71336309412 96.5 30768250581142396 94.7
613103200 71336311012 96.5 30768254565443196 94.7
613162200 71336313112 96.5 30768261118563452 94.7
613329400 71336314412 96.5 30768265806336636 94.7
613855400 71336412212 96.5 30768306945094268 94.7
614176200 71336412412 96.5 30768306952262268 94.7
614254200 71336762412 96.5 30768531168678524 94.7
614278900 71336763712 96.5 30768535638561916 94.7
614324700 71336765712 96.5 30768539870072700 94.7
614347200 71336766812 96.5 30768542250566524 94.7
614429800 71337184212 96.5 30768713672016764 94.7
614532800 71337225212 96.5 30768738295475068 94.7
614560500 71337226512 96.5 30768740716093820 94.7
614584400 71337230712 96.5 30768752039851388 94.7
614657600 71338198312 96.5 30769876928853372 94.7
614928200 71338199912 96.5 30769880597107324 94.7
614949100 71338287912 96.5 30769933444989564 94.7
615005900 71338288812 96.5 30769936028452732 94.7
615082200 71338568912 96.5 30770082259109756 94.7
615134900 71353581612 96.6 30781000166639484 94.7
615243700 71353636312 96.6 30781035761813372 94.7
615325500 71353721512 96.6 30781082423777148 94.7
615334300 71353750012 96.6 30781103169367932 94.7
615416500 71353751412 96.6 30781106761354108 94.7
615555500 71353751612 96.6 30781107319024508 94.7
615607600 71353752612 96.6 30781109557157756 94.7
615656300 71353754512 96.6 30781115705864572 94.7
616008300 71353754812 96.6 30781117566115580 94.7
616062300 71353785412 96.6 30781144298409724 94.7
616235000 71353834012 96.6 30781173670559484 94.7
616412500 71353927412 96.6 30781233429143292 94.7
617051000 71353928812 96.6 30781236928256508 94.7
617477700 71353929612 96.6 30781238133693052 94.7
617597800 71354423712 96.6 30781343060982396 94.7
617758800 71354446412 96.6 30781364459645564 94.7
617808200 71354446712 96.6 30781364607101564 94.7
617916200 71354448912 96.6 30781369874794620 94.7
618531200 71354449712 96.6 30781371369324668 94.7
618548500 71354479812 96.6 30781399902013564 94.7
618721100 71354503612 96.6 30781417576804476 94.7
618745800 71354503812 96.6 30781417758257276 94.7
618888500 71354507712 96.6 30781426352437372 94.7
618902700 71355213412 96.6 30781900415744124 94.7
618981900 71355214212 96.6 30781900776084028 94.7
619625000 71355215112 96.6 30781902744490300 94.7
620056900 71355215512 96.6 30781904175205948 94.7
620122700 71355242312 96.6 30781921076521532 94.7
620150000 71355299012 96.6 30781950475919932 94.7
620487400 71355302812 96.6 30781956839481404 94.7
620634600 71355305812 96.6 30781959784968508 94.7
620868100 71362575912 96.6 30788653321105724 94.8
621136100 71362643412 96.6 30788684708223292 94.8
621392200 71362746412 96.6 30788744518158652 94.8
621510500 71362836012 96.6 30788808835070268 94.8
621560000 71363086412 96.6 30788970371512636 94.8
621594100 71363353212 96.6 30789072640563516 94.8
621949600 71363355012 96.6 30789078862047036 94.8
622126600 71363421812 96.6 30789149563897660 94.8
622487200 71363543212 96.6 30789215894439740 94.8
622962400 71372463312 96.6 30793584885172028 94.8
622999000 71373202712 96.6 30793883202029372 94.8
623147100 71373205712 96.6 30793898408224572 94.8
623547600 71373291712 96.6 30793951606220604 94.8
623558300 71373291812 96.6 30793951616255804 94.8
625311500 71373295912 96.6 30793958158811964 94.8
625553000 71373489412 96.6 30794053831426876 94.8
626184400 71373574012 96.6 30794119836812092 94.8
626281500 71373616112 96.6 30794135192870716 94.8
626310000 71373616512 96.6 30794135746649916 94.8
626311300 71373616612 96.6 30794135983808316 94.8
627265700 71373616712 96.6 30794135989337916 94.8
627422400 71374629112 96.6 30794641096818492 94.8
627443100 71374629812 96.6 30794641426139900 94.8
627585400 71374630712 96.6 30794643767712508 94.8
627743000 71374632412 96.6 30794648211561724 94.8
628108600 71374633112 96.6 30794650490472700 94.8
628154200 71374697512 96.6 30794694366836988 94.8
628179400 71374700212 96.6 30794700792077564 94.8
628472700 71374780312 96.6 30794746057022716 94.8
628736100 71374783112 96.6 30794754529889532 94.8
628790700 71374784612 96.6 30794759528646908 94.8
628982100 71374787112 96.6 30794766767342332 94.8
629683000 71374815712 96.6 30794784617071356 94.8
630041800 71374847112 96.6 30794797846022908 94.8
630437300 71374876012 96.6 30794820624939772 94.8
630622000 71374877612 96.6 30794823325685756 94.8
630632200 71374910812 96.6 30794848769951740 94.8
630650800 71374911512 96.6 30794851721442044 94.8
630738300 71374911912 96.6 30794851806667844 94.8
630781000 71374914312 96.6 30794859311788100 94.8
630807700 71375003012 96.6 30794910883545156 94.8
631169000 71375004112 96.6 30794912058670148 94.8
631316500 71375008012 96.6 30794919703572036 94.8
631880700 71379185012 96.6 30799226181611076 94.8
631935400 71379188312 96.6 30799234935074372 94.8
631967100 71379189912 96.6 30799235834513476 94.8
632027300 71379191912 96.6 30799241345976900 94.8
632027800 71379193412 96.6 30799244089668164 94.8
632408900 71379195112 96.6 30799249274233412 94.8
632456200 71379407812 96.6 30799334126502468 94.8
632981700 71379408912 96.6 30799336589268292 94.8
633393500 71379411612 96.6 30799342467782980 94.8
633585500 71379412312 96.6 30799344465436612 94.8
633628800 71379415112 96.6 30799347228081604 94.8
633647300 71379633412 96.6 30799444837875140 94.8
633781800 71379635012 96.6 30799446961672772 94.8
633931500 71379638812 96.6 30799456059779652 94.8
633989200 71379639812 96.6 30799458808650820 94.8
634048100 71379640612 96.6 30799460009393220 94.8
634123600 71379642112 96.6 30799462972308036 94.8
634171200 71379869112 96.6 30799595572877892 94.8
634280600 71379869612 96.6 30799596358900292 94.8
634374000 71379870212 96.6 30799598098557380 94.8
634400700 71379936012 96.6 30799631096324548 94.8
634578500 71379938112 96.6 30799634193366724 94.8
634593300 71379948912 96.6 30799643802324676 94.8
634624100 71379949412 96.6 30799644070612676 94.8
634708100 71379951912 96.6 30799650114077892 94.8
634742400 71380025612 96.6 30799683907761348 94.8
634768800 71381792712 96.6 30800585519871172 94.8
634990300 71381797712 96.6 30800594274868420 94.8
635316500 71381798912 96.6 30800598402364100 94.8
635502600 71381957512 96.6 30800670759899844 94.8
635985200 71382076112 96.6 30800735178580676 94.8
636167900 71382077712 96.6 30800740702014148 94.8
636187600 71382311212 96.6 30800847304411844 94.8
636314400 71382311712 96.6 30800848738611524 94.8
636361800 71382312912 96.6 30800850538473028 94.8
636589600 71382359712 96.6 30800868864685636 94.8
636898600 71382394812 96.6 30800887857456708 94.8
637325000 71382395912 96.6 30800891727596356 94.8
637411500 71382396112 96.6 30800892571677380 94.8
637437200 71382397212 96.6 30800892802226276 94.8
637500400 71382399712 96.6 30800898432283236 94.8
637599500 71382400612 96.6 30800900138840676 94.8
637912000 71382401912 96.6 30800905308574308 94.8
637938600 71382403212 96.6 30800909519634532 94.8
638384700 71382405412 96.6 30800913357855332 94.8
638676000 71382409112 96.6 30800921866943588 94.8
639048700 71382692812 96.6 30801080040914020 94.8
639092200 71382694312 96.6 30801083452465764 94.8
639113400 71382694512 96.6 30801083585585764 94.8
639349900 71382696512 96.6 30801084676539236 94.8
640090400 71382697212 96.6 30801087103221604 94.8
640258900 71382699412 96.6 30801093058206052 94.8
640549800 71383026512 96.6 30801312352606564 94.8
640801300 71383028212 96.6 30801314583305828 94.8
641096200 71383030512 96.6 30801317712004196 94.8
641616800 71383131812 96.6 30801368157234276 94.8
641737300 71383132512 96.6 30801370431125092 94.8
641787600 71383138412 96.6 30801381920341604 94.8
641962000 71383215212 96.6 30801425234779748 94.8
642062000 71383262612 96.6 30801457404728932 94.8
642417300 71384032412 96.6 30801912147465828 94.8
642665400 71384032612 96.6 30801912233277028 94.8
642668800 71384032812 96.6 30801912332605028 94.8
642670000 71384034412 96.6 30801917031408740 94.8
642853400 71384034912 96.6 30801917603469028 94.8
643029700 71384654512 96.6 30802505450575588 94.8
643058500 71384655912 96.6 30802508657218276 94.8
643317400 71385138312 96.6 30802703355613924 94.8
643434200 71386013612 96.6 30803328892146404 94.8
643658000 71386015412 96.6 30803332202531812 94.8
643748800 71386016312 96.6 30803334039812836 94.8
643774700 71386050912 96.6 30803355967544036 94.8
643912500 71386052212 96.6 30803359972597220 94.8
644112400 71386304312 96.6 30803509930647012 94.8
644269100 71386305312 96.6 30803512640978404 94.8
644335300 71388313312 96.6 30804926995545572 94.8
644342000 71388314512 96.6 30804930688711396 94.8
644796800 71388316412 96.6 30804932020220644 94.8
644963100 71388413312 96.6 30804985883128548 94.8
645004900 71388414512 96.6 30804987754960868 94.8
645109400 71388557212 96.6 30805059988314084 94.8
645311900 71388581612 96.6 30805072622288868 94.8
645345800 71388843512 96.6 30805181761019876 94.8
645503900 71388846312 96.6 30805190384302052 94.8
645844800 71388850112 96.6 30805199338110948 94.8
646051700 71394993612 96.6 30810942148739044 94.8
646064200 71394997712 96.6 30810953536345060 94.8
646345500 71394998512 96.6 30810955384177124 94.8
646431300 71395001312 96.6 30810956252362980 94.8
646439800 71395299112 96.6 30811113352050916 94.8
646470400 71395465712 96.6 30811196340459748 94.8
646515400 71396020812 96.6 30811377498888420 94.8
646665900 71396171912 96.6 30811439217064164 94.8
646741600 71396177312 96.6 30811445894630628 94.8
646913800 71396193312 96.6 30811455764890852 94.8
646921800 71396547412 96.6 30811731365397732 94.8
647276600 71396549412 96.6 30811737227880164 94.8
647343600 71396549512 96.6 30811737291163364 94.8
647352900 71396558712 96.6 30811745491221220 94.8
647433000 71396563712 96.6 30811751933468388 94.8
647689400 71396567112 96.6 30811761823651556 94.8
647702300 71396567512 96.6 30811762881800164 94.8
647813600 71396567712 96.6 30811762912724964 94.8
647820600 71396740612 96.6 30811853344843748 94.8
647916200 71396741212 96.6 30811854606365284 94.8
647940700 71396741512 96.6 30811855872409572 94.8
648231600 71397064812 96.6 30812011548131300 94.8
648389000 71397132112 96.6 30812061570502628 94.8
648433700 71397133612 96.6 30812062721543012 94.8
648464000 71398279112 96.6 30813355770547044 94.8
648521900 71398313112 96.6 30813373422988132 94.8
648552100 71398316612 96.6 30813381890810724 94.8
648667100 71398317512 96.6 30813383212129380 94.8
648843200 71400481112 96.6 30815451079367780 94.8
648921500 71400481812 96.6 30815451273518180 94.8
648996500 71400554012 96.6 30815490707557476 94.8
649173500 71400569312 96.6 30815506882280548 94.8
649239300 71400570512 96.6 30815509012179684 94.8
649359700 71400603712 96.6 30815521139203812 94.8
649361100 71400658412 96.6 30815550146238180 94.8
649405300 71400659312 96.6 30815552006493028 94.8
649422900 71400660412 96.6 30815552836467940 94.8
649548800 71400660912 96.6 30815554152064356 94.8
649831000 71401182712 96.6 30815879435019620 94.8
649874400 71408188112 96.6 30822480343623012 94.9
650071100 71408253712 96.6 30822507210536292 94.9
650075600 71408255812 96.6 30822512683687780 94.9
650080200 71408255912 96.6 30822512690446180 94.9
650143200 71408258212 96.6 30822515806458212 94.9
650209900 71408260312 96.6 30822521939660132 94.9
650512000 71408261512 96.6 30822524429293924 94.9
650656000 71408263112 96.6 30822527646683236 94.9
650774600 71408265312 96.6 30822535411964004 94.9
650779700 71408267312 96.6 30822539870269540 94.9
650812500 71408294112 96.6 30822559388926052 94.9
650814100 71408295112 96.6 30822562778990180 94.9
650906000 71408316212 96.6 30822586295570020 94.9
651036200 71408320712 96.6 30822593445510756 94.9
651132500 71408345212 96.6 30822606756580964 94.9
651166000 71408347512 96.6 30822610187573348 94.9
651240600 71408350112 96.6 30822614814444132 94.9
651357100 71408352812 96.6 30822620399340132 94.9
651368800 71408354312 96.6 30822620589832228 94.9
651641500 71408717612 96.6 30822826292443172 94.9
651665700 71408731412 96.6 30822835373314084 94.9
651749000 71408834612 96.6 30822863609372708 94.9
651889800 71408837412 96.6 30822868129476132 94.9
651902000 71408859012 96.6 30822883142099492 94.9
651922000 71409164512 96.6 30823113937068580 94.9
651960600 71409164712 96.6 30823113968198180 94.9
651997600 71409191612 96.6 30823135285885476 94.9
652034700 71409192012 96.6 30823135378045476 94.9
652081600 71409194112 96.6 30823139372066596 94.9
652195700 71409226012 96.6 30823162030245668 94.9
652207600 71409226312 96.6 30823162979869092 94.9
652311800 71409227512 96.6 30823165013533092 94.9
652319500 71409229312 96.6 30823168844726436 94.9
652440700 71409232112 96.6 30823174455369380 94.9
652548900 71409273012 96.6 30823202000643748 94.9
652577500 71409318112 96.6 30823234273435300 94.9
652671000 71409366512 96.6 30823259477407396 94.9
652749400 71409495412 96.6 30823309187577508 94.9
652829100 71409546712 96.6 30823336643323556 94.9
652937000 71409549012 96.6 30823338147395364 94.9
653537100 71409549912 96.6 30823340743632676 94.9
653585800 71409561912 96.6 30823351654313764 94.9
653765100 71409562412 96.6 30823353131531940 94.9
653770200 71409665412 96.6 30823407851466404 94.9
653822900 71409717112 96.6 30823443942514340 94.9
653845500 71421060412 96.7 30829069672292004 94.9
653896300 71421115312 96.7 30829104440196772 94.9
654369000 71421545012 96.7 30829271634198180 94.9
654481800 71421547412 96.7 30829277749617828 94.9
654505800 71421570212 96.7 30829286460324004 94.9
654712600 71421627212 96.7 30829313223528612 94.9
654857300 71421629512 96.7 30829316475051428 94.9
654967700 71421713912 96.7 30829368628755876 94.9
655047100 71421714412 96.7 30829370571754020 94.9
655054800 71421715812 96.7 30829372863786532 94.9
655250500 71421757012 96.7 30829390898845220 94.9
655457500 71421757512 96.7 30829391978501668 94.9
655484900 71421760112 96.7 30829398584647204 94.9
655576000 71421868712 96.7 30829470127947300 94.9
655691100 71421869412 96.7 30829472833231140 94.9
655786300 71421871112 96.7 30829476059582756 94.9
655896800 71421881712 96.7 30829485755574564 94.9
655961300 71422087812 96.7 30829507004174628 94.9
656034400 71422201112 96.7 30829578734203172 94.9
656102000 71422202012 96.7 30829578823599172 94.9
656104800 71422271912 96.7 30829627758634052 94.9
656165200 71422469212 96.7 30829719542572100 94.9
656702000 71422538112 96.7 30829749119794244 94.9
656877500 71422676812 96.7 30829815777864772 94.9
656928000 71422678612 96.7 30829818374669636 94.9
657043900 71422678712 96.7 30829818383271236 94.9
657070200 71422681912 96.7 30829825298937156 94.9
657826200 71422688812 96.7 30829837806554436 94.9
657943400 71422690312 96.7 30829840762195780 94.9
658074600 71422736412 96.7 30829883027652420 94.9
658333800 71422737712 96.7 30829887403743044 94.9
658362000 71422777512 96.7 30829925609948996 94.9
658441700 71422873712 96.7 30829988912916292 94.9
658841300 71422874212 96.7 30829990698956356 94.9
658983300 71422875512 96.7 30829994477057092 94.9
659086600 71422876712 96.7 30829995345622980 94.9
659252700 71422894412 96.7 30830002958788548 94.9
659531700 71422917312 96.7 30830014866522052 94.9
659587100 71422950812 96.7 30830034531280836 94.9
660265200 71422961112 96.7 30830044434268100 94.9
660314900 71422963512 96.7 30830050190939076 94.9
660478800 71423009912 96.7 30830079316704196 94.9
660637000 71423071412 96.7 30830110016670660 94.9
660888600 71423072112 96.7 30830111781042244 94.9
661011100 71423094812 96.7 30830131936675908 94.9
661379200 71423095312 96.7 30830133703322948 94.9
661411500 71425155112 96.7 30832825131314500 94.9
661630400 71442762212 96.7 30845071181983044 94.9
661676000 71442763212 96.7 30845073205769924 94.9
661704500 71442871312 96.7 30845108755736260 94.9
661936000 71443221212 96.7 30845278731151044 94.9
662069700 71443236612 96.7 30845289378072260 94.9
662660300 71443430012 96.7 30845357856159428 94.9
663011500 71443431312 96.7 30845359511077316 94.9
663082400 71443504412 96.7 30845401639657924 94.9
663143300 71443505912 96.7 30845404998817988 94.9
664088500 71443509112 96.7 30845408634207940 94.9
664213300 71443511412 96.7 30845415366575300 94.9
664658600 71443516412 96.7 30845417231065668 94.9
664724100 71443535512 96.7 30845430418238020 94.9
664877500 71443538012 96.7 30845435303511620 94.9
665234400 71443539012 96.7 30845438302329156 94.9
665248500 71443729912 96.7 30845543509801284 94.9
665365400 71443731812 96.7 30845546078827332 94.9
665802900 71443795212 96.7 30845576428546884 94.9
666123300 71443832912 96.7 30845607669988164 94.9
666241600 71444981112 96.7 30846908902865732 94.9
666872200 71444981712 96.7 30846910719700804 94.9
667109100 71448653612 96.7 30849556876996420 94.9
667121000 71448655512 96.7 30849559624437060 94.9
667792700 71448666212 96.7 30849568644596036 94.9
668171000 71448666812 96.7 30849569276247876 94.9
668178800 71448820612 96.7 30849589685315396 94.9
668289200 71448849512 96.7 30849607622985540 94.9
668706100 71448859012 96.7 30849617350634308 94.9
668788100 71448869712 96.7 30849628595322692 94.9
668937100 71448871712 96.7 30849630368676292 94.9
669082200 71448871912 96.7 30849630376663492 94.9
669136200 71448949112 96.7 30849658714270148 94.9
669148000 71448986612 96.7 30849686080817604 94.9
669240100 71448987712 96.7 30849689015963588 94.9
669453400 71449075012 96.7 30849751129530308 94.9
670365200 71449155912 96.7 30849785934761924 94.9
670436000 71449156912 96.7 30849787142560580 94.9
670865800 71449159412 96.7 30849790515487300 94.9
670885200 71449171412 96.7 30849800625197636 94.9
670951400 71449176612 96.7 30849805269983300 94.9
671211900 71449178612 96.7 30849809637009988 94.9
671254900 71449214612 96.7 30849830332996164 94.9
671319700 71449259312 96.7 30849843397591620 94.9
671532000 71449260012 96.7 30849846343989572 94.9
671850300 71449260612 96.7 30849848282648772 94.9
671923800 71449427212 96.7 30849978653888708 94.9
672065200 71449428712 96.7 30849978847147108 94.9
672204500 71449543212 96.7 30850044830073956 94.9
672308800 71449578912 96.7 30850077721955428 94.9
672341200 71449590912 96.7 30850088400047204 94.9
672444900 71449591912 96.7 30850090962349412 94.9
672455700 71449592412 96.7 30850093072376676 94.9
672590800 71449593012 96.7 30850093822559076 94.9
672655300 71449676312 96.7 30850195279700836 94.9
672698000 71449697912 96.7 30850205943282532 94.9
673132700 71449726512 96.7 30850225897730916 94.9
673328000 71449798912 96.7 30850270758142820 94.9
673496100 71449820712 96.7 30850285245314916 94.9
673925500 71449904112 96.7 30850338467579748 94.9
673965100 71449905512 96.7 30850341236091748 94.9
674044800 71449988612 96.7 30850378827295588 94.9
674363600 71451214112 96.7 30851705256930148 95.0
674380300 71451216112 96.7 30851709277820004 95.0
674401800 71451217912 96.7 30851714007837284 95.0
674451800 71451306412 96.7 30851748018084452 95.0
674656300 71451397712 96.7 30851797185813092 95.0
674670600 71451480612 96.7 30851841936538212 95.0
674705800 71451579512 96.7 30851884700527204 95.0
674727600 71451598212 96.7 30851892273461860 95.0
675054700 71451652712 96.7 30851923191992932 95.0
675066600 71451652912 96.7 30851923205919332 95.0
675238200 71451662512 96.7 30851931367640164 95.0
675423700 71451663912 96.7 30851934433328996 95.0
675701300 71451825112 96.7 30851977128370020 95.0
675763200 71451907812 96.7 30852033567584100 95.0
675771200 71451909212 96.7 30852037425031524 95.0
675771500 71451910112 96.7 30852039539267940 95.0
675804900 71451910412 96.7 30852040080196324 95.0
676066500 71451911912 96.7 30852042652023012 95.0
676257300 71451995312 96.7 30852058842050788 95.0
676301200 71451995812 96.7 30852059613649892 95.0
676374100 71452067112 96.7 30852081469727716 95.0
676590100 71452100612 96.7 30852105600443364 95.0
676624800 71452102012 96.7 30852109531469540 95.0
676677000 71452103912 96.7 30852111636679396 95.0
676773300 71452104512 96.7 30852111891655396 95.0
677070400 71452108112 96.7 30852120585500388 95.0
677094400 71452716312 96.7 30852531562739428 95.0
677446700 71452717912 96.7 30852531840857828 95.0
677556700 71452745212 96.7 30852549821411044 95.0
677588300 71452893312 96.7 30852631916310244 95.0
677612700 71452954312 96.7 30852660473081572 95.0
677632400 71452955512 96.7 30852660601491172 95.0
677797300 71453021112 96.7 30852702825307876 95.0
678075700 71453082312 96.7 30852748860194532 95.0
678164200 71453155112 96.7 30852796500004580 95.0
678241800 71453155612 96.7 30852798166075620 95.0
678306900 71453156012 96.7 30852798876356196 95.0
678696100 71453158012 96.7 30852804705582180 95.0
678739500 71453355012 96.7 30852919635369060 95.0
678804800 71453533312 96.7 30853039311297636 95.0
678871400 71453589012 96.7 30853067408723044 95.0
679057400 71453638412 96.7 30853082095172708 95.0
679160800 71453711912 96.7 30853133845458020 95.0
679965700 71453728612 96.7 30853146570335332 95.0
680407500 71453801912 96.7 30853185557226596 95.0
680478100 71453802212 96.7 30853186486503524 95.0
680573100 71453907312 96.7 30853244085373028 95.0
681027600 71453952012 96.7 30853272659181668 95.0
681093600 71454037812 96.7 30853300154499172 95.0
681339300 71454037912 96.7 30853300161257572 95.0
681356000 71454056112 96.7 30853315458367588 95.0
681846500 71454058012 96.7 30853318623194724 95.0
681982400 71454059012 96.7 30853320142236132 95.0
682072600 71454077112 96.7 30853328527109092 95.0
682102200 71454079712 96.7 30853332209486820 95.0
682110100 71454104912 96.7 30853343791328228 95.0
682149200 71454209012 96.7 30853390898359268 95.0
682259800 71454381812 96.7 30853595443063780 95.0
682463200 71454382412 96.7 30853596502464292 95.0
682814700 71454396712 96.7 30853603380417316 95.0
683197700 71454422112 96.7 30853626511731492 95.0
683323200 71454431712 96.7 30853631508271396 95.0
683334400 71454432212 96.7 30853632609744420 95.0
683337400 71454452512 96.7 30853646652789284 95.0
683498300 71454453212 96.7 30853648727409316 95.0
683765800 71454499212 96.7 30853676712073892 95.0
683859300 71454509512 96.7 30853684489861796 95.0
684203600 71454655112 96.7 30853742873299620 95.0
684267400 71454655612 96.7 30853744563264420 95.0
684353500 71454656212 96.7 30853746492183716 95.0
684355300 71454672312 96.7 30853754890747556 95.0
684483400 71454672612 96.7 30853756156783524 95.0
684547200 71454673012 96.7 30853757446788772 95.0
684839800 71454744512 96.7 30853801687287460 95.0
684908500 71454745012 96.7 30853803085936548 95.0
685188300 71454745612 96.7 30853804124745252 95.0
685210100 71454770912 96.7 30853820180196900 95.0
685230900 71454872412 96.7 30853886947106340 95.0
685256100 71454875012 96.7 30853892737122340 95.0
685425200 71454876112 96.7 30853896220770596 95.0
685470700 71454877212 96.7 30853898739988004 95.0
685623000 71454880112 96.7 30853903877725732 95.0
685723400 71455024712 96.7 30853985782341156 95.0
685839500 71455025312 96.7 30853988060941092 95.0
685917300 71455468212 96.7 30854325876345636 95.0
686127500 71455484512 96.7 30854333172913956 95.0
686225800 71455512712 96.7 30854362618423076 95.0
686284700 71455513312 96.7 30854363396008292 95.0
686426900 71455755412 96.7 30854539971946852 95.0
686473000 71455757112 96.7 30854544218778724 95.0
686486600 71455771812 96.7 30854553136909412 95.0
686580600 71455772312 96.7 30854554187296228 95.0
686591900 71456187512 96.7 30854778680077796 95.0
686619700 71456336612 96.7 30854849007226340 95.0
686827500 71456484012 96.7 30854948879224292 95.0
686865400 71456512812 96.7 30854963746514404 95.0
686951500 71456516212 96.7 30854968798766564 95.0
686982400 71456605212 96.7 30854989657404900 95.0
687041900 71456635712 96.7 30855014191928804 95.0
687109000 71456936412 96.7 30855233454970340 95.0
687232100 71456937112 96.7 30855234232303140 95.0
687321800 71457025312 96.7 30855285243596324 95.0
687353000 71457147412 96.7 30855362584964644 95.0
687416700 71457159312 96.7 30855369563002916 95.0
687451400 71457159912 96.7 30855371042053028 95.0
687531600 71457311212 96.7 30855462302587812 95.0
687617100 71457393712 96.7 30855563236858788 95.0
687744200 71457431112 96.7 30855587743480740 95.0
687758500 71457431512 96.7 30855588699878244 95.0
687843700 71457445412 96.7 30855600523244388 95.0
687914700 71457738812 96.7 30855761701942116 95.0
687951400 71457746912 96.7 30855773564627812 95.0
688063200 71457747112 96.7 30855773677179508 95.0
688105500 71457747812 96.7 30855774439953204 95.0
688117000 71457748512 96.7 30855775291147380 95.0
688174000 71457788412 96.7 30855808074167412 95.0
688218600 71457821212 96.7 30855825216623732 95.0
688305800 71457858412 96.7 30855849858450548 95.0
688391000 71464690012 96.7 30859219372229748 95.0
688554800 71464741512 96.7 30859246442450036 95.0
688626800 71464849112 96.7 30859314194787444 95.0
688648900 71464849312 96.7 30859314631268052 95.0
688749600 71464862012 96.7 30859328911021780 95.0
688840500 71464890212 96.7 30859348929943252 95.0
688843100 71464970112 96.7 30859420933232340 95.0
688861700 71465130012 96.7 30859523265091284 95.0
688883600 71465230212 96.7 30859563743254228 95.0
688905800 71465231012 96.7 30859566389574868 95.0
688958200 71465233212 96.7 30859571510638804 95.0
689008800 71465416712 96.7 30859753146546388 95.0
689098100 71465417412 96.7 30859755282449364 95.0
689122300 71465417612 96.7 30859755466564564 95.0
689135000 71465492012 96.7 30859798990021588 95.0
689222600 71465502312 96.7 30859805017721812 95.0
689292400 71465605612 96.7 30859850485197780 95.0
689309300 71465606112 96.7 30859851508351892 95.0
689373200 71465606912 96.7 30859853203651732 95.0
689406600 71465664512 96.7 30859886247783572 95.0
689410600 71478728712 96.7 30869078822071444 95.0
689418400 71478836912 96.7 30869116679953556 95.0
689425400 71479594612 96.7 30869466221714580 95.0
689483700 71479594812 96.7 30869466646264980 95.0
689484000 71479595112 96.7 30869467912309012 95.0
689650700 71479649712 96.7 30869492485058836 95.0
689783600 71479694112 96.7 30869540002746644 95.0
689829200 71479735812 96.7 30869558219428116 95.0
689841000 71479736012 96.7 30869558247076116 95.0
689906100 71479758412 96.7 30869576519610644 95.0
689936900 71479831912 96.7 30869662969377044 95.0
689974200 71479900012 96.7 30869699506188564 95.0
690167900 71479901012 96.7 30869701648695700 95.0
690205900 71479902712 96.7 30869705208897684 95.0
690212900 71479914712 96.7 30869711813520532 95.0
690221500 71479950012 96.7 30869734271726740 95.0
690350800 71479950212 96.7 30869734799328436 95.0
690404700 71479950512 96.7 30869735854384308 95.0
690422000 71479957712 96.7 30869744630701236 95.0
690446600 71479958312 96.7 30869746413964212 95.0
690528100 71479958712 96.7 30869747271711540 95.0
690540900 71479966512 96.7 30869755352401204 95.0
690548600 71481514112 96.7 30870870628844852 95.0
690725600 71481514412 96.7 30870871477363124 95.0
690804400 71481514912 96.7 30870873443880756 95.0
690823900 71481534012 96.7 30870881036522804 95.0
690835900 71481534312 96.7 30870881598750772 95.0
690848200 71481536912 96.7 30870883253737524 95.0
690865600 71481537012 96.7 30870883675740628 95.0
691014700 71481627012 96.7 30870926738680276 95.0
691027200 71481708812 96.7 30870969563163092 95.0
691043000 71481709212 96.7 30870970128935636 95.0
691196200 71481867512 96.7 30871068551973588 95.0
691219000 71481867812 96.7 30871069547557204 95.0
691227600 71481887512 96.7 30871080581327188 95.0
691319100 71481900912 96.7 30871096754121044 95.0
691358300 71481901612 96.7 30871097841244628 95.0
691401500 71481956812 96.7 30871126240637396 95.0
691456200 71481957912 96.7 30871130405705940 95.0
691596500 71481959912 96.7 30871134620145876 95.0
691647100 71481998412 96.7 30871156665782484 95.0
691707500 71482011112 96.7 30871167102814420 95.0
691723000 71482011912 96.7 30871169364163796 95.0
691739000 71482012812 96.7 30871171754129364 95.0
691749900 71482024712 96.7 30871180988138452 95.0
691796900 71482029512 96.7 30871191324025812 95.0
691818400 71482068212 96.7 30871209270744020 95.0
691828000 71482093412 96.7 30871226934801364 95.0
691848600 71482094112 96.7 30871229157200084 95.0
691861400 71482136712 96.7 30871258010323156 95.0
691948200 71482137012 96.7 30871259369035988 95.0
691962800 71482161212 96.7 30871270199505108 95.0
692113700 71482217012 96.7 30871292049946836 95.0
692245700 71482440212 96.7 30871354538354900 95.0
692430400 71482449312 96.7 30871362181284052 95.0
692464500 71482449812 96.7 30871362929248660 95.0
692498300 71482450412 96.7 30871366041015188 95.0
692580300 71482676112 96.7 30871496598795156 95.0
692656900 71482712012 96.7 30871513087353748 95.0
692668900 71482712712 96.7 30871516148008852 95.0
692682700 71482770712 96.7 30871548286519188 95.0
692699200 71482772912 96.7 30871556526770580 95.0
692802700 71482901412 96.7 30871697964304788 95.0
692842600 71482941412 96.7 30871716641270164 95.0
692902100 71482964012 96.7 30871733749001620 95.0
692916500 71482965412 96.7 30871736574388628 95.0
693112700 71483043212 96.7 30871777759386004 95.0
693129000 71483043712 96.7 30871778288460500 95.0
693142400 71483044312 96.7 30871779997958356 95.0
693209600 71483060712 96.7 30871788335743188 95.0
693263800 71483159512 96.7 30871825966178516 95.0
693287300 71483200412 96.7 30871849191332052 95.0
693351800 71483233012 96.7 30871864688988372 95.0
693397100 71483315112 96.7 30871917759234260 95.0
693495700 71483323912 96.7 30871923801042644 95.0
693545300 71483341812 96.7 30871936558182100 95.0
693774000 71483383512 96.7 30871965691258580 95.0
693807000 71483383712 96.7 30871966535275156 95.0
693835400 71483384912 96.7 30871968040116372 95.0
693860600 71483387112 96.7 30871968981407956 95.0
693886600 71483387512 96.7 30871970248867284 95.0
693991300 71483388612 96.7 30871972268463572 95.0
693997000 71483470912 96.7 30872038781502932 95.0
694008900 71483472612 96.7 30872040239165396 95.0
694033300 71483504012 96.7 30872054640501716 95.0
694034800 71483532212 96.7 30872071756684244 95.0
694038500 71483532812 96.7 30872074288753620 95.0
694092400 71489415712 96.7 30877480845700052 95.0
694102600 71489416112 96.7 30877481692787732 95.0
694111800 71489417512 96.7 30877484199425300 95.0
694171400 71489448612 96.7 30877497144114452 95.0
694188000 71489465212 96.7 30877517709313300 95.0
694302800 71489465912 96.7 30877519371856020 95.0
694351600 71489466012 96.7 30877519793881332 95.0
694523500 71489533612 96.7 30877554723574004 95.0
694566100 71489533812 96.7 30877555567615284 95.0
694630800 71489534612 96.7 30877558210377268 95.0
694696200 71489545212 96.7 30877565535112756 95.0
694708700 71489572312 96.7 30877588816383540 95.0
694739100 71489599012 96.7 30877605460142644 95.0
694750700 71489599612 96.7 30877606847739572 95.0
694760900 71489601412 96.7 30877610555566004 95.0
694940800 71489798912 96.7 30877692163131316 95.0
694963100 71489799412 96.7 30877693982423988 95.0
694998300 71489799512 96.7 30877694088008692 95.0
695086700 71489855212 96.7 30877709916503028 95.0
695087700 71489915112 96.7 30877739410119668 95.0
695100200 71489915412 96.7 30877740381528756 95.0
695134200 71490021412 96.7 30877817425494708 95.0
695231800 71490021912 96.7 30877817869427220 95.0
695245100 71490028012 96.7 30877822500328980 95.0
695248500 71490067112 96.7 30877848509842964 95.0
695285200 71490067812 96.7 30877851115059988 95.0
695314500 71490067912 96.7 30877851779635988 95.0
695314900 71490086112 96.7 30877859684834068 95.0
695332000 71490211012 96.7 30877939403709204 95.0
695352300 71494967412 96.8 30882289493596948 95.0
695408500 71495039812 96.8 30882336612412180 95.0
695458200 71495061912 96.8 30882347732646676 95.0
695459100 71495077012 96.8 30882352586247444 95.0
695497400 71495077412 96.8 30882354274331412 95.0
695515700 71495089412 96.8 30882362921571092 95.0
695537400 71495089612 96.8 30882363765596372 95.0
695556200 71495090512 96.8 30882366758830036 95.0
695585300 71495108412 96.8 30882374948313044 95.0
695608600 71495137012 96.8 30882393135329236 95.0
695613400 71495137412 96.8 30882394823409876 95.0
695681600 71495184312 96.8 30882416017981652 95.0
695687700 71495188012 96.8 30882419138497492 95.0
695738100 71495188412 96.8 30882419991943572 95.0
695740400 71495188912 96.8 30882421325579668 95.0
695787500 71495208912 96.8 30882433436077460 95.0
695805100 71495220312 96.8 30882441451901844 95.0
695820200 71495246212 96.8 30882451617254292 95.0
695847600 71495264912 96.8 30882463739278228 95.0
695973300 71495265612 96.8 30882465125028628 95.0
696029700 71495350412 96.8 30882529292034836 95.0
696088300 71495443612 96.8 30882562866238228 95.0
696154400 71495444212 96.8 30882564660291988 95.0
696172400 71495469912 96.8 30882582088126868 95.0
696174700 71495481412 96.8 30882588988748180 95.0
696374600 71495481512 96.8 30882589094347876 95.0
696412100 71495487912 96.8 30882593662885476 95.0
696450900 71495488112 96.8 30882594190500260 95.0
696473700 71495628012 96.8 30882659476517284 95.0
696478100 71496665212 96.8 30883204937396644 95.1
696481000 71496666312 96.8 30883206649332004 95.1
696489400 71498056712 96.8 30884257425178916 95.1
696492100 71498180512 96.8 30884318725472548 95.1
696552800 71498197912 96.8 30884336333000996 95.1
696645900 71505551212 96.8 30889737810645284 95.1
696667200 71505551812 96.8 30889739815304612 95.1
696700000 71505789512 96.8 30889842001870244 95.1
696706500 71505800112 96.8 30889848552157092 95.1
696771400 71505802712 96.8 30889851514441892 95.1
696778400 71505803212 96.8 30889853308144804 95.1
696781900 71505832312 96.8 30889872056947876 95.1
696814300 71505836712 96.8 30889876270113956 95.1
696873900 71505878812 96.8 30889895181651108 95.1
696904200 71505897712 96.8 30889903774632100 95.1
696924300 71505898312 96.8 30889905357430436 95.1
696932100 71505987712 96.8 30889936666474148 95.1
696935700 71505988912 96.8 30889938130984484 95.1
696942800 71506000612 96.8 30889945195364900 95.1
697022200 71506002112 96.8 30889946511829188 95.1
697027000 71506180912 96.8 30890015188867268 95.1
697063300 71506212112 96.8 30890030410805444 95.1
697218200 71506342412 96.8 30890127925711044 95.1
697249200 71506426312 96.8 30890184232345796 95.1
697282500 71506427512 96.8 30890187391586500 95.1
697290900 71506429312 96.8 30890192230131396 95.1
697326600 71506486412 96.8 30890220873068228 95.1
697333600 71506556312 96.8 30890257226546884 95.1
697362000 71506572812 96.8 30890267119939268 95.1
697405700 71506585212 96.8 30890272925955780 95.1
697543300 71506778712 96.8 30890417648924356 95.1
697553200 71506884612 96.8 30890451220360900 95.1
697567900 71506885512 96.8 30890452383338436 95.1
697659700 71506885912 96.8 30890452513918036 95.1
697669300 71506908212 96.8 30890460862947412 95.1
697688200 71506919412 96.8 30890468477704276 95.1
697689600 71507113712 96.8 30890604851034196 95.1
697713800 71507114512 96.8 30890606748339540 95.1
697760900 71507116412 96.8 30890611109025108 95.1
697791800 71507336312 96.8 30890726059504980 95.1
697806400 71507338712 96.8 30890732832234836 95.1
697826800 71507358012 96.8 30890745550633300 95.1
697915600 71507370912 96.8 30890753916386132 95.1
698029000 71508681112 96.8 30892472121277268 95.1
698036800 71508738912 96.8 30892499237296980 95.1
698056900 71508920812 96.8 30892579381369684 95.1
698068300 71508921212 96.8 30892580404706068 95.1
698146500 71509030012 96.8 30892645048793876 95.1
698194200 71509030312 96.8 30892646314853012 95.1
698240300 71509041112 96.8 30892652034934420 95.1
698317400 71509070712 96.8 30892667788642964 95.1
698338900 71509082512 96.8 30892677215846036 95.1
698346700 71509083412 96.8 30892679584075924 95.1
698377400 71509324312 96.8 30892801132769428 95.1
698394200 71509386812 96.8 30892818583791764 95.1
698412100 71509470312 96.8 30892867520862356 95.1
698507600 71509470412 96.8 30892867731937556 95.1
698553300 71515395412 96.8 30895821850499348 95.1
698565500 71515396112 96.8 30895823330943508 95.1
698575200 71515443712 96.8 30895851937307156 95.1
698586000 71515455512 96.8 30895862871912980 95.1
698640800 71515547212 96.8 30895931478807060 95.1
698675400 71515565812 96.8 30895939160001044 95.1
698747700 71515595412 96.8 30895956220728852 95.1
698750600 71515751112 96.8 30896104488244756 95.1
698767800 71515761612 96.8 30896109179724820 95.1
698781400 71515762412 96.8 30896112273938196 95.1
698847800 71515885512 96.8 30896170220132116 95.1
698847900 71515885812 96.8 30896171169749204 95.1
698866100 71515886212 96.8 30896172456070356 95.1
698909600 71515887412 96.8 30896174267665620 95.1
698923600 71515918012 96.8 30896197346094292 95.1
698927600 71515918212 96.8 30896198201683988 95.1
698933200 71515959412 96.8 30896244481916948 95.1
698971800 71515993912 96.8 30896261513979924 95.1
698974000 71515996712 96.8 30896263543651092 95.1
698982500 71516305312 96.8 30896546590980884 95.1
699013900 71516332512 96.8 30896561896317716 95.1
699022800 71516424212 96.8 30896588910832404 95.1
699023000 71516442312 96.8 30896600220440340 95.1
699051100 71516443212 96.8 30896601525089812 95.1
699071500 71516451212 96.8 30896604475507220 95.1
699077900 71516558812 96.8 30896658056811028 95.1
699121800 71516560712 96.8 30896658441552820 95.1
699153600 71516561012 96.8 30896659391186036 95.1
699220600 71516561312 96.8 30896659968347764 95.1
699253400 71516579012 96.8 30896667542743668 95.1
699317900 71516593912 96.8 30896675092822644 95.1
699338900 71516604512 96.8 30896680797673076 95.1
699422900 71516636512 96.8 30896730615887476 95.1
699448800 71516636612 96.8 30896731037905684 95.1
699477700 71516677712 96.8 30896757171893012 95.1
699605200 71516679512 96.8 30896760142066964 95.1
699611300 71516679612 96.8 30896760564086548 95.1
699625800 71516679912 96.8 30896761830107028 95.1
699641300 71516711212 96.8 30896772952927124 95.1
699641400 71516727012 96.8 30896784178346900 95.1
699664400 71516727812 96.8 30896786681307540 95.1
699709900 71516807012 96.8 30896831537262996 95.1
699790000 71516808812 96.8 30896832676802964 95.1
699803000 71516839112 96.8 30896838564574612 95.1
699821400 71516865712 96.8 30896845901216148 95.1
699822500 71516866112 96.8 30896847171747604 95.1
699833500 71516876212 96.8 30896859320529684 95.1
699841500 71516879212 96.8 30896861182025876 95.1
699877600 71516879512 96.8 30896862448072596 95.1
699916000 71516879712 96.8 30896862975664692 95.1
699917800 71516922112 96.8 30896878753343028 95.1
699926800 71516923212 96.8 30896879598887924 95.1
700000000 71516937712 96.8 30896888317994996 95.1
700027700 71517992512 96.8 30898084062423028 95.1
700067100 71518026312 96.8 30898098479943668 95.1
700067200 71518156012 96.8 30898194566647796 95.1
700124200 71518156612 96.8 30898196378532980 95.1
700167300 71518157012 96.8 30898197991101940 95.1
700194700 71518208412 96.8 30898226810099188 95.1
700198800 71518622712 96.8 30898525913978356 95.1
700292800 71518647312 96.8 30898538499654132 95.1
700298800 71518715112 96.8 30898580089565684 95.1
700335200 71518767212 96.8 30898610593612276 95.1
700355600 71518767912 96.8 30898612735977588 95.1
700357800 71518768112 96.8 30898613183801300 95.1
700375300 71518770612 96.8 30898616689285844 95.1
700387600 71518800712 96.8 30898638348964564 95.1
700440200 71518844912 96.8 30898664657636052 95.1
700480000 71518880812 96.8 30898685767291604 95.1
700546900 71519016412 96.8 30898883539948244 95.1
700559600 71519082512 96.8 30898903709180628 95.1
700583500 71519082612 96.8 30898903715734228 95.1
700583800 71519083112 96.8 30898904028787124 95.1
700595700 71519083412 96.8 30898904925043444 95.1
700609800 71519135912 96.8 30898948484467444 95.1
700628100 71519145212 96.8 30898951737935348 95.1
700745300 71519145712 96.8 30898953186015604 95.1
700791600 71519161412 96.8 30898959000181620 95.1
700893300 71519162712 96.8 30898959276177012 95.1
700905800 71519183612 96.8 30898971681722996 95.1
700941500 71519186212 96.8 30898976470387316 95.1
700986300 71519217112 96.8 30898990618704500 95.1
701023300 71519246712 96.8 30899005695160948 95.1
701037600 71519246812 96.8 30899006117185140 95.1
701137400 71519248112 96.8 30899008992196980 95.1
701196400 71519256812 96.8 30899015623820148 95.1
701276200 71519281212 96.8 30899026458563444 95.1
701302700 71519393112 96.8 30899096998384500 95.1
701312800 71519393512 96.8 30899098053582900 95.1
701357500 71519416812 96.8 30899108055062580 95.1
701376400 71519423412 96.8 30899113757140532 95.1
701388000 71519425912 96.8 30899114084860148 95.1
701388800 71519463912 96.8 30899130092981492 95.1
701396900 71519484512 96.8 30899140258544884 95.1
701435400 71519526912 96.8 30899165264774388 95.1
701439400 71519582312 96.8 30899191936847092 95.1
701481000 71523592812 96.8 30901074983914740 95.1
701517200 71523628912 96.8 30901099440325876 95.1
701596500 71523629312 96.8 30901100865911156 95.1
701646300 71523630012 96.8 30901101835871668 95.1
701678100 71523630912 96.8 30901102673138676 95.1
701687500 71523631012 96.8 30901102778756476 95.1
701704100 71523664412 96.8 30901120534367612 95.1
701835800 71523664812 96.8 30901121301598844 95.1
701859500 71523709212 96.8 30901129793216636 95.1
702000500 71523744712 96.8 30901156205250684 95.1
702015000 71523746412 96.8 30901158910803836 95.1
702019400 71523747212 96.8 30901161557684860 95.1
702051500 71523789412 96.8 30901184715221628 95.1
702071300 71523820412 96.8 30901200058489468 95.1
702072000 71523841812 96.8 30901211536550524 95.1
702090000 71523853812 96.8 30901218923310716 95.1
702090900 71523901712 96.8 30901233070837372 95.1
702104100 71524075012 96.8 30901317333773948 95.1
702122500 71524211412 96.8 30901483940425340 95.1
702161800 71524223212 96.8 30901491798783612 95.1
702181200 71524293512 96.8 30901527545046652 95.1
702210300 71524294012 96.8 30901529057757564 95.1
702236400 71524318012 96.8 30901549953784188 95.1
702295000 71524339412 96.8 30901562832946556 95.1
702338200 71524425812 96.8 30901621929600380 95.1
702428000 71524433212 96.8 30901632946830716 95.1
702451300 71524433412 96.8 30901633474434620 95.1
702473200 71524572212 96.8 30901786229315132 95.1
702535200 71524574012 96.8 30901788874983484 95.1
702554500 71524574312 96.8 30901789736419772 95.1
702570700 71524577212 96.8 30901794455708092 95.1
702573700 71524578812 96.8 30901797526863292 95.1
702592600 71524580112 96.8 30901800203920828 95.1
702649500 71524625712 96.8 30901820852362684 95.1
702652000 71534096012 96.8 30908470339919292 95.1
702677000 71534124512 96.8 30908489507943868 95.1
702739800 71534124612 96.8 30908489512859068 95.1
702750200 71534195712 96.8 30908517887854012 95.1
702764100 71534254912 96.8 30908604278392252 95.1
702830600 71534308012 96.8 30908641211205052 95.1
702837900 71534322612 96.8 30908650705761724 95.1
702850200 71534390612 96.8 30908679893638588 95.1
702863300 71534534612 96.8 30908827848170940 95.1
702863700 71534547712 96.8 30908838902565308 95.1
702889700 71534548312 96.8 30908840311974332 95.1
702910100 71534549412 96.8 30908842646695868 95.1
702952900 71534597812 96.8 30908873577973692 95.1
703038200 71534598512 96.8 30908874965010620 95.1
703089200 71534608412 96.8 30908881293762748 95.1
703116000 71534609312 96.8 30908882425732028 95.1
703217200 71534699912 96.8 30908907299597244 95.1
703220000 71534702512 96.8 30908908590215612 95.1
703234400 71534702712 96.8 30908909434246716 95.1
703257700 71534703312 96.8 30908910453798844 95.1
703351100 71534718212 96.8 30908918044668860 95.1
703396400 71534718612 96.8 30908919416311996 95.1
703414100 71534725112 96.8 30908936051486908 95.1
703430000 71534772312 96.8 30908952242127036 95.1
703437600 71534893612 96.8 30909027938959548 95.1
703459100 71534913612 96.8 30909041423507644 95.1
703479700 71534970212 96.8 30909081294979260 95.1
703496900 71535108712 96.8 30909178139795644 95.1
703550100 71535109012 96.8 30909179151532860 95.1
703631500 71535110612 96.8 30909184537801020 95.1
703635800 71535176812 96.8 30909213067297084 95.1
703719500 71535211912 96.8 30909234093912380 95.1
703726300 71535212412 96.8 30909235002227260 95.1
703733500 71535225612 96.8 30909244655566396 95.1
703742700 71535265612 96.8 30909276303187516 95.1
703750700 71535285212 96.8 30909285557495356 95.1
703774400 71535298812 96.8 30909295808397884 95.1
703789500 71535299012 96.8 30909296652441276 95.1
703807700 71535299612 96.8 30909298656834108 95.1
703835600 71535301912 96.8 30909299540501564 95.1
703869600 71539052412 96.8 30912758454821948 95.1
703895700 71539052812 96.8 30912759775747516 95.1
703917200 71539151112 96.8 30912803076242876 95.1
703941000 71539172112 96.8 30912814189968828 95.1
703981400 71539172612 96.8 30912815117954812 95.1
704028100 71539185612 96.8 30912820868064508 95.1
704129700 71539289312 96.8 30912925088802044 95.1
704176600 71539363712 96.8 30912948048461052 95.1
704182900 71539364412 96.8 30912950544454140 95.1
704198600 71539364812 96.8 30912951307875644 95.1
704210700 71539407612 96.8 30912965571546428 95.1
704225600 71539654412 96.8 30913089406848316 95.1
704241900 71539676712 96.8 30913118905607484 95.1
704242100 71539676912 96.8 30913119749637500 95.1
704255900 71539758012 96.8 30913150614220156 95.1
704258300 71539758312 96.8 30913151402085756 95.1
704291500 71539758612 96.8 30913151841925852 95.1
704318300 71539771612 96.8 30913160791677660 95.1
704362200 71539816912 96.8 30913190085696220 95.1
704377800 71539817412 96.8 30913191879367260 95.1
704404400 71539817912 96.8 30913193180218076 95.1
704413200 71539818812 96.8 30913194710660316 95.1
704506400 71539827312 96.8 30913198224222684 95.1
704526400 71539859612 96.8 30913211232970204 95.1
704552000 71539859912 96.8 30913212095587804 95.1
704575800 71539951512 96.8 30913291693884892 95.1
704619500 71540318712 96.8 30913468618474972 95.1
704625500 71540335912 96.8 30913474669857244 95.1
704629800 71541846912 96.8 30915295079451100 95.1
704725900 71541924712 96.8 30915343182760412 95.1
704727600 71541937612 96.8 30915347602515932 95.1
704764200 71541953112 96.8 30915362870702044 95.1
704775500 71541979112 96.8 30915378340522972 95.1
704819700 71541979712 96.8 30915379310017180 95.1
704820300 71542026212 96.8 30915421259864732 95.1
704842500 71542026312 96.8 30915421681888636 95.1
704843300 71542026412 96.8 30915421683731836 95.1
704863100 71542125812 96.8 30915454653795708 95.1
704957500 71542328912 96.8 30915554908335484 95.2
705038600 71542329212 96.8 30915556174384508 95.2
705046700 71542329312 96.8 30915556596398012 95.2
705079500 71542423412 96.8 30915618488272828 95.2
705089800 71542461112 96.8 30915639156156348 95.2
705097900 71542461712 96.8 30915640593490108 95.2
705181200 71542531412 96.8 30915725292150972 95.2
705189600 71542603712 96.8 30915769023201468 95.2
705209200 71542627912 96.8 30915783731772604 95.2
705213700 71542786412 96.8 30915913033325756 95.2
705231700 71542817412 96.8 30915941211380924 95.2
705321300 71542818012 96.8 30915942918485692 95.2
705396600 71542847512 96.8 30915960836681404 95.2
705460800 71542891012 96.8 30915977900479164 95.2
705471300 71542899412 96.8 30915984189812412 95.2
705472300 71542914212 96.8 30915995050911420 95.2
705547200 71543028912 96.8 30916053047740092 95.2
705643800 71543062012 96.8 30916068328580796 95.2
705645600 71543255212 96.8 30916233914377916 95.2
705707600 71543267912 96.8 30916241009833660 95.2
705736500 71543299912 96.8 30916257843935932 95.2
705743300 71543387212 96.8 30916320200792764 95.2
705756500 71543415812 96.8 30916342710414012 95.2
705795200 71543415912 96.8 30916342816007916 95.2
705864700 71543478912 96.8 30916387020072684 95.2
706001400 71543685212 96.8 30916492709332716 95.2
706031000 71543685712 96.8 30916495267577324 95.2
706126500 71543709912 96.8 30916504819699180 95.2
706127500 71543727612 96.8 30916515446028780 95.2
706138500 71543759612 96.8 30916545445231084 95.2
706245700 71543761812 96.8 30916548292314860 95.2
706290400 71543773112 96.8 30916565488318188 95.2
706297400 71543874212 96.8 30916620129236716 95.2
706318600 71543874512 96.8 30916621395252076 95.2
706323900 71543926112 96.8 30916647075705708 95.2
706425800 71543982112 96.8 30916660398603116 95.2
706477400 71543982312 96.8 30916660872834412 95.2
706483100 71543997112 96.8 30916667530064236 95.2
706492100 71543997312 96.8 30916667956583852 95.2
706514000 71543997812 96.8 30916669251687212 95.2
706566500 71544033412 96.8 30916686248797996 95.2
706583800 71544035412 96.8 30916689164125996 95.2
706604000 71544142312 96.8 30916764525430572 95.2
706639800 71544166312 96.8 30916789578090284 95.2
706666400 71544196312 96.8 30916798230178604 95.2
706708300 71544201412 96.8 30916802417321772 95.2
706727400 71544202012 96.8 30916804318054828 95.2
706751600 71544204312 96.8 30916804488393836 95.2
706754400 71545927712 96.8 30919033706706028 95.2
706822300 71545928212 96.8 30919034321161452 95.2
706831000 71545928612 96.8 30919034540408556 95.2
706848400 71546033512 96.8 30919099311193836 95.2
706859200 71546051012 96.8 30919107533919980 95.2
706859500 71546051312 96.8 30919108382242988 95.2
706995000 71546052712 96.8 30919109853124908 95.2
706996300 71546053712 96.8 30919112673517612 95.2
707036300 71546054712 96.8 30919114094371116 95.2
707045700 71546099212 96.8 30919136594708780 95.2
707068100 71546151912 96.8 30919157077012780 95.2
707119100 71546207312 96.8 30919189048066348 95.2
707166300 71546265512 96.8 30919211073995052 95.2
707203800 71546297912 96.8 30919223329675564 95.2
707207800 71546306912 96.8 30919228487043372 95.2
707269700 71546321212 96.8 30919233222839596 95.2
707294800 71546338912 96.8 30919242436070700 95.2
707300400 71546356612 96.8 30919256964015404 95.2
707317400 71546381012 96.8 30919275188548908 95.2
707335300 71546381212 96.8 30919276032553516 95.2
707393500 71546491012 96.8 30919330699448876 95.2
707423700 71546491712 96.8 30919332538014124 95.2
707555400 71546548312 96.8 30919362469351852 95.2
707615400 71546549412 96.8 30919365866322604 95.2
707665900 71546697612 96.8 30919450858945196 95.2
707682700 71546717512 96.8 30919458822849196 95.2
707743600 71546717912 96.8 30919459845376492 95.2
707753700 71546733112 96.8 30919470031362540 95.2
707824100 71546734712 96.8 30919474724812780 95.2
707843700 71546752412 96.8 30919481621174252 95.2
707894000 71546760912 96.8 30919487632134636 95.2
707942100 71546761312 96.8 30919488345618412 95.2
707944100 71546761912 96.8 30919489304052524 95.2
708056200 71546800012 96.8 30919507745504044 95.2
708107100 71546825812 96.8 30919523157914412 95.2
708123500 71546904212 96.8 30919548866605868 95.2
708134000 71546904512 96.8 30919549816244588 95.2
708135400 71546906012 96.8 30919554195112812 95.2
708243500 71546906412 96.8 30919555467899628 95.2
708254000 71546907212 96.8 30919558211205868 95.2
708278300 71546942212 96.8 30919576283433708 95.2
708294600 71546971912 96.8 30919588902300396 95.2
708311900 71547820512 96.8 30920502246468332 95.2
708313000 71547833112 96.8 30920510243644652 95.2
708347700 71547833512 96.8 30920511615258604 95.2
708433300 71547856312 96.8 30920529330622444 95.2
708473700 71547857712 96.8 30920531116180460 95.2
708495600 71547874712 96.8 30920540260023276 95.2
708525300 71547875412 96.8 30920542159772908 95.2
708546600 71548052112 96.8 30920643192429804 95.2
708634300 71548052612 96.8 30920644032019308 95.2
708642700 71548078012 96.8 30920683908836204 95.2
708645500 71548078112 96.8 30920684330837420 95.2
708655900 71548110612 96.8 30920704361123244 95.2
708671500 71548111112 96.8 30920706057140652 95.2
708806900 71548111912 96.8 30920708454291628 95.2
708870000 71548510512 96.8 30921163206236332 95.2
708932200 71548511012 96.8 30921164619099820 95.2
708951100 71548511312 96.8 30921165132255212 95.2
708989000 71548513212 96.8 30921167164136684 95.2
709156800 71548526312 96.8 30921185508084972 95.2
709171600 71548566812 96.8 30921202537353452 95.2
709188100 71548660512 96.8 30921295831150828 95.2
709264600 71548661612 96.8 30921298898335212 95.2
709264800 71548661812 96.8 30921299109517420 95.2
709271200 71548672712 96.8 30921307923084396 95.2
709320900 71548673512 96.8 30921309779281516 95.2
709347200 71548673712 96.8 30921310623306092 95.2
709444800 71548717312 96.8 30921327610854764 95.2
709665900 71548717512 96.8 30921328454901036 95.2
709703200 71548717912 96.8 30921329164514540 95.2
709737200 71548847612 96.8 30921388339713260 95.2
709857000 71548865212 96.8 30921392879014636 95.2
709968000 71548890812 96.8 30921407679839980 95.2
710066200 71548906312 96.8 30921419338764012 95.2
710101200 71548947412 96.8 30921476341681900 95.2
710151500 71548948712 96.8 30921478175515244 95.2
710164600 71548949512 96.8 30921478421275244 95.2
710167100 71548949612 96.8 30921478843300460 95.2
710190000 71548950212 96.8 30921480868581996 95.2
710192100 71548950312 96.8 30921480873906796 95.2
710206500 71548950412 96.8 30921480888857196 95.2
710215100 71549038312 96.8 30921538140668524 95.2
710323400 71549252312 96.8 30921666175836780 95.2
710364500 71549252612 96.8 30921667441865324 95.2
710418600 71549286612 96.8 30921693427587692 95.2
710537700 71549286812 96.8 30921693854094604 95.2
710568900 71549304012 96.8 30921704894204172 95.2
710633800 71549349112 96.8 30921727576543500 95.2
710637500 71549349412 96.8 30921727699833100 95.2
710645500 71549398112 96.8 30921749250609420 95.2
710691900 71549433612 96.8 30921763985424652 95.2
710734600 71549434912 96.8 30921765251457036 95.2
710738400 71549750112 96.8 30921959145807884 95.2
710859800 71549750512 96.8 30921959465123276 95.2
710862100 71549775012 96.8 30921970278473164 95.2
710864400 71549796312 96.8 30921983378043340 95.2
711010700 71549796612 96.8 30921984296196748 95.2
711020000 71549810412 96.8 30921991561817228 95.2
711065100 71549810612 96.8 30921992405841356 95.2
711073500 71549822612 96.8 30922001628707276 95.2
711184000 71549925212 96.8 30922052288731596 95.2
711248700 71549925912 96.8 30922054249616332 95.2
711307600 71550009412 96.8 30922092663018444 95.2
711351400 71550133212 96.8 30922158103176140 95.2
711431300 71550154512 96.8 30922163517494732 95.2
711511500 71550189412 96.8 30922186496904652 95.2
711614600 71550212612 96.8 30922199501963724 95.2
711691400 71550212912 96.8 30922200451599308 95.2
711718900 71550213012 96.8 30922200873621516 95.2
711735200 71550252612 96.8 30922246510802956 95.2
711747900 71550256612 96.8 30922256908556044 95.2
711782500 71550275212 96.8 30922267077821196 95.2
711924200 71550275612 96.8 30922267929803404 95.2
711946900 71550276012 96.8 30922269086573580 95.2
711979200 71550326412 96.8 30922295726214156 95.2
712024200 71550424612 96.8 30922345896586252 95.2
712069200 71550446112 96.8 30922358676453388 95.2
712159900 71550446712 96.8 30922360418263436 95.2
712198900 71550447212 96.8 30922361593795724 95.2
712206900 71550486412 96.8 30922392639417484 95.2
712282800 71550487112 96.8 30922394290737548 95.2
712369500 71550487812 96.8 30922396153018124 95.2
712434700 71550500912 96.8 30922401898367244 95.2
712460800 71550501012 96.8 30922402320370348 95.2
712514000 71558651712 96.8 30928207420607148 95.2
712618400 71558688612 96.8 30928231651291820 95.2
712720300 71558772612 96.8 30928279094612652 95.2
712970400 71558795512 96.8 30928290959835820 95.2
713092600 71558824412 96.8 30928301307876012 95.2
713121400 71558860912 96.8 30928324978700972 95.2
713132000 71558888412 96.8 30928339382634156 95.2
713170200 71558888912 96.8 30928340911692204 95.2
713489500 71558889212 96.8 30928342177729964 95.2
713494100 71559020812 96.8 30928427484941740 95.2
713509300 71559021412 96.8 30928429599880364 95.2
713677000 71559033512 96.8 30928436838914220 95.2
713747800 71559079112 96.8 30928469569980588 95.2
713882900 71559161712 96.8 30928527921469612 95.2
713944700 71559182612 96.8 30928542992242860 95.2
713959800 71559210712 96.8 30928563143385260 95.2
713972600 71559300212 96.8 30928670716526764 95.2
714016100 71564282112 96.8 30931078481903788 95.2
714030200 71564282712 96.8 30931081013966252 95.2
714281300 71564302812 96.8 30931093448204716 95.2
714346100 71564349612 96.8 30931126919438764 95.2
714350900 71564417012 96.8 30931161251877292 95.2
714436900 71564425412 96.8 30931165823246764 95.2
714541100 71568857112 96.9 30935381677056428 95.2
714713800 71569038812 96.9 30935482520289708 95.2
714721500 71569039112 96.9 30935483050553996 95.2
714738200 71569049812 96.9 30935490593436300 95.2
714744200 71569075312 96.9 30935502636948108 95.2
715024300 71569075612 96.9 30935503903000716 95.2
715115200 71569106112 96.9 30935528008321164 95.2
715241000 71569114812 96.9 30935537087941772 95.2
715255600 71569145712 96.9 30935561450800268 95.2
715305200 71569198812 96.9 30935591937979532 95.2
715343400 71569199712 96.9 30935593112967052 95.2
715504400 71569223112 96.9 30935602178148236 95.2
715598000 71569289112 96.9 30935634975188876 95.2
715882400 71569351512 96.9 30935669175588748 95.2
716073400 71569363512 96.9 30935678388349836 95.2
716092800 71569432012 96.9 30935759594302348 95.2
716308600 71569510812 96.9 30935806619765644 95.2
716317400 71569511212 96.9 30935807056181548 95.2
716339900 71569610612 96.9 30935854412527916 95.2
716341300 71569611012 96.9 30935854912559724 95.2
716355000 71569635012 96.9 30935869827229292 95.2
716433800 71569647712 96.9 30935880974232172 95.2
716486200 71569759012 96.9 30935936416500332 95.2
716550800 71569781612 96.9 30935954160376428 95.2
716711400 71569814312 96.9 30935970395810412 95.2
716760500 71569815212 96.9 30935972619413612 95.2
717175000 71569848212 96.9 30935992349220972 95.2
717228400 71569877812 96.9 30936006775648364 95.2
717273700 71570030112 96.9 30936092037902444 95.2
717277900 71570056012 96.9 30936110420250732 95.2
717286300 71570074812 96.9 30936122530189420 95.2
717302600 71570338012 96.9 30936275218894956 95.2
717465000 71570392012 96.9 30936303354591340 95.2
717685000 71570393812 96.9 30936306401018476 95.2
717729600 71570428212 96.9 30936317620668012 95.2
717774400 71570475112 96.9 30936361950697068 95.2
717824500 71570594112 96.9 30936419177133676 95.2
718075400 71570599712 96.9 30936420606706796 95.2
718219300 71570619712 96.9 30936431498336364 95.2
718219800 71570620112 96.9 30936432781373932 95.2
718280100 71570620412 96.9 30936433836449132 95.2
718359500 71570650912 96.9 30936441886306156 95.2
718398400 71570733512 96.9 30936484818857836 95.2
718485500 71570734312 96.9 30936485051262732 95.2
718551500 71570735612 96.9 30936490149671180 95.2
718622400 71570759012 96.9 30936502521989388 95.2
718665300 71570779412 96.9 30936520070865164 95.2
718708600 71570814712 96.9 30936535972896012 95.2
718721400 71570830912 96.9 30936547063853324 95.2
718825500 71570849412 96.9 30936557862157580 95.2
718873300 71570900412 96.9 30936567389643020 95.2
718987800 71570901912 96.9 30936567827300620 95.2
718996300 71570902412 96.9 30936568903800076 95.2
719088600 71570902712 96.9 30936569458442060 95.2
719099300 71570903112 96.9 30936569712847564 95.2
719149300 71570969712 96.9 30936612699744972 95.2
719228300 71570970512 96.9 30936614196785228 95.2
719279600 71570971112 96.9 30936616703005004 95.2
719412800 71572248812 96.9 30938296984047948 95.2
719480900 71572271012 96.9 30938314889730380 95.2
719900000 71572296912 96.9 30938330583830860 95.2
719902400 71572297712 96.9 30938333959905612 95.2
720011800 71572298712 96.9 30938336509526348 95.2
720200700 71572300112 96.9 30938337084540748 95.2
720256200 71572374312 96.9 30938360873473868 95.2
720314400 71572390012 96.9 30938374510972748 95.2
720376900 71572390912 96.9 30938377062391884 95.2
720419600 71572621712 96.9 30938592558587980 95.2
720596900 71572712312 96.9 30938624504315980 95.2
720785000 71572741912 96.9 30938656513368140 95.2
720852500 71572811812 96.9 30938692575068236 95.2
721029500 71572856312 96.9 30938715972714572 95.2
721251300 71572858612 96.9 30938718751899980 95.2
721487300 71572859012 96.9 30938719734039372 95.2
721661300 71573074712 96.9 30938858566910796 95.2
721696800 71573114412 96.9 30938879202892620 95.2
721708500 71573188712 96.9 30938916275587916 95.2
721729200 71573212012 96.9 30938930982021964 95.2
721770400 71573229112 96.9 30938940968097612 95.2
721864300 71573229612 96.9 30938942064046924 95.2
721940100 71573236212 96.9 30938946532175180 95.2
722056000 71573279712 96.9 30938981066632524 95.2
722104900 71573280212 96.9 30938983174138444 95.2
722595800 71573281212 96.9 30938985833200460 95.2
722636200 71573384412 96.9 30939018254629708 95.2
722668700 71573439812 96.9 30939039917761356 95.2
722731900 71573466612 96.9 30939053414254412 95.2
722843000 71573478812 96.9 30939061614819148 95.2
722951400 71573485412 96.9 30939065240938316 95.2
723124700 71573559512 96.9 30939101370931020 95.2
723263300 71573559812 96.9 30939101979034444 95.2
723293000 71573576912 96.9 30939118680215372 95.2
723404100 71573672512 96.9 30939171562061644 95.2
723544100 71573691712 96.9 30939202990266188 95.2
723600800 71573692712 96.9 30939205202283084 95.2
723718000 71573752612 96.9 30939242034833996 95.2
723737300 71574030212 96.9 30939356159380044 95.2
723807300 71574125812 96.9 30939396269050444 95.2
723935400 71574176812 96.9 30939491268520524 95.2
723983200 71574260612 96.9 30939568332761676 95.2
724008200 71574261712 96.9 30939570945279564 95.2
724076900 71574262612 96.9 30939572477719372 95.2
724114100 71574278812 96.9 30939611832329036 95.2
724134200 71574280912 96.9 30939612431684364 95.2
724222200 71574323112 96.9 30939635935630092 95.2
724303000 71574323712 96.9 30939637281741196 95.2
724515700 71574415312 96.9 30939686290028940 95.2
724573700 71574441012 96.9 30939697784566156 95.2
724730400 71574441612 96.9 30939698557166668 95.2
724739500 71574447712 96.9 30939704422700108 95.2
724783300 71574592812 96.9 30939764385805388 95.2
725034200 71574592912 96.9 30939764807816204 95.2
725182700 71574688012 96.9 30939823570179084 95.2
725272700 71574715512 96.9 30939841624839180 95.2
725273800 71574770512 96.9 30939865125065740 95.2
725303900 71574770912 96.9 30939865298028844 95.2
725305300 71574771512 96.9 30939866953400620 95.2
725317300 71574949312 96.9 30939989834473772 95.2
725570700 71574957912 96.9 30939997050947372 95.2
725584900 71575077612 96.9 30940122384246572 95.2
725629900 71575148512 96.9 30940164540258092 95.2
725671100 71575149012 96.9 30940166505182252 95.2
725863500 71575170412 96.9 30940180874982444 95.2
725880300 71575181312 96.9 30940189233009196 95.2
726121400 71575181712 96.9 30940190509290156 95.2
726164300 71575183012 96.9 30940192628991788 95.2
726172600 71575187912 96.9 30940198151431980 95.2
726349400 71575208612 96.9 30940209671720748 95.2
726357300 71575208712 96.9 30940209680322348 95.2
726373400 71575209012 96.9 30940210869763628 95.2
726710000 71575405212 96.9 30940315711479340 95.2
726762600 71575452712 96.9 30940348106049068 95.2
726870300 71575465312 96.9 30940353390865452 95.2
726901500 71575468812 96.9 30940360219924524 95.2
726964100 71575471312 96.9 30940364217638444 95.2
727041800 71575490312 96.9 30940368532924460 95.2
727108100 71575524612 96.9 30940388988000300 95.2
727317300 71575557512 96.9 30940407749867564 95.2
727510300 71575572012 96.9 30940413886175276 95.2
727598000 71575572812 96.9 30940415840073900 95.2
727612400 71575573912 96.9 30940419074997420 95.2
727641200 71575574412 96.9 30940420102246828 95.2
727886300 71575591712 96.9 30940437296361900 95.2
728136300 71575628412 96.9 30940457150069164 95.2
728203400 71575702412 96.9 30940500552858028 95.2
728216400 71575712612 96.9 30940507093949868 95.2
728288000 71575788412 96.9 30940555023154604 95.2
728449000 71575802712 96.9 30940564129599916 95.2
728610600 71575863112 96.9 30940580902231468 95.2
728648100 71575953612 96.9 30940617471421868 95.2
728655400 71575982612 96.9 30940635545159084 95.2
728707300 71576000012 96.9 30940647380396460 95.2
729139500 71576018612 96.9 30940659546321324 95.2
729286700 71576038712 96.9 30940678054822316 95.2
729331700 71576039212 96.9 30940679848462252 95.2
729351400 71576146712 96.9 30940744984721324 95.2
729428600 71576146812 96.9 30940745406726220 95.2
729492000 71576263212 96.9 30940818040569932 95.2
729524700 71576263712 96.9 30940818868909004 95.2
729854500 71576275312 96.9 30940825134468556 95.2
729886100 71576286212 96.9 30940833440646604 95.2
729942100 71576286812 96.9 30940834457038732 95.2
730002700 71576292212 96.9 30940839323571596 95.2
730129800 71576865712 96.9 30941225697711500 95.2
730288200 71576913212 96.9 30941251987455372 95.2
730481600 71576923612 96.9 30941267796211084 95.2
730542800 71576925512 96.9 30941270975345292 95.2
730545900 71576938212 96.9 30941283697986188 95.2
730619200 71576977812 96.9 30941310061480588 95.2
730924800 71577089012 96.9 30941382747646604 95.2
731066100 71577096512 96.9 30941387654405260 95.2
731194300 71577111212 96.9 30941398858509452 95.2
731245600 71577119812 96.9 30941410052668556 95.2
731264300 71577120112 96.9 30941411025921740 95.2
731383500 71577120512 96.9 30941412057616140 95.2
731583900 71577136112 96.9 30941419272367884 95.2
731604600 71577136512 96.9 30941420559890060 95.2
731816100 71577136912 96.9 30941421436469580 95.2
731929100 71577137812 96.9 30941423670043724 95.2
732016800 71577138812 96.9 30941426609739340 95.2
732034200 71577139612 96.9 30941427987401292 95.2
732095500 71577140112 96.9 30941428612363404 95.2
732181900 71577140312 96.9 30941429139966700 95.2
732334300 71577204612 96.9 30941444925837036 95.2
732401800 71577205612 96.9 30941448067521260 95.2
732520100 71577245712 96.9 30941471450381036 95.2
732648300 71577257712 96.9 30941485934664428 95.2
732701800 71577258612 96.9 30941486810594028 95.2
732750800 71577259612 96.9 30941489438296300 95.2
732867600 71577696112 96.9 30941696757319916 95.2
732961400 71577697612 96.9 30941699076390636 95.2
733055300 71577698412 96.9 30941701453531884 95.2
733139000 71577714412 96.9 30941707951971564 95.2
733142100 71577714712 96.9 30941709218029164 95.2
733297600 71577715212 96.9 30941711138311660 95.2
733350700 71577715912 96.9 30941712718710508 95.2
733354600 71577716512 96.9 30941713702266092 95.2
733520200 71577718012 96.9 30941715593279724 95.2
733666500 71577724612 96.9 30941717087961068 95.2
734235200 71577744312 96.9 30941724782761452 95.2
734321500 71577744512 96.9 30941724793411052 95.2
734336600 71577761912 96.9 30941736665274860 95.2
734347500 71577772512 96.9 30941744520767468 95.2
734426100 71577773312 96.9 30941747232556012 95.2
734525000 71577795412 96.9 30941758271440876 95.2
734628600 71577796012 96.9 30941760381589484 95.2
734899500 71577797612 96.9 30941762827951596 95.2
735261500 71577797812 96.9 30941763292028396 95.2
735313800 71577811512 96.9 30941773594809836 95.2
735325200 71577811712 96.9 30941774438827820 95.2
735336700 71577812212 96.9 30941776177079980 95.2
735468900 71577847212 96.9 30941794940065452 95.2
735534200 71577847712 96.9 30941796315409580 95.2
735540500 71577848012 96.9 30941796316638380 95.2
735667800 71577851112 96.9 30941803895457964 95.2
735702100 71577957612 96.9 30941866965387436 95.2
735756500 71577957812 96.9 30941867809412332 95.2
735758800 71577959112 96.9 30941870942712044 95.2
735823700 71578051012 96.9 30941930237759724 95.2
735957200 71578053412 96.9 30941931916919660 95.2
736047000 71578054612 96.9 30941934767426668 95.2
736157000 71578166412 96.9 30942005577952364 95.2
736228700 71578168212 96.9 30942009478083692 95.2
736249100 71578191812 96.9 30942020008240236 95.2
736274900 71578238612 96.9 30942044765465708 95.2
736558600 71578239212 96.9 30942046050983916 95.2
736592000 71578522112 96.9 30942257487241196 95.2
736909300 71578525412 96.9 30942260307271404 95.2
736920600 71578615112 96.9 30942319051402988 95.2
736932000 71578616212 96.9 30942322198286316 95.2
737120000 71578763012 96.9 30942410984214508 95.2
737256000 71578800112 96.9 30942431430383596 95.2
737493300 71578800712 96.9 30942431802469388 95.2
737537700 71578801112 96.9 30942433073450252 95.2
737542100 71578801812 96.9 30942434226363532 95.2
737754000 71578986812 96.9 30942476668894348 95.2
737854000 71578987312 96.9 30942477392282252 95.2
737863900 71578988212 96.9 30942478392430412 95.2
738032900 71578990312 96.9 30942480834865740 95.2
738147000 71578990912 96.9 30942481972882252 95.2
738733200 71578992112 96.9 30942484711726412 95.2
738931700 71579095012 96.9 30942533305621836 95.2
739128500 71579341912 96.9 30942670184865100 95.2
739180100 71579342412 96.9 30942671589479116 95.2
739199700 71580656812 96.9 30943649851708108 95.2
739250400 71580659212 96.9 30943653653729484 95.2
739371600 71580660012 96.9 30943655895168972 95.2
739533200 71580681412 96.9 30943668675819468 95.2
739678500 71580681912 96.9 30943669451334988 95.2
739758600 71580683012 96.9 30943672078173516 95.2
739794800 71580709812 96.9 30943688208277836 95.2
740263500 71580710712 96.9 30943689268243532 95.2
740468200 71581436412 96.9 30944562216348748 95.2
740554200 71581480812 96.9 30944577795667020 95.2
740585200 71581481212 96.9 30944578392376204 95.2
740795500 71581482112 96.9 30944581809437836 95.2
741099200 71582500312 96.9 30945598966430860 95.2
741112600 71583592512 96.9 30946981436030092 95.2
741217100 71583675312 96.9 30947014695842956 95.2
741300900 71583675512 96.9 30947015539871628 95.2
741329000 71583675812 96.9 30947016067902540 95.2
741349500 71583677512 96.9 30947019855194188 95.2
741357700 71583703912 96.9 30947033557322828 95.2
741618800 71583848812 96.9 30947140279331916 95.2
741758000 71584211612 96.9 30947358314245196 95.2
741970600 71584212612 96.9 30947361018085452 95.2
742649700 71584212812 96.9 30947361545692236 95.2
742787800 71584214212 96.9 30947363848416076 95.2
742845100 71584217612 96.9 30947367108346188 95.2
742891400 71584218112 96.9 30947369218442316 95.2
742944100 71584585812 96.9 30947583983420492 95.2
742962000 71584691712 96.9 30947645198226508 95.2
742988400 71584693012 96.9 30947647324030028 95.2
743095600 71584693612 96.9 30947648239324556 95.2
743284600 71584695012 96.9 30947650265446796 95.2
743333000 71584704912 96.9 30947654924057996 95.2
743461300 71585006212 96.9 30947993068420492 95.2
743612600 71585007112 96.9 30947994111597068 95.2
743690200 71585047912 96.9 30948006702548492 95.2
743943100 71593356712 96.9 30952166384403980 95.3
744096700 71593357412 96.9 30952169338508300 95.3
744103900 71593357512 96.9 30952169380697100 95.3
744252300 71603366412 96.9 30959189776847884 95.3
744407800 71603375612 96.9 30959195637078028 95.3
744436600 71603413712 96.9 30959209027862540 95.3
745112400 71603663212 96.9 30959341867933708 95.3
745189800 71603663712 96.9 30959342433510028 95.3
745294800 71604453112 96.9 30959828617208460 95.3
745823400 71604475912 96.9 30959843097637516 95.3
746094900 71604477212 96.9 30959845520460684 95.3
746556500 71604478112 96.9 30959847440000652 95.3
746759800 71610416512 96.9 30965626921428620 95.3
746766000 71610471612 96.9 30965645797879436 95.3
746846800 71610473012 96.9 30965648254949516 95.3
748124400 71610501212 96.9 30965663747858572 95.3
748213000 71610529612 96.9 30965679222076556 95.3
748405600 71610531012 96.9 30965681786082956 95.3
748643500 71610531312 96.9 30965682297583372 95.3
748689000 71610593012 96.9 30965722784773900 95.3
748960000 71610593612 96.9 30965723910725388 95.3
748979400 71610595012 96.9 30965726263164684 95.3
749028700 71610766412 96.9 30965781613612812 95.3
749030900 71610767412 96.9 30965784216248588 95.3
749063900 71610767812 96.9 30965785587883532 95.3
749328400 71610856112 96.9 30965827966860812 95.3
749818900 71610856612 96.9 30965828870898444 95.3
750332500 71610858812 96.9 30965832478646796 95.3
750374000 71610859312 96.9 30965833141820684 95.3
750440200 71610918712 96.9 30965870451711244 95.3
750706000 71610919812 96.9 30965871277960332 95.3
751145500 71610920212 96.9 30965871905797388 95.3
751166100 71611134212 96.9 30965987047675148 95.3
751285700 71611135212 96.9 30965990862573836 95.3
751559500 71611135312 96.9 30965990862778636 95.3
751585200 71611137512 96.9 30965993423741708 95.3
751632500 71611142312 96.9 30966001856504588 95.3
752028100 71611143612 96.9 30966004187511564 95.3
752225400 71611144912 96.9 30966006964490764 95.3
752287100 71611210812 96.9 30966031831472652 95.3
752341600 71611211912 96.9 30966035015332364 95.3
752500900 71611321712 96.9 30966089244869132 95.3
752507700 71611323312 96.9 30966092775109900 95.3
752533300 71611324912 96.9 30966095581807884 95.3
752885400 71611327712 96.9 30966099922858252 95.3
752910200 71611328412 96.9 30966101254661260 95.3
753651800 71611516712 96.9 30966206593795212 95.3
753922300 71611518012 96.9 30966209112146828 95.3
753979600 71611518512 96.9 30966210074654924 95.3
754118900 71611519112 96.9 30966212620871116 95.3
754267100 71611519912 96.9 30966214493147852 95.3
754285000 71611520512 96.9 30966215799712332 95.3
754319800 71611555812 96.9 30966233732493900 95.3
754526200 71611557012 96.9 30966236646305612 95.3
754596200 71611558512 96.9 30966237637153228 95.3
754862200 71611561512 96.9 30966242604399564 95.3
755068000 71611575812 96.9 30966260234527692 95.3
755137600 71611620912 96.9 30966293635257292 95.3
755516500 71611657512 96.9 30966319841911756 95.3
756187700 71611657912 96.9 30966321502979404 95.3
756425300 71611709412 96.9 30966347289574732 95.3
756432100 71611748312 96.9 30966368914185548 95.3
756456400 71611904712 96.9 30966416465427788 95.3
756688700 71612071012 96.9 30966518543613260 95.3
756691400 71612072512 96.9 30966519335397580 95.3
756729400 71612073412 96.9 30966520923460044 95.3
756826600 71612224512 96.9 30966562273341900 95.3
756840400 71612225112 96.9 30966563651790284 95.3
756918000 71612226212 96.9 30966565584566988 95.3
756941800 71612293512 96.9 30966611953736396 95.3
756984600 71612295912 96.9 30966615721790668 95.3
757017600 71612296812 96.9 30966615894846668 95.3
757145300 71612297612 96.9 30966617740910028 95.3
757292000 71612298812 96.9 30966619426210764 95.3
757309800 71612299412 96.9 30966621536667084 95.3
757364000 71612511812 96.9 30966731841177036 95.3
757503500 71612775912 96.9 30966875256980940 95.3
757561400 71612776812 96.9 30966876739900748 95.3
757627600 71612795812 96.9 30966885567515980 95.3
757805100 71613225012 96.9 30966945893514572 95.3
757932600 71613226812 96.9 30966951917327180 95.3
757969400 71613227412 96.9 30966954033845196 95.3
758156800 71613227812 96.9 30966955510934860 95.3
758321100 71613693712 96.9 30967197419040076 95.3
758541400 71613750812 96.9 30967229176939852 95.3
758656500 71613751212 96.9 30967230337611212 95.3
758802900 71614046312 96.9 30967378452100556 95.3
759195800 71614047412 96.9 30967381788536012 95.3
759341100 71614047912 96.9 30967384105286348 95.3
759350800 71614073212 96.9 30967397450629836 95.3
759456600 71614073612 96.9 30967398724676684 95.3
759696900 71614074512 96.9 30967401428080204 95.3
759753500 71614094412 96.9 30967418053021260 95.3
759920900 71614159412 96.9 30967439990859340 95.3
760194700 71614160212 96.9 30967441704875596 95.3
760609300 71614160312 96.9 30967441711633996 95.3
760615900 71614161212 96.9 30967443477173452 95.3
761008900 71614162012 96.9 30967444797705164 95.3
761133800 71614162812 96.9 30967445916214732 95.3
761203900 71614163112 96.9 30967446104425932 95.3
761338300 71614252112 96.9 30967483511428556 95.3
761411300 71614315412 96.9 30967516100595148 95.3
761708200 71614316212 96.9 30967517972220748 95.3
761754800 71614317212 96.9 30967519634518988 95.3
761769200 71614365412 96.9 30967553332302796 95.3
761779600 71614366412 96.9 30967554506040780 95.3
761910400 71614368412 96.9 30967557031204812 95.3
761965700 71614369012 96.9 30967558327236428 95.3
762444700 71614369812 96.9 30967559819251916 95.3
762488300 71614442212 96.9 30967600966082764 95.3
762655400 71614510812 96.9 30967630094848204 95.3
762760500 71614513512 96.9 30967634902735052 95.3
762789300 71614865212 96.9 30967802040359116 95.3
763383100 71614866312 96.9 30967804606592972 95.3
763390700 71614907712 96.9 30967831184662476 95.3
763413900 71614930412 96.9 30967846334006220 95.3
763524500 71614932012 96.9 30967848640959180 95.3
763900800 71615033112 96.9 30967904515302092 95.3
763958500 71615033612 96.9 30967904619954892 95.3
763968200 71617847012 96.9 30969930410721996 95.3
764142000 71618227412 96.9 30970157452051148 95.3
764267100 71618228312 96.9 30970158182893964 95.3
764430200 71618232112 96.9 30970165178393484 95.3
764630100 71618387212 96.9 30970268159927180 95.3
764642200 71618388612 96.9 30970271428955532 95.3
764720200 71618389212 96.9 30970273229347724 95.3
765081800 71618505112 96.9 30970330889575308 95.3
765250300 71618735112 96.9 30970421933726604 95.3
765363800 71618761012 96.9 30970436767390604 95.3
765366100 71618761412 96.9 30970437732555916 95.3
765462900 71618762312 96.9 30970439807287564 95.3
765547000 71618762812 96.9 30970441571409804 95.3
765710400 71618763512 96.9 30970443603979020 95.3
765827000 71618765412 96.9 30970446580476172 95.3
766011000 71618766912 96.9 30970449444374028 95.3
766023100 71618815812 96.9 30970466059101708 95.3
766269300 71618891812 96.9 30970497729093132 95.3
766366300 71618892812 96.9 30970501683921932 95.3
766420100 71618988412 96.9 30970598769296396 95.3
766509800 71619019212 96.9 30970614064864268 95.3
766522200 71619019812 96.9 30970615516048396 95.3
766604500 71619021012 96.9 30970617459564044 95.3
766620000 71619021212 96.9 30970618303583052 95.3
766747900 71619021712 96.9 30970620413655116 95.3
766825100 71619022412 96.9 30970622316597964 95.3
766946900 71619022812 96.9 30970623754257100 95.3
767057100 71619024212 96.9 30970626854320332 95.3
767147000 71619025012 96.9 30970629666752460 95.3
767300800 71619025912 96.9 30970631873379788 95.3
767417200 71619094912 96.9 30970679281479116 95.3
767447200 71619095712 96.9 30970681899501004 95.3
767638700 71619121512 96.9 30970691572354508 95.3
767710600 71619139912 96.9 30970702398334412 95.3
767748900 71619142512 96.9 30970707200085452 95.3
767756500 71619243012 96.9 30970765868576204 95.3
768012600 71619835212 96.9 30971051034357196 95.3
768032800 71619835812 96.9 30971051542465996 95.3
768223900 71619838212 96.9 30971057175582156 95.3
768361300 71619840312 96.9 30971063686558668 95.3
768440000 71619840912 96.9 30971065909551820 95.3
768711900 71619855312 96.9 30971073857573580 95.3
768848300 71619923212 96.9 30971112031204044 95.3
768897600 71619927012 96.9 30971119233244876 95.3
768925100 71619927512 96.9 30971121059344332 95.3
769020200 71619928712 96.9 30971123207025612 95.3
769094700 71619929212 96.9 30971125093465676 95.3
769148100 71619929712 96.9 30971126150738380 95.3
769269900 71619930712 96.9 30971128826640076 95.3
769403700 71619930912 96.9 30971128911222476 95.3
769706700 71619932812 96.9 30971131346950092 95.3
769716300 71619933012 96.9 30971131360466892 95.3
769731100 71620139212 96.9 30971276447520716 95.3
769777800 71620139612 96.9 30971276544186316 95.3
769787300 71620142012 96.9 30971280781780172 95.3
769788800 71620142612 96.9 30971282403784268 95.3
769899600 71620143712 96.9 30971284521516492 95.3
770028200 71633844212 96.9 30980832790609356 95.4
770191400 71633844912 96.9 30980835067613132 95.4
770448100 71633845612 96.9 30980836601386316 95.4
770614000 71633847312 96.9 30980841267543884 95.4
770649100 71633922212 96.9 30980884596883276 95.4
770695000 71633922812 96.9 30980886310943948 95.4
770743000 71633923612 96.9 30980888389035340 95.4
770772800 71633924012 96.9 30980889333392972 95.4
770841700 71633925012 96.9 30980891727825484 95.4
770895300 71633925612 96.9 30980893844884428 95.4
770987900 71633926112 96.9 30980894916746956 95.4
771232200 71633951012 96.9 30980911774095052 95.4
771293300 71633951812 96.9 30980912749254860 95.4
771571100 71633952812 96.9 30980914583041868 95.4
771829900 71633953812 96.9 30980917562623308 95.4
771913600 71633984912 96.9 30980936743277900 95.4
771961000 71633985912 96.9 30980939316531276 95.4
772177300 71633986212 96.9 30980940798093900 95.4
772261800 71633986912 96.9 30980943015277132 95.4
772450600 71634005112 96.9 30980959459351116 95.4
772543700 71634005612 96.9 30980961072631372 95.4
772596800 71634007712 96.9 30980967170897484 95.4
772663500 71634018312 96.9 30980973910117452 95.4
772697000 71634018812 96.9 30980975164588492 95.4
772889700 71634020112 96.9 30980976835663052 95.4
773084200 71634020312 96.9 30980977679694284 95.4
773403800 71634154112 96.9 30981062084598220 95.4
773494100 71634155412 96.9 30981066400559052 95.4
773544100 71634156212 96.9 30981068971857868 95.4
773555300 71634156812 96.9 30981070203794636 95.4
773822400 71634158012 96.9 30981074081389260 95.4
773926300 71634159012 96.9 30981076475964620 95.4
774463900 71634159312 96.9 30981077346898636 95.4
774517800 71634159612 96.9 30981078320556556 95.4
774599400 71634159812 96.9 30981078785786252 95.4
774660300 71635863912 96.9 30983092440859020 95.4
774759800 71635864312 96.9 30983093812486924 95.4
774817100 71635865012 96.9 30983096447601932 95.4
775113100 71635962112 96.9 30983145627884812 95.4
775247800 71635974212 96.9 30983160568685836 95.4
775286000 71635975412 96.9 30983164369287180 95.4
775352000 71635976612 96.9 30983168890222604 95.4
775708800 71635977212 96.9 30983171000377868 95.4
775771000 71635978212 96.9 30983173232703500 95.4
776002300 71635978912 96.9 30983174138461772 95.4
776348500 71635979312 96.9 30983174877238860 95.4
776474100 71636001912 96.9 30983187833861708 95.4
776579900 71636013112 96.9 30983194389622860 95.4
776803000 71636013412 96.9 30983195339230476 95.4
776903700 71636013912 96.9 30983197517609484 95.4
776920800 71636027112 96.9 30983204324124684 95.4
776969600 71636028612 96.9 30983204687861900 95.4
776988600 71641285612 97.0 30985928129140876 95.4
777009000 71641326812 97.0 30985944454613132 95.4
777109600 71641347612 97.0 30985954057783436 95.4
777326900 71641389112 97.0 30985972511041676 95.4
777739100 71641389412 97.0 30985972665460876 95.4
777755000 71641392112 97.0 30985982035518604 95.4
778077700 71641392712 97.0 30985982645637900 95.4
778099900 71641393512 97.0 30985983615211660 95.4
778384600 71641394212 97.0 30985985107708044 95.4
778533700 71641414512 97.0 30985996295778444 95.4
778592400 71641436712 97.0 30986010138561676 95.4
778608200 71641437412 97.0 30986012050557324 95.4
779309600 71641438412 97.0 30986015549166732 95.4
779639300 71641474312 97.0 30986031684728972 95.4
779761800 71642895612 97.0 30987519695468684 95.4
779779400 71642925712 97.0 30987541196572812 95.4
779788200 71643110612 97.0 30987658326771852 95.4
779833500 71643163012 97.0 30987686898428044 95.4
779925600 71643187012 97.0 30987699522083980 95.4
780140200 71643707712 97.0 30987977671122060 95.4
780145200 71643728812 97.0 30987992643192972 95.4
780377200 71643851812 97.0 30988067084904588 95.4
780396300 71643852012 97.0 30988067594151884 95.4
780449200 71643934212 97.0 30988249824618444 95.4
781004500 71643987012 97.0 30988265218021324 95.4
781134100 71643987412 97.0 30988266273259852 95.4
781149400 71644554012 97.0 30988672826360140 95.4
781209600 71644554712 97.0 30988674837017036 95.4
781254800 71644947612 97.0 30988802921664972 95.4
781415200 71644947812 97.0 30988803765678860 95.4
781669300 71645151712 97.0 30988910176023308 95.4
781702300 71645152012 97.0 30988911442048908 95.4
781780400 71645153312 97.0 30988913371057804 95.4
782112500 71645153512 97.0 30988914215070924 95.4
782138200 71645189212 97.0 30988935289107660 95.4
782391800 71645214112 97.0 30988954332382412 95.4
782431100 71645284012 97.0 30989000583451852 95.4
782548800 71645284712 97.0 30989002088698572 95.4
782672300 71645286312 97.0 30989004730081228 95.4
782704900 71645296312 97.0 30989015784729548 95.4
782958800 71645297012 97.0 30989016856821324 95.4
782965700 71645302612 97.0 30989021139656268 95.4
783364000 71645313312 97.0 30989026848271436 95.4
783455200 71645328912 97.0 30989033455268940 95.4
783603000 71645329112 97.0 30989034042151244 95.4
783661300 71645393512 97.0 30989063097991500 95.4
783785400 71645425312 97.0 30989105465254220 95.4
783883600 71645469612 97.0 30989120870463820 95.4
783891700 71646341112 97.0 30990126253390156 95.4
783911100 71646370612 97.0 30990139526061388 95.4
784089200 71646371212 97.0 30990141179043660 95.4
784216700 71646436412 97.0 30990183164804940 95.4
784492500 71646437112 97.0 30990184798339020 95.4
784566900 71646450712 97.0 30990194932215756 95.4
784623400 71646504112 97.0 30990211724215244 95.4
784686900 71646522812 97.0 30990221408200652 95.4
784862400 71646523212 97.0 30990222568580940 95.4
784945700 71646620012 97.0 30990269217224524 95.4
785056200 71646628412 97.0 30990273358147916 95.4
785095300 71646629212 97.0 30990274725566028 95.4
785197900 71646630112 97.0 30990276691246796 95.4
785220800 71646631312 97.0 30990279616562380 95.4
785312600 71646645712 97.0 30990288767911116 95.4
785426400 71646652412 97.0 30990291953390284 95.4
785739800 71646668112 97.0 30990300876073676 95.4
785857300 71646674012 97.0 30990306501613260 95.4
785916800 71646683512 97.0 30990315263323852 95.4
785919000 71646684312 97.0 30990317395675724 95.4
785941400 71646685012 97.0 30990319400525132 95.4
786043600 71646685912 97.0 30990322204990284 95.4
786087200 71646687312 97.0 30990325499429964 95.4
786159000 71646687712 97.0 30990326360044236 95.4
786256200 71646688612 97.0 30990328561672396 95.4
786282100 71646689512 97.0 30990330900590284 95.4
786336800 71646689812 97.0 30990332166640716 95.4
786353900 71646805212 97.0 30990372506469452 95.4
786406600 71653751712 97.0 30997173164082252 95.4
786411400 71653787912 97.0 30997184215041100 95.4
786821500 71653800112 97.0 30997195400768588 95.4
786915300 71653870712 97.0 30997212564405324 95.4
787046200 71653872912 97.0 30997214762760780 95.4
787327000 71653893912 97.0 30997232886436428 95.4
787341300 71653894112 97.0 30997233031844428 95.4
787385000 71653903712 97.0 30997238507420236 95.4
787419400 71653904412 97.0 30997239422506444 95.4
787536000 71653959212 97.0 30997264888559052 95.4
787589500 71653959512 97.0 30997264922555852 95.4
787597500 71653970012 97.0 30997271496136140 95.4
787627000 71654103112 97.0 30997420026009036 95.4
787648900 71654142412 97.0 30997440021962188 95.4
788022700 71654172612 97.0 30997455817698764 95.4
788228800 71654173112 97.0 30997456804450060 95.4
788277800 71654177512 97.0 30997464492010764 95.4
788440000 71654177812 97.0 30997465547066380 95.4
788486100 71654226912 97.0 30997487411651596 95.4
788884700 71654227112 97.0 30997488255715468 95.4
788905000 71654273012 97.0 30997515959914636 95.4
788913500 71654290012 97.0 30997527214768268 95.4
789085200 71654290312 97.0 30997530363000972 95.4
789092500 71654369812 97.0 30997561393633420 95.4
789201200 71654562512 97.0 30997678302673036 95.4
789222200 71654563612 97.0 30997682100952716 95.4
789746700 71654574112 97.0 30997688475508876 95.4
789802900 71654574512 97.0 30997690367565964 95.4
789826500 71654631312 97.0 30997721094418572 95.4
789893900 71654631612 97.0 30997721833076172 95.4
790087100 71654658812 97.0 30997745542886860 95.4
790145400 71654660112 97.0 30997749224768972 95.4
790159800 71654711012 97.0 30997785552893388 95.4
790298900 71654742312 97.0 30997797474697676 95.4
790391400 71654877512 97.0 30997870732263884 95.4
790455700 71654878312 97.0 30997873693321164 95.4
790628300 71654879612 97.0 30997876028148684 95.4
790733200 71654890612 97.0 30997884642199500 95.4
790911700 71654890912 97.0 30997885908257612 95.4
791006900 71654891012 97.0 30997886330260204 95.4
791081400 71654988812 97.0 30997945000180460 95.4
791316300 71655090012 97.0 30998020219558636 95.4
791317700 71655338512 97.0 30998124931488492 95.4
791354500 71655338812 97.0 30998125785761260 95.4
791366600 71655340212 97.0 30998129579145708 95.4
791421500 71655345212 97.0 30998132435445228 95.4
791435200 71655352612 97.0 30998136266938092 95.4
791442500 71655360312 97.0 30998143968619244 95.4
791564300 71655395612 97.0 30998160447452908 95.4
791621100 71655408512 97.0 30998167525559532 95.4
791631900 71655416512 97.0 30998170176402668 95.4
791832100 71655416712 97.0 30998171020419756 95.4
792108800 71655426712 97.0 30998180781483692 95.4
792297400 71655428212 97.0 30998183805956012 95.4
792302700 71655429312 97.0 30998187048429228 95.4
792313200 71655501012 97.0 30998219014842028 95.4
792315500 71655502412 97.0 30998220639900332 95.4
792395700 71655519912 97.0 30998240645071532 95.4
792477500 71655670412 97.0 30998355413689004 95.4
792510500 71655670812 97.0 30998357101727788 95.4
792517600 71655860712 97.0 30998450661847084 95.4
792576000 71656057412 97.0 30998559469842476 95.4
792616700 71656537712 97.0 30998787103273004 95.4
792884100 71656568312 97.0 30998805193787436 95.4
792971000 71656589412 97.0 30998816835481644 95.4
793019200 71656681112 97.0 30998881833607212 95.4
793239500 71656681412 97.0 30998882783246636 95.4
793276800 71656681612 97.0 30998883627282540 95.4
793324000 71656707212 97.0 30998898644196460 95.4
793324600 71656774312 97.0 30998941158681708 95.4
793490100 71656791512 97.0 30998954930385004 95.4
793495900 71656810012 97.0 30998960352017004 95.4
793503700 71656976412 97.0 30999058987874924 95.4
793534900 71656989812 97.0 30999065571542124 95.4
793590200 71656990412 97.0 30999065924578924 95.4
793738900 71657017312 97.0 30999078154722924 95.4
793798300 71657082112 97.0 30999102820361836 95.4
793848700 71657091012 97.0 30999106997209452 95.4
793889600 71657091512 97.0 30999108278408812 95.4
793926000 71657118712 97.0 30999120629245548 95.4
793986600 71657176012 97.0 30999162744407660 95.4
794032600 71657191212 97.0 30999175573151340 95.4
794055400 71657206812 97.0 30999188102322796 95.4
794140400 71657431212 97.0 30999323393522284 95.4
794188600 71657431612 97.0 30999324448670188 95.4
794229900 71657433012 97.0 30999327312151020 95.4
794292600 71657476612 97.0 30999352056496620 95.4
794518200 71657640912 97.0 30999560485306860 95.4
794632900 71657657612 97.0 30999579103828460 95.4
794678500 71657660812 97.0 30999580872055788 95.4
794711800 71657787712 97.0 30999619521072108 95.4
794776900 71657787912 97.0 30999620365108716 95.4
794783800 71657794212 97.0 30999627176754668 95.4
794796500 71657797012 97.0 30999627512219980 95.4
794839400 71657820012 97.0 30999638205029708 95.4
794866800 71657820812 97.0 30999638644286796 95.4
794933600 71657821312 97.0 30999639395814284 95.4
794956100 71657845212 97.0 30999646466997644 95.4
795440500 71657846112 97.0 30999647760073100 95.4
795447900 71657976412 97.0 30999685884658060 95.4
795501600 71658001112 97.0 30999700051614092 95.4
795558800 71658008512 97.0 30999709981846924 95.4
795596900 71658029612 97.0 30999721861411212 95.4
795699600 71658033212 97.0 30999724668125068 95.4
795817100 71658091512 97.0 30999760149368716 95.4
795861100 71658091812 97.0 30999761415396492 95.4
795933100 71658117012 97.0 30999769422024844 95.4
795978200 71658117812 97.0 30999770473307724 95.4
796009600 71658118512 97.0 30999771931580748 95.4
796175700 71658118912 97.0 30999774241307724 95.4
796265700 71658119312 97.0 30999774817339852 95.4
796372500 71658145612 97.0 30999786339080652 95.4
796428700 71658146212 97.0 30999788677899980 95.4
796439200 71658146712 97.0 30999790366167628 95.4
796451100 71658227712 97.0 30999830091985484 95.4
796459700 71658228012 97.0 30999830591012780 95.4
796498000 71658254512 97.0 30999849572636588 95.4
796536300 71658449412 97.0 30999942299039660 95.4
796563100 71658452412 97.0 30999944422882092 95.4
796875900 71658525412 97.0 30999983266822956 95.4
796881500 71658538112 97.0 30999990700920620 95.4
796899600 71658555212 97.0 31000007659355948 95.4
797072200 71658555412 97.0 31000008503382124 95.4
797185800 71658579312 97.0 31000024891853932 95.4
797198000 71658580012 97.0 31000026399135980 95.4
797245600 71659650212 97.0 31001403673434348 95.4
797299900 71659650512 97.0 31001404597331180 95.4
797372300 71660265912 97.0 31002068022715628 95.4
797591700 71660266312 97.0 31002068458233836 95.4
797614600 71660282912 97.0 31002076405847020 95.4
797641500 71660283412 97.0 31002077883069804 95.4
797741200 71660299312 97.0 31002100948524396 95.4
797764100 71660332012 97.0 31002124751349100 95.4
797783900 71660332112 97.0 31002125173352204 95.4
797820400 71660332412 97.0 31002125904955404 95.4
797902800 71660335512 97.0 31002127915504524 95.4
797947400 71660413112 97.0 31002184618541964 95.4
798037800 71660413312 97.0 31002185143572972 95.4
798105100 71660437712 97.0 31002196331462124 95.4
798258500 71660438012 97.0 31002197281096620 95.4
798345400 71660484612 97.0 31002209072868268 95.4
798613500 71660493412 97.0 31002220410112940 95.4
798625000 71660493812 97.0 31002222098193196 95.4
798703700 71660506512 97.0 31002228597799724 95.4
798721300 71660506612 97.0 31002228604558124 95.4
798844300 71660534512 97.0 31002244076814124 95.4
798896700 71660551912 97.0 31002250397776172 95.4
798938000 71660628612 97.0 31002296894183724 95.4
798963000 71660628812 97.0 31002297738222316 95.4
798976700 71660629012 97.0 31002298582246828 95.4
798977100 71660629412 97.0 31002299423261100 95.4
799243000 71660629712 97.0 31002299576140300 95.4
799300900 71660631312 97.0 31002303598601996 95.4
799313600 71660653512 97.0 31002318091351820 95.4
799365100 71660773712 97.0 31002364356925196 95.4
799384000 71660816312 97.0 31002383398604556 95.4
799718500 71660874812 97.0 31002408403926796 95.4
799726400 71660875012 97.0 31002409247958476 95.4
799741500 71660934312 97.0 31002432662201804 95.4
799767200 71661060712 97.0 31002495815153100 95.4
799780800 71661060812 97.0 31002495857137100 95.4
799789600 71661086812 97.0 31002512246118860 95.4
799978100 71661116812 97.0 31002528973053388 95.4
799989000 71661133112 97.0 31002543096107468 95.4
800035200 71661172012 97.0 31002555376351692 95.4
800062800 71661172412 97.0 31002557064362444 95.4
800068200 71661210612 97.0 31002594212112844 95.4
800210000 71661211812 97.0 31002596631722188 95.4
800246200 71661211912 97.0 31002597053746092 95.4
800249400 71661225012 97.0 31002608840155052 95.4
800332100 71661225212 97.0 31002609684178348 95.4
800505400 71661247812 97.0 31002618961164716 95.4
800528300 71661281512 97.0 31002631626656172 95.4
800549100 71661281912 97.0 31002633314703276 95.4
800699000 71661334112 97.0 31002662779684780 95.4
800799400 71661334312 97.0 31002663623705196 95.4
800819400 71661334912 97.0 31002665114316012 95.4
800867300 71661369112 97.0 31002683754835180 95.4
800870900 71661449712 97.0 31002735207144684 95.4
800917900 71661459812 97.0 31002739812823276 95.4
801101900 71661460912 97.0 31002741998492396 95.4
801126400 71661461012 97.0 31002742420519884 95.4
801397100 71661474312 97.0 31002749598341580 95.4
801445100 71661495412 97.0 31002758717518284 95.4
801573300 71661517912 97.0 31002770568338892 95.4
801652400 71661582612 97.0 31002816770223564 95.4
801692400 71661600412 97.0 31002826280257996 95.4
801711800 71661659512 97.0 31002856522516940 95.4
801729500 71661764812 97.0 31002887885666764 95.4
801932400 71661818812 97.0 31002921932677580 95.4
801961200 71661860412 97.0 31002940880816588 95.4
802039200 71661866412 97.0 31002943854046924 95.4
802090700 71661866712 97.0 31002944695901836 95.4
802154800 71661897312 97.0 31002961565457036 95.4
802235000 71661935512 97.0 31002989428316812 95.4
802336300 71661936012 97.0 31002989940851820 95.4
802345500 71662070012 97.0 31003088169600108 95.4
802472400 71664726412 97.0 31005667279111276 95.4
802490100 71664726912 97.0 31005668170196076 95.4
802577000 71664746212 97.0 31005678064079980 95.4
802596300 71664765212 97.0 31005690425849964 95.4
802687000 71664780812 97.0 31005700378394732 95.4
802801000 71664782612 97.0 31005703718508396 95.4
802845800 71664782712 97.0 31005704140509388 95.4
802861900 71670911012 97.0 31008868225929420 95.4
802875600 71670912312 97.0 31008870478439628 95.4
802992300 71670928012 97.0 31008878608210124 95.4
802996000 71670940712 97.0 31008884168747212 95.4
803046900 71670941012 97.0 31008885021059084 95.4
803067000 71670941112 97.0 31008885028022284 95.4
803187200 71670954412 97.0 31008891748563468 95.4
803285800 71670955212 97.0 31008893244349196 95.4
803296400 71671107812 97.0 31009019360426764 95.4
803367000 71671108112 97.0 31009020099063692 95.4
803437200 71671108612 97.0 31009021495557388 95.4
803539600 71671110312 97.0 31009026770106124 95.4
803557900 71671112312 97.0 31009029272328972 95.4
803644300 71671118912 97.0 31009034781385484 95.4
803658600 71671119412 97.0 31009035642415692 95.4
803760400 71671119812 97.0 31009036503418188 95.4
804011900 71671200812 97.0 31009081869968716 95.4
804027900 71671201212 97.0 31009083136048332 95.4
804030300 71671226112 97.0 31009099223064780 95.4
804049900 71671230612 97.0 31009103524888780 95.4
804079200 71671368812 97.0 31009189188100300 95.4
804115300 71671381912 97.0 31009197527442124 95.4
804204000 71671382112 97.0 31009198371462220 95.4
804272200 71671385912 97.0 31009202970769996 95.4
804335900 71671415612 97.0 31009213823751756 95.4
804357500 71676283312 97.0 31013631634347596 95.5
804382700 71676283712 97.0 31013631661585996 95.5
804396000 71676317512 97.0 31013650765928012 95.5
804597500 71676329912 97.0 31013658995531340 95.5
804601700 71676330012 97.0 31013659090353740 95.5
804665700 71676388712 97.0 31013702762442316 95.5
804679500 71676408112 97.0 31013717393356364 95.5
804727100 71676422912 97.0 31013725079598668 95.5
804738900 71676471912 97.0 31013739245366860 95.5
804777100 71676472212 97.0 31013739680080748 95.5
804839900 71676473112 97.0 31013742231849580 95.5
804873400 71676499412 97.0 31013764254472812 95.5
804935000 71676552312 97.0 31013788600502892 95.5
804941100 71676552512 97.0 31013789040544876 95.5
805075300 71676570912 97.0 31013804610380908 95.5
805095300 71676833812 97.0 31013932522767468 95.5
805149800 71676834812 97.0 31013934878686828 95.5
805175700 71676851712 97.0 31013945870327404 95.5
805207100 71676852312 97.0 31013947558514028 95.5
805261500 71677373812 97.0 31014239599742316 95.5
805293500 71677374012 97.0 31014240443771308 95.5
805306400 71677412712 97.0 31014258877565356 95.5
805334300 71677450712 97.0 31014295025875372 95.5
805362900 71677451012 97.0 31014295764506860 95.5
805388300 71677451512 97.0 31014296306453100 95.5
805464800 71677451912 97.0 31014297749590380 95.5
805493800 71677452312 97.0 31014298794031596 95.5
805530300 71677516312 97.0 31014331514042860 95.5
805646400 71678351212 97.0 31015243794037228 95.5
805718100 71678381112 97.0 31015259146636780 95.5
805726300 71678381312 97.0 31015259990645804 95.5
805793100 71678409812 97.0 31015280067617836 95.5
805819200 71678411312 97.0 31015280670489004 95.5
805851000 71678452312 97.0 31015306172438956 95.5
805860200 71678459212 97.0 31015310616039340 95.5
805928100 71678459912 97.0 31015312291845804 95.5
805963800 71678465812 97.0 31015322714357420 95.5
806008500 71678470612 97.0 31015324200867884 95.5
806114300 71678513512 97.0 31015373537798188 95.5
806148700 71678513712 97.0 31015373977094188 95.5
806196200 71678526812 97.0 31015382580543532 95.5
806290900 71678554012 97.0 31015399949553708 95.5
806368700 71678568712 97.0 31015409598881836 95.5
806402200 71678583412 97.0 31015422092383276 95.5
806402900 71678649812 97.0 31015467264848940 95.5
806427400 71679192012 97.0 31015968149189676 95.5
806557400 71680090812 97.0 31017112717997100 95.5
806604300 71680091012 97.0 31017113471573420 95.5
806843600 71680091112 97.0 31017113893591628 95.5
806885800 71680111612 97.0 31017124626756172 95.5
806940300 71680112012 97.0 31017125520136844 95.5
806959700 71680129012 97.0 31017164343978636 95.5
806967900 71680230512 97.0 31017253143104140 95.5
807026000 71680230812 97.0 31017254409145484 95.5
807128000 71680292612 97.0 31017289015970956 95.5
807141600 71680326612 97.0 31017314358951052 95.5
807195100 71680328812 97.0 31017317951504012 95.5
807237400 71680375312 97.0 31017343326658188 95.5
807269500 71680957212 97.0 31017639926472332 95.5
807276400 71681024512 97.0 31017691968065164 95.5
807281300 71681024812 97.0 31017692818866572 95.5
807389400 71681025312 97.0 31017694232134540 95.5
807463300 71681323612 97.0 31017921511408524 95.5
807483000 71681376512 97.0 31017948047074188 95.5
807511600 71681398712 97.0 31017962166835084 95.5
807532000 71681413112 97.0 31017968940538252 95.5
807540900 71681432512 97.0 31017976753031052 95.5
807547200 71681433012 97.0 31017979484741772 95.5
807597800 71681457612 97.0 31017987074950284 95.5
807605700 71681487312 97.0 31018002505803916 95.5
807615000 71681512612 97.0 31018015386542220 95.5
807666900 71681513212 97.0 31018017341156876 95.5
807711400 71681540112 97.0 31018027513676300 95.5
807717000 71681552512 97.0 31018036921210380 95.5
807746100 71681602112 97.0 31018064795547148 95.5
807766100 71681614212 97.0 31018070593417228 95.5
807809100 71681646812 97.0 31018087803097100 95.5
807831200 71681685812 97.0 31018106559217676 95.5
807883600 71681686512 97.0 31018108412340876 95.5
807940200 71681747012 97.0 31018140000289420 95.5
807961700 71681758212 97.0 31018147478004364 95.5
807989500 71681803312 97.0 31018156896851596 95.5
808033300 71681906212 97.0 31018187405960844 95.5
808046200 71681906712 97.0 31018188455615116 95.5
808112300 71681924712 97.0 31018199693940364 95.5
808169900 71681945012 97.0 31018214365436556 95.5
808234700 71681970512 97.0 31018227987887756 95.5
808236400 71682026212 97.0 31018262285903500 95.5
808242000 71682045012 97.0 31018272515713676 95.5
808252400 71682053812 97.0 31018277886416524 95.5
808272800 71682054212 97.0 31018278941651724 95.5
808389100 71682078112 97.0 31018308155689740 95.5
808398400 71682161712 97.0 31018365001087756 95.5
808444400 71682179512 97.0 31018370482348812 95.5
808549900 71682195312 97.0 31018381348331276 95.5
808562700 71682352912 97.0 31018491583168268 95.5
808631600 71682367912 97.0 31018495833745676 95.5
808668000 71682402312 97.0 31018507777553676 95.5
808730300 71682403912 97.0 31018509189498380 95.5
808751500 71682471612 97.0 31018556316190220 95.5
808863500 71682486412 97.0 31018568995540492 95.5
808865600 71682603312 97.0 31018698319908364 95.5
808895500 71682603612 97.0 31018698910791692 95.5
808944500 71682671812 97.0 31018745130133516 95.5
808997800 71682798612 97.0 31018803939235852 95.5
809007800 71682804612 97.0 31018808417924620 95.5
809056100 71682810712 97.0 31018812274504460 95.5
809063000 71682853012 97.0 31018837518275340 95.5
809139700 71682893212 97.0 31018866393383692 95.5
809167300 71682914812 97.0 31018882963149580 95.5
809169600 71682953212 97.0 31018921889624844 95.5
809178200 71682953312 97.0 31018922137432844 95.5
809272800 71683034012 97.0 31018963102618380 95.5
809382600 71683077312 97.0 31018984913758988 95.5
809433400 71683191312 97.0 31019118922746636 95.5
809435600 71683200712 97.0 31019127066108684 95.5
809485400 71683200912 97.0 31019127918416012 95.5
809554700 71683242212 97.0 31019156503711884 95.5
809571800 71683243112 97.0 31019156551225484 95.5
809627900 71683258312 97.0 31019164449380492 95.5
809673200 71683258812 97.0 31019166243035916 95.5
809674800 71683301012 97.0 31019190216286988 95.5
809686600 71683301212 97.0 31019190641995084 95.5
809740100 71683301412 97.0 31019190835437484 95.5
809756600 71683301612 97.0 31019191363036588 95.5
809794800 71683353512 97.0 31019286710764972 95.5
809795900 71683354412 97.0 31019289037639596 95.5
809812300 71683354812 97.0 31019290424910124 95.5
809856000 71683364512 97.0 31019300762239276 95.5
809865200 71683391312 97.0 31019320024881452 95.5
810015400 71683392212 97.0 31019320239626060 95.5
810017200 71683412812 97.0 31019339400466252 95.5
810062700 71683491012 97.0 31019364162121548 95.5
810081900 71683491112 97.0 31019364269027148 95.5
810111900 71683586012 97.0 31019435902021452 95.5
810118800 71683624412 97.0 31019448030359372 95.5
810197800 71683625612 97.0 31019450085581900 95.5
810200400 71683625712 97.0 31019450467929292 95.5
810301300 71683634512 97.0 31019456292413644 95.5
810302900 71683642712 97.0 31019462083843276 95.5
810320500 71684344312 97.0 31019822173000908 95.5
810397500 71684476112 97.0 31019905455371468 95.5
810414200 71684476512 97.0 31019906209988428 95.5
810437600 71684477712 97.0 31019910159070284 95.5
810507100 71684477912 97.0 31019910370247180 95.5
810511400 71684478112 97.0 31019910796344396 95.5
810522800 71684478212 97.0 31019911218367500 95.5
810539900 71684479112 97.0 31019912426724620 95.5
810594800 71684479512 97.0 31019912562097420 95.5
810631600 71684486912 97.0 31019916410183180 95.5
810726600 71684523312 97.0 31019926199971340 95.5
810741400 71684571312 97.0 31019953417182732 95.5
810826000 71684643912 97.0 31019999640800780 95.5
810827200 71684645712 97.0 31020001237820172 95.5
810859000 71684646112 97.0 31020002089629772 95.5
810861900 71684646412 97.0 31020002785043276 95.5
810865200 71684667812 97.0 31020011059586892 95.5
810868100 71684794812 97.0 31020090383058764 95.5
810889300 71684822012 97.0 31020102781445964 95.5
810994300 71684822212 97.0 31020103625468172 95.5
811066500 71684839012 97.0 31020109924131596 95.5
811129800 71693192212 97.0 31026055418733324 95.5
811145800 71693192612 97.0 31026056356139148 95.5
811169700 71693234112 97.0 31026078558361740 95.5
811192700 71693234312 97.0 31026078682675340 95.5
811219000 71693250012 97.0 31026088434378892 95.5
811246200 71693257512 97.0 31026091967988364 95.5
811389500 71693302812 97.0 31026108843973260 95.5
811492800 71693303012 97.0 31026109687990860 95.5
811505800 71693303412 97.0 31026110545547340 95.5
811602200 71693501012 97.0 31026268648788044 95.5
811655900 71693501412 97.0 31026269670726668 95.5
811673100 71693542612 97.0 31026285421075468 95.5
811689200 71693554312 97.0 31026291202839052 95.5
811726500 71693570812 97.0 31026305587553804 95.5
811798900 71693577412 97.0 31026309488850956 95.5
811844000 71693577912 97.0 31026310383332876 95.5
811868400 71693642312 97.0 31026351108759052 95.5
811875000 71693642612 97.0 31026352028157452 95.5
812014600 71693644212 97.0 31026353836948876 95.5
812086300 71693644312 97.0 31026354258947884 95.5
812134800 71693712912 97.0 31026395777068844 95.5
812139600 71693830412 97.0 31026481757720364 95.5
812193500 71693866412 97.0 31026506071066412 95.5
812204100 71693867712 97.0 31026509425958956 95.5
812292000 71693867812 97.0 31026509847974252 95.5
812429300 71693869412 97.0 31026513379485292 95.5
812434600 71693889412 97.0 31026522445436524 95.5
812446100 71693989112 97.0 31026569783592556 95.5
812466600 71694003712 97.0 31026587136970348 95.5
812510300 71694005612 97.0 31026590621994604 95.5
812516400 71694031012 97.0 31026607541686892 95.5
812517900 71694060212 97.0 31026618441914988 95.5
812551000 71694060612 97.0 31026620129972588 95.5
812566300 71694061112 97.0 31026620678280556 95.5
812569600 71694061312 97.0 31026621522290156 95.5
812621100 71694061712 97.0 31026622613214572 95.5
812683200 71694061812 97.0 31026623035219884 95.5
812714600 71694113812 97.0 31026652462022572 95.5
812741800 71694115312 97.0 31026656200162988 95.5
812812000 71694115412 97.0 31026656200777388 95.5
812814900 71694115612 97.0 31026657044809196 95.5
812832100 71694139212 97.0 31026665943285228 95.5
812859100 71694140412 97.0 31026668561379564 95.5
812868100 71694177312 97.0 31026680887125228 95.5
812918400 71694177712 97.0 31026681894876332 95.5
812925700 71694178212 97.0 31026683173388588 95.5
813017900 71694178912 97.0 31026684167547820 95.5
813055300 71694250112 97.0 31026723080068012 95.5
813111300 71694345712 97.0 31026765143255980 95.5
813114400 71694375912 97.0 31026769777906604 95.5
813121300 71694395612 97.0 31026779620302764 95.5
813131400 71694395912 97.0 31026780886350508 95.5
813144300 71694396112 97.0 31026781730379884 95.5
813165100 71694477112 97.0 31026837778262124 95.5
813168300 71694477212 97.0 31026838204860524 95.5
813192500 71694493212 97.0 31026844232648812 95.5
813230000 71694566412 97.0 31026894154172524 95.5
813264200 71694567112 97.0 31026896163237612 95.5
813280300 71694583512 97.0 31026904562106604 95.5
813297700 71694597512 97.0 31026918074893548 95.5
813347700 71694597912 97.0 31026918499853548 95.5
813462800 71694602912 97.0 31026919844953068 95.5
813486800 71694623312 97.0 31026934084228076 95.5
813526900 71694652712 97.0 31026953588020204 95.5
813530300 71694823012 97.0 31027059424441324 95.5
813601200 71694886712 97.0 31027091392992236 95.5
813602300 71694887012 97.0 31027092237085548 95.5
813619000 71694918612 97.0 31027100277634924 95.5
813627300 71694926412 97.0 31027104891717996 95.5
813649400 71694943412 97.0 31027115807336812 95.5
813650400 71694956112 97.0 31027125245811052 95.5
813692600 71694971112 97.0 31027132508759404 95.5
813708000 71694971412 97.0 31027133359757804 95.5
813773400 71694986412 97.0 31027140298619372 95.5
813784200 71694986812 97.0 31027141986672620 95.5
813832200 71694995912 97.0 31027150932078572 95.5
813832800 71694997612 97.0 31027154116887276 95.5
813893900 71694998212 97.0 31027155867041772 95.5
813896900 71695019312 97.0 31027162470426092 95.5
813951300 71695067212 97.0 31027189494259180 95.5
813959300 71695072412 97.0 31027193990094316 95.5
813961300 71695164812 97.0 31027224399074796 95.5
814014500 71695165012 97.0 31027225243117868 95.5
814039900 71695165112 97.0 31027225665125580 95.5
814049700 71695186112 97.0 31027242593884364 95.5
814105600 71695186412 97.0 31027243859920972 95.5
814107900 71695323112 97.0 31027310465050700 95.5
814128400 71695348112 97.0 31027324831731788 95.5
814163700 71695421212 97.0 31027369789739084 95.5
814183200 71695422112 97.0 31027370885516876 95.5
814203500 71695453112 97.0 31027390646124108 95.5
814263200 71695453312 97.0 31027391072646508 95.5
814278900 71695461012 97.0 31027408749755756 95.5
814288600 71695498312 97.0 31027423699787116 95.5
814328400 71695756712 97.0 31027533258046828 95.5
814350200 71695769512 97.0 31027541598140268 95.5
814400000 71695770212 97.0 31027542374183276 95.5
814519700 71695770712 97.0 31027543212764588 95.5
814576000 71695777312 97.0 31027546951760556 95.5
814684200 71695797512 97.0 31027555966137004 95.5
814696100 71695838812 97.0 31027577938690732 95.5
814716900 71695851812 97.0 31027584115003052 95.5
814734900 71695982612 97.0 31027664703901356 95.5
814750000 71696002212 97.0 31027673254290092 95.5
814761300 71696005312 97.0 31027678902330540 95.5
814767700 71696005612 97.0 31027679554876076 95.5
814784400 71696005912 97.0 31027679977085676 95.5
814825300 71696037412 97.0 31027704305261292 95.5
814828100 71696929212 97.0 31028140120349420 95.5
814861500 71696993412 97.0 31028176775391980 95.5
814863000 71696993712 97.0 31028177667354284 95.5
814878100 71697246112 97.0 31028469120396972 95.5
814910000 71697246212 97.0 31028469542399788 95.5
814934000 71697247312 97.0 31028471460648236 95.5
814947700 71697288912 97.0 31028560538039596 95.5
814994600 71697295712 97.0 31028578631709996 95.5
815003900 71697325812 97.0 31028598982675756 95.5
815042500 71697326712 97.0 31028601799886380 95.5
815047700 71697327612 97.0 31028602522134764 95.5
815100900 71697327712 97.0 31028602944135756 95.5
815114800 71697328312 97.0 31028604757931212 95.5
815170800 71697342012 97.0 31028616668058828 95.5
815183000 71697342312 97.0 31028617554662028 95.5
815204600 71697348212 97.0 31028620443687564 95.5
815271000 71697379312 97.0 31028628802213004 95.5
815340600 71697896512 97.0 31029201225553036 95.5
815361600 71697897112 97.0 31029203002038668 95.5
815377100 71698024012 97.0 31029276951650700 95.5
815386900 71698024512 97.0 31029278387345420 95.5
815454500 71698024912 97.0 31029279442573900 95.5
815528500 71698116712 97.0 31029321739545164 95.5
815649800 71698116912 97.0 31029322583586892 95.5
815665500 71698117412 97.0 31029323961992268 95.5
815693800 71698118212 97.0 31029326916158284 95.5
815716300 71698118312 97.0 31029327338180300 95.5
815717600 71698167812 97.0 31029359947417292 95.5
815867900 71698180812 97.0 31029365606125772 95.5
815891700 71698187112 97.0 31029369341093324 95.5
816000300 71698187312 97.0 31029369631210636 95.5
816005700 71698214812 97.0 31029390095062156 95.5
816007300 71698484412 97.0 31029711881606284 95.5
816145200 71698485212 97.0 31029713983330444 95.5
816258500 71698485612 97.0 31029715253871116 95.5
816269100 71698485812 97.0 31029715680795628 95.5
816298500 71698485912 97.0 31029716102811020 95.5
816314100 71698534512 97.0 31029730142255500 95.5
816317700 71698551112 97.0 31029743931778444 95.5
816326600 71698563312 97.0 31029751015067532 95.5
816381800 71698599212 97.0 31029771618836364 95.5
816386100 71698815012 97.0 31029908320468876 95.5
816433700 71698815212 97.0 31029909063628492 95.5
816457300 71698816312 97.0 31029910291739340 95.5
816495300 71698816812 97.0 31029911149286668 95.5
816532300 71698817112 97.0 31029912570104844 95.5
816559100 71698817212 97.0 31029912992123436 95.5
816606100 71698917112 97.0 31029952623241772 95.5
816629300 71698917712 97.0 31029953619094316 95.5
816635700 71698918212 97.0 31029954527925100 95.5
816637800 71698918612 97.0 31029955605189356 95.5
816638900 71698918712 97.0 31029956027192652 95.5
816649000 71698940612 97.0 31029963876668748 95.5
816656500 71698941112 97.0 31029964839404044 95.5
816689400 71698941312 97.0 31029965269403340 95.5
816697300 71698967212 97.0 31029975767467724 95.5
816704800 71699027712 97.0 31029993716127436 95.5
816801200 71699085512 97.0 31030049716008652 95.5
816803500 71699335512 97.0 31030202789246668 95.5
816823100 71699351912 97.0 31030211939654348 95.5
816837800 71699362112 97.0 31030220035949260 95.5
816856300 71699362312 97.0 31030220247142460 95.5
816871400 71699362512 97.0 31030221091174844 95.5
816890100 71699393012 97.0 31030235868803516 95.5
816930600 71699393112 97.0 31030236290826620 95.5
816954500 71699582812 97.0 31030376531493244 95.5
816995100 71699583012 97.0 31030376940858364 95.5
817005000 71699584512 97.0 31030377971542268 95.5
817032800 71699592112 97.0 31030383786780412 95.5
817047400 71699593912 97.0 31030387248231164 95.5
817086300 71699597912 97.0 31030398874132220 95.5
817095400 71699598812 97.0 31030401208927228 95.5
817159400 71699599012 97.0 31030401221420028 95.5
817163800 71699599812 97.0 31030404295742972 95.5
817166700 71699641712 97.0 31030430662581756 95.5
817211200 71699674612 97.0 31030440908946940 95.5
817214900 71699715912 97.0 31030453650038268 95.5
817222700 71699723612 97.0 31030458557770236 95.5
817246800 71699723812 97.0 31030458667875236 95.5
817276800 71699764212 97.0 31030491650958244 95.5
817334800 71699773212 97.0 31030497034822052 95.5
817403300 71709555812 97.0 31038403724108196 95.5
817456200 71709566212 97.0 31038410562784676 95.5
817570500 71712688412 97.0 31039986232511908 95.5
817682100 71712704612 97.0 31039994470282660 95.5
817694500 71712721612 97.0 31040006173460900 95.5
817707900 71712721712 97.0 31040006279045300 95.5
817740100 71712732512 97.0 31040010775411892 95.5
817767500 71712732612 97.0 31040010841357492 95.5
817852900 71712746712 97.0 31040019608740020 95.5
817911700 71712746912 97.0 31040020452760500 95.5
817939700 71712747612 97.0 31040021061142836 95.5
817942300 71712747912 97.0 31040021514073044 95.5
817959500 71712748512 97.0 31040023263424084 95.5
818003200 71712749212 97.0 31040024951704788 95.5
818035400 71712763712 97.0 31040034150056148 95.5
818089500 71712765212 97.0 31040036767528660 95.5
818138300 71712765312 97.0 31040037189547156 95.5
818157200 71712770912 97.0 31040040337545108 95.5
818160800 71712782412 97.0 31040045320839572 95.5
818167600 71712783012 97.0 31040046537341332 95.5
818199700 71712792312 97.0 31040051168537492 95.5
818217900 71712873212 97.0 31040100369341332 95.5
818233100 71712880012 97.0 31040108407176084 95.5
818294100 71712880212 97.0 31040109251238676 95.5
818389800 71712917012 97.0 31040134662028052 95.5
818407500 71713018812 97.0 31040192898284308 95.5
818449600 71713020612 97.0 31040194506861204 95.5
818454500 71713035912 97.0 31040203777997460 95.5
818488700 71713036012 97.0 31040203883576756 95.5
818513800 71713100812 97.0 31040245062679988 95.5
818739400 71713100912 97.0 31040245484689588 95.5
818767300 71713228712 97.0 31040306107189428 95.5
818840300 71713229312 97.0 31040306361045620 95.5
818869700 71713254212 97.0 31040314425481844 95.5
818915600 71713266812 97.0 31040322795012724 95.5
818929700 71713314212 97.0 31040355252654708 95.5
818974900 71713380212 97.0 31040392019665524 95.5
819007700 71713384112 97.0 31040394157306484 95.5
819035700 71713391812 97.0 31040399216905844 95.5
819059600 71713393212 97.0 31040401985371252 95.5
819072800 71713488612 97.0 31040453942381684 95.5
819195000 71713514212 97.0 31040468618952820 95.5
819227900 71713573112 97.0 31040510008180852 95.5
819232900 71713573312 97.0 31040510097883252 95.5
819247000 71713626112 97.0 31040539671994484 95.5
819286400 71713642512 97.0 31040548653579380 95.5
819301100 71713724512 97.0 31040610077858932 95.5
819338200 71713724912 97.0 31040611765933940 95.5
819374000 71713725212 97.0 31040612647837044 95.5
819442500 71713725512 97.0 31040613913878260 95.5
819468900 71713730912 97.0 31040617436643060 95.5
819476900 71713764012 97.0 31040630750129908 95.5
819496700 71713812112 97.0 31040664671080180 95.5
819556500 71713812712 97.0 31040665562199412 95.5
819574200 71713832812 97.0 31040675499021684 95.5
819727800 71713880712 97.0 31040706329599348 95.5
819940000 71713881012 97.0 31040707362243252 95.5
819942000 71713881112 97.0 31040707367568052 95.5
819996900 71713950112 97.0 31040764642398900 95.5
819997000 71713951112 97.0 31040766881943988 95.5
820050600 71713951312 97.0 31040767409527476 95.5
820117700 71714082812 97.0 31040836688804532 95.5
820135200 71714088312 97.0 31040840303475380 95.5
820173300 71714149012 97.0 31040871693540020 95.5
820178600 71714149112 97.0 31040872115570420 95.5
820181600 71714150512 97.0 31040874176406388 95.5
820324600 71714150712 97.0 31040874704008372 95.5
820416100 71714268612 97.1 31040946299516084 95.5
820421100 71714268912 97.1 31040946319176884 95.5
820441600 71714307412 97.1 31040964151055540 95.5
820445400 71714307612 97.1 31040964678656852 95.5
820518100 71714308112 97.1 31040965969051220 95.5
820615600 71714321012 97.1 31040971915958356 95.5
820642100 71714347212 97.1 31040985558595668 95.5
820646700 71714528312 97.1 31041105220958292 95.5
820685200 71714555412 97.1 31041120400954452 95.5
820726700 71714555812 97.1 31041121673765076 95.5
820738000 71714577512 97.1 31041138803543252 95.5
820742800 71714590512 97.1 31041151798458580 95.5
820784900 71714591112 97.1 31041153486579412 95.5
820810000 71714591612 97.1 31041154342688852 95.5
820872700 71714592812 97.1 31041154598659652 95.5
820933200 71714593112 97.1 31041155864701380 95.5
820938900 71714593412 97.1 31041156529072580 95.5
820946100 71714604512 97.1 31041161779141060 95.5
820949000 71714609812 97.1 31041164921799876 95.5
820990500 71714626612 97.1 31041173108457156 95.5
820997400 71714673412 97.1 31041196718665412 95.5
821085500 71714673612 97.1 31041197562682116 95.5
821143100 71714674112 97.1 31041198835294468 95.5
821160400 71714688012 97.1 31041205939908868 95.5
821453500 71714702712 97.1 31041213139632388 95.5
821512900 71714733412 97.1 31041233052422404 95.5
821535800 71714734612 97.1 31041233737614596 95.5
821548500 71714750112 97.1 31041240305846532 95.5
821605900 71714788112 97.1 31041268424902916 95.5
821614800 71714813212 97.1 31041279843016964 95.5
821615300 71714848212 97.1 31041299012563204 95.5
821624300 71714967812 97.1 31041364393414916 95.5
821710800 71714968012 97.1 31041364813172708 95.5
821755300 71715002812 97.1 31041401953050596 95.5
821890600 71715007112 97.1 31041405632554468 95.5
821920700 71715011512 97.1 31041408508779236 95.5
821927800 71715046312 97.1 31041427428186852 95.5
821944800 71715058312 97.1 31041435780718820 95.5
821952400 71715058712 97.1 31041435868782820 95.5
822001900 71715059712 97.1 31041437484922852 95.5
822030400 71715072912 97.1 31041453237808100 95.5
822133900 71715073212 97.1 31041453685631300 95.5
822222400 71715073912 97.1 31041454849536836 95.5
822267700 71715074012 97.1 31041455271563844 95.5
822455700 71715087812 97.1 31041462595671108 95.5
822615300 71715101512 97.1 31041466322169924 95.5
822660800 71715118612 97.1 31041479408183364 95.5
822772500 71715258712 97.1 31041576214988868 95.5
822813200 71715273512 97.1 31041583763412548 95.5
822839200 71715320012 97.1 31041609397841476 95.5
822860500 71715329612 97.1 31041618219635268 95.5
822867800 71715355512 97.1 31041629877121604 95.5
822882400 71715373412 97.1 31041638234195012 95.5
823010800 71715373812 97.1 31041639113041028 95.5
823074600 71715457012 97.1 31041693687407748 95.5
823135200 71715530212 97.1 31041738301678724 95.5
823189400 71715531112 97.1 31041741380964228 95.5
823240500 71715531412 97.1 31041742647013764 95.5
823314000 71715531812 97.1 31041743493498564 95.5
823362000 71715532412 97.1 31041745613612612 95.5
823448900 71715571312 97.1 31041772549758532 95.5
823545400 71715578712 97.1 31041776988688964 95.5
823575300 71715578912 97.1 31041777832734660 95.5
823604200 71715595912 97.1 31041809117378500 95.5
823639900 71715682112 97.1 31041855282685892 95.5
823702200 71715712012 97.1 31041880995266500 95.5
823927400 71715894912 97.1 31042085268078532 95.5
823940300 71715896112 97.1 31042085754408516 95.5
823974500 71715906312 97.1 31042090862232644 95.5
824014900 71715941912 97.1 31042108484068420 95.5
824151900 71715951412 97.1 31042113202280004 95.5
824174900 71716014912 97.1 31042150160021060 95.5
824208300 71716015512 97.1 31042151065149252 95.5
824276400 71716016712 97.1 31042153234996292 95.5
824453800 71716039112 97.1 31042158996115012 95.5
824458700 71716080812 97.1 31042180479118916 95.5
824462200 71716081912 97.1 31042184229460036 95.5
824591000 71716082112 97.1 31042184757057924 95.5
824608900 71716104112 97.1 31042193511664004 95.5
824673200 71716171612 97.1 31042232175147396 95.5
824690300 71716172612 97.1 31042236395302020 95.5
824797700 71716247512 97.1 31042291708693636 95.5
824800800 71716256912 97.1 31042295811227780 95.5
824882100 71716257112 97.1 31042296338823076 95.5
824890800 71716276612 97.1 31042306216932260 95.5
825011600 71716301912 97.1 31042319084329892 95.5
825018400 71716302312 97.1 31042319637933476 95.5
825132400 71716316612 97.1 31042328854397348 95.5
825169600 71716362712 97.1 31042372022981028 95.5
825175500 71716395412 97.1 31042397493199268 95.5
825258800 71716395712 97.1 31042397989344772 95.5
825332000 71716409112 97.1 31042407757606404 95.5
825540400 71716475012 97.1 31042432490767876 95.5
825595200 71716475912 97.1 31042435048542724 95.5
825607400 71716476412 97.1 31042436420344452 95.5
825686500 71716526512 97.1 31042462794695300 95.5
825753100 71716526712 97.1 31042463322325700 95.5
825783200 71716527112 97.1 31042464693995716 95.5
825794000 71716527412 97.1 31042465697356292 95.5
825882700 71716561912 97.1 31042478702496260 95.5
826030100 71716571912 97.1 31042482556596996 95.5
826131300 71716572112 97.1 31042483400632900 95.5
826142300 71716608112 97.1 31042505680093764 95.5
826143300 71716640612 97.1 31042522151214660 95.5
826193000 71716683112 97.1 31042541419241028 95.5
826254600 71716683312 97.1 31042542263266244 95.5
826293200 71716767712 97.1 31042611883289540 95.5
826300900 71716771312 97.1 31042615842014916 95.5
826404900 71716772112 97.1 31042617026195140 95.5
826407200 71716772712 97.1 31042618003325508 95.5
826413000 71716772812 97.1 31042618425327908 95.5
826544500 71716789312 97.1 31042625532913956 95.5
826591500 71716854112 97.1 31042662341081380 95.5
826925200 71716855212 97.1 31042663066822372 95.5
826932800 71716876112 97.1 31042673901851364 95.5
826945600 71716893712 97.1 31042678696212196 95.5
827043500 71716893912 97.1 31042679540255268 95.5
827088600 71716906812 97.1 31042684507459108 95.5
827184100 71716907212 97.1 31042685360485604 95.5
827395900 71716907312 97.1 31042685782489604 95.5
827451000 71716938512 97.1 31042695592411652 95.5
827462300 71716988012 97.1 31042724702874116 95.5
827622000 71716991812 97.1 31042727600151812 95.5
827730100 71716992512 97.1 31042728097932996 95.5
827756800 71717008812 97.1 31042735626970308 95.5
828069700 71717012412 97.1 31042736852950980 95.5
828129400 71717013712 97.1 31042738248238660 95.5
828164200 71717026912 97.1 31042747380706884 95.5
828315400 71717044312 97.1 31042762310874692 95.5
828343200 71717044512 97.1 31042763154912964 95.5
828361200 71717159412 97.1 31042828933248708 95.5
828519100 71717235612 97.1 31042876179850948 95.5
828671100 71717235912 97.1 31042876813053764 95.5
828724800 71717243812 97.1 31042879789452612 95.5
828738900 71717244112 97.1 31042880344389444 95.5
828765100 71717262112 97.1 31042893680529220 95.5
828965500 71717262612 97.1 31042894234931268 95.5
829110400 71717262912 97.1 31042894462259268 95.5
829124900 71717263512 97.1 31042896994354500 95.5
829152900 71717329712 97.1 31042935248471364 95.5
829897300 71717330312 97.1 31042936296045764 95.5
830078100 71717361012 97.1 31042956292936900 95.5
830253900 71717381812 97.1 31042964423553732 95.5
830438100 71717382212 97.1 31042965249869828 95.5
830464100 71717397312 97.1 31042974571846660 95.5
830493100 71717398112 97.1 31042976824421124 95.5
830578800 71717398412 97.1 31042977728450820 95.5
830601300 71717412912 97.1 31042984370674948 95.5
830647900 71717476012 97.1 31043019044420868 95.5
830675000 71717476512 97.1 31043020531860484 95.5
830740100 71717656412 97.1 31043151008130052 95.5
830743200 71717699612 97.1 31043180563600388 95.5
830865000 71717703612 97.1 31043183303979012 95.5
830884600 71718160312 97.1 31043746117513220 95.5
831102600 71718161612 97.1 31043747653950468 95.5
831255700 71718161912 97.1 31043747852934868 95.5
831411400 71718162412 97.1 31043749294164308 95.5
831639600 71718170512 97.1 31043756542313812 95.5
831647200 71718297112 97.1 31043824094008660 95.5
831780000 71718304512 97.1 31043829266424148 95.5
831889800 71718307512 97.1 31043830182234836 95.5
831962800 71718314812 97.1 31043833920987860 95.5
832034400 71718315312 97.1 31043835443715028 95.5
832050300 71718335312 97.1 31043855133701076 95.5
832073300 71718406112 97.1 31043892199560148 95.5
832099400 71718406312 97.1 31043892903673364 95.5
832114300 71718406812 97.1 31043894697344660 95.5
832117000 71719227712 97.1 31044916414594708 95.5
832152500 71719289712 97.1 31044960258739860 95.5
832243200 71719346612 97.1 31044977561886356 95.5
832335500 71719347012 97.1 31044978432537940 95.5
832589600 71719347512 97.1 31044979978347092 95.5
832718900 71719356312 97.1 31044986815707220 95.5
832721400 71725225012 97.1 31049204608858196 95.6
832770200 71725236912 97.1 31049214997396564 95.6
832965800 71725237412 97.1 31049216694846548 95.6
833088700 71725260012 97.1 31049229290354772 95.6
833163200 71725351712 97.1 31049269971445844 95.6
833226200 71725392012 97.1 31049288923084884 95.6
833364200 71725392212 97.1 31049289764518612 95.6
833370700 71725392412 97.1 31049290397569620 95.6
833575400 71725418112 97.1 31049300861490772 95.6
833912000 71725418312 97.1 31049301127525972 95.6
834155200 71725418812 97.1 31049302613869652 95.6
834176500 71725622712 97.1 31049448650638420 95.6
834282600 71725623412 97.1 31049451006334292 95.6
834446500 71725732312 97.1 31049501720798548 95.6
834524400 71725733112 97.1 31049504423165268 95.6
834539000 71725738112 97.1 31049508181014356 95.6
834627000 71725764012 97.1 31049518362464084 95.6
834631100 71725764612 97.1 31049520623682644 95.6
834639200 71725765012 97.1 31049521900160596 95.6
834640300 71725765312 97.1 31049522331179412 95.6
834656300 71725801512 97.1 31049541240463764 95.6
834734500 71725821012 97.1 31049545904384916 95.6
834737700 71725849312 97.1 31049559959972756 95.6
834778900 71725856212 97.1 31049564199405204 95.6
834917500 71725856512 97.1 31049565068006420 95.6
834924700 71725868612 97.1 31049579330208788 95.6
835053600 71725869012 97.1 31049580207636180 95.6
835106900 71725869412 97.1 31049581152634196 95.6
835127500 71725886512 97.1 31049587031796052 95.6
835309400 71725887212 97.1 31049588455723860 95.6
835349400 71725888212 97.1 31049588581677156 95.6
835594500 71725919912 97.1 31049603491166308 95.6
835739300 71725920512 97.1 31049605187025124 95.6
835808800 71725922612 97.1 31049608101825252 95.6
836011000 71725932212 97.1 31049615256139492 95.6
836118600 71725932412 97.1 31049616100182692 95.6
836158100 71725932512 97.1 31049616522184996 95.6
836244000 71725951712 97.1 31049619959453988 95.6
836308900 71726028812 97.1 31049672168245540 95.6
836333800 71726029512 97.1 31049673869803940 95.6
836436300 71726030112 97.1 31049676401891236 95.6
836476600 71726044412 97.1 31049686442162084 95.6
836550900 71726070712 97.1 31049698823146404 95.6
836672400 71726121412 97.1 31049712066945956 95.6
836864100 71726121612 97.1 31049712910978340 95.6
837018700 71726130012 97.1 31049720412350756 95.6
837183100 71726130612 97.1 31049721688247076 95.6
837275000 71726130712 97.1 31049722110254788 95.6
837429400 71726167512 97.1 31049739859701444 95.6
837431200 71726245912 97.1 31049785204059844 95.6
837493500 71726262812 97.1 31049796565548740 95.6
837586400 71726263312 97.1 31049797939454020 95.6
837662300 71726264312 97.1 31049800536020292 95.6
837760200 71726281812 97.1 31049808565450052 95.6
837783600 71726301612 97.1 31049821689073988 95.6
837813400 71726437112 97.1 31049885891899716 95.6
837817600 71726490812 97.1 31049919440542020 95.6
837855500 71726601012 97.1 31049978180581700 95.6
837970200 71726700312 97.1 31050044247173444 95.6
838032200 71726700612 97.1 31050045513230404 95.6
838034300 71726700812 97.1 31050046357258116 95.6
838037000 71726892512 97.1 31050171185397636 95.6
838061000 71726892712 97.1 31050171660872036 95.6
838075500 71726893712 97.1 31050173735569252 95.6
838107500 71726894712 97.1 31050175730511204 95.6
838196500 71726962512 97.1 31050222095166820 95.6
838321400 71727002912 97.1 31050243869478244 95.6
838387700 71727004112 97.1 31050245449519204 95.6
838487900 71727013512 97.1 31050251932073060 95.6
838560100 71727015312 97.1 31050252922314532 95.6
838643500 71727086712 97.1 31050278507317028 95.6
838819000 71727086912 97.1 31050279222593252 95.6
838898500 71727101412 97.1 31050293852329700 95.6
838915500 71727282712 97.1 31050417786861284 95.6
838931700 71727437412 97.1 31050550868539108 95.6
839238500 71727438012 97.1 31050552118065636 95.6
839253000 71727464212 97.1 31050565404553700 95.6
839309200 71727467312 97.1 31050569444557796 95.6
839499900 71727478512 97.1 31050574658702308 95.6
839587600 71727478712 97.1 31050575702284004 95.6
839734500 71727480112 97.1 31050579469499364 95.6
839902200 71727480712 97.1 31050580935824612 95.6
839997900 71727528912 97.1 31050611413476580 95.6
840398800 71727549612 97.1 31050622031579364 95.6
840399600 71727550012 97.1 31050622770367268 95.6
840441400 71727802412 97.1 31050761428224804 95.6
840555700 71727822312 97.1 31050777571975972 95.6
840573200 71727822512 97.1 31050778099573380 95.6
840579400 71727825012 97.1 31050783297780356 95.6
840603400 71727825512 97.1 31050784370842052 95.6
840634700 71727893012 97.1 31050816758434244 95.6
840785800 71727893312 97.1 31050818024466116 95.6
840899500 71727895412 97.1 31050819011257156 95.6
841024500 71727895612 97.1 31050819852705156 95.6
841038400 71727977512 97.1 31050860124433796 95.6
841043100 71727977612 97.1 31050860145937796 95.6
841087000 71727978112 97.1 31050861356040964 95.6
841231500 71728016812 97.1 31050875842293508 95.6
841389200 71728026512 97.1 31050884561565444 95.6
841603800 71728028812 97.1 31050885611349444 95.6
841765100 71728038312 97.1 31050896243723716 95.6
841775400 71728039512 97.1 31050900127837124 95.6
841778500 71728045212 97.1 31050904079730628 95.6
842001000 71728045612 97.1 31050905032515204 95.6
842091700 71728045912 97.1 31050906704347396 95.6
842127800 71728046912 97.1 31050909035558660 95.6
842178100 71728061912 97.1 31050915978835716 95.6
842244800 71728083912 97.1 31050924779976452 95.6
842377200 71728091012 97.1 31050928351985412 95.6
842382200 71728250912 97.1 31051009468333828 95.6
842411100 71728281112 97.1 31051022328469252 95.6
842597100 71728281712 97.1 31051024440410756 95.6
842700200 71728282312 97.1 31051025316396228 95.6
842807100 71728282512 97.1 31051025746388740 95.6
843004900 71728291812 97.1 31051031434228484 95.6
843117300 71728377912 97.1 31051083298468612 95.6
843120400 71728409212 97.1 31051097293793028 95.6
843158600 71728527012 97.1 31051155297916676 95.6
843163400 71728545112 97.1 31051161299867396 95.6
843230000 71728545712 97.1 31051162425576964 95.6
843350000 71728545912 97.1 31051163269591044 95.6
843501700 71728613312 97.1 31051204065464324 95.6
843617800 71728616112 97.1 31051207358574084 95.6
843622100 71728616712 97.1 31051209890692356 95.6
843820300 71728617512 97.1 31051211557608452 95.6
844046300 71728650912 97.1 31051232102171652 95.6
844116100 71728652412 97.1 31051236525308932 95.6
844198900 71728652812 97.1 31051237580527940 95.6
844439200 71729505512 97.1 31052159584491844 95.6
844567300 71729505912 97.1 31052161272546884 95.6
844568300 71729506412 97.1 31052163437771332 95.6
844701100 71729506912 97.1 31052165134459204 95.6
844767900 71729507512 97.1 31052166967406148 95.6
844783600 71729507712 97.1 31052167494998660 95.6
844841600 71729508212 97.1 31052169207027204 95.6
844871700 71729528112 97.1 31052180235206148 95.6
844911600 71729528812 97.1 31052182078400132 95.6
844917300 71729529012 97.1 31052182199846532 95.6
845027200 71729529312 97.1 31052183149452804 95.6
845071700 71729530112 97.1 31052183382513204 95.6
845769800 71729530312 97.1 31052183910131316 95.6
845850300 71729769112 97.1 31052309068482164 95.6
845881200 71729770012 97.1 31052312209118836 95.6
846229400 71729770612 97.1 31052313560983028 95.6
846237700 71729771212 97.1 31052316199616500 95.6
846314000 71729828012 97.1 31052338998548468 95.6
846378800 71729830912 97.1 31052339669851636 95.6
846485900 71729831112 97.1 31052340511302644 95.6
846556200 71730128612 97.1 31052547125388276 95.6
846626900 71730128812 97.1 31052547653012372 95.6
846851600 71730256512 97.1 31052635689257876 95.6
847105700 71730256912 97.1 31052637033501076 95.6
847170900 71730257512 97.1 31052639508980116 95.6
847329300 71730341512 97.1 31052673807911316 95.6
847484700 71730365612 97.1 31052684506785172 95.6
847600000 71730366512 97.1 31052685631918868 95.6
847798600 71730366912 97.1 31052686474311060 95.6
847951800 71730367712 97.1 31052688209716372 95.6
848117000 71730393012 97.1 31052699746538644 95.6
848145100 71731004712 97.1 31052961360319636 95.6
848162200 71731071212 97.1 31053008293143700 95.6
848208500 71731072312 97.1 31053008911569428 95.6
848334200 71731073512 97.1 31053011798446100 95.6
848351600 71731074012 97.1 31053012044820500 95.6
848626100 71731074812 97.1 31053013471507092 95.6
848886400 71731075212 97.1 31053014764168596 95.6
849001800 71731088812 97.1 31053027190288788 95.6
849001900 71731089512 97.1 31053029420983444 95.6
849048700 71731096112 97.1 31053033519207060 95.6
849050400 71735951212 97.1 31055486250144404 95.6
849108600 71736152212 97.1 31055585320309396 95.6
849337100 71736152712 97.1 31055586692360596 95.6
849416300 71736153812 97.1 31055590187358356 95.6
849456800 71736201012 97.1 31055612625950868 95.6
849526500 71736225012 97.1 31055624722530452 95.6
849727600 71736226012 97.1 31055627380672404 95.6
849744100 71736226112 97.1 31055627387430804 95.6
849821700 71736227612 97.1 31055631919911316 95.6
849827100 71736230212 97.1 31055636813992340 95.6
849847700 71736230312 97.1 31055636919582836 95.6
849942000 71736231012 97.1 31055639094336628 95.6
850007800 71736231212 97.1 31055639322279028 95.6
850311700 71736834812 97.1 31056212206074996 95.6
850636400 71736835212 97.1 31056213577710836 95.6
850734400 71750039112 97.1 31066746816183540 95.6
850987000 71750039312 97.1 31066747246187124 95.6
851161600 71750356512 97.1 31066915633877620 95.6
851196900 71750357512 97.1 31066918339668852 95.6
851327100 71750405112 97.1 31066937934136180 95.6
851334100 71750405512 97.1 31066939622190708 95.6
851364400 71750405812 97.1 31066940471122228 95.6
851371900 71750406512 97.1 31066943498487092 95.6
851462500 71750406712 97.1 31066943966577492 95.6
851705900 71750407312 97.1 31066946108587220 95.6
851776400 71750407912 97.1 31066947911878868 95.6
851788500 71750408512 97.1 31066949813227988 95.6
851963400 71750409712 97.1 31066952478475476 95.6
851993800 71750409912 97.1 31066952492197076 95.6
852002700 71750410612 97.1 31066954021201620 95.6
852165900 71750411612 97.1 31066956257422292 95.6
852245800 71750412712 97.1 31066958224980948 95.6
852273400 71750412912 97.1 31066959069005972 95.6
852321700 71750413212 97.1 31066959937799444 95.6
852468300 71750413612 97.1 31066960558458260 95.6
852837900 71750414412 97.1 31066963350475412 95.6
852945500 71750415312 97.1 31066964112070100 95.6
852978000 71750416112 97.1 31066966504932820 95.6
853405600 71750535012 97.1 31066989207979476 95.6
853498100 71750609912 97.1 31067011271339476 95.6
853502200 71750613212 97.1 31067018940058068 95.6
853816700 71750613712 97.1 31067020719457620 95.6
854052600 71750614512 97.1 31067023753899348 95.6
854122800 71750627812 97.1 31067033868735828 95.6
854124400 71750628212 97.1 31067034838277524 95.6
854163900 71750718312 97.1 31067060864075156 95.6
854216400 71750718512 97.1 31067061448894100 95.6
854634700 71750726112 97.1 31067068708707988 95.6
854757100 71750865212 97.1 31067131199065748 95.6
854782100 71750874512 97.1 31067138283728020 95.6
855508700 71750875812 97.1 31067139601650324 95.6
855587300 71750876512 97.1 31067140717774868 95.6
856699300 71750876812 97.1 31067141983812884 95.6
856958400 71750877312 97.1 31067142969370004 95.6
856999900 71750878012 97.1 31067143839595028 95.6
857128700 71750878212 97.1 31067144280654516 95.6
857301400 71750878612 97.1 31067145335801908 95.6
857533200 71750879212 97.1 31067146841482420 95.6
857538000 71750879412 97.1 31067146960061620 95.6
857568600 71750880012 97.1 31067148341944756 95.6
857717100 71750896312 97.1 31067157437787572 95.6
857894900 71750937412 97.1 31067181852835252 95.6
858016000 71750957712 97.1 31067194163606964 95.6
858149400 71751670912 97.1 31067994210907572 95.6
858171100 71751671112 97.1 31067994332677668 95.6
858352900 71751842312 97.1 31068070528419364 95.6
858698700 71751842912 97.1 31068072646247332 95.6
858753300 71751845312 97.1 31068073043797124 95.6
858812400 71751846112 97.1 31068073723247812 95.6
858979000 71751848212 97.1 31068076644690628 95.6
859804600 71751848712 97.1 31068077628003716 95.6
859844300 71752179812 97.1 31068294184818052 95.6
860064200 71752180612 97.1 31068295889573252 95.6
860214500 71752181112 97.1 31068297603636100 95.6
860320800 71752181412 97.1 31068298450126468 95.6
860357500 71752355312 97.1 31068369362970244 95.6
860547800 71752365912 97.1 31068375451173508 95.6
860856300 71752373312 97.1 31068388107057796 95.6
860866900 71752374312 97.1 31068391143236228 95.6
860977500 71752375112 97.1 31068391969820356 95.6
861060500 71752375312 97.1 31068392497428548 95.6
861075000 71752375412 97.1 31068392919433636 95.6
861569000 71752375912 97.1 31068394334599716 95.6
861650700 71752377712 97.1 31068398252055332 95.6
861947800 71752381312 97.1 31068404331222308 95.6
862335100 71752382312 97.1 31068407538640164 95.6
862353100 71752382912 97.1 31068409245805220 95.6
862493500 71752387812 97.1 31068415968567460 95.6
862609700 71752388212 97.1 31068417023733412 95.6
862684900 71752390412 97.1 31068423167872164 95.6
862826200 71752391312 97.1 31068425926280868 95.6
862848800 71752391712 97.1 31068426895371172 95.6
863283800 71752391812 97.1 31068427317386084 95.6
863627200 71752393312 97.1 31068428636489188 95.6
863839100 71752393512 97.1 31068429480511268 95.6
863850800 71752393712 97.1 31068430008111876 95.6
863913500 71752394512 97.1 31068431513774596 95.6
864014400 71752395112 97.1 31068433006542852 95.6
864061200 71752395512 97.1 31068434694605060 95.6
864387000 71752396212 97.1 31068436252377348 95.6
864514600 71752438612 97.1 31068452018253060 95.6
864579200 71752439012 97.1 31068453706295300 95.6
864579900 71752439112 97.1 31068453946935300 95.6
864746300 71752439412 97.1 31068454374203492 95.6
864748500 71752439712 97.1 31068455640250724 95.6
864814500 71752440112 97.1 31068457308404708 95.6
864821100 71754657812 97.1 31070102818274276 95.6
864837300 71754659412 97.1 31070105574624484 95.6
865058700 71754660112 97.1 31070107262919524 95.6
865152300 71754660612 97.1 31070108246015204 95.6
865184200 71754661112 97.1 31070108858814116 95.6
865327600 71754661512 97.1 31070109186698916 95.6
865332200 71754663012 97.1 31070112059025828 95.6
865337300 71754663112 97.1 31070112064555428 95.6
865355400 71754704812 97.1 31070128835650980 95.6
865393200 71754705412 97.1 31070130243102372 95.6
865470200 71754705612 97.1 31070130279351972 95.6
865763900 71754706812 97.1 31070133930637476 95.6
865775300 71754707412 97.1 31070135601771172 95.6
866078300 71754708812 97.1 31070137303905060 95.6
866095300 71754709812 97.1 31070140771737380 95.6
866207200 71754710112 97.1 31070141721351652 95.6
866315800 71754858712 97.1 31070199186949604 95.6
866374600 71760049612 97.1 31072878151828964 95.6
866568900 71760049912 97.1 31072879417876196 95.6
866573000 71760050112 97.1 31072880050921572 95.6
866721600 71760128312 97.1 31072919326691428 95.6
866854900 71760128712 97.1 31072920473375076 95.6
866937300 71760130412 97.1 31072924550608996 95.6
866948100 71760130512 97.1 31072924558186596 95.6
867099500 71760149812 97.1 31072934128651364 95.6
867212500 71760159812 97.1 31072939746150500 95.6
867413500 71760161012 97.1 31072941513869796 95.6
867436200 71760161412 97.1 31072942837330660 95.6
867722600 71760162112 97.1 31072944961305316 95.6
867785300 71760219612 97.1 31072965558207204 95.6
867939000 71760221312 97.1 31072966968176356 95.6
868220300 71760221512 97.1 31072967812186660 95.6
868457000 71760222012 97.1 31072968454411428 95.6
868563500 71760258212 97.1 31072981997596836 95.6
868700500 71760258612 97.1 31072982568488932 95.6
868712900 71760259112 97.1 31072983948105188 95.6
869060000 71760259312 97.1 31072985084060644 95.6
869085900 71760259612 97.1 31072985928147364 95.6
869102000 71760271912 97.1 31072994952886692 95.6
869105000 71760272012 97.1 31072995374889892 95.6
869240100 71760312112 97.1 31073005968190372 95.6
869254400 71760312912 97.1 31073007205003300 95.6
869365700 71760473912 97.1 31073112599662628 95.6
869441800 71760474012 97.1 31073112607035428 95.6
869459200 71760474412 97.1 31073114292508068 95.6
869625800 71760482312 97.1 31073120494331300 95.6
869649400 71760482612 97.1 31073121125093284 95.6
869680600 71760483912 97.1 31073125494124452 95.6
869692400 71760484312 97.1 31073127182212004 95.6
870051200 71760484412 97.1 31073127392467300 95.6
870072600 71760513812 97.1 31073135383912292 95.6
870388200 71760514912 97.1 31073138978281060 95.6
870400700 71760515812 97.1 31073140637896420 95.6
870730100 71760537712 97.1 31073148642138340 95.6
870828300 71760538712 97.1 31073151342395876 95.6
870838800 71760847112 97.1 31073457638523364 95.6
871072800 71760847412 97.1 31073457976648164 95.6
871079600 71760847512 97.1 31073457977672164 95.6
871209600 71761031412 97.1 31073554819441124 95.6
871337900 71761031512 97.1 31073554826199524 95.6
871352800 71761071712 97.1 31073582292027876 95.6
871441300 71761072012 97.1 31073583558092132 95.6
871457200 71761072412 97.1 31073584506156452 95.6
871579300 71761087712 97.1 31073591425825188 95.6
871772100 71761088412 97.1 31073592832115876 95.6
872048200 71761092112 97.1 31073595865223076 95.6
872343900 71761092412 97.1 31073596822518692 95.6
872523500 71761096612 97.1 31073599046510756 95.6
872548200 71761097012 97.1 31073600184848804 95.6
872809400 71761097212 97.1 31073600712454404 95.6
873316200 71761165412 97.1 31073621852193028 95.6
873318700 71761286212 97.1 31073676297445636 95.6
873532600 71761286812 97.1 31073677325397252 95.6
873734700 71761287712 97.1 31073677547113156 95.6
874003900 71761319412 97.1 31073685388520132 95.6
874110000 71761368212 97.1 31073710555153092 95.6
874245200 71761368712 97.1 31073711250359748 95.6
874268200 71761378612 97.1 31073717810470340 95.6
874353900 71761378912 97.1 31073718760103236 95.6
874520200 71761386212 97.1 31073725574386500 95.6
874791600 71761386912 97.1 31073727036634180 95.6
874876500 71761394612 97.1 31073730636294212 95.6
874877600 71761395312 97.1 31073731499320708 95.6
875038200 71761395512 97.1 31073731936684196 95.6
875039200 71761527912 97.1 31073798985259172 95.6
875125000 71761869412 97.1 31073969266088100 95.6
875414500 71761943312 97.1 31074010376738980 95.6
875776300 71761964212 97.1 31074020583795876 95.6
875926700 71761987912 97.1 31074029033261220 95.6
876018000 71761988412 97.1 31074030932390308 95.6
876094300 71761988512 97.1 31074031354393796 95.6
876169700 71762422112 97.1 31074380788970692 95.6
876350000 71762423412 97.1 31074382345237700 95.6
876400900 71762425212 97.1 31074384772161988 95.6
876465700 71762843412 97.1 31074694804398532 95.6
876746400 71762859812 97.1 31074706981036484 95.6
876772900 71762860312 97.1 31074707619623940 95.6
876817200 71762865612 97.1 31074711260008452 95.6
876897900 71762866012 97.1 31074712154226756 95.6
877484600 71762866112 97.1 31074712160985156 95.6
877499000 71762866912 97.1 31074713551525700 95.6
877643300 71762867212 97.1 31074714817551940 95.6
877970000 71762878212 97.1 31074720827338308 95.6
878130000 71762878912 97.1 31074722410143812 95.6
878214200 71762879412 97.1 31074722964742212 95.6
878525900 71763036112 97.1 31074799744475204 95.6
878543600 71763044712 97.1 31074805496206916 95.6
878580900 71763045112 97.1 31074807182093636 95.6
878685600 71763062512 97.1 31074814428527940 95.6
878901900 71763063812 97.1 31074817752845892 95.6
879001500 71763064612 97.1 31074819082385348 95.6
879560700 71763085912 97.1 31074833793656772 95.6
879805200 71763086212 97.1 31074834230216772 95.6
880120000 71763091812 97.1 31074837119875140 95.6
880403300 71763092412 97.1 31074839393466692 95.6
880500300 71763134312 97.1 31074878172256580 95.6
880587600 71763155612 97.1 31074888466445636 95.6
880826500 71763210312 97.1 31074917558693188 95.6
881011200 71763217212 97.1 31074921482203972 95.6
881084300 71763317112 97.1 31074975642145604 95.6
881126900 71763319312 97.1 31074978755113540 95.6
881326500 71763355012 97.1 31075004681785924 95.6
881436100 71763379412 97.1 31075016087648836 95.6
881591900 71763403212 97.1 31075030782527044 95.6
881723200 71763404112 97.1 31075032663521092 95.6
881900500 71763637412 97.1 31075160699369284 95.6
881979400 71763638812 97.1 31075163868583236 95.6
881982400 71763647712 97.1 31075168938080580 95.6
882058800 71763648012 97.1 31075169705369924 95.6
882414200 71763648112 97.1 31075170127383236 95.6
882606200 71763736312 97.1 31075221291473604 95.6
882661800 71763736612 97.1 31075222241102276 95.6
883209900 71763739612 97.1 31075225993627076 95.6
883292200 71763740312 97.1 31075228631309764 95.6
883384400 71763743312 97.1 31075235239179204 95.6
883415300 71763743412 97.1 31075235661196196 95.6
883464200 71763862812 97.1 31075282052606884 95.6
883553400 71763863412 97.1 31075283324680356 95.6
883594100 71763870212 97.1 31075293041333412 95.6
883657900 71763875612 97.1 31075296320548004 95.6
883685300 71763876312 97.1 31075297453590308 95.6
883781400 71764107812 97.1 31075414296766244 95.6
884044700 71764108012 97.1 31075415268257636 95.6
884056500 71764114812 97.1 31075421008974692 95.6
884204900 71764114912 97.1 31075421430978276 95.6
884305600 71764133112 97.1 31075446597945060 95.6
884358200 71764139312 97.1 31075451064880356 95.6
884416800 71764199712 97.1 31075484860779748 95.6
884420300 71764423812 97.1 31075643645906148 95.6
884633800 71764423912 97.1 31075644067909156 95.6
884757000 71764440212 97.1 31075653941123620 95.6
885031800 71764487012 97.1 31075661334356004 95.6
885093100 71764487912 97.1 31075663445419300 95.6
885252800 71764488112 97.1 31075663526520100 95.6
885261000 71764488312 97.1 31075664013671396 95.6
885270400 71764488712 97.1 31075664138189796 95.6
885431700 71764504312 97.1 31075677630449636 95.6
885459800 71764504712 97.1 31075677869656036 95.6
885468800 71764544812 97.1 31075694156402660 95.6
885585500 71764546112 97.1 31075695115104676 95.6
885624100 71764546612 97.1 31075695928620452 95.6
885738000 71764548712 97.1 31075698284946596 95.6
885837200 71764561212 97.1 31075705564213412 95.6
886337100 71764569412 97.1 31075715428770980 95.6
886396600 71764584912 97.1 31075728469301412 95.6
886451200 71764586512 97.1 31075731089756836 95.6
886693200 71764597512 97.1 31075737194856100 95.6
886775000 71764621512 97.1 31075753009128100 95.6
886796200 71764622312 97.1 31075754810922916 95.6
886847400 71764638412 97.1 31075761943331748 95.6
886996300 71764652112 97.1 31075769075974052 95.6
887272600 71764656412 97.1 31075770461218468 95.6
887344200 71764656612 97.1 31075770988821380 95.6
887390600 71764677212 97.1 31075774327871364 95.6
887688200 71764677512 97.1 31075775382943556 95.6
887773400 71764678012 97.1 31075776681100484 95.6
887965800 71764688912 97.1 31075780230604484 95.6
888107600 71764689612 97.1 31075782767580868 95.6
888238100 71764702612 97.1 31075788582582980 95.6
888460200 71764803412 97.1 31075871627958980 95.6
888570100 71764811812 97.1 31075877543033028 95.6
888687000 71764834512 97.1 31075890424084676 95.6
888719200 71764858512 97.1 31075903677331652 95.6
889141300 71764868112 97.1 31075908368687812 95.6
889527800 71764918512 97.1 31075946894901956 95.6
889866100 71764962112 97.1 31075970068378308 95.6
890101400 71765008412 97.1 31075990720443076 95.6
890206000 71767599612 97.1 31078535282520772 95.7
890264100 71767612312 97.1 31078543359078084 95.7
890287100 71767649912 97.1 31078566287802052 95.7
890316400 71767708512 97.1 31078601774493380 95.7
890420200 71767717012 97.1 31078605637846724 95.7
890629600 71767749712 97.1 31078631134058180 95.7
890813600 71767754712 97.1 31078632081462980 95.7
891467700 71767920012 97.1 31078731574417092 95.7
891506300 71767932812 97.1 31078741183097540 95.7
891623400 71767965912 97.1 31078766883850948 95.7
891633700 71767966212 97.1 31078766904126148 95.7
891647400 71767969612 97.1 31078769731841476 95.7
891781500 71767969712 97.1 31078769740443076 95.7
891811600 71767969912 97.1 31078770584464068 95.7
891843900 71767994112 97.1 31078790154107588 95.7
891869900 71767994212 97.1 31078790576126788 95.7
891884500 71768017412 97.1 31078814669957956 95.7
891894700 71768049412 97.1 31078831275888452 95.7
891931400 71768049512 97.1 31078831697910340 95.7
892101100 71768054312 97.1 31078835358784580 95.7
892268700 71768056912 97.1 31078836108808772 95.7
892295800 71768057112 97.1 31078836952814852 95.7
892340100 71768100812 97.1 31078854564674820 95.7
892432900 71768101212 97.1 31078855418075524 95.7
892521400 71768116612 97.1 31078866675090820 95.7
892746400 71768143912 97.1 31078873566968196 95.7
893276800 71768144112 97.1 31078874094575908 95.7
893463400 71768159912 97.1 31078880823233828 95.7
893472800 71768160312 97.1 31078881667436516 95.7
893728600 71768191812 97.1 31078899536441316 95.7
893732500 71768200212 97.1 31078902800733668 95.7
893995300 71768213012 97.1 31078911800824292 95.7
894201000 71768216412 97.1 31078914315737828 95.7
894402600 71768250812 97.1 31078946850130660 95.7
894448100 71768264212 97.1 31078953357165796 95.7
894680800 71768264612 97.1 31078955045209828 95.7
894785100 71768268712 97.1 31078960754255588 95.7
894870100 71768272912 97.1 31078964231017188 95.7
895072000 71768296912 97.1 31078977089570532 95.7
895180500 71768323912 97.1 31078989545328356 95.7
895182700 71768324012 97.1 31078989738365060 95.7
895263200 71768362212 97.1 31079021159749764 95.7
895440100 71772771112 97.1 31081313636554884 95.7
895492600 71772786112 97.1 31081315942536836 95.7
895688900 71772786212 97.1 31081316364556740 95.7
895761700 71772786312 97.1 31081316786579428 95.7
895808400 71772789012 97.1 31081317582742756 95.7
895967200 71772887412 97.1 31081375102567652 95.7
896086500 71772902612 97.1 31081384286343396 95.7
896176500 71772908412 97.1 31081391133158628 95.7
896363600 71772914212 97.1 31081416767288548 95.7
896487100 71772914312 97.1 31081416788382948 95.7
896490100 71772930112 97.1 31081428977024228 95.7
896518700 71772930512 97.1 31081430009181796 95.7
896767200 71772979812 97.1 31081461808686692 95.7
896879100 71772981812 97.1 31081462172745796 95.7
897125700 71773035312 97.1 31081489605855300 95.7
897149400 71773065012 97.1 31081505902215236 95.7
897267400 71773079512 97.1 31081514294291012 95.7
897294500 71773101612 97.1 31081520847384132 95.7
897344500 71773134312 97.1 31081548807233092 95.7
897395900 71773152912 97.1 31081554551464004 95.7
897581300 71773474012 97.1 31081729113956420 95.7
897583200 71773489312 97.1 31081742969058372 95.7
897620900 71773489512 97.1 31081743728366852 95.7
897670300 71773544012 97.1 31081768685856004 95.7
897721800 71773555612 97.1 31081776104134916 95.7
897866200 71773644712 97.1 31081820610394372 95.7
898066200 71773712312 97.1 31081850644340996 95.7
898176700 71773745612 97.1 31081873351821572 95.7
898181000 71774208512 97.1 31082354984012036 95.7
898234500 71774246812 97.1 31082379724181764 95.7
898256800 71774281212 97.1 31082392042122500 95.7
898353200 71774308312 97.1 31082400415476484 95.7
898417100 71774316512 97.1 31082404271300612 95.7
898498000 71774317412 97.1 31082406025257220 95.7
898692500 71778427212 97.1 31086359771504900 95.7
898756700 71778428012 97.1 31086362147002372 95.7
898816700 71778472612 97.1 31086388443371524 95.7
898930700 71778492512 97.1 31086398544572420 95.7
898940800 71778492612 97.1 31086398966581828 95.7
899031700 71778492812 97.1 31086399105436228 95.7
899170300 71778493112 97.1 31086400371493956 95.7
899282800 71778502212 97.1 31086405536871492 95.7
899390800 71778534412 97.1 31086427686224964 95.7
899393100 71778534512 97.1 31086428108264260 95.7
899412100 71778535512 97.1 31086430175992516 95.7
899415300 71778557312 97.1 31086455520180932 95.7
899493800 71778557512 97.1 31086456047791236 95.7
899598500 71778584712 97.1 31086468926215300 95.7
899611600 71778610112 97.1 31086477205593220 95.7
899626300 71778610312 97.1 31086477646327812 95.7
899641600 71778610412 97.1 31086478068340420 95.7
899649400 71778612012 97.1 31086479241437764 95.7
899730500 71778627712 97.1 31086486792086084 95.7
899771400 71778633312 97.1 31086489022692420 95.7
899772100 71778643312 97.1 31086496800352836 95.7
899793100 71778653212 97.1 31086503922870340 95.7
899845700 71778654212 97.1 31086506036906308 95.7
900045300 71778663312 97.1 31086509955501892 95.7
900066600 71778663612 97.1 31086511127759812 95.7
900086100 71778684112 97.1 31086520267823044 95.7
900199600 71778825712 97.1 31086606218229700 95.7
900253900 71778832512 97.1 31086610144966596 95.7
900397100 71778875412 97.1 31086624901897156 95.7
900398300 71778907312 97.1 31086649019200452 95.7
900432700 71778935712 97.1 31086670150079428 95.7
900438900 71778935912 97.1 31086670677671716 95.7
900492700 71778937312 97.1 31086673372931364 95.7
900528000 71778937412 97.1 31086673583186468 95.7
900531800 71778945412 97.1 31086679752614436 95.7
900694900 71778945612 97.1 31086680596623332 95.7
900695700 71778945912 97.1 31086681828124132 95.7
900794100 71778984012 97.1 31086707735834084 95.7
900836400 71778995312 97.1 31086713927701988 95.7
900840500 71779001912 97.1 31086717518671844 95.7
900950800 71779014612 97.1 31086727252374500 95.7
900991000 71779038112 97.1 31086736366396388 95.7
901063600 71779038312 97.1 31086736589501380 95.7
901490400 71779038612 97.1 31086737440712260 95.7
901529700 71779055112 97.1 31086749340825156 95.7
901550000 71779058212 97.1 31086751105760452 95.7
901621500 71779058512 97.1 31086751606215652 95.7
901740600 71779099712 97.1 31086773567521764 95.7
901782300 71779099812 97.1 31086773989537156 95.7
901783500 71779130812 97.1 31086812057380228 95.7
901811500 71779221012 97.1 31086849884378500 95.7
901836400 71779221112 97.1 31086850306372196 95.7
902063600 71779267012 97.1 31086877393375844 95.7
902083400 71779267112 97.1 31086877815392228 95.7
902158800 71779267512 97.1 31086878659622756 95.7
902216300 71779267912 97.1 31086879511011940 95.7
902229300 71779286712 97.1 31086884796171876 95.7
902346800 71779288512 97.1 31086887097777252 95.7
902389600 71779343012 97.1 31086922017340516 95.7
902412700 71779346812 97.1 31086924203696996 95.7
902472100 71779347012 97.1 31086924217213796 95.7
902474300 71779355512 97.1 31086928233054308 95.7
902488900 71779355612 97.1 31086928655056900 95.7
902495500 71779355712 97.1 31086928995229700 95.7
902528200 71779358312 97.1 31086931335118596 95.7
902529200 71779358512 97.1 31086931862721700 95.7
902578900 71779358712 97.1 31086932706772324 95.7
902610500 71779360012 97.1 31086936563825764 95.7
902697500 71780596512 97.1 31088122904231012 95.7
902738600 71780617512 97.1 31088135918117988 95.7
902782500 71780618512 97.1 31088138490231396 95.7
902873000 71780721412 97.1 31088208846338660 95.7
902958100 71780751812 97.1 31088223982608996 95.7
902972100 71780752412 97.1 31088225403745252 95.7
902986900 71780759912 97.1 31088231958525412 95.7
903008000 71780767912 97.1 31088242658953700 95.7
903045400 71780768012 97.1 31088242764538404 95.7
903060200 71780768212 97.1 31088243292133604 95.7
903221900 71780771012 97.1 31088244155273572 95.7
903240600 71780796912 97.1 31088276020185444 95.7
903282900 71780875612 97.1 31088329881930084 95.7
903310700 71780907512 97.1 31088347619266916 95.7
903336300 71780911012 97.1 31088350030018404 95.7
903344900 71780911212 97.1 31088350874051876 95.7
903379300 71780918512 97.1 31088354895106340 95.7
903382100 71783628012 97.1 31089747880087844 95.7
903408500 71783628112 97.1 31089747985687940 95.7
903487200 71783652412 97.1 31089767603959172 95.7
903550700 71783652512 97.1 31089768025968388 95.7
903673300 71783687912 97.1 31089787443310340 95.7
903750100 71783688012 97.1 31089787865330532 95.7
903806500 71783724012 97.1 31089811986244452 95.7
903851500 71783724212 97.1 31089812096349556 95.7
903919400 71783726312 97.1 31089816254461556 95.7
903945900 71783726712 97.1 31089817576692852 95.7
903969800 71783733412 97.1 31089821376247412 95.7
903995400 71783733712 97.1 31089821982944244 95.7
904061000 71783733812 97.1 31089822404959156 95.7
904170300 71783754112 97.1 31089830344082868 95.7
904194000 71783760412 97.1 31089833393033652 95.7
904196500 71783760912 97.1 31089833859772852 95.7
904233400 71783761112 97.1 31089834326241044 95.7
904271300 71783761712 97.1 31089834560041844 95.7
904345100 71783761912 97.1 31089835087642740 95.7
904353200 71783769312 97.1 31089836579088884 95.7
904380500 71783840912 97.1 31089891249506804 95.7
904427500 71783841012 97.1 31089891671515796 95.7
904510800 71783851112 97.1 31089899388248724 95.7
904529400 71783851312 97.1 31089899818256820 95.7
904589700 71783877412 97.1 31089913508831668 95.7
904632300 71783877512 97.1 31089913930834356 95.7
904657100 71783883412 97.1 31089918219995572 95.7
904692600 71783893512 97.1 31089921620226740 95.7
904751700 71783894012 97.1 31089923679660852 95.7
904771500 71783894312 97.1 31089924114566548 95.7
904774500 71783894712 97.1 31089925802613140 95.7
904790700 71783895112 97.1 31089926845892436 95.7
904813400 71783895212 97.1 31089927267913428 95.7
904880800 71783909412 97.1 31089936292881108 95.7
904935300 71783909512 97.1 31089936714908692 95.7
905013600 71783954712 97.1 31089959487345684 95.7
905110700 71783955212 97.1 31089960102910228 95.7
905115900 71783998012 97.1 31089986663948564 95.7
905145400 71783998412 97.1 31089987393915668 95.7
905198000 71783999312 97.1 31089990712463636 95.7
905216300 71784007612 97.1 31089995066670868 95.7
905220700 71784074112 97.1 31090033546034964 95.7
905247300 71784221612 97.1 31090126190567188 95.7
905284900 71784228212 97.1 31090131973689620 95.7
905294000 71784259612 97.1 31090150052450580 95.7
905335100 71784260912 97.1 31090151582811412 95.7
905367800 71784261012 97.1 31090152004817620 95.7
905460500 71784261212 97.1 31090152468617236 95.7
905533600 71784289312 97.1 31090167575946260 95.7
905577100 71784316412 97.1 31090199920120852 95.7
905594000 71784316712 97.1 31090201186148244 95.7
905611100 71784317012 97.1 31090202452203028 95.7
905630500 71785000412 97.1 31090859728672276 95.7
905640700 71785000712 97.1 31090860576397844 95.7
905677000 71785036812 97.1 31090875496213012 95.7
905720600 71785064312 97.1 31090900784192020 95.7
905764700 71785087112 97.1 31090916016790036 95.7
905789000 71785145512 97.1 31090938890672660 95.7
905795400 71785146012 97.1 31090939762553876 95.7
905803000 71785164912 97.1 31090956633256980 95.7
905834800 71785175212 97.1 31090963553505812 95.7
905899000 71785231612 97.1 31090997410685460 95.7
905935100 71788198912 97.2 31093827554533908 95.7
905981500 71788882212 97.2 31094259448865300 95.7
906010300 71788892912 97.2 31094263792759828 95.7
906103000 71788911412 97.2 31094275868963860 95.7
906204000 71788934812 97.2 31094293435888660 95.7
906220700 71788935612 97.2 31094294187828564 95.7
906252200 71789025912 97.2 31094361890186580 95.7
906252400 71789107912 97.2 31094418961007956 95.7
906365500 71789126712 97.2 31094425839327060 95.7
906366800 71789161912 97.2 31094449867079508 95.7
906370500 71789162412 97.2 31094450471088852 95.7
906413700 71789163112 97.2 31094451398140244 95.7
906501600 71789173112 97.2 31094456692308820 95.7
906528100 71789173312 97.2 31094457219938132 95.7
906603400 71789187012 97.2 31094466115622740 95.7
906669200 71789204912 97.2 31094481591349076 95.7
906669700 71789205212 97.2 31094482486167892 95.7
906753600 71789205412 97.2 31094483330215700 95.7
906765000 71789257412 97.2 31094512901299988 95.7
906781300 71789289012 97.2 31094536632864532 95.7
906786100 71789301212 97.2 31094540678448916 95.7
906824100 71789301412 97.2 31094541522476692 95.7
906852200 71789362512 97.2 31094562166974100 95.7
906884300 71789368512 97.2 31094564456387732 95.7
906955200 71789396412 97.2 31094578901355668 95.7
906971600 71789432412 97.2 31094606932876436 95.7
906977800 71789443512 97.2 31094610842715284 95.7
907006700 71789444412 97.2 31094612384908564 95.7
907010500 71789449412 97.2 31094616149529364 95.7
907114300 71789455512 97.2 31094623051327252 95.7
907121700 71789470812 97.2 31094636014346004 95.7
907146800 71789471312 97.2 31094637808034708 95.7
907159200 71789487012 97.2 31094644421664148 95.7
907207300 71789487712 97.2 31094645305626132 95.7
907305900 71789487912 97.2 31094646149636948 95.7
907307100 71789517612 97.2 31094661551099732 95.7
907409600 71789518512 97.2 31094663304036436 95.7
907440300 71789519212 97.2 31094666472195156 95.7
907442600 71789535512 97.2 31094680198110292 95.7
907470200 71789541012 97.2 31094684407855700 95.7
907481900 71789552812 97.2 31094692375094868 95.7
907486100 71789605312 97.2 31094716619996756 95.7
907539100 71789623912 97.2 31094727057609300 95.7
907629200 71789639312 97.2 31094736240252500 95.7
907650000 71789640112 97.2 31094738064365140 95.7
907728700 71789645312 97.2 31094740640467028 95.7
907737000 71789659312 97.2 31094749194416212 95.7
907748000 71789760512 97.2 31094882254262356 95.7
907748300 71789782412 97.2 31094890236626004 95.7
907804600 71789786212 97.2 31094891008833236 95.7
907809300 71789803612 97.2 31094909675935444 95.7
907829300 71789804112 97.2 31094911785991892 95.7
907852100 71789804612 97.2 31094913579638612 95.7
907914400 71789818512 97.2 31094921140692820 95.7
907997100 71789840812 97.2 31094934054984532 95.7
908030400 71789871812 97.2 31094950511165268 95.7
908076100 71789872112 97.2 31094950725014164 95.7
908120200 71789872212 97.2 31094950825366164 95.7
908120500 71789929112 97.2 31094978791338644 95.7
908121200 71789929312 97.2 31094979467296020 95.7
908126600 71789929512 97.2 31094979572358420 95.7
908162900 71789945312 97.2 31094989599766804 95.7
908239000 71789945712 97.2 31094990672653780 95.7
908316600 71789958512 97.2 31094998445280724 95.7
908382800 71789958612 97.2 31094998867283732 95.7
908400700 71790036612 97.2 31095053443604244 95.7
908409400 71790036912 97.2 31095054076799636 95.7
908494800 71790075912 97.2 31095080155323028 95.7
908530400 71790091212 97.2 31095090188641940 95.7
908537700 71790091312 97.2 31095090610652148 95.7
908538600 71790102912 97.2 31095097194333172 95.7
908556800 71790152012 97.2 31095114003779572 95.7
908661700 71790208812 97.2 31095140741761012 95.7
908689900 71790209212 97.2 31095141219484916 95.7
908759000 71790253612 97.2 31095159154963700 95.7
908885700 71790307212 97.2 31095197715145972 95.7
908893000 71790313112 97.2 31095207636170996 95.7
908912000 71790313312 97.2 31095208480216372 95.7
908914800 71790350912 97.2 31095221922469172 95.7
908920400 71790351012 97.2 31095222028062172 95.7
908928000 71790351412 97.2 31095223716122716 95.7
909013000 71790352212 97.2 31095225169016284 95.7
909091200 71790358712 97.2 31095229630441948 95.7
909116600 71790410112 97.2 31095262058609116 95.7
909156800 71790441712 97.2 31095284000557532 95.7
909185300 71790441912 97.2 31095284184877532 95.7
909332000 71790449512 97.2 31095289275492828 95.7
909386400 71790449812 97.2 31095290223351836 95.7
909403000 71790450212 97.2 31095291594994972 95.7
909417300 71790456312 97.2 31095295749892892 95.7
909540600 71790463612 97.2 31095298316241692 95.7
909545300 71790463812 97.2 31095299160245212 95.7
909659500 71790464112 97.2 31095300426304476 95.7
909667500 71790464212 97.2 31095300610214876 95.7
909722800 71790465512 97.2 31095302063066076 95.7
909784600 71790498812 97.2 31095325167764444 95.7
909790800 71790520012 97.2 31095337091955676 95.7
909805900 71790607112 97.2 31095379133496284 95.7
909812800 71790607712 97.2 31095379765626972 95.7
909827200 71790607812 97.2 31095379772385372 95.7
909832500 71790647812 97.2 31095421645645916 95.7
909839100 71790676912 97.2 31095427783081052 95.7
909852300 71790704812 97.2 31095452826942556 95.7
909908300 71790706512 97.2 31095453019525564 95.7
909965500 71790713812 97.2 31095461666674108 95.7
909987600 71790721712 97.2 31095465135038652 95.7
910013100 71790722112 97.2 31095466405604668 95.7
910024300 71790722412 97.2 31095467671660476 95.7
910103900 71790722512 97.2 31095468093669980 95.7
910152000 71790722812 97.2 31095469148722588 95.7
910219300 71790724112 97.2 31095471748920988 95.7
910264400 71790731712 97.2 31095473796299420 95.7
910280500 71790746112 97.2 31095483300019868 95.7
910288000 71790748812 97.2 31095485640573340 95.7
910290600 71790748912 97.2 31095485669859740 95.7
910367900 71790749312 97.2 31095486940390300 95.7
910389600 71790760812 97.2 31095494507532700 95.7
910414000 71790761112 97.2 31095495527641500 95.7
910425800 71790761612 97.2 31095496687069340 95.7
910440900 71790803612 97.2 31095529121003676 95.7
910525100 71790818512 97.2 31095537552205468 95.7
910564700 71798675712 97.2 31100871548216988 95.7
910587700 71798795012 97.2 31100950784468636 95.7
910651100 71798795212 97.2 31100951628476764 95.7
910663600 71798808112 97.2 31100957689859932 95.7
910678900 71798815412 97.2 31100961446665564 95.7
910812200 71798819812 97.2 31100964809925212 95.7
910830100 71798820012 97.2 31100965337530012 95.7
910834300 71798820212 97.2 31100966181541020 95.7
910899200 71798820612 97.2 31100966286193820 95.7
910901300 71798820812 97.2 31100967130200924 95.7
910965700 71798844312 97.2 31100980407077724 95.7
910989500 71798846012 97.2 31100981097636828 95.7
910996400 71798858712 97.2 31100988623151068 95.7
911006100 71798864812 97.2 31100990630031068 95.7
911009000 71798887712 97.2 31100994802707676 95.7
911037400 71798887812 97.2 31100995224709564 95.7
911079100 71798895712 97.2 31100998709235132 95.7
911090600 71798895812 97.2 31100999131241532 95.7
911145300 71798948712 97.2 31101036842269756 95.7
911160700 71798980412 97.2 31101052106554428 95.7
911211200 71798980712 97.2 31101052582919228 95.7
911216600 71799006012 97.2 31101067918231612 95.7
911225600 71799006212 97.2 31101068762251004 95.7
911279600 71799041512 97.2 31101095108873980 95.7
911313400 71799045312 97.2 31101098568984572 95.7
911458100 71799053012 97.2 31101101105141244 95.7
911488200 71799056312 97.2 31101106311483900 95.7
911498700 71799056412 97.2 31101106733507804 95.7
911514700 71799057412 97.2 31101110043962588 95.7
911516200 71799067512 97.2 31101114680466140 95.7
911570500 71799081812 97.2 31101122823967964 95.7
911608500 71799102412 97.2 31101136764113116 95.7
911614100 71799102812 97.2 31101137581171228 95.7
911668000 71799116812 97.2 31101145108023836 95.7
911713400 71799125812 97.2 31101148173565468 95.7
911781200 71799156412 97.2 31101159824247324 95.7
911811000 71799164112 97.2 31101161055013148 95.7
911840000 71799164212 97.2 31101161477037852 95.7
911842900 71799164312 97.2 31101161899040668 95.7
911870600 71799181312 97.2 31101173025858460 95.7
911871900 71799185112 97.2 31101175811639708 95.7
911872600 71799216012 97.2 31101192883628444 95.7
911878700 71799216212 97.2 31101193411241148 95.7
911890200 71799226212 97.2 31101197939605692 95.7
911893000 71799275812 97.2 31101216984811708 95.7
911896400 71799278612 97.2 31101217903850492 95.7
911908300 71799298312 97.2 31101225154743292 95.7
911919000 71799416412 97.2 31101326224239612 95.7
911931400 71799429212 97.2 31101334383177724 95.7
911936000 71799429312 97.2 31101334805180028 95.7
911975000 71799471612 97.2 31101360375660156 95.7
912017500 71799478512 97.2 31101364103401084 95.7
912053700 71799479012 97.2 31101366070525052 95.7
912121200 71799479412 97.2 31101366737898108 95.7
912200000 71799487012 97.2 31101372978202748 95.7
912224400 71799487112 97.2 31101373694593148 95.7
912236600 71799487512 97.2 31101374647514364 95.7
912276100 71799787412 97.2 31101565263656188 95.7
912276700 71799863912 97.2 31101608602191100 95.7
912293900 71799933212 97.2 31101656659657980 95.7
912332700 71799981012 97.2 31101697750586620 95.7
912352100 71799990312 97.2 31101700753988604 95.7
912369500 71800208212 97.2 31101982616853500 95.7
912376500 71800208412 97.2 31101983090484604 95.7
912409200 71800208512 97.2 31101983512498300 95.7
912466000 71800213912 97.2 31101987912806012 95.7
912577100 71800214412 97.2 31101988426164924 95.7
912577600 71800214512 97.2 31101988520782524 95.7
912584400 71800214612 97.2 31101988942807036 95.7
912611100 71800225712 97.2 31101993971779580 95.7
912638000 71800246712 97.2 31102005697906684 95.7
912690600 71800247212 97.2 31102007488975996 95.7
912694200 71800326012 97.2 31102050214753404 95.7
912734400 71800335412 97.2 31102057282979964 95.7
912835200 71800358312 97.2 31102066708189308 95.7
912851000 71800363012 97.2 31102072453139068 95.7
912915200 71800363612 97.2 31102074656177276 95.7
912948500 71800375112 97.2 31102078543241852 95.7
912956700 71800397812 97.2 31102091335488124 95.7
913014200 71800398012 97.2 31102091863101820 95.7
913022000 71800398912 97.2 31102094561266556 95.7
913042000 71800399012 97.2 31102094716095356 95.7
913051800 71800399112 97.2 31102095138120444 95.7
913066800 71800966212 97.2 31102741862048508 95.7
913141700 71800966612 97.2 31102742715074492 95.7
913199200 71800992812 97.2 31102756803864508 95.7
913219700 71800993012 97.2 31102757308204220 95.7
913301400 71800994112 97.2 31102758267783868 95.7
913382600 71801001912 97.2 31102763338668220 95.7
913448900 71801037012 97.2 31102782854994108 95.7
913501900 71801047712 97.2 31102787324790972 95.7
913511200 71805653512 97.2 31105953175226556 95.7
913565500 71805669412 97.2 31105960485052092 95.7
913574100 71805687612 97.2 31105966103062716 95.7
913598600 71805694412 97.2 31105969699860924 95.7
913652700 71805694812 97.2 31105971006839100 95.7
913673200 71805700212 97.2 31105974241123388 95.7
913679000 71805700412 97.2 31105975085145020 95.7
913684000 71805719112 97.2 31105981664144828 95.7
913684500 71805721412 97.2 31105985816570812 95.7
913694300 71805735612 97.2 31105990051737788 95.7
913717100 71805740412 97.2 31105992921849532 95.7
913825700 71805743212 97.2 31105995614208956 95.7
913883000 71805770412 97.2 31106015351960508 95.7
913892200 71805781012 97.2 31106019021580732 95.7
913895300 71805792212 97.2 31106024559902140 95.7
913942300 71805804312 97.2 31106031613963708 95.7
913967500 71805804412 97.2 31106032035977596 95.7
914011100 71805804712 97.2 31106032884492284 95.7
914012700 71805808612 97.2 31106033764936060 95.7
914199900 71805908212 97.2 31106085334419836 95.7
914280900 71805981312 97.2 31106120816879996 95.7
914296000 71805987612 97.2 31106125500897660 95.7
914316400 71806015512 97.2 31106134706131324 95.7
914323200 71806036912 97.2 31106141424547196 95.7
914407000 71806046612 97.2 31106147850807676 95.7
914412500 71806046812 97.2 31106148378410684 95.7
914430200 71806047212 97.2 31106149235968764 95.7
914432000 71806077412 97.2 31106182437479164 95.7
914453300 71806077512 97.2 31106182859501756 95.7
914547800 71806077612 97.2 31106183281506844 95.7
914561900 71806142312 97.2 31106207414544924 95.7
914612200 71806154312 97.2 31106215195952668 95.7
914621400 71806154612 97.2 31106216461962908 95.7
914623300 71806170112 97.2 31106226129049244 95.7
914623500 71806180112 97.2 31106231050287260 95.7
914636900 71806189512 97.2 31106242232261788 95.7
914668500 71806190712 97.2 31106244269386524 95.7
914695200 71806190812 97.2 31106244691388924 95.7
914696100 71806204112 97.2 31106261053955580 95.7
914803800 71806213712 97.2 31106265584919036 95.7
914805100 71806213912 97.2 31106265901576540 95.7
914812600 71806214412 97.2 31106266104123740 95.7
914840400 71806268112 97.2 31106303979143516 95.7
914907600 71806274112 97.2 31106307634121308 95.7
914933300 71806274412 97.2 31106308523194204 95.7
914968400 71806281512 97.2 31106313792169820 95.7
915016100 71806298012 97.2 31106324160808796 95.7
915022100 71806301412 97.2 31106326890472540 95.7
915177700 71806301712 97.2 31106328083150428 95.7
915191000 71806328712 97.2 31106345454274140 95.7
915218000 71806364212 97.2 31106370363764316 95.7
915225300 71806364412 97.2 31106371207796700 95.7
915248500 71806367612 97.2 31106373265202140 95.7
915333000 71806368212 97.2 31106374319231964 95.7
915337500 71806368312 97.2 31106374325580764 95.7
915363400 71806371712 97.2 31106375628291036 95.7
915369500 71806413912 97.2 31106395719594972 95.7
915395800 71806583412 97.2 31106502127449052 95.7
915423200 71806592312 97.2 31106508090183132 95.7
915507800 71806599712 97.2 31106512093163996 95.7
915536800 71806607012 97.2 31106513193920092 95.7
915544600 71806663612 97.2 31106552111814236 95.7
915588800 71806677212 97.2 31106568461895260 95.7
915591600 71806707412 97.2 31106593603268188 95.7
915608500 71806734712 97.2 31106604233519708 95.7
915624200 71806735812 97.2 31106605790997340 95.7
915689900 71806743312 97.2 31106608548477788 95.7
915790500 71806743412 97.2 31106608970479484 95.7
915793600 71806755612 97.2 31106614468134780 95.7
915794600 71806777012 97.2 31106625264609148 95.7
915831700 71806819912 97.2 31106642708914044 95.7
915843300 71806820212 97.2 31106643688499836 95.7
915885100 71806825412 97.2 31106646275703164 95.7
915893000 71806827412 97.2 31106646806309244 95.7
915915500 71807602912 97.2 31107646608451964 95.7
915934800 71807603012 97.2 31107647030472252 95.7
915983300 71807604712 97.2 31107651564209724 95.7
916012000 71807605012 97.2 31107652551788348 95.7
916034700 71807605212 97.2 31107653247833788 95.7
916048000 71807605512 97.2 31107654098640188 95.7
916079000 71807610112 97.2 31107657224022588 95.7
916141000 71807613812 97.2 31107659979658812 95.7
916153100 71807692312 97.2 31107713078433340 95.7
916166200 71807693112 97.2 31107714483232572 95.7
916190700 71807747012 97.2 31107777901801276 95.7
916215900 71807763212 97.2 31107787762933564 95.7
916222700 71807764212 97.2 31107792054194236 95.7
916312300 71807805112 97.2 31107801450127420 95.7
916373400 71807869912 97.2 31107845441146940 95.7
916469200 71807870312 97.2 31107847245802044 95.7
916507600 71807893012 97.2 31107861259121212 95.7
916593700 71807893512 97.2 31107862871014716 95.7
916610100 71807893612 97.2 31107863293042620 95.7
916669900 71807893712 97.2 31107863715065116 95.7
916670100 71807893912 97.2 31107864242678620 95.7
916685300 71807894012 97.2 31107864348276316 95.7
916712500 71807896912 97.2 31107865848731228 95.7
916732300 71807940212 97.2 31107878065581660 95.7
916737000 71807940312 97.2 31107878383893756 95.7
916789500 71807984112 97.2 31107906608471292 95.7
916833500 71807988712 97.2 31107909900607996 95.7
916885600 71808074112 97.2 31107954218742268 95.7
916898700 71808083212 97.2 31107961504206332 95.7
916965900 71808117112 97.2 31107983553558012 95.7
917032200 71808121612 97.2 31107985292935420 95.7
917064700 71808127412 97.2 31107987309707132 95.7
917101000 71808172012 97.2 31108040575221628 95.7
917106600 71808172612 97.2 31108042637497980 95.7
917115500 71808189412 97.2 31108067991889532 95.7
917122500 71808251512 97.2 31108114497275516 95.7
917129400 71808273512 97.2 31108126754043516 95.7
917145600 71808283112 97.2 31108132079079036 95.7
917186500 71808283512 97.2 31108133355533180 95.7
917213900 71808298412 97.2 31108143009174396 95.7
917261000 71808298612 97.2 31108143853202300 95.7
917281600 71808303812 97.2 31108147605078396 95.7
917416100 71808304012 97.2 31108148449123708 95.7
917508800 71808304412 97.2 31108149403247228 95.7
917559400 71808305212 97.2 31108150466243452 95.7
917565300 71808305612 97.2 31108152154309372 95.7
917593200 71808312012 97.2 31108154755164412 95.7
917594000 71808312112 97.2 31108155177186524 95.7
917609500 71808312412 97.2 31108155484716220 95.7
917648000 71808330912 97.2 31108168926936252 95.7
917658100 71808331412 97.2 31108171034391100 95.7
917695400 71808331512 97.2 31108172068221500 95.7
917738400 71808359412 97.2 31108187128762940 95.7
917776000 71808359812 97.2 31108188399715644 95.7
917804700 71808360412 97.2 31108189042190524 95.7
917809100 71808476512 97.2 31108263161669820 95.7
917822600 71808476812 97.2 31108264011040508 95.7
917882500 71808479212 97.2 31108266602849020 95.7
917935400 71808683512 97.2 31108381915456252 95.7
917961300 71808695212 97.2 31108386765240572 95.7
917971100 71808705712 97.2 31108392545405692 95.7
917972100 71808888212 97.2 31108478277438204 95.7
917988800 71808961312 97.2 31108550348073724 95.7
918101100 71809306312 97.2 31108984473545468 95.7
918217800 71809306512 97.2 31108985317570044 95.7
918218700 71809306612 97.2 31108985737000444 95.7
918262100 71809318212 97.2 31108994535261692 95.7
918278700 71809319012 97.2 31108994704712588 95.7
918324900 71809319312 97.2 31108995654337612 95.7
918334100 71809319512 97.2 31108996498377228 95.7
918337600 71809319612 97.2 31108996920399340 95.7
918369200 71809319912 97.2 31108997868245612 95.7
918390200 71809325912 97.2 31109002095815276 95.7
918429100 71809328012 97.2 31109003665906540 95.7
918430300 71809332512 97.2 31109008021054828 95.7
918468000 71809335112 97.2 31109009013106028 95.7
918569400 71809335212 97.2 31109009435118828 95.7
918577900 71809459012 97.2 31109084882775276 95.7
918591500 71809476912 97.2 31109092575638764 95.7
918599600 71809491912 97.2 31109107215002860 95.7
918604500 71809572312 97.2 31109156515085548 95.7
918625700 71809604612 97.2 31109173617961196 95.7
918774300 71809693112 97.2 31109226516981996 95.7
918821300 71809751912 97.2 31109264178223340 95.7
918875500 71809765412 97.2 31109269838418156 95.7
918879800 71809765612 97.2 31109270682444524 95.7
918898700 71809765712 97.2 31109270724223724 95.7
918908400 71809777912 97.2 31109275239152364 95.7
918915000 71809871212 97.2 31109336042728172 95.7
918919100 71809879112 97.2 31109345810963180 95.7
918988800 71809883912 97.2 31109350402580716 95.7
918992300 71809884412 97.2 31109352052510956 95.7
919050300 71809928912 97.2 31109371593265388 95.7
919062500 71809929212 97.2 31109372946700908 95.7
919106200 71809929412 97.2 31109373376095212 95.7
919131100 71809932812 97.2 31109377053310956 95.7
919138600 71809932912 97.2 31109377475328940 95.7
919160100 71809933512 97.2 31109378792821420 95.7
919189700 71809980412 97.2 31109405957681836 95.7
919261300 71810047312 97.2 31109444081337004 95.7
919385200 71810088612 97.2 31109471853169324 95.7
919387300 71810100412 97.2 31109477811951788 95.7
919439200 71810100712 97.2 31109478761588908 95.7
919534300 71810109412 97.2 31109484524596396 95.7
919543300 71810110912 97.2 31109486609380652 95.7
919562300 71810111112 97.2 31109487136995852 95.7
919576000 71810228512 97.2 31109553750526476 95.7
919583500 71810240412 97.2 31109562395453964 95.7
919640700 71810240912 97.2 31109563769736460 95.7
919759200 71810507012 97.2 31109806633864460 95.7
919852200 71810545112 97.2 31109828155919628 95.7
919857300 71810617412 97.2 31109885423488268 95.7
919882400 71810617912 97.2 31109887533526668 95.7
920092200 71810618112 97.2 31109888377555084 95.7
920131200 71810623212 97.2 31109889255261772 95.7
920208400 71810638212 97.2 31109897176201804 95.7
920212400 71810665412 97.2 31109914038226508 95.7
920229200 71810687812 97.2 31109926111562316 95.7
920251100 71810699712 97.2 31109939624274508 95.7
920357500 71810713612 97.2 31109947172354636 95.7
920391000 71810859812 97.2 31110131008191052 95.7
920480400 71810859912 97.2 31110131430199660 95.7
920643800 71810860212 97.2 31110132696224748 95.7
920667400 71810948412 97.2 31110195447133164 95.7
920668800 71810949012 97.2 31110195554245164 95.7
920685300 71810959712 97.2 31110204535613996 95.7
920689300 71810981112 97.2 31110227189604908 95.7
920690000 71811032712 97.2 31110250497038892 95.7
920719700 71811046612 97.2 31110255388531756 95.7
920730200 71811046712 97.2 31110255810539244 95.7
920779000 71811046912 97.2 31110256338132652 95.7
920831300 71811058112 97.2 31110261319556780 95.7
920845700 71811064012 97.2 31110264501239724 95.7
921031300 71813586012 97.2 31112746813292460 95.8
921067400 71813586112 97.2 31112747235321868 95.8
921123400 71813586212 97.2 31112747657332268 95.8
921213800 71813607312 97.2 31112761030383148 95.8
921257500 71813662212 97.2 31112806635222572 95.8
921359500 71813672812 97.2 31112811217579564 95.8
921422900 71813778912 97.2 31112901786119724 95.8
921423200 71818186212 97.2 31116080383307308 95.8
921445300 71818186312 97.2 31116080805314700 95.8
921450100 71818187212 97.2 31116082341471884 95.8
921487800 71821599912 97.2 31117898121340556 95.8
921521900 71821600012 97.2 31117898825238156 95.8
921591900 71821600212 97.2 31117899352838668 95.8
921660200 71821600812 97.2 31117900326298252 95.8
921687900 71821607112 97.2 31117906645173900 95.8
921711200 71821620212 97.2 31117912756357772 95.8
921748500 71821623012 97.2 31117913723413196 95.8
921807900 71821627712 97.2 31117915508859596 95.8
921808000 71821642012 97.2 31117919933571788 95.8
921814200 71821654212 97.2 31117929578359500 95.8
921906700 71821654312 97.2 31117930000362412 95.8
921947900 71821670112 97.2 31117935831291820 95.8
921951100 71821713912 97.2 31117964474935212 95.8
922220800 71821714012 97.2 31117964580529412 95.8
922248600 71821714412 97.2 31117965873623172 95.8
922259300 71821717412 97.2 31117968232288644 95.8
922274200 71821808012 97.2 31118012370112900 95.8
922408400 71821912712 97.2 31118085052879236 95.8
922418900 71822136312 97.2 31118196503884164 95.8
922440200 71822201912 97.2 31118235540722052 95.8
922491300 71822202312 97.2 31118236298122436 95.8
922539600 71822205512 97.2 31118238374175556 95.8
922574300 71822205712 97.2 31118238901769444 95.8
922712800 71822226112 97.2 31118250608818404 95.8
922835800 71822237512 97.2 31118258538988772 95.8
922877100 71822273912 97.2 31118294950474980 95.8
922909400 71822274112 97.2 31118295657370212 95.8
922967300 71822274512 97.2 31118296173173700 95.8
922994000 71822779912 97.2 31118651916540868 95.8
923009100 71822780312 97.2 31118653288174148 95.8
923015400 71822865312 97.2 31118696713634372 95.8
923080200 71822866012 97.2 31118697069134564 95.8
923082300 71822871412 97.2 31118706452127460 95.8
923180300 71822877312 97.2 31118707534440036 95.8
923238500 71822932412 97.2 31118747547235940 95.8
923278700 71822932612 97.2 31118747657753940 95.8
923313100 71822932812 97.2 31118748501784340 95.8
923399900 71822932912 97.2 31118748923808628 95.8
923424300 71823044512 97.2 31118803601431412 95.8
923457500 71823045212 97.2 31118804190975988 95.8
923527700 71823088712 97.2 31118850590308340 95.8
923571000 71823107912 97.2 31118860776219636 95.8
923572500 71823118512 97.2 31118866662328308 95.8
923608000 71823124012 97.2 31118868361181428 95.8
923640300 71823134312 97.2 31118875469619956 95.8
923716500 71823157612 97.2 31118889250003700 95.8
923737000 71823157912 97.2 31118890114731316 95.8
923804500 71823346112 97.2 31119024304565556 95.8
923829500 71823364212 97.2 31119032475471668 95.8
923842100 71823365312 97.2 31119033230271668 95.8
923851100 71823365512 97.2 31119033874162868 95.8
924089300 71823369412 97.2 31119039367077556 95.8
924108900 71823379012 97.2 31119043406607284 95.8
924138500 71823379112 97.2 31119043828627796 95.8
924140100 71823391712 97.2 31119050943288148 95.8
924186400 71823392512 97.2 31119052089205332 95.8
924196300 71823433112 97.2 31119062202055252 95.8
924326100 71823436012 97.2 31119063810588628 95.8
924330000 71823436512 97.2 31119065604225108 95.8
924330100 71823449012 97.2 31119071732057684 95.8
924343500 71823450012 97.2 31119074666698068 95.8
924429400 71823553612 97.2 31119147276612948 95.8
924468000 71823553812 97.2 31119147804235156 95.8
924507800 71823553912 97.2 31119147909831956 95.8
924552300 71823871712 97.2 31119364935114004 95.8
924646200 71823887712 97.2 31119375938356500 95.8
924678100 71823887812 97.2 31119376360382612 95.8
924695600 71823887912 97.2 31119376782402004 95.8
924826000 71823891112 97.2 31119379271752916 95.8
924878500 71823891612 97.2 31119379776913620 95.8
924897200 71823891712 97.2 31119380198919124 95.8
924897300 71823891912 97.2 31119381042952148 95.8
924972900 71823892212 97.2 31119381992549844 95.8
924977400 71823894112 97.2 31119383157247444 95.8
925093000 71823894212 97.2 31119383579275028 95.8
925114000 71824017912 97.2 31119461837213460 95.8
925115800 71824058812 97.2 31119473518019348 95.8
925226100 71824067812 97.2 31119479054736660 95.8
925297400 71824067912 97.2 31119479476758452 95.8
925363800 71824088312 97.2 31119489254810548 95.8
925484600 71824088512 97.2 31119489764470036 95.8
925495100 71824088912 97.2 31119491136099348 95.8
925659100 71824094212 97.2 31119495649909268 95.8
925877900 71824094312 97.2 31119495755494772 95.8
925895100 71824097412 97.2 31119498744210548 95.8
925937200 71824119712 97.2 31119515884382324 95.8
925982300 71824122212 97.2 31119517296341876 95.8
926029500 71824900912 97.2 31120430641034100 95.8
926060400 71824920912 97.2 31120441138704244 95.8
926154100 71824947412 97.2 31120537122230132 95.8
926187200 71824947812 97.2 31120538810287604 95.8
926195400 71824948212 97.2 31120539865484404 95.8
926266500 71824997112 97.2 31120603961449588 95.8
926306400 71825014912 97.2 31120609153824884 95.8
926380100 71825015012 97.2 31120609575847668 95.8
926452900 71825067112 97.2 31120641064492788 95.8
926553000 71825067212 97.2 31120641486497396 95.8
926739700 71825067612 97.2 31120642752586356 95.8
926765400 71825067812 97.2 31120642795594356 95.8
926791700 71825068212 97.2 31120644483695604 95.8
926888800 71825068412 97.2 31120644915941620 95.8
926965200 71825070912 97.2 31120648035660020 95.8
927180400 71825087512 97.2 31120655741234932 95.8
927317700 71825087612 97.2 31120656163262740 95.8
927379000 71825104612 97.2 31120670820043028 95.8
927424000 71825124912 97.2 31120676900731156 95.8
927519600 71825131612 97.2 31120685266491156 95.8
927525200 71825186512 97.2 31120721303013140 95.8
927634400 71825187412 97.2 31120722632892692 95.8
927648100 71825187512 97.2 31120722640470292 95.8
927901400 71825189912 97.2 31120724801256212 95.8
927970700 71825190612 97.2 31120725777893204 95.8
928064500 71825190912 97.2 31120725933873812 95.8
928194900 71825209412 97.2 31120728546762388 95.8
928369600 71825290212 97.2 31120744551639700 95.8
928382000 71825291712 97.2 31120749466612884 95.8
928501200 71825291812 97.2 31120749888632884 95.8
928522400 71825295912 97.2 31120755179819060 95.8
928534200 71825296012 97.2 31120755601822356 95.8
928542900 71825334312 97.2 31120798548341396 95.8
928586200 71825334612 97.2 31120799501319828 95.8
928643300 71825336112 97.2 31120802655883412 95.8
928655700 71825336312 97.2 31120803183486420 95.8
928663100 71825397712 97.2 31120839839573460 95.8
928787300 71825398212 97.2 31120841949633236 95.8
928824900 71825398812 97.2 31120842411783540 95.8
928840300 71825421112 97.2 31120855318749556 95.8
928876300 71825421312 97.2 31120856162791476 95.8
928905100 71825428812 97.2 31120863293517364 95.8
928929900 71825429312 97.2 31120864987340596 95.8
929081700 71825429712 97.2 31120865937383092 95.8
929097200 71825430212 97.2 31120867191210164 95.8
929179400 71825431112 97.2 31120869848425396 95.8
929274700 71825432812 97.2 31120871032362292 95.8
929399200 71825566512 97.2 31120943963854132 95.8
929455200 71825572212 97.2 31120947755225908 95.8
929466300 71825585612 97.2 31120956657273652 95.8
929479100 71825587112 97.2 31120958267334708 95.8
929519700 71825587312 97.2 31120959111366580 95.8
929600000 71825587412 97.2 31120959533369396 95.8
929873300 71825588112 97.2 31120961538139188 95.8
930092800 71825588812 97.2 31120962518379380 95.8
930121900 71825589712 97.2 31120965270737524 95.8
930158400 71825760112 97.2 31121063235965556 95.8
930194700 71825760312 97.2 31121063664131444 95.8
930417100 71825806312 97.2 31121093517481332 95.8
930469300 71825806912 97.2 31121094455305908 95.8
930496900 71825859712 97.2 31121124560379572 95.8
930568900 71825860712 97.2 31121125637614900 95.8
930611000 71825861112 97.2 31121126549646900 95.8
930746300 71825861312 97.2 31121126565621300 95.8
930856100 71825862712 97.2 31121130055756596 95.8
931096500 71825863112 97.2 31121130754457204 95.8
931109300 71825885312 97.2 31121139677111924 95.8
931125300 71825885512 97.2 31121140521149940 95.8
931146800 71825906612 97.2 31121150221189620 95.8
931163500 71826166312 97.2 31121302925214196 95.8
931271500 71826166712 97.2 31121304613250548 95.8
931297500 71826167012 97.2 31121305879293172 95.8
931383000 71826211012 97.2 31121328941731060 95.8
931396600 71826250612 97.2 31121339322740980 95.8
931406700 71826251312 97.2 31121341031075956 95.8
931463300 71826251512 97.2 31121341875114356 95.8
931530200 71826252512 97.2 31121343492260212 95.8
931567600 71826272212 97.2 31121352805162356 95.8
931706700 71826382312 97.2 31121410274962804 95.8
931867100 71826382812 97.2 31121411386476020 95.8
931952900 71826385112 97.2 31121413581171700 95.8
932063900 71826385712 97.2 31121413849412692 95.8
932089400 71826400412 97.2 31121424869056596 95.8
932163400 71826412612 97.2 31121429570639444 95.8
932793600 71826413712 97.2 31121431013879124 95.8
932813400 71826457712 97.2 31121462146352468 95.8
932935400 71826656412 97.2 31121567905711444 95.8
933395300 71826656712 97.2 31121568167621140 95.8
933487200 71826657312 97.2 31121570699686420 95.8
933522000 71826657812 97.2 31121571647624212 95.8
933576600 71826660212 97.2 31121577399376404 95.8
933782100 71826683112 97.2 31121594691256852 95.8
933828300 71826683412 97.2 31121595640895380 95.8
933883800 71826696512 97.2 31121601048751508 95.8
933923000 71826710712 97.2 31121607595334036 95.8
933941700 71826711112 97.2 31121607820818836 95.8
933946900 71826713112 97.2 31121611942555284 95.8
933984700 71826713212 97.2 31121612364573172 95.8
933987600 71827174712 97.2 31122183568943604 95.8
934386400 71827178312 97.2 31122185394517876 95.8
934463300 71827191412 97.2 31122193474289012 95.8
934628000 71827193312 97.2 31122198790794612 95.8
934638500 71827194912 97.2 31122204543337332 95.8
934671600 71827195112 97.2 31122204649753332 95.8
934693700 71827195212 97.2 31122205071793428 95.8
934889800 71827195812 97.2 31122205626820500 95.8
934907500 71827196012 97.2 31122206154442100 95.8
934964500 71827975812 97.2 31122973832463732 95.8
935086100 71827976412 97.2 31122975420846580 95.8
935213600 71827976512 97.2 31122975842849588 95.8
935230500 71827976812 97.2 31122977108870196 95.8
935442800 71827977412 97.2 31122979640926516 95.8
935494600 71827977612 97.2 31122980168530612 95.8
935510300 71828266812 97.2 31123140226005684 95.8
935570100 71828267212 97.2 31123141567820084 95.8
935665900 71828301412 97.2 31123153126928692 95.8
935854500 71828301712 97.2 31123153916484916 95.8
935912100 71828301812 97.2 31123154180062516 95.8
936024600 71828303012 97.2 31123158664297268 95.8
936051600 71828321512 97.2 31123171317074740 95.8
936136900 71828322012 97.2 31123172794316852 95.8
936176200 71828357412 97.2 31123197224996916 95.8
936556200 71828357612 97.2 31123198069032308 95.8
936589500 71828394412 97.2 31123222465150324 95.8
936701900 71828428012 97.2 31123241862790516 95.8
936774900 71828469112 97.2 31123249146914676 95.8
936793900 71828647412 97.2 31123344507103092 95.8
936913300 71828761512 97.2 31123415053764468 95.8
937020100 71828761612 97.2 31123415475787572 95.8
937083300 71828762512 97.2 31123417379317428 95.8
937124600 71828762912 97.2 31123419067382068 95.8
937216800 71828763112 97.2 31123419911422580 95.8
937334900 71828765412 97.2 31123421523304180 95.8
937432000 71828774012 97.2 31123424120708596 95.8
937619300 71828776712 97.2 31123426110298996 95.8
937723700 71828777212 97.2 31123427197027444 95.8
937798100 71828777312 97.2 31123427619034132 95.8
937871800 71828778312 97.2 31123428592920660 95.8
938134900 71828808012 97.2 31123447050799188 95.8
938326700 71828808312 97.2 31123447821906964 95.8
938441600 71828809212 97.2 31123449996014612 95.8
938606900 71828809412 97.2 31123450523636404 95.8
938634800 71828938812 97.2 31123520374895284 95.8
938654300 71829087712 97.2 31123634341114548 95.8
938715900 71829095412 97.2 31123638044284340 95.8
938851900 71829108912 97.2 31123650077459892 95.8
938866200 71829109112 97.2 31123650499968596 95.8
938909200 71829198112 97.2 31123688498146900 95.8
938945900 71829198212 97.2 31123688920163092 95.8
938947700 71829198512 97.2 31123689768716308 95.8
939532900 71829211012 97.2 31123696967744020 95.8
939608900 71829211512 97.2 31123698388230164 95.8
939660200 71829281712 97.2 31123741547110420 95.8
939761400 71829282312 97.2 31123743307727380 95.8
939837500 71829357312 97.2 31123792619332116 95.8
939979400 71829384212 97.2 31123801149063188 95.8
940130000 71829960912 97.2 31124148686864404 95.8
940147300 71829961012 97.2 31124149108866900 95.8
940216100 71829962112 97.2 31124151249912916 95.8
940415400 71829962312 97.2 31124152093946388 95.8
940554000 71830022912 97.2 31124181522588180 95.8
940677900 71830024312 97.2 31124184688641556 95.8
940682900 71830024412 97.2 31124184949761556 95.8
940805600 71830024712 97.2 31124185517191380 95.8
940811900 71830283512 97.2 31124272737235156 95.8
940970000 71830314112 97.2 31124288573684948 95.8
940991800 71830378712 97.2 31124328363191508 95.8
941074400 71830378912 97.2 31124328942497684 95.8
941114100 71830379612 97.2 31124330425632660 95.8
941184000 71830380412 97.2 31124332039589908 95.8
941344000 71830380812 97.2 31124332477375892 95.8
941428700 71830400812 97.2 31124345005723028 95.8
941503800 71830401212 97.2 31124346377355668 95.8
941708300 71830401312 97.2 31124346799377364 95.8
941996500 71830401612 97.2 31124348065414100 95.8
941999500 71830402012 97.2 31124349019550804 95.8
942053900 71830402512 97.2 31124350180217300 95.8
942235400 71830403412 97.2 31124353291046868 95.8
942433800 71830415012 97.2 31124359738854356 95.8
942815400 71830415112 97.2 31124360160877652 95.8
942971800 71831354112 97.2 31125059024198740 95.8
943009300 71831354212 97.2 31125059446193428 95.8
943088000 71831440712 97.2 31125097003306260 95.8
943183800 71831441412 97.2 31125098035344340 95.8
943299600 71831667112 97.2 31125215214277588 95.8
943691000 71831667312 97.2 31125215275103188 95.8
943696000 71831668412 97.2 31125217019692244 95.8
944121500 71831669012 97.2 31125218190487636 95.8
944329800 71831669212 97.2 31125218718097844 95.8
944464900 71831669712 97.2 31125220478923060 95.8
944488500 71831670012 97.2 31125221618296500 95.8
944696700 71831673812 97.2 31125225295364788 95.8
944775400 71831674112 97.2 31125226192228660 95.8
944955300 71831674712 97.2 31125228910565684 95.8
945117200 71831678112 97.2 31125233195909428 95.8
945171600 71831965712 97.2 31125400883069236 95.8
945299000 71831966512 97.2 31125403111618868 95.8
945341700 71831966812 97.2 31125404377663796 95.8
945830200 71831967512 97.2 31125405545280180 95.8
946154600 71831970112 97.2 31125410795983540 95.8
946266200 71831970212 97.2 31125411218009524 95.8
946421600 71832113312 97.2 31125461550878132 95.8
946473900 71832113812 97.2 31125463660971316 95.8
946847800 71832114112 97.2 31125464927018548 95.8
947464600 71832234612 97.2 31125540726750772 95.8
947475900 71832234812 97.2 31125540766277172 95.8
947488800 71832235712 97.2 31125543621443892 95.8
947874500 71832235912 97.2 31125544113283092 95.8
947970500 71832265912 97.2 31125554636343316 95.8
947989000 71832266112 97.2 31125555163957108 95.8
948302600 71832266612 97.2 31125556203444532 95.8
948738500 71832267812 97.2 31125559447128628 95.8
949297800 71832273512 97.2 31125566722644020 95.8
949337200 71832391212 97.2 31125643835955252 95.8
949803500 71832403812 97.2 31125651770615348 95.8
949803900 71832404412 97.2 31125653032140724 95.8
949932300 71832404912 97.2 31125654352047028 95.8
950487300 71832405512 97.2 31125656548744116 95.8
950562200 71832405712 97.2 31125657392805684 95.8
951014800 71832405812 97.2 31125657814828180 95.8
951463000 71832610612 97.2 31125767853057172 95.8
951481900 71832611112 97.2 31125768896255956 95.8
951499200 71832612512 97.2 31125769228387156 95.8
951580300 71833496812 97.2 31126608024830804 95.8
953369400 71833699212 97.2 31126721422533460 95.8
953437700 71833699412 97.2 31126721508959060 95.8
954704200 71833699612 97.2 31126722352980372 95.8
956269700 71833699712 97.2 31126722774993556 95.8
956316600 71833699912 97.2 31126723548736340 95.8
956434800 71833700412 97.2 31126724033633140 95.8
956457900 71833700612 97.2 31126724450196340 95.8
957027500 71833700812 97.2 31126725294187316 95.8
957280600 71833752912 97.2 31126743886732084 95.8
957460600 71833753412 97.2 31126744738427892 95.8
957606100 71833753912 97.2 31126745178864180 95.8
957851200 71833763312 97.2 31126749064340788 95.8
958059500 71833763612 97.2 31126750133847860 95.8
958542300 71833764112 97.2 31126751195204788 95.8
958611900 71833766312 97.2 31126757501668532 95.8
959412800 71833766412 97.2 31126757923685940 95.8
959448300 71833766512 97.2 31126758345677652 95.8
959513100 71833766712 97.2 31126759189699540 95.8
960090400 71833768012 97.2 31126761671481044 95.8
960257200 71833769712 97.2 31126762496013652 95.8
960361900 71833770712 97.2 31126765304549204 95.8
960898200 71833771112 97.2 31126766636534612 95.8
961016900 71833791812 97.2 31126783499961172 95.8
961215400 71833796712 97.2 31126787380706900 95.8
961360000 71833803912 97.2 31126791729949780 95.8
961812300 71833804312 97.2 31126793418000084 95.8
961925800 71833804412 97.2 31126793523148484 95.8
962411600 71833829712 97.2 31126802347716292 95.8
963077300 71833882412 97.2 31126846597148356 95.8
963376900 71833882512 97.2 31126847019149348 95.8
963520000 71833959112 97.2 31126875429283876 95.8
963534600 71833959312 97.2 31126876273289572 95.8
963656500 71833998812 97.2 31126901024186724 95.8
963722600 71834042512 97.2 31126922312808804 95.8
963779300 71834050012 97.2 31126929876546916 95.8
963891000 71834050112 97.2 31126930074588516 95.8
963927900 71834051212 97.2 31126933544253028 95.8
964429900 71840600012 97.2 31131310017623652 95.8
964451400 71840602612 97.2 31131315226835044 95.8
964557100 71840602812 97.2 31131316070868324 95.8
964816500 71840662112 97.2 31131353830155620 95.8
964961500 71840674412 97.2 31131360472222052 95.8
965005700 71840683312 97.2 31131362990034020 95.8
965023900 71840688112 97.2 31131364560832356 95.8
965159900 71840760612 97.2 31131400447657828 95.8
965323100 71840761112 97.2 31131401913699172 95.8
965347200 71840770012 97.2 31131405255461988 95.8
965537600 71840770312 97.2 31131406202485796 95.8
965552800 71840772412 97.2 31131411322809380 95.8
965689100 71840775512 97.2 31131413411775780 95.8
965734900 71840775712 97.2 31131414218488228 95.8
965739700 71840776112 97.2 31131414393592228 95.8
965850500 71840789812 97.2 31131421679168420 95.8
966127000 71840838512 97.2 31131439208717220 95.8
966149900 71840845012 97.2 31131441030987044 95.8
966288300 71840845212 97.2 31131441457920036 95.8
966323700 71840845612 97.2 31131442641226020 95.8
966436100 71840845912 97.2 31131442837756420 95.8
966581300 71840847012 97.2 31131445792176132 95.8
966738800 71841855812 97.2 31132190573754372 95.8
966833200 71841892412 97.2 31132208136906756 95.8
966848700 71841896512 97.2 31132211405882372 95.8
966896700 71841917112 97.2 31132225957628932 95.8
966928200 71841917312 97.2 31132226774985732 95.8
967067600 71841926012 97.2 31132228932007428 95.8
967098300 71841953712 97.2 31132248483091972 95.8
967317800 71841992012 97.2 31132281964062212 95.8
967329400 71842302812 97.2 31132476605294084 95.8
967353800 71842319912 97.2 31132484087570948 95.8
967575200 71842320012 97.2 31132484225810948 95.8
967594800 71842329912 97.2 31132492771268612 95.8
967598200 71842340712 97.2 31132498125412356 95.8
967730300 71842340812 97.2 31132498231008852 95.8
967731100 71842341312 97.2 31132499767605844 95.8
967764700 71842341512 97.2 31132501166299604 95.8
967845400 71842455612 97.2 31132540018301396 95.8
967899400 71842460312 97.2 31132543516490196 95.8
968121000 71842460512 97.2 31132544360508308 95.8
968144300 71847233312 97.2 31137178388523924 95.8
968228300 71847257712 97.2 31137186928558484 95.8
968238000 71847276212 97.2 31137197934581140 95.8
968294200 71847276612 97.2 31137198989814228 95.8
968307600 71847276712 97.2 31137199023606228 95.8
968448000 71847277512 97.2 31137200882068308 95.8
968638100 71847280512 97.2 31137202246001748 95.8
968674200 71847280712 97.2 31137203090043860 95.8
968736000 71847519812 97.2 31137362772128724 95.8
968876500 71847520212 97.2 31137364460183252 95.8
968942900 71847549412 97.2 31137368097546708 95.8
969056400 71847556512 97.2 31137374397572564 95.8
969122100 71847556712 97.2 31137375530238292 95.8
969169000 71847613712 97.2 31137415286714708 95.8
969271500 71847613912 97.2 31137415300641108 95.8
969285300 71847617212 97.2 31137417993398100 95.8
969324800 71847617712 97.2 31137418485461908 95.8
969391600 71847618612 97.2 31137419482164116 95.8
969392200 71847618712 97.2 31137419587761412 95.8
969512400 71847619512 97.2 31137419616433412 95.8
969677800 71847620112 97.2 31137421078613252 95.8
969771600 71847647712 97.2 31137428075709700 95.8
969791900 71847649112 97.2 31137428565796100 95.8
969885100 71847662112 97.2 31137442249489668 95.8
969933200 71847693512 97.2 31137465907037444 95.8
969978200 71847693612 97.2 31137466329040356 95.8
970131100 71847694312 97.2 31137467030103268 95.8
970251000 71847694412 97.2 31137467452106852 95.8
970315500 71847695612 97.2 31137468815921380 95.8
970386700 71847700612 97.2 31137472582960356 95.8
970699600 71847703112 97.2 31137475085882084 95.8
970803600 71847730712 97.2 31137493579168484 95.8
970834600 71847749212 97.2 31137501523548900 95.8
970883400 71847845912 97.2 31137527267273444 95.8
970969200 71847857312 97.2 31137531957471972 95.8
970999700 71847860412 97.2 31137533674700004 95.8
971070800 71847862112 97.2 31137535100238052 95.8
971168400 71847869512 97.2 31137543686952676 95.8
971273200 71847874912 97.2 31137549267212004 95.8
971408000 71847910112 97.2 31137569190358756 95.8
971424900 71847912012 97.2 31137573698709220 95.8
971740800 71847933112 97.2 31137584407739108 95.8
971807100 71847986412 97.2 31137624077708004 95.8
971960100 71847987812 97.2 31137625339071204 95.8
972129300 71848131412 97.2 31137710241090276 95.8
972134500 71848131612 97.2 31137711085127396 95.8
972231700 71848150212 97.2 31137721328527076 95.8
972281700 71848150512 97.2 31137722182180772 95.8
972368800 71848150712 97.2 31137722724197668 95.8
972458600 71848163712 97.2 31137728402893092 95.8
972592300 71848163912 97.2 31137729246934500 95.8
972616600 71848164412 97.2 31137729281136100 95.8
972625000 71848170312 97.2 31137731129629924 95.8
972679600 71848170712 97.2 31137732501255780 95.8
972723900 71848340912 97.2 31137863724873316 95.8
972749200 71848393412 97.2 31137896782958180 95.8
972811800 71848413012 97.2 31137905490465380 95.8
972999700 71848418112 97.2 31137909233787492 95.8
973015800 71852983612 97.2 31140336378684004 95.8
973086200 71852983812 97.2 31140337367983780 95.8
973176900 71852984112 97.2 31140338634032420 95.8
973397000 71852984412 97.2 31140339565905444 95.8
973472800 71852988412 97.2 31140340636920932 95.8
973487300 71853015112 97.2 31140360919045220 95.8
973625600 71853015812 97.2 31140361438346916 95.8
973626800 71853016012 97.2 31140362282378404 95.8
973774300 71853098112 97.2 31140418801706148 95.8
973785300 71853172012 97.2 31140457842607268 95.8
973847700 71853188612 97.2 31140460899968676 95.8
974012600 71853189312 97.2 31140462601821732 95.8
974050900 71853195112 97.2 31140467243164196 95.8
974115900 71853203912 97.2 31140472416281636 95.8
974117200 71853207112 97.2 31140473839574052 95.8
974118100 71853207412 97.2 31140475056515108 95.8
974244400 71853221612 97.2 31140481468716068 95.8
974255800 71853222312 97.2 31140483724688164 95.8
974373600 71853223212 97.2 31140486057284644 95.8
974381800 71853363312 97.2 31140587617883172 95.8
974421000 71853388712 97.2 31140601784681508 95.8
974461300 71853470712 97.2 31140656819074084 95.8
974527100 71853535312 97.2 31140668025390116 95.8
974881800 71853544712 97.2 31140670832177700 95.8
974895300 71853552812 97.2 31140674639637028 95.8
975102400 71853553112 97.2 31140675075178020 95.8
975176100 71853554312 97.2 31140676767371300 95.8
975195700 71853665212 97.2 31140747756580900 95.8
975258800 71853665412 97.2 31140748600624420 95.8
975606200 71853666012 97.2 31140750094809380 95.8
975649200 71853666112 97.2 31140750516830276 95.8
975929200 71853666812 97.2 31140751096071364 95.8
976079500 71853680712 97.2 31140758010671812 95.8
976080200 71853685712 97.2 31140771216545476 95.8
976081600 71853745412 97.2 31140803379683012 95.8
976163700 71853770212 97.2 31140809548982980 95.8
976325900 71853770812 97.2 31140811094805828 95.8
976327200 71853771512 97.2 31140811890819716 95.8
976353400 71853811412 97.2 31140837231884932 95.8
976482800 71853836012 97.2 31140853442589316 95.8
976599200 71853848512 97.2 31140862262902404 95.8
976627600 71853849512 97.2 31140864494841476 95.8
976689800 71853849612 97.2 31140864916844580 95.8
976855500 71853870612 97.2 31140878547268644 95.8
977085500 71853874912 97.2 31140880320235812 95.8
977237400 71853888712 97.2 31140888337918756 95.8
977287000 71853907712 97.2 31140896098306340 95.8
977327600 71853916812 97.2 31140901795989284 95.8
977344300 71853933412 97.2 31140913541780260 95.8
977421300 71853934012 97.2 31140914909912228 95.8
977491100 71853934612 97.2 31140916492647332 95.8
977538700 71853939412 97.2 31140919180350116 95.8
977808700 71853943512 97.2 31140921949655716 95.8
977830600 71853943712 97.2 31140922341642916 95.8
977873500 71853947912 97.2 31140925609919140 95.8
977882500 71853952912 97.2 31140929558142628 95.8
978023000 71853956712 97.2 31140931828555428 95.8
978085200 71853956912 97.2 31140932672568804 95.8
978102500 71853957012 97.2 31140933094600612 95.8
978106900 71854040312 97.2 31140992327184292 95.8
978136100 71854041212 97.2 31140992910604004 95.8
978143500 71854041312 97.2 31140993068095204 95.8
978163500 71854050312 97.2 31140998498106596 95.8
978175900 71854057112 97.2 31141004064375012 95.8
978246600 71854069512 97.2 31141010713765092 95.8
978521700 71854069712 97.2 31141011241389284 95.8
978582500 71854083512 97.2 31141018357872868 95.8
978646100 71854083612 97.2 31141018463469468 95.8
978651100 71854087212 97.2 31141023184847260 95.8
978689800 71854090912 97.2 31141024494929692 95.8
978851600 71854102512 97.2 31141029753817884 95.8
978853200 71854709312 97.2 31141817226660636 95.8
978858300 71854794212 97.2 31141854934031132 95.8
978883500 71854794512 97.2 31141856200062364 95.8
978897400 71854806412 97.2 31141861384424860 95.8
978901700 71854806612 97.2 31141861701060572 95.8
979018600 71854806712 97.2 31141862123077276 95.8
979050900 71854830312 97.2 31141878199618204 95.8
979098000 71854834712 97.2 31141879085501404 95.8
979135000 71854839312 97.2 31141882916925404 95.8
979173400 71854839412 97.2 31141883338936892 95.8
979215800 71854840712 97.2 31141884947979580 95.8
979273400 71854862112 97.2 31141890570791228 95.8
979390500 71854875812 97.2 31141897334624060 95.8
979464600 71854882312 97.2 31141900599530556 95.8
979486000 71854894012 97.2 31141913041388604 95.8
979576700 71854914512 97.2 31141924006649916 95.8
979585400 71854931912 97.2 31141935236458556 95.8
979606400 71854943512 97.2 31141943054269500 95.8
979621500 71854947812 97.2 31141947202092604 95.8
979675200 71854948012 97.2 31141947729704188 95.8
979683500 71854954912 97.2 31141949846739964 95.8
979730900 71854962912 97.2 31141959501787132 95.8
979883700 71854968412 97.2 31141964139101180 95.8
979981200 71854971212 97.2 31141965839077628 95.8
980018800 71854980612 97.2 31141970930573564 95.8
980063900 71854981112 97.2 31141972185444348 95.8
980095700 71854985112 97.2 31141974857728508 95.8
980110200 71855036812 97.2 31141991792194044 95.8
980111700 71855040212 97.2 31141995107763452 95.8
980239000 71855040312 97.2 31141995529787452 95.8
980251400 71855091412 97.2 31142031115663420 95.8
980252800 71855091612 97.2 31142031748716604 95.8
980324100 71855091712 97.2 31142032170735196 95.8
980344900 71855110912 97.2 31142037499866204 95.8
980481000 71855120912 97.2 31142040913700444 95.8
980522600 71855251412 97.2 31142127849915996 95.8
980596000 71855251512 97.2 31142128271932380 95.8
980654700 71855251812 97.2 31142129221538076 95.8
980763900 71855252912 97.2 31142130261673372 95.8
980792700 71855255512 97.2 31142131787228572 95.8
981015800 71855255712 97.2 31142132237097468 95.8
981070000 71855256012 97.2 31142133503112444 95.8
981075000 71855375412 97.2 31142211209458940 95.8
981328700 71855375512 97.2 31142211212940540 95.8
981346900 71855389712 97.2 31142215517102332 95.8
981355100 71855394812 97.2 31142222133958396 95.8
981406600 71855417812 97.2 31142239027014396 95.8
981512300 71855417912 97.2 31142239449015804 95.8
981565800 71855418112 97.2 31142240082084604 95.8
981577500 71855423912 97.2 31142243058757116 95.8
981617200 71855424012 97.2 31142243480772220 95.8
981640300 71855436212 97.2 31142246990017916 95.8
981658400 71855568512 97.2 31142333272806780 95.8
981670100 71855568712 97.2 31142333785556572 95.8
981770200 71855584612 97.2 31142336060735580 95.8
981780700 71855584712 97.2 31142336482743868 95.8
981846600 71855585012 97.2 31142336920734780 95.8
981861600 71855642812 97.2 31142369872411708 95.8
981992400 71855642912 97.2 31142370294433212 95.8
981996000 71855650312 97.2 31142377639312316 95.8
982000900 71855655612 97.2 31142396307598268 95.8
982002600 71855656312 97.2 31142397932276668 95.8
982348200 71855658412 97.2 31142399006383548 95.8
982426500 71855658512 97.2 31142399428414140 95.8
982456700 71855673512 97.2 31142404905832124 95.8
982464700 71855724412 97.2 31142419416765116 95.8
982483200 71855724712 97.2 31142419858036220 95.8
982540800 71855726312 97.2 31142421022868476 95.8
982554500 71855726712 97.2 31142421069972476 95.8
982663300 71855734912 97.2 31142427186261500 95.8
982670400 71857935712 97.2 31144567537364476 95.9
982714200 71857945112 97.2 31144571181419516 95.9
982721200 71857946412 97.2 31144572539941628 95.9
982755100 71857953612 97.2 31144575052697596 95.9
982828000 71857967812 97.2 31144582379827196 95.9
982857500 71857967912 97.2 31144582801843708 95.9
982879500 71858005212 97.2 31144604184937980 95.9
982960900 71858006712 97.2 31144606115398780 95.9
982989300 71858083312 97.2 31144636453497980 95.9
983020400 71858089312 97.2 31144646067424380 95.9
983071500 71858100812 97.2 31144647667637372 95.9
983157500 71858101312 97.2 31144649777696636 95.9
983187900 71858106412 97.2 31144651739222652 95.9
983239500 71858179312 97.2 31144698381898364 95.9
983402200 71858181012 97.2 31144699588989564 95.9
983404300 71858188012 97.2 31144705305762428 95.9
983405000 71858191112 97.2 31144709136435068 95.9
983410000 71858195012 97.2 31144710602182908 95.9
983551200 71858195412 97.2 31144711198639036 95.9
983565000 71858198012 97.2 31144712387259836 95.9
983609100 71858199012 97.2 31144712867311036 95.9
983615400 71858221812 97.2 31144722657683900 95.9
983626200 71858221912 97.2 31144722750253500 95.9
983630600 71858223212 97.2 31144723185524284 95.9
983694700 71858223812 97.2 31144723750895868 95.9
983788300 71858239412 97.2 31144729108266748 95.9
983815900 71858239612 97.2 31144729755164924 95.9
983843500 71858263612 97.2 31144745788505340 95.9
983938400 71858299812 97.2 31144770496673020 95.9
983991600 71858300112 97.2 31144770517357820 95.9
984006800 71858300812 97.2 31144771380116732 95.9
984033100 71858309912 97.2 31144777152326908 95.9
984159900 71858310012 97.2 31144777574330012 95.9
984182700 71858331412 97.2 31144792969856668 95.9
984192200 71858340412 97.2 31144797148456860 95.9
984211800 71858345112 97.2 31144798552356252 95.9
984243700 71858350512 97.2 31144802119357852 95.9
984288800 71858362512 97.2 31144811075631516 95.9
984341800 71858364312 97.2 31144812290449180 95.9
984343400 71858415312 97.2 31144847072452380 95.9
984343800 71858415812 97.2 31144849566392604 95.9
984363300 71858420512 97.2 31144850819355932 95.9
984378300 71858420912 97.2 31144852089919644 95.9
984390600 71858430912 97.2 31144856619686044 95.9
984474300 71858435512 97.2 31144860004148380 95.9
984586600 71858438012 97.2 31144861413681308 95.9
984727200 71858444312 97.2 31144867683958940 95.9
984735400 71858450512 97.2 31144872723572892 95.9
984769000 71858451412 97.2 31144873665914780 95.9
984856000 71858973512 97.2 31145146784901020 95.9
984901400 71858974312 97.2 31145147406599708 95.9
985035800 71858975712 97.2 31145149167068828 95.9
985469200 71858976912 97.2 31145152016085660 95.9
985578800 71859035912 97.2 31145193134535324 95.9
985726300 71862357712 97.3 31147547568550556 95.9
985822600 71862390812 97.3 31147558175086236 95.9
985843600 71862455012 97.3 31147578497652380 95.9
985854000 71862455112 97.3 31147578919668572 95.9
986016300 71862456212 97.3 31147579264442460 95.9
986060500 71862456512 97.3 31147580286643292 95.9
986085400 71863286512 97.3 31148207230430300 95.9
986089200 71863286812 97.3 31148208180048604 95.9
986095000 71863287112 97.3 31148208225104604 95.9
986095100 71863288812 97.3 31148208841465820 95.9
986141600 71863316612 97.3 31148220401784796 95.9
986152600 71863329912 97.3 31148226318613980 95.9
986159300 71863331612 97.3 31148227720899164 95.9
986159800 71863365012 97.3 31148244576811612 95.9
986183100 71863370712 97.3 31148250092251740 95.9
986275600 71863377912 97.3 31148255352552028 95.9
986317400 71863378512 97.3 31148257103796572 95.9
986351500 71863378712 97.3 31148257947824988 95.9
986352800 71863378812 97.3 31148258369827996 95.9
986425800 71863379012 97.3 31148259002895004 95.9
986488300 71863942112 97.3 31149043519212188 95.9
986513600 71863948912 97.3 31149047249959068 95.9
986538200 71863950612 97.3 31149049474043036 95.9
986569600 71863951612 97.3 31149049487150236 95.9
986709500 71863953212 97.3 31149049925515932 95.9
986724500 71863953412 97.3 31149050769537116 95.9
986775600 71863966712 97.3 31149053798098268 95.9
986848700 71863971112 97.3 31149055870333532 95.9
986874500 71863981512 97.3 31149071896869468 95.9
986899200 71863981612 97.3 31149072292180156 95.9
986953700 71863982412 97.3 31149074191494460 95.9
987051400 71864015312 97.3 31149082646891836 95.9
987167100 71864434312 97.3 31149586144382268 95.9
987208900 71864477212 97.3 31149616306750780 95.9
987477000 71864482712 97.3 31149618521560636 95.9
987523800 71864485112 97.3 31149620840490556 95.9
987671100 71864492412 97.3 31149625646843964 95.9
987695000 71864492812 97.3 31149626927827516 95.9
987711800 71864493012 97.3 31149627771843900 95.9
987743400 71864493112 97.3 31149628193867388 95.9
987754200 71864493412 97.3 31149629840072572 95.9
987773600 71864499212 97.3 31149633489172092 95.9
987785100 71864499312 97.3 31149633911193980 95.9
987787000 71864511812 97.3 31149641811379068 95.9
987863900 71864511912 97.3 31149642233393084 95.9
987944400 71864520412 97.3 31149648007858108 95.9
987959000 71864528412 97.3 31149653238322620 95.9
987999700 71864528712 97.3 31149654504374844 95.9
988008100 71864529012 97.3 31149655501377916 95.9
988035200 71864529112 97.3 31149655923380316 95.9
988070300 71864547712 97.3 31149666963384412 95.9
988074600 71864548112 97.3 31149667154667612 95.9
988081000 71864548512 97.3 31149667856722012 95.9
988101400 71864553212 97.3 31149670563287644 95.9
988283000 71864565812 97.3 31149680693947996 95.9
988321500 71864578912 97.3 31149688442877532 95.9
988357600 71864608912 97.3 31149698877949532 95.9
988438200 71864610512 97.3 31149701760210524 95.9
988453500 71864693812 97.3 31149727207018076 95.9
988454400 71864704812 97.3 31149729717661276 95.9
988531800 71864704912 97.3 31149730139680988 95.9
988533800 71864712112 97.3 31149734045158108 95.9
988539600 71864721612 97.3 31149736994424028 95.9
988545000 71864722012 97.3 31149738321294812 95.9
988566300 71864744612 97.3 31149743881336796 95.9
988639400 71864749012 97.3 31149745990202716 95.9
988664300 71864760912 97.3 31149752690503516 95.9
988685000 71864771312 97.3 31149760446184284 95.9
988702500 71864787912 97.3 31149773773584220 95.9
988737800 71864838312 97.3 31149781367163228 95.9
988752000 71864840512 97.3 31149784347507804 95.9
988773500 71864844612 97.3 31149785755687260 95.9
988812800 71864844712 97.3 31149785986292060 95.9
989035300 71864846212 97.3 31149787531850588 95.9
989035800 71864846312 97.3 31149787953872892 95.9
989077400 71864850112 97.3 31149792936215036 95.9
989122700 71864850412 97.3 31149794202284028 95.9
989265400 71864850512 97.3 31149794624297436 95.9
989283500 71864850712 97.3 31149795468324956 95.9
989297100 71864852512 97.3 31149795818505564 95.9
989338000 71864858212 97.3 31149797560943964 95.9
989351500 71864860512 97.3 31149799303524188 95.9
989361200 71864863012 97.3 31149801021978844 95.9
989412200 71864896312 97.3 31149809430301404 95.9
989417800 71864896412 97.3 31149809437264604 95.9
989492100 71864896612 97.3 31149810281301980 95.9
989493500 71864911212 97.3 31149818488135132 95.9
989500200 71864916012 97.3 31149820449451356 95.9
989526100 71864927612 97.3 31149826227635548 95.9
989573600 71864927912 97.3 31149826324836652 95.9
989588700 71864928112 97.3 31149826751976140 95.9
989592900 71865135012 97.3 31149970822501068 95.9
989726400 71865151012 97.3 31149973879432652 95.9
989756600 71865167212 97.3 31149987626757580 95.9
989761900 71865174312 97.3 31149990338514380 95.9
989776600 71865204312 97.3 31149993465589964 95.9
989912400 71865204412 97.3 31149993472553164 95.9
989928900 71865222112 97.3 31150009323962572 95.9
989931200 71865224512 97.3 31150012348421068 95.9
989959300 71865238312 97.3 31150019809331148 95.9
990086000 71865245612 97.3 31150021537055308 95.9
990107400 71865245812 97.3 31150021538898508 95.9
990132100 71865246012 97.3 31150021967886092 95.9
990213500 71865247212 97.3 31150022875373452 95.9
990315400 71865248112 97.3 31150024276879756 95.9
990320300 71865253012 97.3 31150028027015052 95.9
990573000 71865279412 97.3 31150049026617228 95.9
990595200 71865285912 97.3 31150054037380492 95.9
990600200 71865334412 97.3 31150074064502156 95.9
990626800 71865334812 97.3 31150075396769676 95.9
990639100 71865335212 97.3 31150077084796300 95.9
990664800 71865335312 97.3 31150077506797900 95.9
990843500 71865335712 97.3 31150078174851724 95.9
990848800 71865340212 97.3 31150081205589388 95.9
990853300 71865341412 97.3 31150082930005388 95.9
990862900 71865373512 97.3 31150102994582924 95.9
990878900 71865374912 97.3 31150103273858924 95.9
990895000 71865375812 97.3 31150104448389228 95.9
990916500 71865376712 97.3 31150108346064492 95.9
990962500 71865385412 97.3 31150112498080108 95.9
990981200 71865398412 97.3 31150116414999916 95.9
990993800 71865420112 97.3 31150130997284204 95.9
991042200 71865420212 97.3 31150131419286796 95.9
991078300 71865746512 97.3 31150336950160652 95.9
991126700 71865769512 97.3 31150359546219788 95.9
991144800 71865769612 97.3 31150359651799988 95.9
991154300 71865774712 97.3 31150363664440244 95.9
991213500 71865774912 97.3 31150364394866612 95.9
991326900 71865790812 97.3 31150372337295284 95.9
991330600 71865792612 97.3 31150373072732084 95.9
991370300 71865826812 97.3 31150383827831732 95.9
991431400 71865827012 97.3 31150384671865140 95.9
991435000 71865828512 97.3 31150386493201460 95.9
991592700 71865832812 97.3 31150387490770356 95.9
991614600 71865856112 97.3 31150406590551476 95.9
991632100 71865858512 97.3 31150408907726260 95.9
991687500 71865862112 97.3 31150409717002740 95.9
991806400 71865862312 97.3 31150410561031540 95.9
991824900 71865872912 97.3 31150414766001780 95.9
991862800 71865873412 97.3 31150415737333876 95.9
991868000 71865875412 97.3 31150416546865460 95.9
991908500 71865875512 97.3 31150416968876372 95.9
991980100 71865893912 97.3 31150440770773332 95.9
992050000 71865984912 97.3 31150507766755668 95.9
992131700 71865986112 97.3 31150508057366868 95.9
992142700 71865992612 97.3 31150514607933268 95.9
992182100 71866023312 97.3 31150524415733588 95.9
992238300 71866023512 97.3 31150525259753300 95.9
992432000 71866024312 97.3 31150527988992596 95.9
992551000 71866024512 97.3 31150528833017492 95.9
992574100 71866624712 97.3 31151185753101972 95.9
992582200 71866625412 97.3 31151188390774676 95.9
992605400 71866625612 97.3 31151189234810900 95.9
992630000 71866625712 97.3 31151189656812692 95.9
992695300 71866715912 97.3 31151236033461396 95.9
992729800 71866758312 97.3 31151244407393428 95.9
992745600 71869717212 97.3 31154078289153172 95.9
992752000 71869718712 97.3 31154079416432532 95.9
992788500 71869950912 97.3 31154253347960724 95.9
992790600 71869953612 97.3 31154253559304228 95.9
992796300 71869953912 97.3 31154254026567844 95.9
992838200 71870118812 97.3 31154301521080484 95.9
992884200 71870125612 97.3 31154305075773092 95.9
992891500 71870126112 97.3 31154306839467940 95.9
992894800 71870128912 97.3 31154308725949860 95.9
992918300 71870136612 97.3 31154316231623588 95.9
992986100 71870136812 97.3 31154317075674980 95.9
993003600 71870137012 97.3 31154317919697380 95.9
993032900 71870180012 97.3 31154339173501412 95.9
993073100 71870182712 97.3 31154340610778596 95.9
993084400 71870183012 97.3 31154342345155428 95.9
993126400 71870191212 97.3 31154357678099300 95.9
993184800 71870194612 97.3 31154358479891300 95.9
993226800 71870194712 97.3 31154358486649700 95.9
993246600 71870194912 97.3 31154359330691172 95.9
993284000 71870195812 97.3 31154360755641700 95.9
993304500 71870227712 97.3 31154370714135908 95.9
993313100 71870228612 97.3 31154372479737444 95.9
993324100 71870235612 97.3 31154375787173220 95.9
993367500 71870244512 97.3 31154382755861860 95.9
993479700 71870244712 97.3 31154383283486148 95.9
993500400 71870251612 97.3 31154387475901636 95.9
993528100 71870256012 97.3 31154388918659524 95.9
993544400 71870266612 97.3 31154391426942660 95.9
993559200 71870266812 97.3 31154392078738628 95.9
993562800 71870337512 97.3 31154410559581380 95.9
993609100 71870337712 97.3 31154411403624580 95.9
993614000 71870363912 97.3 31154421157856388 95.9
993632400 71870365012 97.3 31154424775453572 95.9
993655200 71870396512 97.3 31154429601674116 95.9
993685600 71870396612 97.3 31154430023683716 95.9
993702000 71870397212 97.3 31154431597125636 95.9
993735400 71870397312 97.3 31154432019143332 95.9
993791500 71870397912 97.3 31154433787485732 95.9
993817500 71870399512 97.3 31154435230079524 95.9
993829700 71870399612 97.3 31154435652090916 95.9
993860300 71870399812 97.3 31154436176823716 95.9
993882700 71870403412 97.3 31154437820532132 95.9
993889400 71870471812 97.3 31154458905681316 95.9
993923700 71870492712 97.3 31154471200767396 95.9
993940200 71870525412 97.3 31154493079500196 95.9
993949800 71870539112 97.3 31154498101343652 95.9
993992400 71870539512 97.3 31154499000259620 95.9
994021400 71870539612 97.3 31154499422281924 95.9
994033000 71870539812 97.3 31154499677462724 95.9
994052200 71870561912 97.3 31154508410382532 95.9
994055400 71870565912 97.3 31154514158570180 95.9
994060500 71870600112 97.3 31154529411697348 95.9
994127700 71870600612 97.3 31154529986180420 95.9
994235100 71870611612 97.3 31154536827570500 95.9
994249000 71870624512 97.3 31154553324393796 95.9
994378700 71870625512 97.3 31154553562989796 95.9
994444700 71870645412 97.3 31154562119333092 95.9
994459400 71870645612 97.3 31154562963337892 95.9
994519000 71870646212 97.3 31154565495422372 95.9
994532800 71870702012 97.3 31154574635572644 95.9
994536100 71870714712 97.3 31154580065079716 95.9
994628000 71870767612 97.3 31154600775915940 95.9
994659800 71870768812 97.3 31154602063746980 95.9
994673200 71870769612 97.3 31154602359068580 95.9
994674300 71870769712 97.3 31154602781070884 95.9
994713000 71870773312 97.3 31154604464969636 95.9
994744700 71870776812 97.3 31154607688322468 95.9
994788600 71870794712 97.3 31154618678977956 95.9
994818100 71871262512 97.3 31154856474011044 95.9
994834500 71871266712 97.3 31154859395881636 95.9
994837300 71871299812 97.3 31154870288012964 95.9
994848200 71871300112 97.3 31154871323096996 95.9
994878100 71871312412 97.3 31154879295204260 95.9
994891000 71871312512 97.3 31154879717218564 95.9
994893200 71871319912 97.3 31154884257265412 95.9
994907000 71871320012 97.3 31154884679296420 95.9
994964100 71871324512 97.3 31154888843468708 95.9
995064400 71871324912 97.3 31154889133357924 95.9
995092900 71871350012 97.3 31154907258766180 95.9
995107400 71871350112 97.3 31154907680769572 95.9
995108800 71871384612 97.3 31154925753982500 95.9
995175800 71871385012 97.3 31154927230900772 95.9
995260800 71871389912 97.3 31154929906454052 95.9
995264100 71871399512 97.3 31154932300871204 95.9
995283200 71871400612 97.3 31154933682967716 95.9
995311300 71871409812 97.3 31154936337511844 95.9
995319900 71871410012 97.3 31154937181530340 95.9
995323200 71871426412 97.3 31154946026550500 95.9
995329400 71871509412 97.3 31155047801443556 95.9
995342300 71871509512 97.3 31155048223467364 95.9
995436600 71871516212 97.3 31155052286903140 95.9
995439700 71871528812 97.3 31155061945218916 95.9
995449400 71871539412 97.3 31155064909712740 95.9
995489600 71871540912 97.3 31155065593073380 95.9
995494800 71871556012 97.3 31155075228448484 95.9
995534800 71871599612 97.3 31155101720536804 95.9
995540100 71871669512 97.3 31155190036596452 95.9
995548900 71871672012 97.3 31155191571267044 95.9
995556000 71871672412 97.3 31155191706639844 95.9
995601100 71871675212 97.3 31155192828439012 95.9
995704500 71871724712 97.3 31155208376636900 95.9
995715700 71871742612 97.3 31155215714327012 95.9
995718600 71871744712 97.3 31155217209959140 95.9
995723300 71871759312 97.3 31155226321086180 95.9
995803400 71871760712 97.3 31155228013329636 95.9
995870000 71871763012 97.3 31155229794745700 95.9
995870800 71871763512 97.3 31155230856721508 95.9
995900900 71871784212 97.3 31155240298009700 95.9
995924900 71871786712 97.3 31155242602068580 95.9
995953800 71871790812 97.3 31155244625687908 95.9
995983400 71871791112 97.3 31155245713627748 95.9
996008800 71871791412 97.3 31155246452333028 95.9
996009200 71871824912 97.3 31155258720740836 95.9
996029000 71871825012 97.3 31155259142742436 95.9
996063400 71871827112 97.3 31155259489228932 95.9
996077000 71871832112 97.3 31155261537693060 95.9
996081600 71871863812 97.3 31155283353279876 95.9
996159700 71871871412 97.3 31155286073062276 95.9
996160900 71871915912 97.3 31155305161728900 95.9
996230000 71871938412 97.3 31155309657607556 95.9
996255000 71871940612 97.3 31155310416795652 95.9
996408200 71871940712 97.3 31155310838790052 95.9
996408500 71871943212 97.3 31155313202340260 95.9
996418200 71871945112 97.3 31155314628703524 95.9
996434700 71876632012 97.3 31158584534054180 95.9
996478000 71876633912 97.3 31158586210690980 95.9
996521500 71876670012 97.3 31158606302468004 95.9
996607400 71876703412 97.3 31158623184209828 95.9
996665400 71876703912 97.3 31158624604033572 95.9
996693600 71876704112 97.3 31158624617550372 95.9
996708500 71876731512 97.3 31158638778016292 95.9
996710800 71876733912 97.3 31158641242607140 95.9
996775700 71876752712 97.3 31158646351726628 95.9
996820600 71876753112 97.3 31158646792980036 95.9
996831700 71876814012 97.3 31158681917855300 95.9
996845800 71876814412 97.3 31158683605921092 95.9
996869200 71876815012 97.3 31158684986422084 95.9
996897900 71876823312 97.3 31158687567164996 95.9
996913500 71876823612 97.3 31158688378511172 95.9
996914600 71876824412 97.3 31158689967402564 95.9
996919600 71876844312 97.3 31158703642188356 95.9
996931900 71876849112 97.3 31158707333292100 95.9
997026200 71876873012 97.3 31158711488896068 95.9
997139200 71876873812 97.3 31158712877623620 95.9
997223500 71876878812 97.3 31158715068686916 95.9
997254300 71876892312 97.3 31158724756511300 95.9
997311100 71876903912 97.3 31158732522920004 95.9
997364000 71876909612 97.3 31158733463473092 95.9
997370900 71876909812 97.3 31158733991072580 95.9
997418600 71876910012 97.3 31158734835102596 95.9
997454300 71876910112 97.3 31158735257110084 95.9
997495100 71876916312 97.3 31158739613128260 95.9
997551600 71876919912 97.3 31158740809199940 95.9
997632700 71876964812 97.3 31158775010900292 95.9
997663900 71876965012 97.3 31158775030970692 95.9
997669000 71876965212 97.3 31158775874973572 95.9
997693900 71876968312 97.3 31158783205795204 95.9
997705300 71876980812 97.3 31158786792002436 95.9
997731400 71876983412 97.3 31158790912219012 95.9
997799600 71877447012 97.3 31159316963432324 95.9
997814500 71877447312 97.3 31159317401425220 95.9
997820000 71877487912 97.3 31159341409103172 95.9
997835300 71877488012 97.3 31159341831104676 95.9
997837700 71877527212 97.3 31159355653069988 95.9
997845700 71877527712 97.3 31159356704335204 95.9
997889500 71877883512 97.3 31159780755645796 95.9
997898900 71877884212 97.3 31159782618797668 95.9
997918200 71877885012 97.3 31159785362061668 95.9
998110900 71877886812 97.3 31159786112024356 95.9
998137600 71877887112 97.3 31159787061651684 95.9
998435400 71877888612 97.3 31159787860486500 95.9
998463100 71877888712 97.3 31159788282489412 95.9
998494800 71877903812 97.3 31159797876574788 95.9
998508000 71877910112 97.3 31159799895426116 95.9
998583600 71877913212 97.3 31159800647861316 95.9
998608200 71877948112 97.3 31159827507360836 95.9
998727300 71877953212 97.3 31159829242980164 95.9
998801000 71877953412 97.3 31159830087029444 95.9
998815600 71877953612 97.3 31159830519923044 95.9
998819000 71877954112 97.3 31159832251603684 95.9
998919400 71877954212 97.3 31159832673606500 95.9
998957800 71877954512 97.3 31159833517728100 95.9
999077900 71877968012 97.3 31159840233613156 95.9
999085900 71877968412 97.3 31159841921659108 95.9
999086500 71877974112 97.3 31159846058730980 95.9
999155900 71877974912 97.3 31159848327928804 95.9
999160600 71877993312 97.3 31159853853316068 95.9
999180600 71877994312 97.3 31159854186116068 95.9
999333000 71877995912 97.3 31159854949983652 95.9
999360400 71878030412 97.3 31159864109981092 95.9
999418400 71878051812 97.3 31159877976909220 95.9
999488600 71878071912 97.3 31159885548698020 95.9
999493500 71878072212 97.3 31159886393353828 95.9
999520000 71878081312 97.3 31159894714229860 95.9
999556400 71878081712 97.3 31159895747460068 95.9
999556700 71878108912 97.3 31159905201633252 95.9
999575900 71878109112 97.3 31159906045658532 95.9
999587800 71878119312 97.3 31159914651148708 95.9
999655200 71878119412 97.3 31159915073158596 95.9
999664300 71878128312 97.3 31159919422649796 95.9
999734500 71878137212 97.3 31159923847399364 95.9
999737500 71878137412 97.3 31159924691418692 95.9
999798200 71878138612 97.3 31159926484738884 95.9
999804700 71878142512 97.3 31159932674876228 95.9
999876700 71878142712 97.3 31159933318489348 95.9
999945100 71878143012 97.3 31159933955265668 95.9
999965400 71878143412 97.3 31159935326898692 95.9
1000120000 71878223912 97.3 31159962520805892 95.9
1000145100 71878227912 97.3 31159967147386372 95.9
1000150600 71878228512 97.3 31159969046647940 95.9
1000170600 71878229112 97.3 31159969422046340 95.9
1000172700 71878229312 97.3 31159969949651524 95.9
1000175500 71878251812 97.3 31159978708531780 95.9
1000180700 71878255612 97.3 31159985949645892 95.9
1000183800 71878379312 97.3 31160033141406788 95.9
1000195700 71878379412 97.3 31160033563421796 95.9
1000226500 71878379912 97.3 31160034011244708 95.9
1000245400 71878403512 97.3 31160041938529444 95.9
1000254800 71878407112 97.3 31160044491071908 95.9
1000256000 71878417812 97.3 31160053339432356 95.9
1000257900 71878453612 97.3 31160093192058276 95.9
1000342900 71878474612 97.3 31160104727202212 95.9
1000359600 71878474912 97.3 31160105993274276 95.9
1000367700 71878475912 97.3 31160109578608548 95.9
1000388000 71878479812 97.3 31160111201670564 95.9
1000422200 71878499912 97.3 31160119343623588 95.9
1000429500 71878500012 97.3 31160119765628900 95.9
1000457700 71878512712 97.3 31160123004940772 95.9
1000486500 71878512812 97.3 31160123110511172 95.9
1000498300 71878513112 97.3 31160123242402372 95.9
1000508300 71878513212 97.3 31160123664407556 95.9
1000524900 71878513612 97.3 31160124938462596 95.9
1000533300 71878513712 97.3 31160125360483012 95.9
1000536600 71878673112 97.3 31160203090119364 95.9
1000584400 71878673212 97.3 31160203512134468 95.9
1000662600 71878675712 97.3 31160207525458244 95.9
1000689300 71878679512 97.3 31160210320904004 95.9
1000739200 71878681512 97.3 31160212791066692 95.9
1000741300 71878684612 97.3 31160215697700932 95.9
1000776600 71878685412 97.3 31160217147762372 95.9
1000793300 71878864312 97.3 31160451398002372 95.9
1000796400 71878884312 97.3 31160461467364036 95.9
1000818100 71878915212 97.3 31160471708534468 95.9
1000826500 71878923212 97.3 31160474861116612 95.9
1000844000 71878929212 97.3 31160478988645572 95.9
1000910100 71878929612 97.3 31160479897816772 95.9
1000926300 71878939512 97.3 31160486313004228 95.9
1001052400 71878940012 97.3 31160489044078788 95.9
1001121500 71878943912 97.3 31160492119007684 95.9
1001165800 71878944112 97.3 31160492963042180 95.9
1001175400 71878944612 97.3 31160493184149780 95.9
1001253900 71878945412 97.3 31160494457309972 95.9
1001266400 71878948712 97.3 31160495705658388 95.9
1001324900 71878951712 97.3 31160495938282692 95.9
1001386400 71878962112 97.3 31160500193535940 95.9
1001420900 71878962812 97.3 31160501262659012 95.9
1001521000 71878963012 97.3 31160502106680388 95.9
1001534800 71878964712 97.3 31160506502632516 95.9
1001564100 71878979112 97.3 31160511389533764 95.9
1001612900 71878979212 97.3 31160511811555972 95.9
1001633200 71878980412 97.3 31160515610027908 95.9
1001716800 71878982312 97.3 31160519275336836 95.9
1001741200 71879033612 97.3 31160523459969156 95.9
1001789900 71879038612 97.3 31160524287770756 95.9
1001825900 71879039012 97.3 31160525553880068 95.9
1001970800 71879039112 97.3 31160525975906052 95.9
1002062900 71879065712 97.3 31160531325204740 95.9
1002077800 71879066412 97.3 31160533354240388 95.9
1002171200 71879066812 97.3 31160534409448196 95.9
1002179600 71879090112 97.3 31160545165467396 95.9
1002245100 71879092512 97.3 31160545659012292 95.9
1002249200 71879097112 97.3 31160546962849092 95.9
1002285400 71879099012 97.3 31160548043283396 95.9
1002368600 71879116612 97.3 31160562982442948 95.9
1002380000 71879117912 97.3 31160568057847236 95.9
1002443100 71879119112 97.3 31160568720698948 95.9
1002456400 71879126112 97.3 31160573483417668 95.9
1002498500 71879128912 97.3 31160574539980868 95.9
1002529500 71879134512 97.3 31160578279096388 95.9
1002582700 71879136712 97.3 31160579542512836 95.9
1002614300 71879136912 97.3 31160580386526724 95.9
1002622600 71879137812 97.3 31160581286942084 95.9
1002656800 71879149412 97.3 31160590813809028 95.9
1002661100 71879149512 97.3 31160591862999428 95.9
1002714400 71879150112 97.3 31160594173980804 95.9
1002715100 71879150312 97.3 31160595018007172 95.9
1002733300 71879151212 97.3 31160595454387876 95.9
1002790100 71879151612 97.3 31160596789858212 95.9
1002809500 71879157412 97.3 31160599329204132 95.9
1002851100 71879161312 97.3 31160602734661540 95.9
1002853100 71879161712 97.3 31160604422710692 95.9
1002923300 71879204912 97.3 31160614743420324 95.9
1003021700 71879205512 97.3 31160615990606500 95.9
1003035300 71879213812 97.3 31160619137797540 95.9
1003054800 71879214112 97.3 31160620087382564 95.9
1003065300 71879214312 97.3 31160621314268324 95.9
1003097800 71879214412 97.3 31160621419861828 95.9
1003102400 71879214512 97.3 31160621841887428 95.9
1003118700 71879225012 97.3 31160634103920836 95.9
1003181700 71879241412 97.3 31160637537507524 95.9
1003184400 71879241512 97.3 31160637959525732 95.9
1003456100 71879265312 97.3 31160653909562724 95.9
1003489400 71879266712 97.3 31160654092030116 95.9
1003575100 71879267612 97.3 31160656691425444 95.9
1003673200 71879277212 97.3 31160660095696036 95.9
1003780000 71879282012 97.3 31160663099152548 95.9
1003848200 71879294612 97.3 31160669475035300 95.9
1003864400 71879294812 97.3 31160669631092900 95.9
1003870600 71879311712 97.3 31160692441770148 95.9
1003871400 71879312112 97.3 31160693259873572 95.9
1003941100 71879449312 97.3 31160802898316580 95.9
1004033400 71879449712 97.3 31160805799450916 95.9
1004036900 71879451012 97.3 31160809143719716 95.9
1004071200 71879488912 97.3 31160821163482916 95.9
1004081400 71879489212 97.3 31160822699131812 95.9
1004204100 71879493312 97.3 31160823924580644 95.9
1004208500 71879495212 97.3 31160826219304484 95.9
1004533700 71879496812 97.3 31160828999209508 95.9
1004645400 71879503312 97.3 31160831816383012 95.9
1004647700 71879504312 97.3 31160832385631716 95.9
1004672100 71879504912 97.3 31160834502954596 95.9
1004690800 71879507712 97.3 31160836666652260 95.9
1004749400 71879510112 97.3 31160838948522596 95.9
1004839800 71879511412 97.3 31160839037610596 95.9
1004890600 71879519112 97.3 31160849285922404 95.9
1004937700 71879520112 97.3 31160849557407396 95.9
1005009800 71879592612 97.3 31160894359430820 95.9
1005014300 71879596512 97.3 31160897131424676 95.9
1005186700 71879597012 97.3 31160898513512996 95.9
1005214100 71879597812 97.3 31160901889636900 95.9
1005225300 71879601312 97.3 31160902946860516 95.9
1005268700 71879601812 97.3 31160903843096228 95.9
1005438300 71879602212 97.3 31160904712919460 95.9
1005449900 71879602712 97.3 31160905184573860 95.9
1005458900 71879602812 97.3 31160905606576452 95.9
1005462100 71879602912 97.3 31160906028571652 95.9
1005518000 71879613012 97.3 31160911054963204 95.9
1005540200 71879616012 97.3 31160911773952708 95.9
1005545100 71879623212 97.3 31160912509175236 95.9
1005621000 71879624012 97.3 31160914438998084 95.9
1005657000 71879624412 97.3 31160915810626244 95.9
1005691600 71879639612 97.3 31160927718691524 95.9
1005790500 71879640012 97.3 31160929406743748 95.9
1005794300 71879640212 97.3 31160930000579908 95.9
1005872100 71879640312 97.3 31160930422599492 95.9
1005983900 71879642112 97.3 31160931034452548 95.9
1006062300 71879745112 97.3 31160978092016196 95.9
1006093900 71879745212 97.3 31160978189296196 95.9
1006117400 71879745512 97.3 31160979099836996 95.9
1006124600 71879747412 97.3 31160985030395460 95.9
1006125900 71879748212 97.3 31160987388481092 95.9
1006138600 71879752912 97.3 31160994808869956 95.9
1006209800 71879759412 97.3 31160998048382020 95.9
1006225400 71879779612 97.3 31161011344874564 95.9
1006273600 71879782212 97.3 31161015168118852 95.9
1006280600 71879782612 97.3 31161015278405956 95.9
1006312500 71879783412 97.3 31161018021708612 95.9
1006326100 71879783812 97.3 31161018541036324 95.9
1006359700 71879807312 97.3 31161026599510820 95.9
1006411400 71879818512 97.3 31161037180794660 95.9
1006424600 71879818812 97.3 31161037258618660 95.9
1006503700 71882558312 97.3 31162465581397796 95.9
1006509400 71882560412 97.3 31162469743189796 95.9
1006605400 71882560912 97.3 31162470673037476 95.9
1006657200 71882561012 97.3 31162470685735076 95.9
1006701800 71882561312 97.3 31162471733748068 95.9
1006998200 71882561712 97.3 31162472501060580 95.9
1007053800 71882561912 97.3 31162473345091812 95.9
1007129000 71882562812 97.3 31162475543086820 95.9
1007264900 71882582512 97.3 31162478603525604 95.9
1007345400 71882594012 97.3 31162480913841636 95.9
1007413300 71882594112 97.3 31162481335844452 95.9
1007413400 71882594612 97.3 31162482361137060 95.9
1007428400 71882595112 97.3 31162484471214372 95.9
1007530900 71882595212 97.3 31162484893227076 95.9
1007737100 71882602112 97.3 31162489364162628 95.9
1007836600 71882603612 97.3 31162493915000900 95.9
1008001400 71882604212 97.3 31162496130670916 95.9
1008066000 71882604312 97.3 31162496213614916 95.9
1008070800 71882604412 97.3 31162496423869716 95.9
1008076900 71882605912 97.3 31162498251480724 95.9
1008122900 71882613512 97.3 31162501785200788 95.9
1008208900 71882641912 97.3 31162516066237588 95.9
1008366200 71882758012 97.3 31162601039068308 95.9
1008429900 71882759512 97.3 31162603065491220 95.9
1008524400 71882769912 97.3 31162608758928148 95.9
1008715200 71882774112 97.3 31162610114790164 95.9
1008727900 71882989112 97.3 31162747151287060 95.9
1008740100 71882990312 97.3 31162749005344276 95.9
1009226800 71882991612 97.3 31162753426765844 95.9
1009463700 71883023412 97.3 31162779690194964 95.9
1009812700 71883035612 97.3 31162784979227668 95.9
1009976600 71883036012 97.3 31162786350862228 95.9
1010019400 71883037412 97.3 31162790458203796 95.9
1010030500 71883037612 97.3 31162790608322196 95.9
1010311900 71883045612 97.3 31162792899619988 95.9
1010468900 71883959212 97.3 31163619219254420 95.9
1010531400 71883969312 97.3 31163623253601428 95.9
1010694800 71884053912 97.3 31163660214484116 95.9
1010717600 71884057512 97.3 31163666365184148 95.9
1010847900 71884057712 97.3 31163667209190868 95.9
1010856500 71884057912 97.3 31163667219840468 95.9
1010921100 71884059812 97.3 31163667944742612 95.9
1010954400 71884158212 97.3 31163742413741780 95.9
1011199300 71884538612 97.3 31164005505867476 95.9
1011244300 71884538812 97.3 31164006349909204 95.9
1011289300 71884567412 97.3 31164013580590804 95.9
1011303600 71884568012 97.3 31164015061141972 95.9
1011831700 71884570712 97.3 31164015996137812 95.9
1012129900 71884641912 97.3 31164048098365780 95.9
1012385100 71884642312 97.3 31164049140439188 95.9
1012797600 71884643912 97.3 31164050479434132 95.9
1013830600 71884646612 97.3 31164056662804884 95.9
1014724300 71884647112 97.3 31164057714072084 95.9
1014727300 71887821512 97.3 31165757603879444 95.9
1014750900 71887823012 97.3 31165762449256980 95.9
1014892800 71887824012 97.3 31165764543525652 95.9
1015200400 71887824112 97.3 31165764965528340 95.9
1015654500 71888417912 97.3 31166091781305108 95.9
1015892300 71888418012 97.3 31166091886898908 95.9
1016509100 71888418412 97.3 31166092953953820 95.9
1016568400 71888483012 97.3 31166137374815772 95.9
1016996200 71888485712 97.3 31166144125251100 95.9
1017461200 71888567712 97.3 31166194073132572 95.9
1020223300 71888568612 97.3 31166196872927516 95.9
1020352600 71888568812 97.3 31166197716959708 95.9
1021082800 71888568912 97.3 31166198138978716 95.9
1021178600 71888579512 97.3 31166201548828572 95.9
1021565800 71888589512 97.3 31166221517383580 95.9
1022388500 71893692212 97.3 31169773757589404 95.9
1024273000 71893693912 97.3 31169778336095132 95.9
1024719700 71893694412 97.3 31169779027222428 95.9
1024733500 71893695812 97.3 31169780767699100 95.9
1024977300 71893696012 97.3 31169780985523996 95.9
1025946400 71893696312 97.3 31169781829966364 95.9
1026372500 71893714812 97.3 31169790410835996 95.9
1026487000 71893715112 97.3 31169792024290716 95.9
1027525200 71893715312 97.3 31169792868319516 95.9
1029305300 71893722012 97.3 31169796313730588 95.9
1029777800 71893722212 97.3 31169797540609948 95.9
1029959800 71893722412 97.3 31169798247100316 95.9
1030046200 71893722512 97.3 31169798669105308 95.9
1030054200 71893723012 97.3 31169801077869468 95.9
1031708700 71893743312 97.3 31169814649601948 95.9
1032945600 71893746712 97.3 31169815837689500 95.9
1032981800 71893747112 97.3 31169817525736604 95.9
1033276800 71893749412 97.3 31169818055332892 95.9
1033680300 71893749612 97.3 31169818582924892 95.9
1034183900 71899227612 97.3 31173128100593244 95.9
1034303700 71899228512 97.3 31173129423753692 95.9
1034499900 71899244312 97.3 31173134658606044 95.9
1034732600 71899482312 97.3 31173199510746076 95.9
1035182900 71899491812 97.3 31173200773646940 95.9
1035637000 71899494212 97.3 31173201293763932 95.9
1035889600 71899494512 97.3 31173202138199132 95.9
1036478900 71899496712 97.3 31173206569555548 95.9
1036514100 71899503412 97.3 31173212249493596 95.9
1037296000 71899505312 97.3 31173212581679196 95.9
1037730300 71899508912 97.3 31173213851797468 95.9
1037747000 71899509212 97.3 31173215098489436 95.9
1037904900 71899512012 97.3 31173216559209308 95.9
1038124700 71899514012 97.3 31173218104651740 95.9
1038343300 71899890512 97.3 31173414497595356 95.9
1038376100 71899890612 97.3 31173414524046056 95.9
1038422800 71899912312 97.3 31173423764062952 95.9
1038424000 71900105512 97.3 31173525758329576 95.9
1038563500 71900105712 97.3 31173526285943592 95.9
1038614600 71900109912 97.3 31173531033770792 95.9
1038635000 71900127912 97.3 31173533939872552 95.9
1038730200 71900134312 97.3 31173537043861800 95.9
1038748300 71903673412 97.3 31177014964146472 96.0
1038827000 71903674112 97.3 31177016672490792 96.0
1038942500 71903834212 97.3 31177078914147624 96.0
1039042300 71903834312 97.3 31177079336170024 96.0
1039121300 71903836112 97.3 31177082671876904 96.0
1039547700 71903868812 97.3 31177110001423144 96.0
1039567000 71903869012 97.3 31177110529044328 96.0
1039677100 71903869812 97.3 31177110943358120 96.0
1039707600 71903875012 97.3 31177111714564648 96.0
1039714700 71903875112 97.3 31177112136567464 96.0
1039761900 71903876712 97.3 31177113459914024 96.0
1039809400 71903974912 97.3 31177237821125928 96.0
1040020800 71903976312 97.3 31177240870635048 96.0
1040029200 71903979012 97.3 31177242577802664 96.0
1040045300 71903979212 97.3 31177243421841640 96.0
1040173100 71903980912 97.3 31177248105430760 96.0
1040235400 71903982812 97.3 31177248260733160 96.0
1040249500 71903983312 97.3 31177249552904424 96.0
1040265900 71903985312 97.3 31177251656017768 96.0
1040349800 71903996412 97.3 31177258070829416 96.0
1040420700 71904000312 97.3 31177258765886504 96.0
1040440600 71904000812 97.3 31177260183057832 96.0
1040452000 71904002112 97.3 31177261268628008 96.0
1040461600 71904038512 97.3 31177277044400680 96.0
1040501400 71904038712 97.3 31177277255602776 96.0
1040535200 71904039912 97.3 31177278549515352 96.0
1040704300 71904040012 97.3 31177278556273752 96.0
1040713500 71904040312 97.3 31177279822324952 96.0
1040954300 71904041512 97.3 31177280957305048 96.0
1040955600 71904041912 97.3 31177281887556824 96.0
1040966500 71904042112 97.3 31177282731611736 96.0
1041098300 71904044112 97.3 31177284912322136 96.0
1041099900 71904066912 97.3 31177312974143064 96.0
1041114900 71904067112 97.3 31177313445709368 96.0
1041275600 71904068312 97.3 31177314251808952 96.0
1041467200 71904079312 97.3 31177318553057976 96.0
1041515200 71904086512 97.3 31177324563569336 96.0
1041551900 71904089512 97.3 31177325152777720 96.0
1041580900 71904090012 97.3 31177325287855224 96.0
1041649700 71904091212 97.3 31177327403650808 96.0
1041789900 71904091512 97.3 31177328417518840 96.0
1041853300 71904091712 97.3 31177328846279736 96.0
1042032400 71904091812 97.3 31177329268298136 96.0
1042041800 71904092412 97.3 31177329328509336 96.0
1042107100 71904092612 97.3 31177330172522008 96.0
1042110800 71904098212 97.3 31177337377964056 96.0
1042115100 71904098312 97.3 31177337378163956 96.0
1042143300 71904129412 97.3 31177358956750068 96.0
1042148400 71904130712 97.3 31177359299143284 96.0
1042265400 71904133512 97.3 31177360258728052 96.0
1042305300 71904134712 97.3 31177363413842548 96.0
1042443900 71904477912 97.3 31177397191899764 96.0
1042476500 71904479012 97.3 31177398502246004 96.0
1042505300 71904479812 97.3 31177401350181236 96.0
1042593200 71904486212 97.3 31177405480632436 96.0
1042656500 71904491812 97.3 31177411170523764 96.0
1042657100 71904492212 97.3 31177413382113140 96.0
1042684700 71904492912 97.3 31177415196486388 96.0
1042798000 71904493312 97.3 31177415228230388 96.0
1042800600 71904493512 97.3 31177416072278708 96.0
1042804700 71904494912 97.3 31177417804778548 96.0
1042867200 71904495812 97.3 31177417956116340 96.0
1042869900 71904498312 97.3 31177418799329140 96.0
1043235900 71904498412 97.3 31177419221332244 96.0
1043244900 71904500612 97.3 31177420283976724 96.0
1043332300 71904500812 97.3 31177420811580916 96.0
1043387400 71904500912 97.3 31177421233602932 96.0
1043407700 71904504012 97.3 31177425777898868 96.0
1043507200 71904504612 97.3 31177426347591540 96.0
1043701700 71904505412 97.3 31177426654586740 96.0
1043709200 71904563412 97.3 31177456176945012 96.0
1043812900 71904580112 97.3 31177468221711220 96.0
1043814400 71904580512 97.3 31177469276928820 96.0
1043874800 71904580812 97.3 31177470226551028 96.0
1043949500 71904581812 97.3 31177471303624820 96.0
1043997300 71904596612 97.3 31177477075220596 96.0
1044004800 71904950312 97.3 31177690463680628 96.0
1044020300 71904951312 97.3 31177692767183476 96.0
1044086000 71905025912 97.3 31177696585056628 96.0
1044122700 71905026412 97.3 31177698118150388 96.0
1044271400 71905026612 97.3 31177698962149620 96.0
1044327200 71905026712 97.3 31177699384158420 96.0
1044352600 71905026912 97.3 31177700228199252 96.0
1044364300 71905109812 97.3 31177747923657556 96.0
1044385200 71905110012 97.3 31177748767670932 96.0
1044391100 71905111212 97.3 31177751601011092 96.0
1044439400 71905263712 97.3 31177910594525588 96.0
1044700400 71905264012 97.3 31177911860570644 96.0
1044784700 71906867012 97.3 31179119664671252 96.0
1044797300 71906868512 97.3 31179120627832212 96.0
1044847200 71906875112 97.3 31179122310983444 96.0
1044913900 71906880012 97.3 31179130148379412 96.0
1044983900 71906880212 97.3 31179130992388820 96.0
1045107200 71906882012 97.3 31179131866884820 96.0
1045147200 71906882512 97.3 31179132732611796 96.0
1045151000 71906889312 97.3 31179138439326420 96.0
1045160500 71906890112 97.3 31179140510660820 96.0
1045184500 71906890212 97.3 31179140932679220 96.0
1045428400 71906890312 97.3 31179141062522420 96.0
1045444800 71906890512 97.3 31179141851769204 96.0
1045462000 71906894412 97.3 31179145350878068 96.0
1045495500 71906895412 97.3 31179149741560180 96.0
1045499700 71906896312 97.3 31179153246076020 96.0
1045614300 71906932812 97.3 31179181088957556 96.0
1045740200 71906938012 97.3 31179184339106932 96.0
1045770400 71906954212 97.3 31179243691863156 96.0
1045976900 71907016112 97.3 31179266199495796 96.0
1046263400 71907016212 97.3 31179266621517396 96.0
1046453500 71907016312 97.3 31179267043530580 96.0
1046608700 71907032812 97.3 31179276899038036 96.0
1046754600 71907084212 97.3 31179306523843412 96.0
1046783200 71907084312 97.3 31179306945872308 96.0
1046793900 71907085012 97.3 31179308473430324 96.0
1046803800 71907085112 97.3 31179308563547924 96.0
1046840700 71907087612 97.3 31179309913256468 96.0
1046913000 71907089412 97.3 31179310515486868 96.0
1046920100 71907089612 97.3 31179311359508180 96.0
1046936600 71907090512 97.3 31179311563857476 96.0
1047045900 71907092712 97.3 31179312606084676 96.0
1047080600 71907550312 97.3 31179864729845316 96.0
1047134100 71907552512 97.3 31179865065707716 96.0
1047332400 71907554112 97.3 31179867167744836 96.0
1047434700 71907554312 97.3 31179868011779908 96.0
1047580400 71907556012 97.3 31179868337840900 96.0
1047838100 71907572112 97.3 31179879729619716 96.0
1048053400 71907593212 97.3 31179894958044932 96.0
1048209400 71907615012 97.3 31179909253168900 96.0
1048384800 71907624812 97.3 31179916184537348 96.0
1048520700 71907625112 97.3 31179916805173764 96.0
1048527100 71907625812 97.3 31179916983554564 96.0
1048779400 71907631312 97.3 31179924367122436 96.0
1049088400 71907631412 97.3 31179924789147044 96.0
1049093700 71907631912 97.3 31179925014222244 96.0
1049238200 71907641312 97.3 31179928990336932 96.0
1049347800 71907677812 97.3 31179938532732836 96.0
1049477900 71907677912 97.3 31179939323670436 96.0
1049482900 71907681312 97.3 31179945660395428 96.0
1049530900 71907682312 97.3 31179947300154276 96.0
1049612300 71907682712 97.3 31179948254691556 96.0
1049775400 71907682812 97.3 31179948439011556 96.0
1049779000 71907736812 97.3 31179968572197092 96.0
1049795000 71907737112 97.3 31179969108421796 96.0
1049800400 71907739112 97.3 31179970268645284 96.0
1050020300 71907746612 97.3 31179973911803812 96.0
1050162300 71907746712 97.3 31179974333806404 96.0
1050220400 71907754012 97.3 31179975357644996 96.0
1050318500 71907755212 97.3 31179979600455876 96.0
1050413500 71907764012 97.3 31179989506768068 96.0
1050660300 71907872112 97.3 31180016410107076 96.0
1050757900 71907872912 97.3 31180019153420484 96.0
1051150800 71907873212 97.3 31180019997481796 96.0
1051183700 71907873512 97.3 31180020841778884 96.0
1051250600 71907952312 97.3 31180043701057220 96.0
1051275100 71907965612 97.3 31180054742223556 96.0
1051338700 71908596712 97.3 31180533001472708 96.0
1051385900 71908597312 97.3 31180533949986116 96.0
1051395000 71908600312 97.3 31180536005369028 96.0
1051600800 71908636512 97.3 31180553347044548 96.0
1051893200 71908638412 97.3 31180558185364676 96.0
1052186700 71908638612 97.3 31180558316436676 96.0
1052192000 71908638712 97.3 31180558738444068 96.0
1052559200 71908642112 97.3 31180560550311460 96.0
1052600300 71908643612 97.3 31180563342674212 96.0
1052627800 71908645512 97.3 31180567129233700 96.0
1052691800 71908646612 97.3 31180567532862500 96.0
1052746600 71908648612 97.3 31180568736791844 96.0
1052880800 71908649212 97.3 31180570902200868 96.0
1053146900 71908789012 97.3 31180653879370276 96.0
1053373600 71908789612 97.3 31180655880867236 96.0
1053439400 71908789712 97.3 31180656302888932 96.0
1053457100 71908796412 97.3 31180661738049508 96.0
1053530500 71908797612 97.3 31180662681958180 96.0
1054040200 71908799012 97.3 31180664319058468 96.0
1054058000 71908808512 97.3 31180670644920868 96.0
1054323100 71908831912 97.3 31180682274839076 96.0
1054374400 71908834312 97.3 31180683453872676 96.0
1054404900 71908858312 97.3 31180692717487652 96.0
1054407300 71908860112 97.3 31180694988574500 96.0
1054653200 71908861012 97.3 31180696071735972 96.0
1054704400 71908862212 97.3 31180697069622948 96.0
1054766200 71908862312 97.3 31180697491646244 96.0
1054852400 71908863612 97.3 31180700145054244 96.0
1054940900 71908922112 97.3 31180719253066276 96.0
1054952400 71908923612 97.3 31180719898960868 96.0
1055020500 71908923812 97.3 31180720742970468 96.0
1055185600 71908924012 97.3 31180721586972452 96.0
1055231900 71908924412 97.3 31180723272457508 96.0
1055630100 71908926712 97.3 31180725454458148 96.0
1055706500 71908933112 97.3 31180727928860708 96.0
1055714400 71908933412 97.3 31180728087990308 96.0
1055720000 71908935612 97.3 31180729623119652 96.0
1055923700 71908935712 97.3 31180730045146852 96.0
1055944700 71908941112 97.3 31180731889733732 96.0
1056151500 71908942212 97.3 31180732266543428 96.0
1056161400 71908943712 97.3 31180733975241284 96.0
1056539000 71908973512 97.3 31180741941175364 96.0
1056598400 71909125612 97.3 31180769767648324 96.0
1056754400 71909134012 97.3 31180776116929604 96.0
1057549500 71909223612 97.3 31180833798849604 96.0
1057686100 71909229312 97.3 31180835706413380 96.0
1057702800 71909229412 97.3 31180836128425988 96.0
1058149600 71909231312 97.3 31180836876150788 96.0
1058256200 71909231612 97.3 31180837414490628 96.0
1058407000 71909231712 97.3 31180837624745636 96.0
1058414600 71909998412 97.3 31181639231999652 96.0
1058738400 71909999312 97.3 31181641224739748 96.0
1058764300 71910890312 97.3 31182244569209764 96.0
1059082500 71910928112 97.3 31182258772976548 96.0
1059107300 71910928412 97.3 31182259351462052 96.0
1059382300 71910928912 97.3 31182260414169252 96.0
1059528100 71910934912 97.3 31182263499355044 96.0
1059577800 71910937612 97.3 31182264938317220 96.0
1060099200 71910938812 97.3 31182265252070820 96.0
1060290500 71910938912 97.3 31182265674081508 96.0
1060512300 71910939412 97.3 31182267784141540 96.0
1060688000 71910942312 97.3 31182268950225380 96.0
1060928800 71911205212 97.3 31182463441134052 96.0
1061135200 71911206212 97.3 31182463709412548 96.0
1062105900 71911206712 97.3 31182465443751620 96.0
1062751500 71911206912 97.3 31182465875807428 96.0
1062876100 71911207012 97.3 31182466297820612 96.0
1063237900 71911207212 97.3 31182467139258628 96.0
1063244700 71911207312 97.3 31182467389114628 96.0
1063715600 71911213012 97.3 31182470694155780 96.0
1064601700 71911214512 97.3 31182471567627780 96.0
1065490900 71911259212 97.3 31182475212690180 96.0
1065558400 71911259912 97.3 31182475413774580 96.0
1066103300 71911260112 97.3 31182476257789812 96.0
1066540700 71911260512 97.3 31182477068388212 96.0
1066726700 71911260712 97.3 31182477912430196 96.0
1068163400 71911260812 97.3 31182478018023300 96.0
1068231600 71915724512 97.3 31185572813016964 96.0
1068258400 71915724812 97.3 31185573455314372 96.0
1068352300 71916328712 97.3 31186339060366788 96.0
1068594500 71917218812 97.3 31187004117925316 96.0
1068945700 71917220112 97.3 31187004280390420 96.0
1069050800 71917220212 97.3 31187004290220820 96.0
1069059400 71917243412 97.3 31187008143619092 96.0
1069377800 71917244112 97.3 31187009711355156 96.0
1069850300 71917249012 97.3 31187017726476564 96.0
1070421100 71917327112 97.3 31187037233105172 96.0
1070439900 71917327212 97.3 31187037655097556 96.0
1070473200 71917337012 97.3 31187042121284308 96.0
1071182500 71917337412 97.3 31187043183696340 96.0
1071257400 71917337712 97.3 31187043742029652 96.0
1071394800 71917339212 97.3 31187048558561620 96.0
1071446400 71917339412 97.3 31187049402579732 96.0
1071471500 71917339512 97.3 31187049412614932 96.0
1071531000 71917410612 97.3 31187083811687188 96.0
1071942400 71917431012 97.3 31187095178896148 96.0
1072156000 71917433212 97.3 31187096475210644 96.0
1072204200 71917445212 97.3 31187098583971860 96.0
1072361400 71917446812 97.3 31187100391127060 96.0
1072435200 71917446912 97.3 31187100813129748 96.0
1072535900 71917447312 97.3 31187101768859540 96.0
1072632900 71917501012 97.3 31187117133214612 96.0
1072664500 71917520512 97.3 31187128135829396 96.0
1072763900 71917520712 97.3 31187128979871700 96.0
1073121600 71917524312 97.3 31187131464135892 96.0
1073590400 71917532112 97.3 31187137004704980 96.0
1073753600 71917532312 97.3 31187137431636692 96.0
1074096700 71917533212 97.3 31187139719294420 96.0
1074132300 71917559912 97.3 31187148752948692 96.0
1074156700 71917565712 97.3 31187150346239572 96.0
1074427800 71917575212 97.3 31187158219468884 96.0
1074552400 71917576412 97.3 31187163908812884 96.0
1074762700 71917607312 97.3 31187177124030548 96.0
1074820100 71917609712 97.3 31187177533200148 96.0
1074869400 71917640912 97.3 31187187442382612 96.0
1075023900 71917641612 97.3 31187189062070164 96.0
1075114300 71917641712 97.3 31187189621174164 96.0
1075407800 71917642312 97.3 31187191705759252 96.0
1075928200 71917642412 97.3 31187191811356356 96.0
1076065200 71917644612 97.3 31187192874335236 96.0
1076272100 71921227212 97.3 31189106840894468 96.0
1076432800 71921227712 97.3 31189107699645444 96.0
1076763300 71921531412 97.3 31189452935265284 96.0
1076792900 71921531712 97.3 31189453498170372 96.0
1076814800 71921531812 97.3 31189453603770468 96.0
1076991000 71921540312 97.3 31189462813868132 96.0
1076998300 71921551212 97.3 31189465662174820 96.0
1077071900 71921554012 97.3 31189466853886564 96.0
1077165900 71921555112 97.3 31189466895665764 96.0
1077244200 71921558312 97.3 31189470100905572 96.0
1077409700 71921558412 97.3 31189470522917860 96.0
1077630800 71921631212 97.3 31189500576828388 96.0
1077636600 71921632012 97.3 31189500631509988 96.0
1077742800 71921643112 97.3 31189508013634532 96.0
1077760400 71921644412 97.3 31189511531029220 96.0
1077803500 71921687212 97.3 31189526061027044 96.0
1077877800 71921687412 97.3 31189526905033124 96.0
1078099500 71921737512 97.3 31189565149700516 96.0
1078422500 71921741012 97.3 31189565630676324 96.0
1078561700 71921741112 97.3 31189566052694532 96.0
1078578600 71921780712 97.3 31189584350253572 96.0
1078716500 71921781912 97.3 31189584430115372 96.0
1078907000 71921793612 97.3 31189590745267244 96.0
1078922100 71921794312 97.3 31189591726915628 96.0
1079039200 71921794812 97.3 31189592584443436 96.0
1079156900 71921795712 97.3 31189594855640108 96.0
1079247000 71921822512 97.3 31189606824080428 96.0
1079272600 71921823712 97.3 31189615261398572 96.0
1079345800 71921827612 97.3 31189616867951532 96.0
1079390300 71921828512 97.3 31189618673344172 96.0
1079445800 71921834112 97.3 31189633100134060 96.0
1079528500 71921838112 97.3 31189635538795436 96.0
1079566000 71921854612 97.3 31189648534639532 96.0
1079984300 71921899212 97.3 31189666205092780 96.0
1080028000 71921899412 97.3 31189667049104876 96.0
1080071100 71921904412 97.3 31189672828955116 96.0
1080138000 71921904512 97.3 31189673250966220 96.0
1080184400 71921904712 97.3 31189674094998924 96.0
1080291800 71921906012 97.3 31189674674252172 96.0
1080314200 71921912012 97.3 31189676945614220 96.0
1080385400 71921913112 97.3 31189677110027916 96.0
1080608700 71921928812 97.3 31189682009138828 96.0
1080611400 71921970412 97.3 31189717144819340 96.0
1080630300 71921970912 97.3 31189717735795468 96.0
1080631300 71921974312 97.3 31189718544665740 96.0
1080647400 71921974412 97.3 31189718966687148 96.0
1080650100 71921989112 97.3 31189729921105324 96.0
1080797100 71921989412 97.3 31189731187136684 96.0
1080812100 71922000312 97.3 31189733091461164 96.0
1080898200 71922008112 97.3 31189735888626988 96.0
1080924700 71922015112 97.3 31189738539503916 96.0
1081000700 71922015912 97.3 31189738757615916 96.0
1081292300 71922019412 97.3 31189739932758316 96.0
1081399300 71922026512 97.3 31189743461304876 96.0
1081441800 71922038012 97.3 31189752741553708 96.0
1081682800 71922046712 97.3 31189756597175852 96.0
1081732800 71922047312 97.3 31189756680915852 96.0
1081780600 71922047912 97.3 31189757630927436 96.0
1081880500 71922052012 97.3 31189760149762636 96.0
1081925900 71922053512 97.3 31189763069709132 96.0
1082024300 71922113612 97.3 31189806275337036 96.0
1082075700 71922113812 97.3 31189806802935820 96.0
1082330000 71922114912 97.3 31189809418373132 96.0
1082333700 71922117212 97.3 31189811972076044 96.0
1082404000 71922122012 97.3 31189813189193100 96.0
1082559300 71922122412 97.3 31189814207676684 96.0
1082629600 71922124412 97.3 31189815549076620 96.0
1082674100 71922124712 97.3 31189816692661132 96.0
1082707700 71922174412 97.3 31189822757796748 96.0
1082767200 71922176512 97.3 31189824456180748 96.0
1082841600 71922176712 97.3 31189824878613356 96.0
1083001600 71922199012 97.3 31189838533016428 96.0
1083003200 71922199112 97.3 31189838955034924 96.0
1083033400 71922224612 97.3 31189852056311084 96.0
1083185100 71922224712 97.3 31189852478333580 96.0
1083187900 71922225712 97.3 31189854495466124 96.0
1083384300 71922227112 97.3 31189857831176588 96.0
1083468900 71922227712 97.3 31189857917792188 96.0
1083542300 71922264512 97.3 31189863052634044 96.0
1083654200 71922296412 97.3 31189877728802748 96.0
1083697500 71922301212 97.3 31189878366754748 96.0
1083739900 71925220112 97.3 31192685655316412 96.0
1083748800 71925221412 97.3 31192688277102012 96.0
1083752100 71925221812 97.3 31192689648724156 96.0
1083814300 71925222212 97.3 31192691125798460 96.0
1083824700 71925222712 97.3 31192691388046956 96.0
1083865700 71925222912 97.3 31192691388509656 96.0
1083922300 71925240312 97.3 31192698335303128 96.0
1083991100 71925240512 97.3 31192699179342616 96.0
1084323400 71925240912 97.3 31192700445471000 96.0
1084358000 71925241112 97.3 31192701289489624 96.0
1084362000 71925241312 97.3 31192701817097816 96.0
1084383700 71925241412 97.3 31192702239123032 96.0
1084386600 71925243812 97.3 31192702874939352 96.0
1084388100 71925244812 97.3 31192703180910552 96.0
1084403500 71925245612 97.3 31192703274504152 96.0
1084408100 71925248012 97.3 31192706661217240 96.0
1084526000 71925250912 97.3 31192707630020568 96.0
1084610100 71925255512 97.3 31192711151420120 96.0
1084730000 71925256012 97.3 31192711259884120 96.0
1084735000 71925258912 97.3 31192711886367320 96.0
1084781700 71925259912 97.3 31192713644695256 96.0
1084848100 71925260212 97.3 31192714179560056 96.0
1084871500 71925311912 97.3 31192729011251832 96.0
1084893600 71925316412 97.3 31192734708504696 96.0
1085035800 71925342012 97.3 31192744748099704 96.0
1085111700 71925343612 97.3 31192745297987704 96.0
1085112400 71925344312 97.3 31192746339660536 96.0
1085117800 71925344612 97.3 31192746343551736 96.0
1085119000 71925344712 97.3 31192746449134840 96.0
1085122200 71925344812 97.3 31192746455893240 96.0
1085194500 71925357712 97.3 31192775976975608 96.0
1085230300 71925358312 97.3 31192777499049208 96.0
1085230800 71925368012 97.3 31192781367702520 96.0
1085268000 71925382512 97.3 31192788911350776 96.0
1085314000 71925389512 97.3 31192799593304056 96.0
1085457400 71925389812 97.3 31192800590943672 96.0
1085659900 71925773612 97.3 31192996448359864 96.0
1085724900 71925774012 97.3 31192998136401720 96.0
1085819800 71925779212 97.3 31193000183982904 96.0
1086190700 71925793112 97.3 31193006155466040 96.0
1086206900 71925794912 97.3 31193006487378168 96.0
1086337000 71925795012 97.3 31193006909401272 96.0
1086374600 71925801512 97.3 31193008832461624 96.0
1086447700 71925805012 97.3 31193014711715640 96.0
1086629200 71925805912 97.3 31193016034912824 96.0
1086638600 71925816712 97.3 31193019792245560 96.0
1086702700 71925843712 97.3 31193025524948792 96.0
1086752700 71925844112 97.3 31193026541134392 96.0
1086757900 71925844312 97.3 31193026648654392 96.0
1086764200 71925844512 97.3 31193027079482392 96.0
1086785100 71925844812 97.3 31193028029080600 96.0
1086812700 71925847112 97.3 31193029266629016 96.0
1086886400 71925847812 97.3 31193030558887448 96.0
1087009000 71925865712 97.3 31193042329679384 96.0
1087015100 71925865812 97.3 31193042445800984 96.0
1087028100 71925865912 97.3 31193042446620184 96.0
1087032100 71925882412 97.3 31193049939340824 96.0
1087062000 71925882512 97.3 31193050361364024 96.0
1087074000 71925883512 97.3 31193050989280824 96.0
1087437800 71925911312 97.3 31193060323696184 96.0
1087780500 71925911712 97.3 31193062011744824 96.0
1087968700 71925911912 97.3 31193062855788344 96.0
1088111100 71925916212 97.3 31193065016381752 96.0
1088138000 71925919012 97.3 31193067071331512 96.0
1088187600 71925920012 97.3 31193069326321848 96.0
1088473600 71925923712 97.3 31193075835275448 96.0
1088508800 71925923812 97.3 31193076257299640 96.0
1088516900 71925924312 97.3 31193076984954040 96.0
1088560400 71925924612 97.3 31193077517069624 96.0
1088563100 71925928512 97.3 31193078516403640 96.0
1088572800 71925928712 97.3 31193078697972344 96.0
1088583600 71925932912 97.3 31193082365716600 96.0
1088630300 71925979112 97.3 31193091141493880 96.0
1088752100 71925979712 97.3 31193091152348280 96.0
1088785000 71925996812 97.3 31193100686896248 96.0
1088787600 71925997612 97.3 31193101997807352 96.0
1088925800 71925998112 97.3 31193103495010552 96.0
1088977300 71926005812 97.3 31193108245000440 96.0
1089028300 71926005912 97.3 31193108245205240 96.0
1089036600 71926006412 97.3 31193109375906040 96.0
1089039200 71926007612 97.3 31193109489545240 96.0
1089179900 71926031312 97.3 31193113703537176 96.0
1089224000 71926031412 97.3 31193114125546392 96.0
1089371800 71926052512 97.3 31193121154427800 96.0
1089565400 71926053012 97.3 31193122461445400 96.0
1089609100 71926053112 97.3 31193122883470296 96.0
1089874200 71926053212 97.3 31193123305486488 96.0
1089904000 71926057712 97.3 31193125939302296 96.0
1090007200 71926063412 97.3 31193128631923096 96.0
1090010400 71926063512 97.3 31193128641958296 96.0
1090101000 71926063912 97.3 31193130730878232 96.0
1090449800 71926065112 97.3 31193132285276184 96.0
1090498200 71926069112 97.3 31193139584428312 96.0
1090673500 71926070212 97.3 31193142934105624 96.0
1090851400 71926168712 97.3 31193165933739544 96.0
1090928500 71926168812 97.3 31193166355776856 96.0
1090989800 71926176912 97.3 31193170148703576 96.0
1091128400 71926183112 97.3 31193172540114264 96.0
1091144800 71926184712 97.3 31193174574917464 96.0
1091400000 71926184812 97.3 31193174680515064 96.0
1091604700 71926185112 97.3 31193175943970808 96.0
1091712600 71926189112 97.3 31193178173140984 96.0
1091748500 71926189412 97.3 31193179439211384 96.0
1091792200 71926209612 97.3 31193188958804856 96.0
1091814400 71926212012 97.3 31193189160111560 96.0
1091848900 71926216612 97.3 31193190714653384 96.0
1091849500 71926216812 97.3 31193190714963984 96.0
1091884100 71926220512 97.3 31193191879429520 96.0
1092006200 71926221912 97.3 31193193904287120 96.0
1092040000 71926222612 97.3 31193195995934480 96.0
1092070000 71926254212 97.3 31193198189956880 96.0
1092110000 71926257212 97.3 31193199992664848 96.0
1092123100 71926257512 97.3 31193200731309648 96.0
1092465300 71926262112 97.3 31193202573668560 96.0
1092595400 71926317112 97.3 31193224540551376 96.0
1092737400 71926321812 97.3 31193231032864976 96.0
1092952800 71926849412 97.3 31193910312456400 96.0
1093086400 71926854912 97.3 31193912501337040 96.0
1093342000 71926859612 97.3 31193913452628368 96.0
1093347500 71926885312 97.3 31193921956463504 96.0
1093368900 71929338312 97.3 31195193573098384 96.0
1093604900 71929348612 97.3 31195198907879824 96.0
1093784400 71929349012 97.3 31195199026459024 96.0
1093840400 71929349412 97.3 31195200295149200 96.0
1093892700 71929352712 97.3 31195202327242128 96.0
1094037200 71929353012 97.3 31195202538848720 96.0
1094371800 71929367712 97.3 31195204146042960 96.0
1094432200 71929367812 97.3 31195204568054352 96.0
1094437500 71929378712 97.3 31195217085527632 96.0
1094726100 71929419812 97.3 31195253692552784 96.0
1094753800 71929972512 97.3 31195619908310608 96.0
1094769700 71929973212 97.3 31195620297786000 96.0
1094901100 71929979212 97.3 31195623865575056 96.0
1095144800 71929991812 97.3 31195632332148368 96.0
1095162400 71929991912 97.3 31195632754166960 96.0
1095432300 71929996012 97.3 31195633475260336 96.0
1095733200 71930000712 97.3 31195636413484208 96.0
1095756100 71930000912 97.3 31195637257510000 96.0
1095892200 71930002112 97.3 31195637755703312 96.0
1095916900 71930002412 97.3 31195639021722768 96.0
1096115100 71930064712 97.3 31195703880035472 96.0
1096141000 71930066112 97.3 31195705533160848 96.0
1096149800 71930066212 97.3 31195705568796048 96.0
1096231200 71930066912 97.3 31195706428560656 96.0
1096285000 71930857112 97.3 31196315415090448 96.0
1096538700 71930865112 97.3 31196317001052816 96.0
1096564200 71930870212 97.3 31196327536608912 96.0
1096605000 71930870312 97.3 31196327958612016 96.0
1096652400 71930892912 97.3 31196338936715312 96.0
1097096300 71930905412 97.3 31196349791959088 96.0
1097186100 71930911512 97.3 31196355584097840 96.0
1097217600 71931335512 97.3 31196851935378992 96.0
1097297100 71934299912 97.3 31198959276391984 96.0
1097391000 71934301012 97.3 31198959912047792 96.0
1097542600 71934301812 97.3 31198961631433520 96.0
1097708100 71934611312 97.3 31199200226399024 96.0
1097744500 71934614012 97.3 31199201355226928 96.0
1097832000 71934614412 97.3 31199201797716016 96.0
1097832600 71934615612 97.3 31199201924046016 96.0
1097838100 71934615812 97.3 31199202083994816 96.0
1097940300 71934616012 97.3 31199202883261120 96.0
1097966600 71934617012 97.3 31199203857449152 96.0
1098000400 71934642912 97.3 31199214621658304 96.0
1098111400 71934645612 97.3 31199216099126080 96.0
1098170800 71934645712 97.3 31199216521142464 96.0
1098191300 71934653912 97.3 31199220920101056 96.0
1098200600 71934659012 97.3 31199223739627712 96.0
1098211800 71934683112 97.3 31199229226438336 96.0
1098236500 71934685312 97.3 31199231937284288 96.0
1098346500 71934712112 97.3 31199246114056384 96.0
1098404400 71934728412 97.3 31199257527244992 96.0
1098482100 71934728812 97.3 31199258475940288 96.0
1098594100 71934750812 97.3 31199263408499136 96.0
1098773800 71934752912 97.3 31199263937847648 96.0
1098802600 71934799712 97.3 31199267537002848 96.0
1098855700 71934806012 97.3 31199268699104352 96.0
1098943300 71934807412 97.3 31199269280509472 96.0
1099040100 71934808012 97.3 31199269562314272 96.0
1099124600 71934808112 97.3 31199269984310272 96.0
1099186700 71934809212 97.3 31199270167623776 96.0
1099274100 71934812712 97.3 31199271401445984 96.0
1099417400 71934818112 97.3 31199275754037344 96.0
1099444200 71934864912 97.3 31199291656423520 96.0
1099462600 71934867012 97.3 31199292321613920 96.0
1099574300 71934867212 97.3 31199292841748320 96.0
1099593200 71934867312 97.3 31199293263768832 96.0
1099946700 71934893912 97.3 31199308451535104 96.0
1100462300 71934896212 97.3 31199309370571904 96.0
1100506900 71934896812 97.3 31199309491403904 96.0
1100562800 71934897612 97.3 31199309714749600 96.0
1100924800 71934905512 97.3 31199313365242272 96.0
1101040300 71934906212 97.3 31199316079841696 96.0
1101079100 71934906512 97.3 31199317029477472 96.0
1101309200 71934906612 97.3 31199317451489376 96.0
1101570500 71934907012 97.3 31199318895726688 96.0
1101615400 71934907112 97.3 31199319317749184 96.0
1101895600 71934908012 97.3 31199321054191808 96.0
1101924600 71934908912 97.3 31199321428860704 96.0
1101999600 71934909112 97.3 31199322272886432 96.0
1102073300 71934909212 97.3 31199322581315232 96.0
1102154200 71934925012 97.3 31199333446986400 96.0
1102618600 71934927212 97.3 31199334872024992 96.0
1102936300 71934927412 97.3 31199335716047904 96.0
1102953500 71934928712 97.3 31199335786279704 96.0
1102978000 71934935512 97.3 31199338080572696 96.0
1103352800 71934935612 97.3 31199338502589208 96.0
1103365200 71934946712 97.3 31199355861150488 96.0
1103469000 71934948112 97.3 31199355907640088 96.0
1103590600 71934953712 97.3 31199358667082520 96.0
1103595700 71934960412 97.3 31199362856180632 96.0
1103773500 71934966612 97.3 31199366177422232 96.0
1103882900 71934967712 97.3 31199367326745752 96.0
1103903800 71934967812 97.3 31199367748764248 96.0
1104013400 71934972512 97.3 31199372466443352 96.0
1104369800 71935171012 97.3 31199410362131544 96.0
1104451700 71935181012 97.3 31199420524639320 96.0
1104627400 71935184912 97.3 31199421341714328 96.0
1104741700 71935190312 97.3 31199423353792792 96.0
1104879500 71935190712 97.3 31199424725440536 96.0
1104918700 71935194912 97.3 31199430406935064 96.0
1104962000 71935203612 97.3 31199434002952728 96.0
1104993100 71935203812 97.3 31199434530565528 96.0
1105031600 71935233012 97.3 31199448709703064 96.0
1105036200 71935235312 97.3 31199451958266520 96.0
1105322500 71935235612 97.3 31199453224322456 96.0
1105347400 71935277312 97.3 31199468428521880 96.0
1105582500 71935284612 97.3 31199474713299352 96.0
1105759500 71935284712 97.3 31199475033196952 96.0
1105782200 71935286412 97.3 31199479931199896 96.0
1105788100 71935293512 97.3 31199485967780760 96.0
1105813400 71935307812 97.3 31199498223760280 96.0
1105825700 71935309412 97.3 31199500055286680 96.0
1105968300 71935315212 97.3 31199504441043864 96.0
1105985900 71935319412 97.3 31199506238544408 96.0
1106235300 71935319512 97.3 31199506530589208 96.0
1106469900 71935340212 97.3 31199522117487128 96.0
1106581700 71935917812 97.4 31199894105819672 96.0
1106795500 71935918012 97.4 31199894532330584 96.0
1106835200 71935922712 97.4 31199895630031832 96.0
1106910500 71935923012 97.4 31199896236649432 96.0
1107040700 71935923612 97.4 31199896828656344 96.0
1107125600 71935924112 97.4 31199898265222488 96.0
1107664700 71935931512 97.4 31199904181332312 96.0
1107717600 71935977912 97.4 31199932189290840 96.0
1107722200 71935979312 97.4 31199935123787096 96.0
1107987000 71935988012 97.4 31199939654586200 96.0
1108077000 71935998812 97.4 31199949129757528 96.0
1108163300 71936029412 97.4 31199990381011800 96.0
1108588200 71936029612 97.4 31199990592206392 96.0
1108707600 71936029712 97.4 31199990697807192 96.0
1108903400 71938064712 97.4 31201943829335384 96.0
1109022700 71938065412 97.4 31201944402239768 96.0
1109029900 71938065812 97.4 31201945243260248 96.0
1109140900 71938109212 97.4 31201973828902232 96.0
1109288600 71938109812 97.4 31201976361013336 96.0
1109293300 71938144612 97.4 31201999456041048 96.0
1109750500 71938217312 97.4 31202021160409176 96.0
1110101300 71938235512 97.4 31202034923802712 96.0
1110228200 71938235712 97.4 31202035135015208 96.0
1110450000 71938235812 97.4 31202035557038504 96.0
1110636400 71938523412 97.4 31202178328983976 96.0
1110767800 71938575212 97.4 31202180702015656 96.0
1111316000 71938575512 97.4 31202181597523752 96.0
1111455300 71938629512 97.4 31202199840886568 96.0
1111538500 71938632812 97.4 31202207310044456 96.0
1111726200 71938634412 97.4 31202208249591848 96.0
1112138800 71938644512 97.4 31202215122521128 96.0
1112245000 71938645212 97.4 31202217366457640 96.0
1112546000 71938652012 97.4 31202221524790568 96.0
1112598200 71938654812 97.4 31202223129196584 96.0
1112631300 71938655912 97.4 31202223828536488 96.0
1112926500 71938669912 97.4 31202234786196648 96.0
1113271700 71938670312 97.4 31202235699921064 96.0
1113286100 71939262812 97.4 31202694805749928 96.0
1113341100 71939277312 97.4 31202704860273832 96.0
1113589600 71939315512 97.4 31202732550556840 96.0
1113595800 71939316412 97.4 31202733622612328 96.0
1114173300 71939317712 97.4 31202733862772424 96.0
1114311600 71939317812 97.4 31202734073025224 96.0
1114317000 71939319112 97.4 31202734906165512 96.0
1114468600 71939346412 97.4 31202741520800520 96.0
1115022300 71939351112 97.4 31202743168723464 96.0
1115392500 71939351912 97.4 31202745361926664 96.0
1115643000 71939352612 97.4 31202746880963592 96.0
1116032200 71939354812 97.4 31202748116931592 96.0
1116290300 71939360212 97.4 31202750168538888 96.0
1116338000 71939644612 97.4 31202845358079752 96.0
1116479600 71939644712 97.4 31202845463677352 96.0
1116653200 71939645012 97.4 31202846729700776 96.0
1116777800 71939645512 97.4 31202846816309272 96.0
1116841100 71939645912 97.4 31202848504342808 96.0
1117577300 71939646112 97.4 31202849031962520 96.0
1117810500 71939646512 97.4 31202850720009368 96.0
1117961800 71939925612 97.4 31203202620148888 96.0
1118205200 71939939412 97.4 31203217532117144 96.0
1118267100 71939939812 97.4 31203219028987416 96.0
1118334600 71939939912 97.4 31203219213102616 96.0
1118338900 71939940412 97.4 31203221323168792 96.0
1118612000 71939942112 97.4 31203224804798488 96.0
1118882400 71940085012 97.4 31203278259552280 96.0
1119140700 71940953112 97.4 31203856363683864 96.0
1119405800 71940954312 97.4 31203856722435544 96.0
1119416500 71940956312 97.4 31203862703027160 96.0
1119561500 71940957012 97.4 31203863717361752 96.0
1119938000 71940957312 97.4 31203864983399128 96.0
1120042300 71940958312 97.4 31203867957145048 96.0
1120212000 71940959412 97.4 31203871719984088 96.0
1120427600 71940960712 97.4 31203873542421208 96.0
1120444300 71940961212 97.4 31203875019627224 96.0
1120454300 71940962112 97.4 31203877868479704 96.0
1120474500 71940984512 97.4 31203915576833240 96.0
1120483700 71940984812 97.4 31203916513793240 96.0
1120616000 71940985212 97.4 31203917031852056 96.0
1120983700 71940986312 97.4 31203919775395096 96.0
1121001200 71940986612 97.4 31203920722856600 96.0
1121004200 71940986712 97.4 31203920828456296 96.0
1121044300 71940986812 97.4 31203920836033896 96.0
1121156700 71940987112 97.4 31203922530402408 96.0
1121460600 71940991112 97.4 31203937082941544 96.0
1121645300 71940998112 97.4 31203939553954664 96.0
1121743900 71940999212 97.4 31203943774522472 96.0
1122483200 71940999312 97.4 31203944196547368 96.0
1122618600 71940999412 97.4 31203944618565960 96.0
1122628700 71941000312 97.4 31203947293305160 96.0
1122808400 71941000712 97.4 31203948981366344 96.0
1122938700 71941003212 97.4 31203956453158472 96.0
1123002000 71941004612 97.4 31203957353697672 96.0
1123012900 71941004812 97.4 31203957881302664 96.0
1123071900 71941006112 97.4 31203961038127496 96.0
1123089700 71941006512 97.4 31203962093328520 96.0
1123178700 71941006612 97.4 31203962515337832 96.0
1123211700 71941007112 97.4 31203963373294440 96.0
1123547100 71941092612 97.4 31204014714835816 96.0
1123616500 71941094212 97.4 31204017345927784 96.0
1123835500 71941098412 97.4 31204020619693416 96.0
1123935500 71941098812 97.4 31204022307750504 96.0
1124204200 71941099212 97.4 31204023779083752 96.0
1124258500 71941146312 97.4 31204039709637096 96.0
1124476500 71941151612 97.4 31204043993352680 96.0
1124477100 71941482012 97.4 31204266363177448 96.0
1124526700 71941482112 97.4 31204266785193640 96.0
1124766200 71941482312 97.4 31204267629237544 96.0
1124777300 71941482612 97.4 31204268012827944 96.0
1124795100 71941482912 97.4 31204268665231016 96.0
1124817000 71942216012 97.4 31204986604574376 96.0
1124881300 71942237912 97.4 31204993066114728 96.0
1124987500 71942241412 97.4 31204995713184680 96.0
1124993900 71942245512 97.4 31204997647850280 96.0
1125046300 71942245812 97.4 31204998913859752 96.0
1125154400 71942245912 97.4 31204999335865160 96.0
1125359400 71942246412 97.4 31205001445881416 96.0
1125567000 71942246612 97.4 31205001973495912 96.0
1125701400 71942249812 97.4 31205008734375528 96.0
1125986300 71942253412 97.4 31205011107541608 96.0
1126065700 71942253512 97.4 31205011529549992 96.0
1126068800 71942253812 97.4 31205012795616808 96.0
1126176400 71942253912 97.4 31205013217635304 96.0
1126576000 71942273112 97.4 31205019219150312 96.0
1126611400 71942273312 97.4 31205019471612312 96.0
1126815500 71942273912 97.4 31205021274916504 96.0
1126894000 71942281112 97.4 31205024589180312 96.0
1127390500 71942281412 97.4 31205025855189912 96.0
1127427400 71942281812 97.4 31205027179376152 96.0
1127569700 71942311712 97.4 31205049788909080 96.0
1127820500 71942312512 97.4 31205051063296152 96.0
1127864000 71942313012 97.4 31205053173360536 96.0
1128066600 71942313912 97.4 31205055169834776 96.0
1128325700 71942315012 97.4 31205057162627736 96.0
1128720400 71942316212 97.4 31205061840749720 96.0
1128743700 71942321212 97.4 31205063031477656 96.0
1129840400 71942321312 97.4 31205063585666456 96.0
1129875500 71942324012 97.4 31205070067274136 96.0
1129882500 71942331612 97.4 31205074799178136 96.0
1129930800 71942332912 97.4 31205077552524696 96.0
1130125800 71942356312 97.4 31205091419349400 96.0
1130253400 71942356912 97.4 31205092922229528 96.0
1130300600 71942362912 97.4 31205096579754008 96.0
1130323900 71942363012 97.4 31205096589789208 96.0
1130388300 71942373712 97.4 31205104713386008 96.0
1131151700 71942643112 97.4 31205249060423704 96.0
1131844100 71942654612 97.4 31205251714384664 96.0
1131933500 71942656212 97.4 31205251921819560 96.0
1131997100 71943822812 97.4 31206112921728936 96.0
1132265600 71947516112 97.4 31208149948381096 96.1
1132635400 71947517712 97.4 31208150207791704 96.1
1132891600 71947529412 97.4 31208155371518552 96.1
1133844700 71947530212 97.4 31208155436235352 96.1
1135196700 71947540112 97.4 31208159644090200 96.1
1135403200 71947541912 97.4 31208160487238296 96.1
1137471600 71947580812 97.4 31208188781058712 96.1
1137591300 71947581012 97.4 31208188794780312 96.1
1137598700 71947696712 97.4 31208254309141144 96.1
1137870400 71947702912 97.4 31208258460027032 96.1
1139100800 71947706312 97.4 31208258746260536 96.1
1139262400 71947709612 97.4 31208262796803128 96.1
1140832200 71947710412 97.4 31208263544042936 96.1
1140846800 71947711912 97.4 31208264137962936 96.1
1140936300 71947714112 97.4 31208264649971320 96.1
1141126500 71947715612 97.4 31208265889903096 96.1
1141185800 71947716212 97.4 31208267918402424 96.1
1141400100 71947716812 97.4 31208270450479224 96.1
1141688800 71947718012 97.4 31208271210670392 96.1
1141770500 71947719512 97.4 31208272187066424 96.1
1142257400 71947724412 97.4 31208278430951480 96.1
1143377100 71947724512 97.4 31208278852969976 96.1
1143546900 71947777612 97.4 31208285156290552 96.1
1143554700 71947795312 97.4 31208295152369656 96.1
1143841400 71947796712 97.4 31208296156725240 96.1
1144037800 71947801512 97.4 31208309335428088 96.1
1144545400 71947803912 97.4 31208313571658744 96.1
1144704400 71947804812 97.4 31208314392707704 96.1
1144899300 71947805312 97.4 31208315010908664 96.1
1145200400 71947805512 97.4 31208315845583160 96.1
1145402700 71947816912 97.4 31208319100667448 96.1
1146164200 71947817512 97.4 31208321632762424 96.1
1146193900 71947817912 97.4 31208323004404024 96.1
1146591800 71952455912 97.4 31211463277449528 96.1
1146604000 71952458112 97.4 31211465079115576 96.1
1146778100 71952460312 97.4 31211465471256696 96.1
1146860200 71952464912 97.4 31211478667151480 96.1
1146963500 71952465612 97.4 31211479133586168 96.1
1147011000 71952465712 97.4 31211479555579064 96.1
1147035300 71952465812 97.4 31211479977586264 96.1
1147238500 71952470312 97.4 31211484840587864 96.1
1147307100 71952470512 97.4 31211484898546264 96.1
1147343500 71952470912 97.4 31211485637358552 96.1
1147403000 71952472012 97.4 31211486432801752 96.1
1147448700 71952472112 97.4 31211486854804664 96.1
1147665300 71952499412 97.4 31211495758075064 96.1
1147938900 71952502512 97.4 31211501077374648 96.1
1148250800 71952502612 97.4 31211501499396952 96.1
1148788300 71952502712 97.4 31211501604994456 96.1
1149094800 71952509112 97.4 31211504999871384 96.1
1149181200 71952509412 97.4 31211505520268184 96.1
1149183500 71952513112 97.4 31211507064810648 96.1
1149201700 71952513412 97.4 31211507996687256 96.1
1149243700 71952513512 97.4 31211508418692152 96.1
1149347600 71952538112 97.4 31211519402098744 96.1
1149466400 71952635112 97.4 31211537736298552 96.1
1149533800 71952638112 97.4 31211544268264504 96.1
1149884800 71952639312 97.4 31211546152724920 96.1
1149927500 71952639612 97.4 31211546783485944 96.1
1149930100 71952643112 97.4 31211548595839480 96.1
1149969000 71952647012 97.4 31211551701449720 96.1
1149982200 71952675812 97.4 31211563106134008 96.1
1150039300 71952676412 97.4 31211563975145976 96.1
1150056600 71952677612 97.4 31211564683273720 96.1
1150080100 71952678112 97.4 31211566752630008 96.1
1150128500 71952678412 97.4 31211568018696056 96.1
1150342100 71952710612 97.4 31211587990181752 96.1
1150389600 71952710712 97.4 31211588412199160 96.1
1150395500 71952711012 97.4 31211589361814840 96.1
1150474900 71952741312 97.4 31211609086383416 96.1
1150506900 71952743812 97.4 31211612388896568 96.1
1150547000 71952744612 97.4 31211615260924984 96.1
1150826400 71952762812 97.4 31211628215469112 96.1
1150973500 71952791212 97.4 31211641106062392 96.1
1151139200 71952791412 97.4 31211641555401592 96.1
1151371700 71952791612 97.4 31211642399400824 96.1
1151440300 71952793112 97.4 31211643170655544 96.1
1151515900 71952793512 97.4 31211644455567032 96.1
1151552300 71953226212 97.4 31211938758770360 96.1
1151561400 71953233312 97.4 31211943444645048 96.1
1151562300 71953235112 97.4 31211944937841848 96.1
1151741800 71953248412 97.4 31211965245322424 96.1
1151921700 71953248512 97.4 31211965667344312 96.1
1151954900 71953255712 97.4 31211971837846456 96.1
1152042200 71953269612 97.4 31211977540519864 96.1
1152284300 71953747612 97.4 31212299144513464 96.1
1152488500 71953747812 97.4 31212299977046840 96.1
1152525900 71953752312 97.4 31212301467363640 96.1
1152945000 71953752612 97.4 31212302733417912 96.1
1152946400 71953753212 97.4 31212303634537912 96.1
1153020700 71953782412 97.4 31212317164219832 96.1
1153099400 71953818912 97.4 31212324030532536 96.1
1153100800 71953837712 97.4 31212335811716024 96.1
1153200400 71953842312 97.4 31212338505245624 96.1
1153253100 71953842612 97.4 31212339771290680 96.1
1153259100 71953843412 97.4 31212340717445880 96.1
1153322300 71953844912 97.4 31212341033042680 96.1
1153340200 71953845012 97.4 31212341455054584 96.1
1153425600 71953845512 97.4 31212341986844184 96.1
1153529200 71953847512 97.4 31212343881497496 96.1
1153563600 71953861712 97.4 31212353116929944 96.1
1153618900 71954516112 97.4 31213217046364056 96.1
1153802200 71954520812 97.4 31213219342602136 96.1
1154011400 71954522712 97.4 31213220611542936 96.1
1154019400 71954554712 97.4 31213284276338584 96.1
1154362000 71954557112 97.4 31213286074597144 96.1
1154383500 71954560112 97.4 31213286483483544 96.1
1154408200 71954560212 97.4 31213286905504632 96.1
1154568800 71954844012 97.4 31213337865679736 96.1
1154652000 71954857812 97.4 31213343548329336 96.1
1154666900 71954867812 97.4 31213352897305976 96.1
1154690400 71954879612 97.4 31213359663620472 96.1
1154733600 71954887212 97.4 31213365192264056 96.1
1154995500 71954887912 97.4 31213365349413464 96.1
1155079100 71954892712 97.4 31213367974897496 96.1
1155091800 71954893012 97.4 31213368937384408 96.1
1155118900 71954893112 97.4 31213369359392024 96.1
1155297800 71954896812 97.4 31213372641316376 96.1
1155337000 71954985412 97.4 31213475711168024 96.1
1155353600 71955679812 97.4 31214016904703512 96.1
1155463800 71955732912 97.4 31214035290338840 96.1
1155585600 71955734112 97.4 31214035787169368 96.1
1155902100 71955734412 97.4 31214037053211736 96.1
1155928000 71955748912 97.4 31214041318369880 96.1
1155931700 71955749212 97.4 31214042267976152 96.1
1155942000 71955749412 97.4 31214042858514968 96.1
1155991500 71955750212 97.4 31214043172473368 96.1
1156117400 71955750312 97.4 31214043594499960 96.1
1156124300 71955965212 97.4 31214219831043960 96.1
1156415500 71955966212 97.4 31214221402762616 96.1
1156561300 71956000312 97.4 31214227436779384 96.1
1156572300 71956002212 97.4 31214229345848184 96.1
1156574100 71956029712 97.4 31214247969139576 96.1
1156578700 71959400512 97.4 31217280811641720 96.1
1156648100 71959510212 97.4 31217339126057848 96.1
1156822900 71959515212 97.4 31217341485917048 96.1
1157434200 71959518212 97.4 31217342177314360 96.1
1157669900 71959564312 97.4 31217358436008504 96.1
1157709600 71959564912 97.4 31217359517925816 96.1
1157711100 71959565012 97.4 31217359520588216 96.1
1157800500 71959565912 97.4 31217362052875704 96.1
1158061100 71959566312 97.4 31217363048172920 96.1
1158216600 71959576712 97.4 31217369726481784 96.1
1158292400 71959705012 97.4 31217393476267384 96.1
1158468100 71959706112 97.4 31217394331237304 96.1
1158512100 71959708512 97.4 31217396311260728 96.1
1158588500 71959733312 97.4 31217404208086584 96.1
1158608900 71959733512 97.4 31217405052099384 96.1
1158699900 71959733612 97.4 31217405474114392 96.1
1158811300 71959734212 97.4 31217407317133272 96.1
1159296400 71959737412 97.4 31217408609975512 96.1
1159424900 71959739212 97.4 31217410006301912 96.1
1159661900 71959739312 97.4 31217410428304024 96.1
1159756500 71959744912 97.4 31217413971636376 96.1
1159969200 71959780012 97.4 31217438326575256 96.1
1159992700 71959781012 97.4 31217439265169880 96.1
1160051300 71959782812 97.4 31217442438234840 96.1
1160075600 71959785212 97.4 31217443052023640 96.1
1160101900 71959785412 97.4 31217443474227128 96.1
1160121100 71959790312 97.4 31217451535564728 96.1
1160176100 71959790612 97.4 31217451560345528 96.1
1160219700 71959790712 97.4 31217451561574328 96.1
1160228000 71959790812 97.4 31217451827319320 96.1
1160267400 71959791212 97.4 31217451928080920 96.1
1160314500 71959793412 97.4 31217454904864792 96.1
1160352500 71959816512 97.4 31217464555936792 96.1
1160419300 71959819712 97.4 31217464952212376 96.1
1160729600 71959826112 97.4 31217471259485592 96.1
1160794100 71959833612 97.4 31217477098293656 96.1
1161045300 71959834012 97.4 31217478786383896 96.1
1161067700 71959834212 97.4 31217479630416280 96.1
1161184200 71959835612 97.4 31217480950612632 96.1
1161187200 71959866712 97.4 31217495612333720 96.1
1161248000 71959869312 97.4 31217496484235800 96.1
1161280300 71959894112 97.4 31217510572784152 96.1
1161334700 71959897912 97.4 31217513515118616 96.1
1161434300 71960261812 97.4 31217945619427352 96.1
1161730300 71960795512 97.4 31218268827512856 96.1
1161758900 71960797912 97.4 31218269363795544 96.1
1161770100 71960804212 97.4 31218274071216728 96.1
1161802600 71960818212 97.4 31218280595638872 96.1
1161832000 71960818512 97.4 31218281480604888 96.1
1161892100 71960839212 97.4 31218293217116376 96.1
1162033500 71960840412 97.4 31218294703349976 96.1
1162170200 71960843812 97.4 31218297756218072 96.1
1162597100 71960844012 97.4 31218297809647272 96.1
1162719800 71960844212 97.4 31218298653669544 96.1
1162881300 71960845812 97.4 31218300416214952 96.1
1162945700 71960845912 97.4 31218300838230760 96.1
1163031100 71960846112 97.4 31218301682285160 96.1
1163074300 71960847112 97.4 31218304224606824 96.1
1163150800 71960847312 97.4 31218305068669224 96.1
1163289300 71960848312 97.4 31218306976024104 96.1
1163316300 71960848612 97.4 31218307820884008 96.1
1163349900 71960849712 97.4 31218308892397608 96.1
1163427200 71960856412 97.4 31218310528386856 96.1
1163461900 71960858112 97.4 31218312175913128 96.1
1163469800 71960859012 97.4 31218312321716136 96.1
1163477400 71960868212 97.4 31218317129152936 96.1
1163946400 71960869412 97.4 31218318080927016 96.1
1164154100 71960877612 97.4 31218320703512104 96.1
1164162600 71960877912 97.4 31218320723787304 96.1
1164247300 71960878312 97.4 31218322411856936 96.1
1164371600 71960878812 97.4 31218323380580328 96.1
1164490200 71960879412 97.4 31218325912641512 96.1
1164744500 71960904412 97.4 31218342529912808 96.1
1164819600 71960912212 97.4 31218349239183848 96.1
1165143200 71960912312 97.4 31218349344777944 96.1
1165227700 71960930112 97.4 31218357964060376 96.1
1165330800 71960934912 97.4 31218360679228376 96.1
1165488200 71960935112 97.4 31218361523262296 96.1
1165554600 71960936312 97.4 31218364856624984 96.1
1165556200 71960936412 97.4 31218365278647288 96.1
1165743800 71960940612 97.4 31218366678835832 96.1
1165850200 71960997812 97.4 31218396425925240 96.1
1165857100 71960998312 97.4 31218398294838520 96.1
1165892300 71960998512 97.4 31218399138848824 96.1
1166098300 71961000112 97.4 31218399843156024 96.1
1166199800 71961000512 97.4 31218401531206712 96.1
1166210700 71961001012 97.4 31218402581157496 96.1
1166275000 71961001112 97.4 31218403003160696 96.1
1166298400 71961001912 97.4 31218403751451704 96.1
1166475900 71961002112 97.4 31218404595474680 96.1
1166488400 71961002312 97.4 31218405537262392 96.1
1166551200 71961010912 97.4 31218411648757560 96.1
1166693000 71961015812 97.4 31218417488904504 96.1
1166742100 71961015912 97.4 31218417910925016 96.1
1166838200 71961016212 97.4 31218419039011416 96.1
1166840500 71961025012 97.4 31218421591476056 96.1
1166854300 71961570712 97.4 31218993448978264 96.1
1167173900 71961573712 97.4 31218995455587928 96.1
1167776600 71961593012 97.4 31219001213366872 96.1
1167799900 71961593812 97.4 31219002710569432 96.1
1168213900 71961613512 97.4 31219014424151512 96.1
1168220800 71961651712 97.4 31219025716025816 96.1
1168328000 71961652912 97.4 31219025817586016 96.1
1168374800 71961664312 97.4 31219028449377120 96.1
1168396200 71961673212 97.4 31219035716104032 96.1
1168527900 71961689012 97.4 31219041879556960 96.1
1168850200 71961690412 97.4 31219047060478304 96.1
1169044600 71961724212 97.4 31219060035068256 96.1
1169171600 71961730212 97.4 31219062185938784 96.1
1169279000 71961730912 97.4 31219063074680800 96.1
1169280800 71961743412 97.4 31219067223705312 96.1
1169355300 71961743512 97.4 31219067645707296 96.1
1169722400 71961743712 97.4 31219068489733920 96.1
1169825000 71961743812 97.4 31219069476869920 96.1
1170099400 71961744212 97.4 31219070748240544 96.1
1170130000 71961750612 97.4 31219074056642720 96.1
1170172500 71961750712 97.4 31219074478666432 96.1
1170368500 71961756112 97.4 31219076647901376 96.1
1170446000 71961758612 97.4 31219078587748672 96.1
1170489400 71961759312 97.4 31219079074353472 96.1
1170501400 71961760112 97.4 31219080393983552 96.1
1170639500 71961776412 97.4 31219086779877440 96.1
1170712900 71961778112 97.4 31219087499635328 96.1
1170822900 71961799612 97.4 31219092398428288 96.1
1170842400 71961800612 97.4 31219092565545088 96.1
1170916600 71961800812 97.4 31219093409572672 96.1
1171332900 71961805812 97.4 31219096641454144 96.1
1171415400 71961820312 97.4 31219101649845312 96.1
1171446100 71961878012 97.4 31219115790387264 96.1
1171528100 71961878412 97.4 31219117082838720 96.1
1171538200 71961878512 97.4 31219117504851808 96.1
1171590200 71961880912 97.4 31219118773705568 96.1
1171817500 71961881312 97.4 31219120145336800 96.1
1171854600 71961882812 97.4 31219123860553184 96.1
1172018400 71961884712 97.4 31219126498144480 96.1
1172322800 71961884812 97.4 31219126920147488 96.1
1172341700 71961885312 97.4 31219128878353056 96.1
1172686300 71964523512 97.4 31220557866191520 96.1
1172687700 71964555412 97.4 31220579279694496 96.1
1172695800 71964555612 97.4 31220580028613088 96.1
1172752500 71964555912 97.4 31220581752680928 96.1
1173439500 71964556212 97.4 31220581867697928 96.1
1173504600 71964556612 97.4 31220583239362312 96.1
1173530200 71964556912 97.4 31220584263992584 96.1
1174094300 71964559112 97.4 31220584908679560 96.1
1174148400 71964560312 97.4 31220585870708488 96.1
1174248800 71964563212 97.4 31220592394331912 96.1
1174257600 71964578212 97.4 31220597279296776 96.1
1174516000 71964579012 97.4 31220598164293448 96.1
1174746000 71964587712 97.4 31220602241293896 96.1
1175022700 71964588412 97.4 31220602273652296 96.1
1175116900 71964589412 97.4 31220603240078792 96.1
1175166700 71965064612 97.4 31221211229543880 96.1
1175279600 71965066112 97.4 31221211958427080 96.1
1175360400 71965066212 97.4 31221212380455496 96.1
1175365300 71965066912 97.4 31221212404323696 96.1
1175533500 71965069612 97.4 31221214053978736 96.1
1175625200 71965097312 97.4 31221224132185712 96.1
1175630600 71965097812 97.4 31221225074131312 96.1
1175746700 71965147712 97.4 31221263274619248 96.1
1175748300 71965152212 97.4 31221264342024944 96.1
1175791300 71965157512 97.4 31221265141932528 96.1
1176424500 71965160912 97.4 31221266065317552 96.1
1176439900 71965161312 97.4 31221267436942000 96.1
1176451600 71965162812 97.4 31221270681031344 96.1
1176576500 71965170912 97.4 31221273698855088 96.1
1176586200 71965172712 97.4 31221274015662384 96.1
1176714400 71965172812 97.4 31221274226738384 96.1
1176769000 71965173112 97.4 31221274687940592 96.1
1176923900 71965178812 97.4 31221277301375216 96.1
1176975200 71965178912 97.4 31221277723388208 96.1
1177135900 71965179212 97.4 31221278989447344 96.1
1177551300 71965189012 97.4 31221286471596208 96.1
1177653400 71965189212 97.4 31221286475077808 96.1
1177697000 71965189812 97.4 31221289007153840 96.1
1177822800 71965199112 97.4 31221293160088240 96.1
1178021900 71965199412 97.4 31221294600083632 96.1
1178141600 71965199712 97.4 31221295780681648 96.1
1178306900 71965212512 97.4 31221303188583344 96.1
1178506300 71965212812 97.4 31221303392951744 96.1
1178563900 71965214512 97.4 31221303901371040 96.1
1179019700 71965214812 97.4 31221304943456416 96.1
1179096600 71965216012 97.4 31221307766484896 96.1
1179305300 71968108912 97.4 31223328727773088 96.1
1179465900 71968224812 97.4 31223359204138912 96.1
1179544800 71968230012 97.4 31223360581355552 96.1
1179545300 71968230112 97.4 31223361003369664 96.1
1179594400 71968233312 97.4 31223362880566464 96.1
1179652000 71968234812 97.4 31223363616378560 96.1
1179865800 71968252012 97.4 31223375037492928 96.1
1180319300 71968252212 97.4 31223375091550528 96.1
1180512200 71968258612 97.4 31223382053288768 96.1
1180571300 71968263812 97.4 31223387917935936 96.1
1180724600 71968263912 97.4 31223388339959040 96.1
1180917000 71968268512 97.4 31223390795252992 96.1
1180984100 71968289412 97.4 31223407053784320 96.1
1181025900 71968289912 97.4 31223408847433984 96.1
1181030700 71968290212 97.4 31223409478194496 96.1
1181094000 71968290612 97.4 31223411166227264 96.1
1181331800 71968290712 97.4 31223411302214464 96.1
1181456800 71968290912 97.4 31223412146261888 96.1
1181489100 71968304612 97.4 31223420597758336 96.1
1181593700 71968305312 97.4 31223421005310336 96.1
1181657200 71968314312 97.4 31223428414061440 96.1
1181659900 71968326612 97.4 31223432531901312 96.1
1181712500 71968337012 97.4 31223435561188480 96.1
1181721500 71969019812 97.4 31223932127034496 96.1
1181871000 71969019912 97.4 31223932232636896 96.1
1182037700 71969020012 97.4 31223932654652800 96.1
1182223800 71969024212 97.4 31223933641571968 96.1
1182596100 71969024412 97.4 31223933680483968 96.1
1182637400 71969028412 97.4 31223935438377728 96.1
1182724700 71969031912 97.4 31223939252779520 96.1
1182852800 71969035512 97.4 31223942803688960 96.1
1182904400 71969036112 97.4 31223944951264512 96.1
1183007200 71969041512 97.4 31223947347153664 96.1
1183113200 71969053412 97.4 31223950992604928 96.1
1183146100 71969067512 97.4 31223957917996288 96.1
1183225000 71969068312 97.4 31223957977980788 96.1
1183353400 71969068412 97.4 31223958399974580 96.1
1183522300 71969461612 97.4 31224233169763508 96.1
1183529600 71969461912 97.4 31224233386032308 96.1
1183550700 71969462312 97.4 31224234647922100 96.1
1183581000 71969462412 97.4 31224235069945204 96.1
1183625600 71969464012 97.4 31224237349342836 96.1
1183648000 71969465312 97.4 31224238003269236 96.1
1183699300 71969471612 97.4 31224241367932788 96.1
1183737500 71969508312 97.4 31224258455342964 96.1
1183846700 71969564412 97.4 31224274848601972 96.1
1183857200 71969570112 97.4 31224277337784180 96.1
1183867700 71969570312 97.4 31224277865399796 96.1
1184035300 71969570412 97.4 31224278287434196 96.1
1184297100 71969574512 97.4 31224283203172820 96.1
1184435300 71969881912 97.4 31224504524126676 96.1
1184654400 71969887112 97.4 31224505858221012 96.1
1184684200 71969900212 97.4 31224516485996500 96.1
1184781400 71969901212 97.4 31224516822433620 96.1
1184796700 71969901412 97.4 31224517666483092 96.1
1184959100 71969908712 97.4 31224523098352020 96.1
1184992300 71969929312 97.4 31224535315266964 96.1
1185066700 71969930212 97.4 31224535459621668 96.1
1185120000 71969932512 97.4 31224537612077092 96.1
1185230500 71969932812 97.4 31224537817081892 96.1
1185580700 71969934512 97.4 31224538507955172 96.1
1185652100 71969947912 97.4 31224547442084836 96.1
1185712700 71969948712 97.4 31224547612866740 96.1
1185759100 71969950812 97.4 31224550221107124 96.1
1185766200 71970037812 97.4 31224571849273268 96.1
1185995200 71970068412 97.4 31224591510771636 96.1
1186091600 71970096212 97.4 31224602115874740 96.1
1186098200 71971918212 97.4 31226333278412724 96.1
1186221100 71971921012 97.4 31226336380624564 96.1
1186238400 71971921512 97.4 31226337712280500 96.1
1186279500 71971922112 97.4 31226337768190900 96.1
1186346900 71971931812 97.4 31226340885135796 96.1
1186413800 71971935812 97.4 31226341473116596 96.1
1186440900 71971936112 97.4 31226342422753972 96.1
1186475000 71971949212 97.4 31226353358372532 96.1
1186743600 71971950012 97.4 31226355577754036 96.1
1186805900 71971950112 97.4 31226355999757236 96.1
1187015300 71971954512 97.4 31226362461639604 96.1
1187054700 71971955912 97.4 31226363439674932 96.1
1187085400 71971957712 97.4 31226364845037748 96.1
1187105800 71971958012 97.4 31226366111065268 96.1
1187116400 71971962112 97.4 31226368230318900 96.1
1187120300 71971966512 97.4 31226368630692916 96.1
1187228900 71971971612 97.4 31226371368748340 96.1
1187305900 71971976612 97.4 31226374937367860 96.1
1187335200 71971976712 97.4 31226375359387348 96.1
1187410400 71971988812 97.4 31226385210317524 96.1
1187442000 71971998312 97.4 31226389379135188 96.1
1187580600 71971998712 97.4 31226390750772564 96.1
1187711500 71971999012 97.4 31226391383969172 96.1
1187740200 71971999112 97.4 31226391505620372 96.1
1187886800 71972001212 97.4 31226394454244244 96.1
1187911300 71972014212 97.4 31226399408989588 96.1
1187968600 71972073712 97.4 31226459553854868 96.1
1188000600 71972075312 97.4 31226459807180164 96.1
1188248200 71972077312 97.4 31226463341164932 96.1
1188355300 71972077812 97.4 31226464071874052 96.1
1188633700 71972077912 97.4 31226464493873156 96.1
1188635600 71972078112 97.4 31226465021492260 96.1
1188662300 71972078412 97.4 31226466017467172 96.1
1188706500 71972087212 97.4 31226468975762468 96.1
1188751700 71972111512 97.4 31226491422686244 96.1
1188819100 71972816112 97.4 31227028736130084 96.1
1188883200 71972820712 97.4 31227033915636772 96.1
1188901700 71972823112 97.4 31227034877835556 96.1
1188903900 71972824312 97.4 31227036653612196 96.1
1189155100 71972831712 97.4 31227040091747492 96.1
1189171800 71972841412 97.4 31227045472051876 96.1
1189238200 71972842712 97.4 31227050744660644 96.1
1189383200 71972846612 97.4 31227052801833380 96.1
1189383400 71972847512 97.4 31227052986533684 96.1
1189468200 71972848712 97.4 31227053585368884 96.1
1189857600 71972849512 97.4 31227056485188660 96.1
1190046300 71972849812 97.4 31227057457097588 96.1
1190084800 71972853112 97.4 31227058241360500 96.1
1190113000 71972853412 97.4 31227059031855988 96.1
1190120800 71972859912 97.4 31227061699063924 96.1
1190248800 71972860112 97.4 31227062543801524 96.1
1190251700 71972860212 97.4 31227062546463924 96.1
1190286000 71972865812 97.4 31227066195887284 96.1
1190307600 71972866312 97.4 31227066362799284 96.1
1190322300 71972868312 97.4 31227069099403444 96.1
1190385600 71972869012 97.4 31227071268157108 96.1
1190475700 71972871312 97.4 31227072762682932 96.1
1190519700 71972872012 97.4 31227073639974836 96.1
1190665500 71972872312 97.4 31227074484178420 96.1
1190734100 71972881612 97.4 31227079255985652 96.1
1190844900 71972881712 97.4 31227079483897556 96.1
1190905900 71972885912 97.4 31227088738778836 96.1
1190939400 71972886712 97.4 31227090151079636 96.1
1191079100 71972893612 97.4 31227093649833428 96.1
1191143500 71972894312 97.4 31227094623246548 96.1
1191202100 71972895012 97.4 31227094718008052 96.1
1191274600 71972895212 97.4 31227094722308852 96.1
1191364900 71972896212 97.4 31227094866852452 96.1
1191668400 71972897312 97.4 31227095741348452 96.1
1191707300 71972897912 97.4 31227096522250852 96.1
1191828900 71972898712 97.4 31227098744046948 96.1
1192118300 71972899712 97.4 31227100037315684 96.1
1192209900 71972910512 97.4 31227116350576740 96.1
1192222900 71972913312 97.4 31227117297805412 96.1
1192448300 71972917512 97.4 31227118549010404 96.1
1192531600 71972921112 97.4 31227118850627396 96.1
1192637100 71972923612 97.4 31227120799521348 96.1
1192670900 71973137712 97.4 31227382473005636 96.1
1192886700 71973138412 97.4 31227384306093764 96.1
1193223400 71973139312 97.4 31227384824215556 96.1
1193262900 71973142112 97.4 31227386503558916 96.1
1193539300 71973143312 97.4 31227387026618116 96.1
1193595500 71973143712 97.4 31227387363514116 96.1
1193596600 71973152612 97.4 31227392515775236 96.1
1193600000 71973256012 97.4 31227401978354436 96.1
1193787000 71973261412 97.4 31227411399655172 96.1
1193928000 71973811312 97.4 31227932685483780 96.1
1194147800 71973811412 97.4 31227933107486276 96.1
1194225700 71973811512 97.4 31227933529488676 96.1
1194257000 71973814912 97.4 31227934859716644 96.1
1194554200 71973815112 97.4 31227935703730916 96.1
1194623900 71973816112 97.4 31227935801807916 96.1
1194668100 71973816512 97.4 31227937489838252 96.1
1194708400 71973816612 97.4 31227937490247852 96.1
1194937500 71973817912 97.4 31227938684980908 96.1
1195062000 71973820512 97.4 31227939725623596 96.1
1195169600 71973866812 97.4 31227980508401964 96.1
1195922300 71973867012 97.4 31227981021972172 96.1
1196063500 71973869312 97.4 31227981652113164 96.1
1196152700 71973869412 97.4 31227982074142060 96.1
1196210800 71973898812 97.4 31227989581085036 96.1
1196369100 71976243212 97.4 31229248617691500 96.1
1196421300 71976249512 97.4 31229252638607468 96.1
1196433400 71976255412 97.4 31229255535933804 96.1
1196465500 71976255612 97.4 31229256379986732 96.1
1197184600 71976255712 97.4 31229256485577836 96.1
1197199700 71976416312 97.4 31229287447786604 96.1
1197275100 71976418112 97.4 31229291984431724 96.1
1197361200 71976455112 97.4 31229318514453100 96.1
1197383100 71976455312 97.4 31229318848277100 96.1
1197516600 71976455812 97.4 31229318985493100 96.1
1197856400 71976465512 97.4 31229324121356396 96.1
1197906100 71976466112 97.4 31229324345713900 96.1
1197980000 71976466412 97.4 31229325295322732 96.1
1198306600 71976466512 97.4 31229325296346732 96.1
1198332100 71976467412 97.4 31229326678132332 96.1
1198397900 71976472512 97.4 31229328798332140 96.1
1198722200 71976472712 97.4 31229329642382956 96.1
1198748300 71976475512 97.4 31229337933311596 96.1
1198789900 71976477012 97.4 31229339216212332 96.1
1198791200 71976484912 97.4 31229340776906092 96.1
1199273600 71976489012 97.4 31229342009571308 96.1
1199306500 71976489112 97.4 31229342431566220 96.1
1199582000 71976504612 97.4 31229346631749772 96.1
1199599000 71976505812 97.4 31229348126855436 96.1
1199729300 71976514212 97.4 31229353720588556 96.1
1200646700 71976515412 97.4 31229357186017804 96.1
1200920600 71976574312 97.4 31229372218537484 96.1
1201091900 71976574512 97.4 31229373062560076 96.1
1201378100 71976575512 97.4 31229373272765676 96.1
1202116700 71976575712 97.4 31229374116782380 96.1
1202637000 71976578912 97.4 31229375504424620 96.1
1202687400 71976583512 97.4 31229376854466220 96.1
1202762900 71976583712 97.4 31229377283227436 96.1
1203000500 71976584812 97.4 31229377418168428 96.1
1203004000 71976585212 97.4 31229378835312364 96.1
1203594400 71976586912 97.4 31229381608327660 96.1
1203797300 71976587112 97.4 31229382452341228 96.1
1203813700 71976589212 97.4 31229384181631852 96.1
1203843000 71976589612 97.4 31229385236850476 96.1
1204025600 71976597512 97.4 31229390810402092 96.1
1204137100 71976597612 97.4 31229391143989004 96.1
1204732100 71976601312 97.4 31229391959443916 96.1
1204953300 71976605312 97.4 31229394201241036 96.1
1204954100 71976605912 97.4 31229395889466060 96.1
1205214200 71976607412 97.4 31229397238375884 96.1
1205299700 71976607912 97.4 31229399032033868 96.1
1206521800 71976608612 97.4 31229401142248268 96.1
1206649100 71976615612 97.4 31229405495896396 96.1
1206815300 71977047812 97.4 31229960179755340 96.1
1207119400 71977047912 97.4 31229960601767948 96.1
1207372600 71977048112 97.4 31229961145857164 96.1
1207800500 71977052312 97.4 31229965688417420 96.1
1207829600 71977054712 97.4 31229967145474828 96.1
1208053100 71977055412 97.4 31229967235690732 96.1
1208076300 71977056212 97.4 31229969978935020 96.1
1208165200 71977057412 97.4 31229972749655788 96.1
1208171000 71977057512 97.4 31229972855252892 96.1
1208716300 71977057712 97.4 31229972896827292 96.1
1209033000 71977061812 97.4 31229975148584092 96.1
1209449100 71979034112 97.4 31231809503190172 96.1
1209552100 71979034512 97.4 31231811191260700 96.1
1210074600 71979034712 97.4 31231812035282076 96.1
1210412400 71979034812 97.4 31231812457291484 96.1
1210646600 71979037212 97.4 31231815661083868 96.1
1211209400 71981873312 97.4 31233804377873628 96.1
1211462800 71981873512 97.4 31233804895942332 96.1
1211555700 71981873612 97.4 31233805317962748 96.1
1211839600 71981882712 97.4 31233811782250492 96.1
1212073200 71981888112 97.4 31233816801270268 96.1
1212079100 71981893012 97.4 31233819757763068 96.1
1212199200 71981896612 97.4 31233822052669948 96.1
1212206700 71981896912 97.4 31233823006833148 96.1
1212264900 71981897512 97.4 31233824148134396 96.1
1212351100 71981898112 97.4 31233826363813884 96.1
1212432400 71981898312 97.4 31233827000678908 96.1
1213300500 71981899112 97.4 31233827339597020 96.1
1213354100 71981902612 97.4 31233828835789532 96.1
1213434500 71981902812 97.4 31233829363412316 96.1
1213485500 71981905912 97.4 31233832026946140 96.1
1214110900 71982336112 97.4 31234115838458460 96.1
1214168100 71982336212 97.4 31234115944055460 96.1
1214302400 71982336512 97.4 31234117210083748 96.1
1214320900 71982340112 97.4 31234120061577124 96.1
1214469500 71982340412 97.4 31234120528243524 96.1
1215091800 71982342012 97.4 31234122145451844 96.1
1215192600 71982343112 97.4 31234125757242436 96.1
1215273500 71982348412 97.4 31234131031412804 96.1
1215341700 71982348612 97.4 31234131242600404 96.1
1215454800 71982349212 97.4 31234133400632276 96.1
1216534800 71982349312 97.4 31234133527198676 96.1
1217249700 71982351212 97.4 31234139465435092 96.1
1218999100 71982724912 97.4 31234265344493524 96.1
1219832200 71982725312 97.4 31234265558304724 96.1
1220201700 71982725412 97.4 31234265635514324 96.1
1220539600 71982725912 97.4 31234265643501524 96.1
1221261200 71982768612 97.4 31234303817074644 96.1
1221361200 71982771712 97.4 31234304698297428 96.1
1222202900 71982773812 97.4 31234309793098836 96.1
1222696900 71982774212 97.4 31234309802724436 96.1
1222839300 71982879812 97.4 31234360176708692 96.1
1223075000 71982882212 97.4 31234360475640788 96.1
1223278600 71982882512 97.4 31234360794514388 96.1
1223520300 71982893612 97.4 31234369518694356 96.1
1223702700 71982904312 97.4 31234372894530772 96.1
1223707600 71982939112 97.4 31234393516616916 96.1
1223810000 71982941412 97.4 31234395540735060 96.1
1224569300 71982942212 97.4 31234396062904468 96.1
1224648700 71982942312 97.4 31234396484911476 96.1
1224799900 71982948912 97.4 31234400857479540 96.1
1224904500 71982952212 97.4 31234401810170548 96.1
1225112300 71982952512 97.4 31234402759786420 96.1
1225517800 71982952812 97.4 31234403709429748 96.1
1225645800 71982957912 97.4 31234407360252660 96.1
1225651400 71984006812 97.4 31235171503524596 96.1
1225802000 71984358612 97.4 31235358608460532 96.1
1225995100 71984365212 97.4 31235359999339508 96.1
1226541000 71984365612 97.4 31235360869123508 96.1
1226743300 71984641612 97.4 31235503506015668 96.1
1226898500 71984673312 97.4 31235517318648244 96.1
1227206900 71984674612 97.4 31235517934551540 96.1
1227575300 71984697312 97.4 31235526105457140 96.1
1227630800 71984697612 97.4 31235526135562740 96.1
1227653900 71984700912 97.4 31235529934118132 96.1
1227939600 71984701112 97.4 31235530778150708 96.1
1228021100 71984705412 97.4 31235531141241716 96.1
1228186300 71984713112 97.4 31235533474758516 96.1
1228334400 71984714012 97.4 31235535300243956 96.1
1228434400 71984715012 97.4 31235539203972340 96.1
1228516200 71984718312 97.4 31235539782042612 96.1
1228551000 71984720112 97.4 31235542771691508 96.1
1228579100 71984721012 97.4 31235545955710964 96.1
1228583700 71984721212 97.4 31235545967794164 96.1
1228749400 71984806512 97.4 31235552218875380 96.1
1228826200 71984816012 97.4 31235556043629300 96.1
1229060100 71984841912 97.4 31235567140043508 96.1
1229103000 71984843912 97.4 31235569973789940 96.1
1229314500 71984911112 97.4 31235663584322804 96.1
1229387400 71984912212 97.4 31235664016041204 96.1
1229393600 71984912412 97.4 31235664860041204 96.1
1229508900 71984912512 97.4 31235665282065012 96.1
1229629800 71984930212 97.4 31235675779037812 96.1
1229632500 71984930312 97.4 31235676201024500 96.1
1229838500 71984942612 97.4 31235679043823604 96.1
1229943900 71984942912 97.4 31235679993401396 96.1
1229988100 71984944112 97.4 31235681742098868 96.1
1229990600 71984944212 97.4 31235682164120884 96.1
1230006500 71984945012 97.4 31235682167602484 96.1
1230440400 71984945112 97.4 31235682589604884 96.1
1230700500 71984945312 97.4 31235683304308372 96.1
1230835200 71984947312 97.4 31235684784342420 96.1
1230845300 71985081812 97.4 31235733441947028 96.1
1230949500 71985081912 97.4 31235733863971924 96.1
1231282500 71985086412 97.4 31235736567536724 96.1
1232123700 71985086912 97.4 31235738361171412 96.1
1232200000 71985099312 97.4 31235744063196116 96.1
1232416600 71985104512 97.4 31235746478898388 96.1
1232433300 71985358812 97.4 31236032937147604 96.1
1232486000 71985359412 97.4 31236033460873588 96.1
1232641700 71985359612 97.4 31236034304928756 96.1
1232968500 71985363912 97.4 31236047214938100 96.1
1233257200 71985364012 97.4 31236047636956212 96.1
1233605000 71985364812 97.4 31236050739840564 96.1
1233824900 71985366512 97.4 31236051877429684 96.1
1233834100 71985368512 97.4 31236054586219188 96.1
1233984300 71985377012 97.4 31236059315961012 96.1
1234008500 71985377212 97.4 31236060285193332 96.1
1234273300 71985378212 97.4 31236062923109748 96.1
1234322400 71985379512 97.4 31236063481794420 96.1
1234430700 71985379712 97.4 31236064883170036 96.1
1234466000 71985381512 97.4 31236065130254644 96.1
1234547100 71985381912 97.4 31236065681287860 96.1
1234764800 71985410612 97.4 31236078312752820 96.1
1234809900 71985410712 97.4 31236078734754804 96.1
1234918100 71985410812 97.4 31236079156754420 96.1
1235058000 71985410912 97.4 31236079644588020 96.1
1235095600 71985432912 97.4 31236086328440820 96.1
1235120600 71985433312 97.4 31236088016509300 96.1
1235243100 71985433412 97.4 31236088438531700 96.1
1235256500 71985433612 97.4 31236088439760500 96.1
1235261100 71986344112 97.4 31236828914640500 96.1
1235601400 71986344412 97.4 31236830180686324 96.1
1235631800 71986345912 97.4 31236834016321268 96.1
1235644800 71986346012 97.4 31236834438343476 96.1
1235706000 71986347012 97.4 31236834983245876 96.1
1235776400 71986347112 97.4 31236835405262484 96.1
1236096100 71986348112 97.4 31236835562909780 96.1
1236101800 71986348812 97.4 31236835636842580 96.1
1236209200 71986350712 97.4 31236836697872596 96.1
1236356400 71986351312 97.4 31236836879505892 96.1
1236632100 71986354112 97.4 31236837976722532 96.1
1236669300 71986356112 97.4 31236838712475556 96.1
1236847700 71986357412 97.4 31236839082549156 96.1
1237005800 71986357812 97.4 31236840369278244 96.1
1237230900 71986367812 97.4 31236843858685476 96.1
1237273600 71986375312 97.4 31236855808191012 96.1
1237529000 71986377912 97.4 31236863199626276 96.1
1237705700 71986387712 97.4 31236868497149476 96.1
1237867400 71986401612 97.4 31236882671196708 96.1
1238019700 71986401812 97.4 31236883515227684 96.1
1238236500 71986403212 97.4 31236884711983524 96.1
1238567300 71986403312 97.4 31236885298325924 96.1
1238642300 71986404212 97.4 31236886900681124 96.1
1238793000 71986411212 97.4 31236892586719652 96.1
1239067900 71986412312 97.4 31236893385068260 96.1
1239564600 71986593312 97.4 31237000071982820 96.1
1239852000 71986600212 97.4 31237008478386916 96.1
1240458800 71986604712 97.4 31237011104801508 96.1
1241381100 71986607012 97.4 31237011772751332 96.1
1241506100 71986610812 97.4 31237015365449700 96.1
1242067000 71986638712 97.4 31237063272069092 96.1
1242411300 71986639412 97.4 31237064556149348 96.1
1242875800 71986639712 97.4 31237065693851236 96.1
1243031500 71986639912 97.4 31237066221464132 96.1
1244285200 71988956512 97.4 31238351517428292 96.1
1244314600 71988969012 97.4 31238357154175556 96.1
1244318900 71988969412 97.4 31238357537765956 96.1
1244391900 71988969512 97.4 31238357959807460 96.1
1244835500 71988978212 97.4 31238363643430884 96.1
1245067700 71988978712 97.4 31238365753502052 96.1
1245071100 71988978812 97.4 31238366175505252 96.1
1245208400 71988980312 97.4 31238369962332772 96.1
1245733700 71988982212 97.4 31238371867630180 96.1
1246291700 71988992812 97.4 31238384456037988 96.1
1246493900 71988994012 97.4 31238385058764388 96.1
1247334800 71988996312 97.4 31238386068813796 96.1
1247438700 71988996412 97.4 31238386490831204 96.1
1247491200 71988997612 97.4 31238386662121204 96.1
1247517000 71988997712 97.4 31238387084144596 96.1
1248541200 71989001612 97.4 31238397444285396 96.1
1248574000 71989002012 97.4 31238398773673172 96.1
1248593200 71989002612 97.4 31238401305736660 96.1
1248824600 71989003312 97.4 31238401416509060 96.1
1248913200 71989003512 97.4 31238402070364420 96.1
1249299900 71989008812 97.4 31238404237257732 96.1
1249455300 71989009012 97.4 31238404347970836 96.1
1249699300 71989058912 97.4 31238418483658004 96.1
1250150500 71989064212 97.4 31238423160177940 96.1
1250394200 71989065712 97.4 31238427633647892 96.1
1250447400 71989234112 97.4 31238462025777428 96.1
1251603100 71992254812 97.4 31240489306177812 96.2
1252625400 71992264412 97.4 31240503739293972 96.2
1252816000 71992264512 97.4 31240504161295060 96.2
1253032600 71992277312 97.4 31240512104980180 96.2
1253061400 71992277812 97.4 31240514215010388 96.2
1253530900 71992277912 97.4 31240514637043380 96.2
1254173500 71992307212 97.4 31240531247282868 96.2
1254740800 71992307712 97.4 31240532687346612 96.2
1254848800 71992308312 97.4 31240535219453620 96.2
1255160400 71992308712 97.4 31240536591077684 96.2
1255413200 71992313012 97.4 31240537897896756 96.2
1256797600 71992314612 97.4 31240539309970356 96.2
1258173000 71992319012 97.4 31240540939947700 96.2
1258521800 71992319212 97.4 31240541467547604 96.2
1258901400 71992696012 97.4 31241002009728980 96.2
1259690400 71992696212 97.4 31241002536046772 96.2
1259866900 71992696512 97.4 31241003802104372 96.2
1259933000 71992696612 97.4 31241004224122868 96.2
1260440100 71992697212 97.4 31241005174100596 96.2
1260798200 71992698412 97.4 31241006203903988 96.2
1261633900 71992698712 97.4 31241007153537076 96.2
1261664500 71993425912 97.4 31241513223249972 96.2
1261799400 71993426312 97.4 31241513295307172 96.2
1261981300 71993426512 97.4 31241513320087972 96.2
1262016100 71993426612 97.4 31241513742111972 96.2
1262025400 71993426712 97.4 31241513742316772 96.2
1262027200 71993443112 97.4 31241523305527524 96.2
1262034000 71993443312 97.4 31241524149558244 96.2
1262090700 71993443512 97.4 31241524677168548 96.2
1262326900 71995290512 97.4 31243315073764772 96.2
1262529600 71996005812 97.4 31243852873420196 96.2
1262733000 71996006412 97.4 31243855085664932 96.2
1262794200 71996006512 97.4 31243855507673540 96.2
1262843200 71996006612 97.4 31243855613270740 96.2
1262967600 71996007212 97.4 31243855748233940 96.2
1263086000 71996256612 97.4 31243911316482772 96.2
1264184400 71996275912 97.4 31243920986655444 96.2
1264766800 71996277012 97.4 31243924245834964 96.2
1264957600 71996277112 97.4 31243924667852852 96.2
1265167000 71996278112 97.4 31243928271817780 96.2
1265641600 71996482612 97.4 31244047108828212 96.2
1265711100 71996482712 97.4 31244047530830708 96.2
1265968800 71996483312 97.4 31244049219021812 96.2
1266206600 71996483412 97.4 31244049641041204 96.2
1266355300 71996486912 97.4 31244054067053876 96.2
1266537600 71996500612 97.4 31244067092126004 96.2
1267031800 71996500712 97.4 31244067092330804 96.2
1267400900 71996502812 97.4 31244070628202804 96.2
1267829000 71996502912 97.4 31244071050242900 96.2
1267831900 71996505412 97.4 31244072350313300 96.2
1268047400 71996571012 97.4 31244130267409236 96.2
1268335500 71996573612 97.4 31244130816682836 96.2
1268359500 71996734412 97.4 31244331697597268 96.2
1268433000 71996734712 97.4 31244331742653268 96.2
1268656600 71996741212 97.4 31244338206291284 96.2
1268707000 71996742012 97.4 31244339403183700 96.2
1268786500 71996843012 97.4 31244389069723220 96.2
1268934800 71996843112 97.4 31244389491749908 96.2
1270361100 71996843612 97.4 31244391601797652 96.2
1270999800 71996844012 97.4 31244393289816084 96.2
1271254500 71996844112 97.4 31244393314801684 96.2
1271546800 71996844712 97.4 31244395266604820 96.2
1271565000 71996844912 97.4 31244396576231060 96.2
1271830200 71996845512 97.4 31244398642795412 96.2
1272666200 71996846012 97.4 31244398929925012 96.2
1272666300 71996852012 97.4 31244401662336660 96.2
1272699100 71996853012 97.4 31244404426121108 96.2
1273085400 71996921612 97.4 31244441772953492 96.2
1273875400 71997116812 97.4 31244592239759252 96.2
1274144600 71997368612 97.4 31244774244667284 96.2
1274487100 71997369112 97.4 31244776155105044 96.2
1274544700 71997373312 97.4 31244780147042068 96.2
1274567600 71997373412 97.4 31244780569063956 96.2
1274604900 71997374112 97.4 31244781220237460 96.2
1274712800 71997374212 97.4 31244781642255956 96.2
1275711600 71997377712 97.4 31244791899193940 96.2
1275777500 71997379312 97.4 31244795900850260 96.2
1275830100 71997379712 97.4 31244797588933716 96.2
1276446400 71997380112 97.4 31244798507098516 96.2
1276511600 71997380212 97.4 31244798511604116 96.2
1281094500 71998980212 97.4 31245662872134036 96.2
1281490100 71999004812 97.4 31245684621490580 96.2
1285256800 71999010312 97.4 31245696897587604 96.2
1285651700 71999043212 97.4 31245718970909076 96.2
1285653300 71999043912 97.4 31245720442687636 96.2
1285733600 71999045212 97.4 31245725612433044 96.2
1285771900 71999045312 97.4 31245725823508644 96.2
1287023900 71999301012 97.4 31245921195548836 96.2
1288349300 71999301212 97.4 31245922039570724 96.2
1288670100 71999301412 97.4 31245922883601828 96.2
1288711100 71999301512 97.4 31245923094677124 96.2
1288897700 71999304212 97.4 31245926399525508 96.2
1289350500 71999305412 97.4 31245931147302020 96.2
1289490300 71999308812 97.4 31245932189296324 96.2
1290486800 71999346312 97.4 31245959230113476 96.2
1290496000 71999643512 97.4 31246330479036100 96.2
1290510600 71999643612 97.4 31246330495420100 96.2
1290575000 71999643712 97.4 31246330917450596 96.2
1290639100 71999644712 97.4 31246334779996772 96.2
1290643500 71999644812 97.4 31246335202018276 96.2
1291093200 71999644912 97.4 31246335307619172 96.2
1293962600 72000166112 97.4 31246828660562788 96.2
1294873400 72000166912 97.4 31246829034129092 96.2
1294931900 72000320712 97.4 31246871654463172 96.2
1295140700 72000335512 97.4 31246877605138116 96.2
1295153300 72000359912 97.4 31246895094947524 96.2
1295228100 72000360012 97.4 31246895516969316 96.2
1295821200 72002105012 97.4 31248102384691556 96.2
1296067900 72002165512 97.4 31248129696239972 96.2
1296317700 72002170912 97.4 31248132932419428 96.2
1296393400 72002174712 97.4 31248133754306468 96.2
1296541000 72002177212 97.4 31248136668307620 96.2
1297294800 72002177612 97.4 31248136848736420 96.2
1297384600 72002180812 97.4 31248154133434532 96.2
1297400500 72002180912 97.4 31248154175008932 96.2
1300637800 72002281212 97.4 31248208992256164 96.2
1300909200 72004094312 97.4 31249793617477796 96.2
1301923800 72004098112 97.4 31249796751357348 96.2
1301927400 72004102412 97.4 31249799771511460 96.2
1303962600 72004102612 97.4 31249799781341860 96.2
1303969100 72004106512 97.4 31249801733085860 96.2
1303979100 72004122312 97.4 31249813500927652 96.2
1304053100 72004128512 97.4 31249816948845476 96.2
1306176000 72004136112 97.4 31249819089335204 96.2
1306957600 72004138912 97.4 31249820793657252 96.2
1307162900 72004811912 97.4 31250052381235108 96.2
1307259900 72004813112 97.4 31250052569428404 96.2
1307323600 72004954412 97.4 31250123901342132 96.2
1307508600 72004957212 97.4 31250125086283828 96.2
1307926900 72004974312 97.4 31250144122036276 96.2
1308100600 72004977512 97.4 31250146165735476 96.2
1308146400 72004978312 97.4 31250146330492276 96.2
1308189400 72005033112 97.4 31250177219411316 96.2
1308665900 72005039912 97.4 31250181060769396 96.2
1309457800 72005114412 97.4 31250269354972788 96.2
1309491100 72005115712 97.4 31250269896726260 96.2
1309571000 72005123512 97.4 31250273527360500 96.2
1309695100 72005124112 97.4 31250274387315700 96.2
1310021700 72005308912 97.4 31250484230458356 96.2
1310230500 72005309212 97.4 31250484234759156 96.2
1312602100 72005352612 97.4 31250511907529716 96.2
1312965700 72005356612 97.4 31250514315140340 96.2
1313375100 72005366212 97.4 31250520944180980 96.2
1313529200 72005371812 97.4 31250523653441780 96.2
1313679400 72005373812 97.4 31250524404033780 96.2
1313940900 72005375812 97.4 31250526583085812 96.2
1315028800 72005377312 97.4 31250527060636116 96.2
1315363300 72005377812 97.4 31250527088079316 96.2
1315986500 72005378212 97.4 31250527660904916 96.2
1316518600 72007757412 97.4 31251893138067924 96.2
1316629500 72007758112 97.4 31251894471315924 96.2
1325264100 72008371412 97.4 31252412402422228 96.2
1325264300 72008371512 97.4 31252412402627028 96.2
1326891500 72009237712 97.4 31253069640888788 96.2
1326986000 72009239312 97.4 31253069842616788 96.2
1327261400 72009242712 97.4 31253072085774292 96.2
1328816900 72009250712 97.4 31253075781745620 96.2
1330190100 72009284912 97.4 31253199391652820 96.2
1332501400 72009390812 97.4 31253326117805012 96.2
1332506900 72009391112 97.4 31253326161017812 96.2
1334559200 72009399912 97.4 31253331939657172 96.2
1336507100 72009435512 97.4 31253348576406612 96.2
1336654200 72009442512 97.4 31253351851366484 96.2
1336696300 72009447412 97.4 31253353919027284 96.2
1336751800 72009590612 97.4 31253380599158868 96.2
1341678000 72009680112 97.4 31253430736201812 96.2
1342530800 72012328212 97.5 31255301704198228 96.2
1344966600 72012604812 97.5 31255652683294804 96.2
1345133800 72014229612 97.5 31257172401399892 96.2
1345197600 72014230712 97.5 31257174750554708 96.2
1346005100 72014232712 97.5 31257175135483092 96.2
1346240700 72014234512 97.5 31257178371696596 96.2
1346946900 72014268612 97.5 31257192939205588 96.2
1347320200 72014294312 97.5 31257207765670868 96.2
1347449200 72014340012 97.5 31257244673895380 96.2
1347794600 72014373112 97.5 31257263668960212 96.2
1348449300 72014375912 97.5 31257264209283028 96.2
1349217300 72014377412 97.5 31257265058084116 96.2
1349230900 72014610212 97.5 31257343217595668 96.2
1349324900 72014872912 97.5 31257533704713492 96.2
1349412800 72014875612 97.5 31257535597685012 96.2
1350421900 72014879612 97.5 31257538830163988 96.2
1350428400 72014882812 97.5 31257540430061588 96.2
1350476800 72014886312 97.5 31257542489740948 96.2
1352823100 72014888612 97.5 31257545678071188 96.2
1352861900 72014889212 97.5 31257546046542196 96.2
1353064700 72014889312 97.5 31257546203214196 96.2
1353073500 72014889412 97.5 31257546256666996 96.2
1353446400 72015124412 97.5 31257787758629236 96.2
1353453400 72015127612 97.5 31257788398581812 96.2
1353544300 72015127812 97.5 31257788430735412 96.2
1354855800 72016534312 97.5 31258557956741172 96.2
1354856300 72016535012 97.5 31258558634596276 96.2
1354864600 72016536212 97.5 31258558831444468 96.2
1355025200 72016536412 97.5 31258558832673268 96.2
1355038700 72016547612 97.5 31258563400225780 96.2
1355207600 72016551212 97.5 31258566149984500 96.2
1355357200 72016556212 97.5 31258571939308276 96.2
1355743500 72016563312 97.5 31258573917370484 96.2
1356120400 72016690612 97.5 31258734115076212 96.2
1356161000 72016716312 97.5 31258819758315636 96.2
1356989100 72016716612 97.5 31258819956564836 96.2
1358773800 72016717312 97.5 31258820571988836 96.2
1362720500 72017008012 97.5 31259046689031012 96.2
1365122400 72017012412 97.5 31259051428484964 96.2
1365242300 72017012512 97.5 31259051850514564 96.2
1365246400 72017012712 97.5 31259052271019780 96.2
1368596500 72017295012 97.5 31259229188597508 96.2
1369397000 72017372312 97.5 31259259249747716 96.2
1370959900 72019021612 97.5 31260397717022468 96.2
1371165000 72019022512 97.5 31260399214620932 96.2
1371192100 72019024012 97.5 31260400071913732 96.2
1371226400 72019024512 97.5 31260400680214532 96.2
1372437800 72019090112 97.5 31260445008781316 96.2
1375175600 72019097512 97.5 31260450129176580 96.2
1375218700 72019100012 97.5 31260454097100804 96.2
1376200400 72020382412 97.5 31261686359760900 96.2
1376264800 72020382512 97.5 31261686374711300 96.2
1376313800 72020382612 97.5 31261686387818500 96.2
1378101100 72020383112 97.5 31261686677906116 96.2
1381095900 72020383812 97.5 31261687119250116 96.2
1381098100 72020388712 97.5 31261689395997636 96.2
1383730500 72020392512 97.5 31261691069940548 96.2
1388052100 72020602512 97.5 31261784481301316 96.2
1388351400 72021003212 97.5 31262097969218372 96.2
1388489100 72021004512 97.5 31262099907836996 96.2
1388567400 72021135112 97.5 31262277827574852 96.2
1388570200 72021137212 97.5 31262279109008452 96.2
1389407900 72021155212 97.5 31262285598680644 96.2
1389435500 72021158412 97.5 31262286883595844 96.2
1390329200 72021159012 97.5 31262286924760644 96.2
1390394200 72021395212 97.5 31262385953760836 96.2
1393356500 72021417012 97.5 31262469463893572 96.2
1395016200 72021417112 97.5 31262469849122372 96.2
1395045600 72021418512 97.5 31262470067173172 96.2
1395091900 72021619112 97.5 31262599497848628 96.2
1395433600 72021742612 97.5 31262696771360564 96.2
1400254400 72023453612 97.5 31263601268692788 96.2
1401098200 72023454212 97.5 31263601567495988 96.2
1401725800 72023789412 97.5 31263950595422004 96.2
1401780600 72023789812 97.5 31263950948497204 96.2
1401819200 72023790712 97.5 31263951418718004 96.2
1401851500 72023791012 97.5 31263951518455604 96.2
1410196800 72025698612 97.5 31265259552659252 96.2
1410199000 72025698912 97.5 31265260183421620 96.2
1410245600 72025700212 97.5 31265261009175220 96.2
1412757900 72027004312 97.5 31266516687323828 96.2
1414417000 72027004512 97.5 31266517531368628 96.2
1414417400 72027004612 97.5 31266517953391028 96.2
1414485900 72027006512 97.5 31266519286441908 96.2
1416403500 72027109812 97.5 31266558002259892 96.2
1416415200 72027110912 97.5 31266558194321396 96.2
1418222000 72027146712 97.5 31266611572479988 96.2
1418264900 72027279612 97.5 31266653172152308 96.2
1418266900 72027280112 97.5 31266653287734212 96.2
1418595700 72027361912 97.5 31266765881637828 96.2
1421458000 72027380412 97.5 31266823891078084 96.2
1422973000 72027390212 97.5 31266834443809732 96.2
1422990200 72027392312 97.5 31266835017438212 96.2
1423000700 72027821012 97.5 31267167795123204 96.2
1425314200 72027893812 97.5 31267223190311940 96.2
1426021200 72027894012 97.5 31267223297012740 96.2
1429141600 72027894512 97.5 31267224106996740 96.2
1432932500 72028994312 97.5 31267793985049604 96.2
1438911600 72028996112 97.5 31267794393420804 96.2
1438914100 72028996812 97.5 31267794521011204 96.2
1438993000 72028997212 97.5 31267795163878404 96.2
1438996200 72028999812 97.5 31267797444121604 96.2
1446678100 72029162712 97.5 31267913834902532 96.2
1451611600 72029166312 97.5 31267921260336132 96.2
1451742000 72029171612 97.5 31267927374593540 96.2
1454339400 72029590412 97.5 31268290398551556 96.2
1454563600 72029590612 97.5 31268290403876356 96.2
1460073700 72030536012 97.5 31268895609765380 96.2
1460100900 72030536312 97.5 31268896240527364 96.2
1460102300 72030538412 97.5 31268898389604356 96.2
1466116800 72031548712 97.5 31269732937611268 96.2
1466124400 72031548912 97.5 31269732964440068 96.2
1466493100 72031593712 97.5 31269814815176708 96.2
1466509000 72031594812 97.5 31269815155661316 96.2
1466569200 72031594912 97.5 31269815254989316 96.2
1468651800 72031699312 97.5 31269842221208068 96.2
1472136700 72031712812 97.5 31269892593906180 96.2
1472187100 72031712912 97.5 31269892594315780 96.2
1472213600 72031715312 97.5 31269892886584772 96.2
1476664000 72031717512 97.5 31269901165202372 96.2
1480468000 72032095812 97.5 31270200222387140 96.2
1481225800 72032096012 97.5 31270200460393844 96.2
1481913500 72032186512 97.5 31270316719005044 96.2
1483119100 72032322912 97.5 31270375485672820 96.2
1485594900 72032325112 97.5 31270381765164916 96.2
1489230100 72033224812 97.5 31270848245301108 96.2
1490035100 72033225412 97.5 31270850777385332 96.2
1491593200 72033226112 97.5 31270850808310132 96.2
1493259500 72033227312 97.5 31270854606832244 96.2
1493360900 72033345712 97.5 31270948562174580 96.2
1493367900 72033347612 97.5 31270949153022580 96.2
1493387000 72033349212 97.5 31270950922698740 96.2
1493727700 72033351912 97.5 31270951914078516 96.2
1496460800 72033364212 97.5 31270960965120308 96.2
1497182600 72033567612 97.5 31271082231320884 96.2
1497633000 72033568712 97.5 31271084005093684 96.2
1497761100 72033569112 97.5 31271085376699956 96.2
1502509000 72033569312 97.5 31271086220714164 96.2
1503561400 72033945912 97.5 31271401936855220 96.2
1503565500 72033946412 97.5 31271402190397620 96.2
1503572500 72033949712 97.5 31271407583336116 96.2
1509232900 72034693912 97.5 31271934851323572 96.2
1512371100 72035285712 97.5 31272443694749364 96.2
1517647500 72035286612 97.5 31272444830570164 96.2
1517693800 72035286812 97.5 31272444856579764 96.2
1518083800 72035344912 97.5 31272471065908916 96.2
1519387300 72035345012 97.5 31272471066318516 96.2
1523140000 72035644912 97.5 31272682860041908 96.2
1523196100 72035646412 97.5 31272683428212276 96.2
1523441600 72035694312 97.5 31272742260051508 96.2
1526809900 72035717012 97.5 31272771609632308 96.2
1526815500 72035717212 97.5 31272771965165108 96.2
1528806000 72036351212 97.5 31273135775227444 96.3
1528952700 72036352312 97.5 31273136157459540 96.3
1531950600 72036457412 97.5 31273211164419156 96.3
1531952000 72036457612 97.5 31273211584929044 96.3
1541739600 72036664912 97.5 31273379159842068 96.3
1541845000 72036665212 97.5 31273379226423268 96.3
1541907100 72036667312 97.5 31273382382879204 96.3
1548112900 72036917712 97.5 31273598470275556 96.3
1548119900 72036918712 97.5 31273598874550756 96.3
1549062000 72036929112 97.5 31273632549343716 96.3
1551051400 72036931412 97.5 31273632695473012 96.3
1555654000 72037498412 97.5 31274043347489652 96.3
1555751800 72037500912 97.5 31274044048520052 96.3
1564936500 72037902712 97.5 31274478768108404 96.3
1568767400 72037903312 97.5 31274479420763892 96.3
1569101800 72037903512 97.5 31274479432847092 96.3
1569102000 72038001512 97.5 31274519185768180 96.3
1569130100 72038001912 97.5 31274519609289268 96.3
1571680600 72038002112 97.5 31274520310729268 96.3
1572251600 72038035512 97.5 31274540353577524 96.3
1572261100 72038039012 97.5 31274547937316916 96.3
1575090800 72038118612 97.5 31274589292220468 96.3
1575744700 72038154712 97.5 31274631062204468 96.3
1581794000 72038659612 97.5 31274912861794356 96.3
1581829400 72038660412 97.5 31274913045063764 96.3
1581837500 72038660512 97.5 31274913045268564 96.3
1582912100 72038669612 97.5 31274923649716308 96.3
1585789700 72038672012 97.5 31274932378585172 96.3
1587010400 72038720012 97.5 31274962888869972 96.3
1587086000 72038723512 97.5 31274965820377172 96.3
1599696500 72038970312 97.5 31275174055135316 96.3
1599761200 72038971012 97.5 31275176170719316 96.3
1606100000 72039100212 97.5 31275272393123924 96.3
1610887400 72039250912 97.5 31275386716932180 96.3
1611419800 72039255212 97.5 31275386970990580 96.3