# 75957411840 52831297491435520 950340 6119524000 5378653780120700 0 0
16200 43939934208 57.8 11109078939992064 21.0
3944100 49551492096 65.2 18717871202893824 35.4
7159900 51383915264 67.6 21206389212839936 40.1
10025800 52532480000 69.2 22796794261929984 43.2
12712700 53369432704 70.3 23971751553662976 45.4
15257100 54028268800 71.1 24908110661419008 47.1
17625200 54572490624 71.8 25687197059383296 48.6
20053000 55033040704 72.5 26349949906059264 49.9
22319400 55433379616 73.0 26931287553998848 51.0
24522600 55787426112 73.4 27446655812894720 52.0
26606600 56111007712 73.9 27918545312546816 52.8
28777000 56398181024 74.2 28341849403949056 53.6
30820200 56658912128 74.6 28726286054588416 54.4
32897400 56898070432 74.9 29080839899840512 55.0
34784300 57118975840 75.2 29407800895471616 55.7
36667300 57325264336 75.5 29714600274427904 56.2
38622600 57517369136 75.7 30000570739720192 56.8
40469700 57698020736 76.0 30269054027563008 57.3
42346100 57867725632 76.2 30521792955154432 57.8
44101500 58028220336 76.4 30761589384675328 58.2
45850400 58182157232 76.6 30991555003154432 58.7
46172400 58194197432 76.6 30998996899069952 58.7
49307000 58453627928 77.0 31407364469948416 59.4
49623400 58475005628 77.0 31419410930466816 59.5
52632300 58708425116 77.3 31789300325548032 60.2
53155000 58730161216 77.3 31803070615650304 60.2
55924100 58941055808 77.6 32137859054960640 60.8
56336200 58962682108 77.6 32153098985144320 60.9
59128800 59157221708 77.9 32462137854001152 61.4
59732700 59175819108 77.9 32474980191043584 61.5
62101700 59358971716 78.1 32763559614087168 62.0
62710900 59377159816 78.2 32776111956951040 62.0
65479100 59543382520 78.4 33040361145237504 62.5
65967900 59560719020 78.4 33052581599117312 62.6
68632400 59715920812 78.6 33299959769989120 63.0
69101100 59731991812 78.6 33311626506534912 63.1
71417200 59877258116 78.8 33543267179036672 63.5
71993500 59892325016 78.8 33554057117302784 63.5
74518900 60028947416 79.0 33771388871376896 63.9
75151800 60043355816 79.0 33782061024149504 63.9
77350700 60171655912 79.2 33987306824138752 64.3
77931600 60187281512 79.2 33999264838320128 64.4
78124400 60190442012 79.2 34001608216936448 64.4
81835400 60364589420 79.5 34284017449697280 64.9
82143600 60384435520 79.5 34297929201090560 64.9
82386700 60389849020 79.5 34301812106592256 64.9
85899400 60551005020 79.7 34564432428531712 65.4
86381200 60567441220 79.7 34575975739293696 65.4
86592000 60573867720 79.7 34581044767490048 65.5
90334000 60723874424 79.9 34825260533809152 65.9
90675800 60739239724 80.0 34836447362285568 65.9
90715500 60744761824 80.0 34840824667701248 65.9
94417700 60884534224 80.2 35067485107519488 66.4
94467100 60899214024 80.2 35078412466913280 66.4
94977800 60905573824 80.2 35083683196567552 66.4
98386700 61035030224 80.4 35295002046758912 66.8
98554200 61046539224 80.4 35301411990798336 66.8
98838800 61053268624 80.4 35306807491559424 66.8
101729800 61175758824 80.5 35506501073240064 67.2
101840500 61186966124 80.6 35513205536063488 67.2
101924900 61194379424 80.6 35519175165739008 67.2
105302800 61310181224 80.7 35706630758203392 67.6
105964200 61320789424 80.7 35713268990869504 67.6
106605600 61324307224 80.7 35716360898347008 67.6
106828900 61334786524 80.7 35724711159922688 67.6
110323100 61471346620 80.9 35952204387188736 68.1
110440100 61484008820 80.9 35959582790778880 68.1
111151500 61495049220 81.0 35970032524853248 68.1
111279700 61500417420 81.0 35974179093741568 68.1
114967800 61627747116 81.1 36186270786387968 68.5
115598400 61640942316 81.2 36193673088598016 68.5
115876000 61645133716 81.2 36197837433208832 68.5
116641400 61654470816 81.2 36206447397175296 68.5
119627400 61773528720 81.3 36405266768461824 68.9
120029000 61786569220 81.3 36412147113656320 68.9
120705700 61791390620 81.4 36417126514819072 68.9
120880900 61802136920 81.4 36425949698850816 68.9
124840400 61913350824 81.5 36614163353042944 69.3
125272900 61924635024 81.5 36620608433815552 69.3
125661700 61928936024 81.5 36624464990699520 69.3
125779200 61938995924 81.5 36631944275165184 69.3
129314600 62044099828 81.7 36809524630519808 69.7
129985000 62054738628 81.7 36816063514804224 69.7
130071200 62059813728 81.7 36820880882663424 69.7
130706400 62063100728 81.7 36822875105263616 69.7
130931100 62072096428 81.7 36830319324299264 69.7
135418400 62195228428 81.9 37039026700156928 70.1
135694600 62208208228 81.9 37045536372686848 70.1
135907800 62211842328 81.9 37048783500083200 70.1
136232400 62222576728 81.9 37057347024191488 70.1
136492800 62227779828 81.9 37061835141283840 70.2
140489300 62342837628 82.1 37259154746900480 70.5
141183300 62354931528 82.1 37265524660502528 70.5
141804900 62357239028 82.1 37268276037156864 70.5
142101200 62362005528 82.1 37271562711072768 70.5
142348700 62370385728 82.1 37277533869572096 70.6
146217400 62480398328 82.3 37461864588115968 70.9
146706300 62490080728 82.3 37466866992414720 70.9
147119100 62492640628 82.3 37470003555336192 70.9
147189100 62501933828 82.3 37477575950204928 70.9
147485400 62507204528 82.3 37481417066545152 70.9
151346100 62609142224 82.4 37652028166373376 71.3
152253800 62617999724 82.4 37656550742294528 71.3
152910700 62623043124 82.4 37660320024363008 71.3
153272300 62625871224 82.4 37662793782657024 71.3
153320900 62628812024 82.5 37665854021042176 71.3
153909000 62637216424 82.5 37673116067299328 71.3
157610800 62642599324 82.5 37677398284173312 71.3
158033100 62757427924 82.6 37869178019512320 71.7
158296400 62765802424 82.6 37876694921117696 71.7
158304200 62775868724 82.6 37881969833541632 71.7
158704400 62780350124 82.7 37885360247013376 71.7
159172600 62782637024 82.7 37887783885733888 71.7
163175600 62890014424 82.8 38066670884225024 72.1
164196500 62898539824 82.8 38071328836550656 72.1
164387900 62902798024 82.8 38074427928608768 72.1
165006600 62904776624 82.8 38076699726708736 72.1
165641700 62909366724 82.8 38079949465583616 72.1
166450900 62918754824 82.8 38087578571636736 72.1
168927100 62927347324 82.8 38092001236090880 72.1
169505200 63028549020 83.0 38261161878487040 72.4
169699200 63030333820 83.0 38262754940157952 72.4
170436400 63034825120 83.0 38265406543495168 72.4
171010600 63038079420 83.0 38268272995336192 72.4
171107600 63047935220 83.0 38275818327506944 72.4
175234500 63049956520 83.0 38277760004390912 72.5
175568700 63058346420 83.0 38281587387006976 72.5
175688000 63152050820 83.1 38440465592483840 72.8
176248400 63153370520 83.1 38441663919947776 72.8
176666500 63161305720 83.2 38445417425403904 72.8
176778200 63167353920 83.2 38449259660574720 72.8
177036900 63172142820 83.2 38455634817581056 72.8
181108600 63173608520 83.2 38457421304168448 72.8
181586500 63273822616 83.3 38629283682320384 73.1
182235900 63282377816 83.3 38633267347062784 73.1
182655200 63284488616 83.3 38635313352540160 73.1
183113200 63293112316 83.3 38639535386132480 73.1
183888000 63300417116 83.3 38646343418380288 73.2
184195600 63303841816 83.3 38648806319718400 73.2
189476100 63305910816 83.3 38650977666859008 73.2
189655900 63395764616 83.5 38809419262066688 73.5
189830900 63399500916 83.5 38812006814711808 73.5
190014300 63405911416 83.5 38815109209260032 73.5
190055100 63413666316 83.5 38822244301275136 73.5
190308800 63422175016 83.5 38826487426187264 73.5
191500600 63426136916 83.5 38829309945839616 73.5
195149700 63510922916 83.6 38978453641494528 73.8
195631500 63516709416 83.6 38981276023259136 73.8
195868700 63517859716 83.6 38982708019986432 73.8
196569800 63521312616 83.6 38985423653306368 73.8
196728100 63529317616 83.6 38989295854682112 73.8
197128100 63533187416 83.6 38991983614754816 73.8
197317300 63534895316 83.6 38993937764450304 73.8
197588700 63542358016 83.7 38999963100250112 73.8
202980100 63634141216 83.8 39160605362880512 74.1
203363900 63636299416 83.8 39162319369142272 74.1
203407600 63643667816 83.8 39168192833388544 74.1
203665700 63650498316 83.8 39171615750619136 74.1
204213900 63657139116 83.8 39174614302588928 74.2
204426300 63658824616 83.8 39176212912144384 74.2
204722300 63661501816 83.8 39177890249703424 74.2
204961200 63663249116 83.8 39179715017310208 74.2
208889800 63750113212 83.9 39330963079168000 74.4
209391500 63758954112 83.9 39337791972311040 74.5
209415800 63761058712 83.9 39339871397871616 74.5
209540900 63768113112 84.0 39343466906255360 74.5
209809000 63772737012 84.0 39346233603391488 74.5
211182300 63774858212 84.0 39347498421846016 74.5
211282800 63775749812 84.0 39348798959386624 74.5
211292700 63778995412 84.0 39351120528932864 74.5
212243500 63781954912 84.0 39353215297126400 74.5
215775300 63872642912 84.1 39512161869758464 74.8
216327100 63880156012 84.1 39515153076453376 74.8
217030800 63883982612 84.1 39518576449028096 74.8
217173800 63889733012 84.1 39521164789415936 74.8
218463100 63894941112 84.1 39524917110767616 74.8
218731900 63897920912 84.1 39527533368967168 74.8
218827900 63898875412 84.1 39528416433471488 74.8
219162100 63901465412 84.1 39530755209887744 74.8
219585800 63904867112 84.1 39533205047017472 74.8
223317000 63993686408 84.2 39682904336957440 75.1
224637800 63995148108 84.3 39684246494052352 75.1
224637900 63999711508 84.3 39688919836327936 75.1
225088600 64006788008 84.3 39691612671770624 75.1
225657400 64009423908 84.3 39693997201489920 75.1
225973900 64012365908 84.3 39696041711697920 75.1
226221500 64018617808 84.3 39702883620814848 75.2
226813400 64019590308 84.3 39703844541759488 75.2
227665800 64023608908 84.3 39706295743610880 75.2
228157700 64024206008 84.3 39706873481461760 75.2
232865700 64109024808 84.4 39852258107654144 75.4
234477600 64111898608 84.4 39854304353648640 75.4
235342900 64116113108 84.4 39859595578769408 75.4
235775600 64117294208 84.4 39860739011182592 75.4
236057000 64121425008 84.4 39862571152900096 75.5
236312300 64124237408 84.4 39865442987868160 75.5
236452200 64133308808 84.4 39869592442699776 75.5
236785000 64135864808 84.4 39871922782535680 75.5
238023800 64137005808 84.4 39872912411394048 75.5
238087700 64146543308 84.5 39882755249602560 75.5
240448300 64146818608 84.5 39882919339769856 75.5
240679200 64223566912 84.6 40017893753765888 75.7
241337800 64230998912 84.6 40023338455285760 75.8
241550000 64231264612 84.6 40023682289483776 75.8
241662900 64235463912 84.6 40026254387691520 75.8
243075000 64238318812 84.6 40028303534309376 75.8
243095800 64242629312 84.6 40032465511759872 75.8
243417000 64242720812 84.6 40032516441440256 75.8
243650000 64246218212 84.6 40037163490148352 75.8
244000000 64261273212 84.6 40049387671715840 75.8
244128200 64261316812 84.6 40049438282289152 75.8
247984100 64338937308 84.7 40184189232156672 76.1
249575800 64338978308 84.7 40184225288585216 76.1
249621600 64345426508 84.7 40187539891585024 76.1
249989500 64350466308 84.7 40192944538025984 76.1
250657100 64354422108 84.7 40196093496164352 76.1
251277600 64354600608 84.7 40196195357589504 76.1
252216300 64354867008 84.7 40196473028116480 76.1
252598700 64366136808 84.7 40204921682296832 76.1
253474900 64369687708 84.7 40206929566531584 76.1
253749100 64369790608 84.7 40207073302233088 76.1
254792700 64380488708 84.8 40219033292980224 76.1
259042600 64380875908 84.8 40219606790455296 76.1
259311100 64383128408 84.8 40221466789429248 76.1
259562400 64390461908 84.8 40229082254032896 76.1
260303900 64394983608 84.8 40232632367988736 76.2
260552200 64395154608 84.8 40232756321632256 76.2
260673600 64399667308 84.8 40236005419827200 76.2
260951900 64404772208 84.8 40237808160522240 76.2
261740400 64469407308 84.9 40355664034447360 76.4
263124000 64471673708 84.9 40357992570470400 76.4
263293000 64478253608 84.9 40362952486469632 76.4
263330500 64478602708 84.9 40363150168424448 76.4
264147000 64490038008 84.9 40375901643210752 76.4
267593100 64555861808 85.0 40495026226987008 76.6
267770300 64556095008 85.0 40495275509022720 76.7
267957000 64556284108 85.0 40495485254189056 76.7
268300400 64556748108 85.0 40495846759088128 76.7
268314300 64557099008 85.0 40496207544827904 76.7
268417000 64562317308 85.0 40499661005766656 76.7
268570700 64568233008 85.0 40504932452122624 76.7
268893800 64576452608 85.0 40514078865997824 76.7
270404900 64585442108 85.0 40520938360258560 76.7
271409200 64586693908 85.0 40522374395052032 76.7
272409200 64597376108 85.0 40534221877788672 76.7
272711300 64598135808 85.0 40534989874118656 76.7
274928000 64604108608 85.1 40539339933859840 76.7
274976700 64604284408 85.1 40539531087151104 76.7
275256400 64607619508 85.1 40542533411110912 76.7
275271500 64607719208 85.1 40542745155993600 76.7
275646100 64671764308 85.1 40655287433953280 77.0
275664400 64672128208 85.1 40655751595032576 77.0
276342900 64674166808 85.1 40657139599409152 77.0
276417100 64677358008 85.1 40659233311293440 77.0
277614500 64690834108 85.2 40671328593510400 77.0
278083600 64694211408 85.2 40674444304711680 77.0
278125900 64699831708 85.2 40681361252548608 77.0
278619600 64700068708 85.2 40681745661558784 77.0
279188300 64700348408 85.2 40682020069441536 77.0
283880600 64700508608 85.2 40682215695253504 77.0
284290800 64766721008 85.3 40797396744077312 77.2
284379400 64769923308 85.3 40800499174801408 77.2
284474400 64770013008 85.3 40800616667357184 77.2
285598600 64778898408 85.3 40808784867827712 77.2
285987000 64781814908 85.3 40810447172476928 77.2
286072400 64782466008 85.3 40811013080293376 77.2
286354500 64782656208 85.3 40811217484685312 77.2
286860100 64786514708 85.3 40813929114542080 77.3
286944500 64807456608 85.3 40830257458225152 77.3
287489000 64807723908 85.3 40830484817289216 77.3
287655100 64807942108 85.3 40830824451842048 77.3
288304500 64810808508 85.3 40834747644157952 77.3
290787200 64810993608 85.3 40834939318362112 77.3
291270900 64845383708 85.4 40914861521035264 77.4
291448700 64862077008 85.4 40935020933603328 77.5
291640700 64862285608 85.4 40935223090094080 77.5
291909800 64864300208 85.4 40936543542059008 77.5
292960300 64870062108 85.4 40942787290472448 77.5
293827200 64876996708 85.4 40950538526269440 77.5
296034700 64886873808 85.4 40960696438497280 77.5
297469500 64901572108 85.4 40967586567954432 77.5
297565100 64905588608 85.4 40976178734440448 77.6
297743800 64905831708 85.5 40976416700129280 77.6
298668000 64907478408 85.5 40978196488413184 77.6
298749300 64907766508 85.5 40978498789761024 77.6
300723400 64912383608 85.5 40984146319433728 77.6
303294300 64912457208 85.5 40984189814198272 77.6
303510100 64924195408 85.5 40996384467865600 77.6
303972600 64971177908 85.5 41083374097944576 77.8
304502400 64972716808 85.5 41085053044150272 77.8
304709300 64973031408 85.5 41085467340230656 77.8
304898600 64973139608 85.5 41085546433155072 77.8
304975900 64973356708 85.5 41085726004531200 77.8
305064100 64973477208 85.5 41085852191608832 77.8
305250800 64982866808 85.6 41103941417357312 77.8
305802200 64988984508 85.6 41109793385795584 77.8
305936700 64995231808 85.6 41117078221803520 77.8
305948200 64997860208 85.6 41119375739113472 77.8
306231300 65012065308 85.6 41125034636398592 77.8
307127400 65013116008 85.6 41126291386978304 77.8
308179700 65013678908 85.6 41126781723201536 77.8
311271000 65060749108 85.7 41213824411226112 78.0
311321900 65063326308 85.7 41215501559517184 78.0
311395000 65063518108 85.7 41215691358736384 78.0
311943500 65063726608 85.7 41215896460906496 78.0
312253800 65067121608 85.7 41218269955149824 78.0
312850500 65067361208 85.7 41218482622091264 78.0
312910600 65070199208 85.7 41222158637780992 78.0
313862900 65070489808 85.7 41222402493763584 78.0
313864300 65070551508 85.7 41222488908238848 78.0
313897300 65082124808 85.7 41235060175802368 78.1
314466300 65094584108 85.7 41239904390352896 78.1
314726300 65100895608 85.7 41253962454798336 78.1
315071400 65106399608 85.7 41260651620470784 78.1
315085900 65106540508 85.7 41260764622491648 78.1
317424200 65106582708 85.7 41260797319086080 78.1
317777400 65107503108 85.7 41261607478198272 78.1
321350300 65109377108 85.7 41262910713724928 78.1
321720500 65109498908 85.7 41263064261476352 78.1
322013900 65160708408 85.8 41355025936957440 78.3
322128000 65160813408 85.8 41355153235804160 78.3
322345200 65167077908 85.8 41360920261722112 78.3
322683400 65170879608 85.8 41364580732796928 78.3
322767000 65170915008 85.8 41364604166217728 78.3
323842100 65175189408 85.8 41366863612092416 78.3
324676200 65186694308 85.8 41379592237359104 78.3
325231200 65191212908 85.8 41391627329216512 78.3
325692700 65191399708 85.8 41391865252438016 78.3
327886000 65191671708 85.8 41392221433061376 78.3
328196300 65194803408 85.8 41396388402257920 78.4
328286500 65204917708 85.8 41400854563741696 78.4
329034100 65208131308 85.8 41404315040702464 78.4
329249400 65208747408 85.8 41404721905917952 78.4
332951400 65208874408 85.8 41404819787612160 78.4
333657400 65253804208 85.9 41486369338294272 78.5
334009400 65255400008 85.9 41487758174584832 78.5
334276300 65260340508 85.9 41489387429167104 78.5
334280100 65260416508 85.9 41489430190350336 78.5
334562700 65262307608 85.9 41490548227039232 78.5
334823500 65262493608 85.9 41490686810824704 78.5
335044600 65264078008 85.9 41491596554838016 78.5
335293500 65267827608 85.9 41493498961895424 78.5
335783100 65267867508 85.9 41493550356856832 78.5
335852900 65273289408 85.9 41500241033003008 78.6
336368300 65279143308 85.9 41505466001752064 78.6
336761800 65284283408 85.9 41510262100295680 78.6
336914800 65292925308 86.0 41524052858601472 78.6
337231900 65293030608 86.0 41524168764563456 78.6
338541900 65304781308 86.0 41537359932432384 78.6
340597500 65310628308 86.0 41544850742321152 78.6
341550200 65312746308 86.0 41546485248172032 78.6
341612800 65312861608 86.0 41546601437904896 78.6
342103200 65352095608 86.0 41622301645783040 78.8
342436600 65355830008 86.0 41624138144071680 78.8
342885800 65356003608 86.0 41624372193247232 78.8
343128300 65356630708 86.0 41624955433566208 78.8
343265900 65357179008 86.0 41625430449045504 78.8
343659800 65357673708 86.0 41625938191695872 78.8
343686900 65358669208 86.0 41627035329937408 78.8
345021600 65359786008 86.0 41627927891132416 78.8
345206400 65370184908 86.1 41639595739168768 78.8
346424200 65380276508 86.1 41643599886794752 78.8
346981400 65385967408 86.1 41647983859843072 78.8
347060800 65385998008 86.1 41648026865229824 78.8
347274600 65390956008 86.1 41660811907031040 78.9
347315500 65391074108 86.1 41660897911193600 78.9
347705300 65396876208 86.1 41666499005202432 78.9
347934200 65406308308 86.1 41677191016955904 78.9
350545700 65434548308 86.1 41737656954863616 79.0
351748900 65447357108 86.2 41753442226356224 79.0
353135300 65450194808 86.2 41755632878567424 79.0
353278400 65450359008 86.2 41755815499218944 79.0
353670500 65450419108 86.2 41755850113032192 79.0
354000900 65452963608 86.2 41757903049596928 79.0
354047000 65454130208 86.2 41758945553817600 79.0
354174100 65454161208 86.2 41758977376870400 79.0
354480700 65455258008 86.2 41760001524981760 79.0
356311800 65464886908 86.2 41770792970051584 79.1
356867700 65466264108 86.2 41771892383113216 79.1
358089200 65472765808 86.2 41777909213388800 79.1
358600700 65472900108 86.2 41778068234887168 79.1
358683700 65479518408 86.2 41782532352172032 79.1
359323400 65479546408 86.2 41782566233362432 79.1
359380100 65484844108 86.2 41794994684874752 79.1
359472300 65484891808 86.2 41795026585729024 79.1
359897400 65490540108 86.2 41797488342546432 79.1
360557900 65498103208 86.2 41807118836774912 79.1
360989100 65498553808 86.2 41807527762573312 79.1
361741500 65501647108 86.2 41810104447514624 79.1
362330900 65504299708 86.2 41812994144974848 79.1
362599400 65532001108 86.3 41872476241770496 79.3
362628800 65534243308 86.3 41874000402692096 79.3
363015000 65534343608 86.3 41874130530220032 79.3
363327000 65534503408 86.3 41874314417240064 79.3
364027200 65545049808 86.3 41886069630531584 79.3
364267500 65556605808 86.3 41900369540642816 79.3
365103800 65559505408 86.3 41911310515795968 79.3
365171900 65561706708 86.3 41913108602910720 79.3
365300800 65565529808 86.3 41914762791581696 79.3
365408600 65568338208 86.3 41916096441972736 79.3
365869700 65569568508 86.3 41917349842614272 79.3
366290000 65575313008 86.3 41922805810558976 79.4
366403300 65575318508 86.3 41922820466105344 79.4
366591600 65575437708 86.3 41922998084099072 79.4
366704200 65584502108 86.3 41927708038454272 79.4
367086200 65585083708 86.3 41928379259935744 79.4
367552700 65590477708 86.4 41934263832271872 79.4
369877800 65592586308 86.4 41936543287335936 79.4
370761900 65592630108 86.4 41936587039681536 79.4
370852900 65594425908 86.4 41938319356046336 79.4
371059700 65594516108 86.4 41938405078543360 79.4
371211000 65633190908 86.4 42013169931463680 79.5
371446600 65633459508 86.4 42013473758424064 79.5
371505800 65636058108 86.4 42014476711668736 79.5
372663500 65639170608 86.4 42015833585921024 79.5
373301000 65644043408 86.4 42021838682631168 79.5
373765100 65645639208 86.4 42023629858581504 79.5
373916100 65646112308 86.4 42024065501342720 79.5
374467700 65646753108 86.4 42024476565548032 79.5
374845300 65646795708 86.4 42024561748290560 79.5
375031800 65647207008 86.4 42024973220555776 79.5
375677200 65650059408 86.4 42035674398960640 79.6
376225100 65661057008 86.4 42041875534294016 79.6
377735300 65671916108 86.5 42049565942721536 79.6
377920700 65672388608 86.5 42049982141705216 79.6
378263700 65672467908 86.5 42050081500376064 79.6
378546400 65672594608 86.5 42050192083954688 79.6
379320400 65672963608 86.5 42050528293071872 79.6
380991000 65720964408 86.5 42134798302882816 79.8
383622900 65721020808 86.5 42134846044007424 79.8
384118700 65722543808 86.5 42135797852367872 79.8
384417200 65722686308 86.5 42135934098828288 79.8
384703500 65725989508 86.5 42139741702417408 79.8
384734500 65727321408 86.5 42141170861698048 79.8
385142200 65731755908 86.5 42143231114701824 79.8
385143600 65731826308 86.5 42143310477757440 79.8
385253900 65731899408 86.5 42143388768054272 79.8
385371800 65731982108 86.5 42143490610121728 79.8
386345300 65736377008 86.5 42145958427708416 79.8
386460100 65736622108 86.5 42146228215467008 79.8
386678100 65739525008 86.5 42156973888097280 79.8
387316000 65739736508 86.5 42157227382705152 79.8
387481200 65743317808 86.6 42159368662453248 79.8
387574800 65744052008 86.6 42160004581788672 79.8
387839100 65746146208 86.6 42162717836938240 79.8
387956000 65746600108 86.6 42163135011884032 79.8
388238200 65746698408 86.6 42163220565593088 79.8
388919900 65758940008 86.6 42177536818809856 79.8
389228300 65770208808 86.6 42185325894568960 79.8
389295100 65770582408 86.6 42185741853363200 79.8
390386200 65782022408 86.6 42200532692077568 79.9
390480400 65782338908 86.6 42200830497459200 79.9
391078500 65786734808 86.6 42206239156800512 79.9
392256100 65787394708 86.6 42206975488232448 79.9
392635200 65813514108 86.6 42262490289343488 80.0
392786000 65813974208 86.6 42262972788182016 80.0
393080500 65814126308 86.6 42263095872285696 80.0
393113100 65815752608 86.6 42265011850406912 80.0
393703900 65817043608 86.6 42265950913850368 80.0
393933800 65821587308 86.7 42268315217587200 80.0
394079100 65822071608 86.7 42268808983735296 80.0
394135400 65822302508 86.7 42269107189935104 80.0
394249900 65826788708 86.7 42280053519117312 80.0
394588400 65827276308 86.7 42280544440609792 80.0
394650400 65827330908 86.7 42280599793159168 80.0
394715000 65832045108 86.7 42282139753630720 80.0
395930600 65832078908 86.7 42282174472264704 80.0
396451800 65832603308 86.7 42282638622366720 80.0
396608000 65832729608 86.7 42282780447104000 80.0
396697400 65835021408 86.7 42284523895282688 80.0
396747100 65835066408 86.7 42284567280364544 80.0
397186800 65844880908 86.7 42295550901103616 80.1
397474000 65849364608 86.7 42306353204177920 80.1
397931200 65860333708 86.7 42315094652234752 80.1
399299800 65862604808 86.7 42317305890089984 80.1
400093600 65863360808 86.7 42318149559135232 80.1
400716500 65864871008 86.7 42318970605284352 80.1
400790000 65903309708 86.8 42389298291420160 80.2
400989800 65909766208 86.8 42396880630983680 80.2
401098200 65910010208 86.8 42397124858375168 80.3
401242900 65912855708 86.8 42399187489549312 80.3
401335800 65915211108 86.8 42401154515495936 80.3
401536400 65915355108 86.8 42401293408021504 80.3
401600200 65915472808 86.8 42401390222158848 80.3
401646300 65916030308 86.8 42402031093132288 80.3
401936600 65916171008 86.8 42402197245062144 80.3
402107700 65916306508 86.8 42402308868344832 80.3
402166000 65916362208 86.8 42402377563487232 80.3
402430900 65917241208 86.8 42403204661361664 80.3
402524400 65922604108 86.8 42405585691458560 80.3
402644600 65930803308 86.8 42412721872419840 80.3
402708000 65931024208 86.8 42412934899923968 80.3
402797000 65931142208 86.8 42413043388832768 80.3
402924900 65931254208 86.8 42413194516388864 80.3
403449600 65932880108 86.8 42415244792716288 80.3
405093100 65935088608 86.8 42416269501946880 80.3
406448800 65938953108 86.8 42419770479107072 80.3
406458400 65938980808 86.8 42419807873145856 80.3
406472000 65977048708 86.9 42488959346416640 80.4
406853500 65978771008 86.9 42490679811906560 80.4
407025700 65979415808 86.9 42490935628651520 80.4
407088000 65979447108 86.9 42490980781509632 80.4
407124600 65984343708 86.9 42492634693356544 80.4
407583600 65984906008 86.9 42493086411246592 80.4
407989600 65994612908 86.9 42503929758731264 80.5
408092800 65996161708 86.9 42504816477260800 80.5
408187900 65996222508 86.9 42504877682412544 80.5
408205500 65998443208 86.9 42506826519366656 80.5
408523700 65998607408 86.9 42506967450733568 80.5
408596400 66000344808 86.9 42508433871948800 80.5
409099400 66000346508 86.9 42508440785368064 80.5
409124800 66000353808 86.9 42508449078419968 80.5
409286600 66000891208 86.9 42509002682311168 80.5
410093400 66002580808 86.9 42510973988282880 80.5
410577900 66011071508 86.9 42524165370061312 80.5
410592500 66011074308 86.9 42524172826132480 80.5
410833600 66011654508 86.9 42524780542312448 80.5
412294800 66011869608 86.9 42524956365422592 80.5
412955300 66011933508 86.9 42525035766210560 80.5
413650600 66015281908 86.9 42528686483955712 80.5
413958600 66028630308 86.9 42542532149895168 80.5
415338000 66036697408 86.9 42549460045914112 80.5
417540200 66036802508 86.9 42549533161201664 80.5
417545200 66037812308 86.9 42550472501665792 80.5
418722400 66042608008 86.9 42552138631258112 80.5
418808900 66049107708 87.0 42558490131341312 80.6
419503100 66049123308 87.0 42558507613683712 80.6
419575000 66049159508 87.0 42558541611395072 80.6
419712500 66052331408 87.0 42561198307141632 80.6
419982900 66055131908 87.0 42562889974016000 80.6
420099700 66057630208 87.0 42565662339491840 80.6
420671500 66067410408 87.0 42578659335202816 80.6
420872400 66067414408 87.0 42578674063127552 80.6
420979100 66067589908 87.0 42578822020740096 80.6
421110400 66067687908 87.0 42578963160970240 80.6
421135800 66092214508 87.0 42631056110466048 80.7
421510400 66094424808 87.0 42632505033438208 80.7
421670400 66097228208 87.0 42642749632492544 80.7
421739800 66107526508 87.0 42652395175883776 80.7
422452400 66108155608 87.0 42653107198178304 80.7
422517200 66108205708 87.0 42653147682046976 80.7
422944600 66108672008 87.0 42653628492874752 80.7
423012600 66108717008 87.0 42653651261371392 80.7
423094400 66108728608 87.0 42653657011131392 80.7
423706800 66109655208 87.0 42654668949623808 80.7
423712400 66119649608 87.0 42665753318593536 80.8
424340300 66119687708 87.0 42665781404439552 80.8
425462100 66119781108 87.0 42665887653557248 80.8
425992600 66120802808 87.0 42666675687191552 80.8
427800800 66120901708 87.0 42666806216995840 80.8
428307100 66158608108 87.1 42733121564816384 80.9
428723800 66159328408 87.1 42733675945571328 80.9
428820800 66161065808 87.1 42734923539592192 80.9
428995100 66161178208 87.1 42735049307214848 80.9
429276800 66161224408 87.1 42735082363409408 80.9
429477000 66161344808 87.1 42735164478067712 80.9
429535000 66164235608 87.1 42738749489681408 80.9
429728400 66166501008 87.1 42741111587214336 80.9
429874400 66166559408 87.1 42741197471249408 80.9
430370000 66171670208 87.1 42743334368474112 80.9
430376500 66171732308 87.1 42743387579061248 80.9
430382900 66173647808 87.1 42744808852132864 80.9
430675700 66174816008 87.1 42745552330789888 80.9
430811700 66175752208 87.1 42746336761582592 80.9
431482500 66178577308 87.1 42756794722784256 80.9
431676400 66178650008 87.1 42756885523256320 80.9
431701800 66178701108 87.1 42756919820370944 80.9
431889200 66178754808 87.1 42756962761839616 80.9
432334100 66180246708 87.1 42757471013049344 80.9
432379900 66183895708 87.1 42761844732859392 80.9
433672500 66184299408 87.1 42762321216705536 80.9
433860500 66192166308 87.1 42770207885005824 81.0
434747900 66201952208 87.2 42781131968648192 81.0
435539800 66202521108 87.2 42781521084421120 81.0
435820600 66205683108 87.2 42785215264592896 81.0
436662600 66205894808 87.2 42785914848351232 81.0
436768300 66205946608 87.2 42785965355385856 81.0
438556200 66211635108 87.2 42790455973331968 81.0
440324100 66247774408 87.2 42855340035884032 81.1
440388300 66247832608 87.2 42855389228405760 81.1
441004400 66249643908 87.2 42857320118064128 81.1
441806200 66250068408 87.2 42857776246920192 81.1
441839300 66252865808 87.2 42861415805719552 81.1
442114300 66252918708 87.2 42861458371216384 81.1
443060700 66253029108 87.2 42861545922077696 81.1
444104500 66255373808 87.2 42862775580861440 81.1
444231800 66255524908 87.2 42862977621369856 81.1
444299200 66255588308 87.2 42863040214946816 81.1
445639800 66256807908 87.2 42864156854670336 81.1
445645000 66256861208 87.2 42864201002087424 81.1
446740200 66256983008 87.2 42864351599784960 81.1
446742500 66257060308 87.2 42864425208173568 81.1
446765400 66257160908 87.2 42864525786174464 81.1
447039100 66260147708 87.2 42866132461638656 81.1
447060300 66260207108 87.2 42866184226649088 81.1
447319200 66261074408 87.2 42867040925758464 81.1
447336800 66262701108 87.2 42868967177565184 81.1
447640200 66263422808 87.2 42869815603606528 81.1
448091100 66263513008 87.2 42869903227884544 81.1
448129600 66263640008 87.2 42870034699162624 81.1
448392700 66263812008 87.2 42870214940677120 81.1
448650800 66264250308 87.2 42870588341146624 81.1
448679600 66264352108 87.2 42870653856351232 81.1
448847000 66284939008 87.3 42898576212591616 81.2
449406400 66291741408 87.3 42901570617181184 81.2
449438400 66291782308 87.3 42901603185198080 81.2
451227600 66292715508 87.3 42902214255510528 81.2
452040000 66292783208 87.3 42902275073651712 81.2
452249600 66298915708 87.3 42908948489712640 81.2
452447300 66299041808 87.3 42909136229200896 81.2
453155400 66304390208 87.3 42911417804485632 81.2
453462000 66328637608 87.3 42962289875973120 81.3
453870400 66329798608 87.3 42963629476246528 81.3
454037600 66333692308 87.3 42964974525182976 81.3
454084300 66333783208 87.3 42965085282128896 81.3
454174600 66345040508 87.3 42980489878590464 81.4
454346700 66348454008 87.3 42981784557605888 81.4
454464300 66349835408 87.4 42983233894503424 81.4
454740000 66349853708 87.4 42983260230732800 81.4
455009100 66349925608 87.4 42983331463678976 81.4
455123300 66350446808 87.4 42985107368299520 81.4
455378500 66350485008 87.4 42985138026585088 81.4
455511900 66350514208 87.4 42985201185631232 81.4
455564600 66350904908 87.4 42985530132704256 81.4
455710900 66351084008 87.4 42985660585135104 81.4
455736900 66354062408 87.4 42991532766972928 81.4
455928500 66363177408 87.4 43001483844439040 81.4
455949400 66363227408 87.4 43001554951900160 81.4
456282300 66363324308 87.4 43001661385878528 81.4
458348700 66364888208 87.4 43002729545083904 81.4
459313300 66366888408 87.4 43004278159322112 81.4
459354700 66369276608 87.4 43007102602324992 81.4
460028800 66369357208 87.4 43007195016637440 81.4
460182700 66369926508 87.4 43007817748622336 81.4
460859000 66370012808 87.4 43007907282996224 81.4
461925200 66377977208 87.4 43014745895390208 81.4
462931000 66379356108 87.4 43019805785771008 81.4
464603400 66381758508 87.4 43022088305822720 81.4
465278500 66388698408 87.4 43026844343520256 81.4
465763000 66389415208 87.4 43027754510699520 81.4
466038800 66414163508 87.4 43079741033925632 81.5
466055700 66414239408 87.4 43079792566488064 81.5
466085600 66414289008 87.4 43079821409496064 81.5
466270300 66414371408 87.4 43079908165798912 81.5
466419300 66414785308 87.4 43080408788945920 81.5
466515800 66414806508 87.4 43080426581380096 81.5
466524400 66414871508 87.4 43080496658975744 81.5
466952600 66418450508 87.4 43091743705074688 81.6
466977700 66418503208 87.4 43091804156742656 81.6
467019300 66430072108 87.5 43107257869552640 81.6
467259400 66434263108 87.5 43111259998145536 81.6
468143600 66434297608 87.5 43111304455126016 81.6
468269900 66434350908 87.5 43111355562683392 81.6
468281600 66441442208 87.5 43117846665456640 81.6
468341500 66441945908 87.5 43118310027029504 81.6
468485300 66442019308 87.5 43118388052814848 81.6
468655400 66447016508 87.5 43121187648236544 81.6
468691100 66449549308 87.5 43123101740755968 81.6
468828700 66451997108 87.5 43124038985903104 81.6
469245700 66452417708 87.5 43124519431367680 81.6
469534800 66452728208 87.5 43124721070304256 81.6
469551200 66452823008 87.5 43124811269041152 81.6
469671400 66452912508 87.5 43124927437622272 81.6
469946100 66454452408 87.5 43125895896910848 81.6
470039300 66454519108 87.5 43125969799465984 81.6
470168500 66465095008 87.5 43137858182958080 81.7
470813400 66465165108 87.5 43137921945029632 81.7
471340700 66466530808 87.5 43138538769337344 81.7
472346100 66467192108 87.5 43139348924320768 81.7
474998100 66467740008 87.5 43139865330371584 81.7
475435900 66500457608 87.5 43202082104986624 81.8
476873900 66500825408 87.6 43202496912149504 81.8
477303500 66500946308 87.6 43202587108658176 81.8
478073700 66504529808 87.6 43207373928352768 81.8
478124800 66506852208 87.6 43209410910178304 81.8
478229900 66506916408 87.6 43209505832119296 81.8
479215600 66508434908 87.6 43211490046716928 81.8
480024300 66510440608 87.6 43212024942963712 81.8
480177500 66511172308 87.6 43212852465970176 81.8
480430700 66511221208 87.6 43212916111416320 81.8
480472000 66511613308 87.6 43214233474145280 81.8
480766800 66512881608 87.6 43215277610933248 81.8
480773000 66512912908 87.6 43215311008123904 81.8
481267700 66513325308 87.6 43215658556279808 81.8
481366100 66513394008 87.6 43215747157322752 81.8
481796600 66515191708 87.6 43217872727436288 81.8
482142000 66516043708 87.6 43218754520214528 81.8
482678700 66526659408 87.6 43230670473915392 81.8
482854100 66534888408 87.6 43238201933425664 81.8
483429000 66539940808 87.6 43241086577273856 81.8
483665000 66540316208 87.6 43241413777091584 81.8
483907300 66541555908 87.6 43243044977437696 81.9
483979400 66541636708 87.6 43243138793794560 81.9
484352000 66543432408 87.6 43244129555966976 81.9
484874500 66544857808 87.6 43245001992039424 81.9
484966500 66549294108 87.6 43246579771239424 81.9
486018600 66550418308 87.6 43247541273422848 81.9
486021400 66550483208 87.6 43247629976185856 81.9
486048000 66552194308 87.6 43248313189313536 81.9
486299400 66554697808 87.6 43249956675300352 81.9
486308600 66554747208 87.6 43249995706960896 81.9
487767400 66554806508 87.6 43250053582973952 81.9
489166600 66555122008 87.6 43250388429827072 81.9
490181200 66555193308 87.6 43250459884612608 81.9
490587900 66565328408 87.6 43265388722220032 81.9
491050300 66568157108 87.6 43275986521517056 81.9
492016100 66592618108 87.7 43327249015598080 82.0
493330700 66593370908 87.7 43327925278632960 82.0
493442700 66593374708 87.7 43327931329509376 82.0
493503600 66593996908 87.7 43328557801371648 82.0
493613600 66594107308 87.7 43328691453310976 82.0
493906100 66595763108 87.7 43329864480208896 82.0
494218600 66599594408 87.7 43333643428575232 82.0
494267700 66599652308 87.7 43333692008806400 82.0
494442000 66600140708 87.7 43334118603470848 82.0
494774200 66600751108 87.7 43334757387188224 82.0
494823100 66600769908 87.7 43334771810358272 82.0
495026200 66601068908 87.7 43335109741433856 82.0
495131700 66601115008 87.7 43335145702978560 82.0
495138100 66601248808 87.7 43335311508878336 82.0
495453300 66603842508 87.7 43336455680668672 82.0
495461400 66605132508 87.7 43337637727155200 82.0
495694800 66605672908 87.7 43338201459373056 82.0
495904200 66605763808 87.7 43338285857674240 82.0
496634200 66605960908 87.7 43338539227763712 82.0
496985000 66606081808 87.7 43338643672478720 82.0
497178900 66608101908 87.7 43339581049091072 82.0
498660600 66610916408 87.7 43340548358681600 82.0
498888800 66611132108 87.7 43340777647961088 82.0
499162200 66611189208 87.7 43340838198891520 82.0
499648600 66611247108 87.7 43340901034595328 82.0
500004500 66611814608 87.7 43341421906793472 82.0
500221800 66623051708 87.7 43352235757835264 82.1
500709500 66623100608 87.7 43352286822781952 82.1
500973900 66623683708 87.7 43352835690812416 82.1
501168900 66634545208 87.7 43364932662285312 82.1
502700100 66634602408 87.7 43364985356346368 82.1
503049000 66634719708 87.7 43365125082211328 82.1
503076100 66636275208 87.7 43365748627301376 82.1
506607700 66636877508 87.7 43366378607633408 82.1
506631500 66637077008 87.7 43366583944242176 82.1
506702100 66661915608 87.8 43418396114445312 82.2
508169600 66662177608 87.8 43418639282217984 82.2
508481200 66665322008 87.8 43429800512857088 82.2
508692500 66665573108 87.8 43430079186084864 82.2
509068400 66667179908 87.8 43431008603284480 82.2
509197900 66669478608 87.8 43431728314000384 82.2
509412300 66683018608 87.8 43447920533644288 82.2
509538000 66683337308 87.8 43448202932790272 82.2
510140600 66683363608 87.8 43448245572465664 82.2
510185300 66684412508 87.8 43448718524019712 82.2
510374500 66684758008 87.8 43448993227125760 82.2
510416300 66684791808 87.8 43449033279849472 82.2
510563400 66684795008 87.8 43449040605431808 82.2
510741100 66685388008 87.8 43449376473008128 82.2
510744700 66685456608 87.8 43449449376172032 82.2
510842200 66686727308 87.8 43449788326037504 82.2
511079000 66686759208 87.8 43449809575122944 82.2
511308900 66687026708 87.8 43450187531655168 82.2
511472400 66687127808 87.8 43450313994639360 82.2
511506700 66687370708 87.8 43450661405857792 82.2
511719000 66693042908 87.8 43457586166110208 82.3
511751300 66697487308 87.8 43459147570878464 82.3
511947000 66698439008 87.8 43460081207285760 82.3
512253400 66698451408 87.8 43460090052893696 82.3
512544200 66702825308 87.8 43462704214727680 82.3
512581900 66702857608 87.8 43462730779786240 82.3
512876800 66705606108 87.8 43466544550050816 82.3
513118400 66710326508 87.8 43470675620461568 82.3
514033900 66710417208 87.8 43470750618115072 82.3
514421900 66710505208 87.8 43470837165104128 82.3
514641200 66711603808 87.8 43472024332835840 82.3
515148700 66711962708 87.8 43472390423550976 82.3
515349800 66719626108 87.8 43479164507626496 82.3
515564400 66720158408 87.8 43479693758209024 82.3
515954900 66731464208 87.9 43492269852367872 82.3
517519900 66755762008 87.9 43542720362748928 82.4
517576600 66755872108 87.9 43542834533383168 82.4
521505200 66757174008 87.9 43543635004963840 82.4
522410600 66757961108 87.9 43544571598945280 82.4
522507600 66759524008 87.9 43546142064589824 82.4
523560100 66770361308 87.9 43561891906796544 82.5
524135600 66775301108 87.9 43566609663081472 82.5
524351300 66775339608 87.9 43566632559000576 82.5
524444400 66775774408 87.9 43567179379194880 82.5
524695600 66780539908 87.9 43569035438799872 82.5
525344700 66783835708 87.9 43580447894617088 82.5
525738100 66783913808 87.9 43580521898236928 82.5
525838200 66785547008 87.9 43581128664865792 82.5
526360000 66785614008 87.9 43581210401586176 82.5
526396000 66786918208 87.9 43582158405712896 82.5
526803700 66787481308 87.9 43582843903818752 82.5
526823600 66788515808 87.9 43583844737760256 82.5
527105200 66788585508 87.9 43583912285973504 82.5
527198600 66788606708 87.9 43583951545150464 82.5
527320200 66788646408 87.9 43583974895846400 82.5
527561100 66789184708 87.9 43584249360614400 82.5
527654600 66789277808 87.9 43584305749427200 82.5
528036100 66789361508 87.9 43584382952473600 82.5
528083100 66789378808 87.9 43584393132803072 82.5
528682400 66789777508 87.9 43584828248589312 82.5
529652400 66791865808 87.9 43585378838938624 82.5
529823400 66791948208 87.9 43585490220360704 82.5
529992800 66792462708 87.9 43586099734193152 82.5
530728400 66792539508 87.9 43586164286039040 82.5
531617200 66796505408 87.9 43588077150282752 82.5
531993900 66796535408 87.9 43588113214501888 82.5
532307700 66807593708 88.0 43600399216964608 82.5
532336500 66807652108 88.0 43600457239106560 82.5
532677300 66807686408 88.0 43600504421295104 82.5
532772400 66807792208 88.0 43600580378412032 82.5
533128800 66818977408 88.0 43610817132020736 82.5
533130100 66819021008 88.0 43610866822456320 82.5
533445500 66821773308 88.0 43613724638487552 82.6
534995400 66821933208 88.0 43613876403151872 82.6
536365700 66846671408 88.0 43664676584268800 82.6
537616100 66846722108 88.0 43664737762178048 82.6
539730400 66847987208 88.0 43665575409054720 82.7
539784300 66847995508 88.0 43665580881618432 82.7
541028200 66848686208 88.0 43666288119981568 82.7
541084400 66848725208 88.0 43666326133442048 82.7
541529900 66852322108 88.0 43678215755302400 82.7
541850400 66852665808 88.0 43678621307995648 82.7
542321700 66852690108 88.0 43678652589045248 82.7
542750300 66863460608 88.0 43694287095232000 82.7
542952200 66863763008 88.0 43694556126148096 82.7
543272800 66865332008 88.0 43695278136980992 82.7
543743300 66866723808 88.0 43696844534281728 82.7
544742600 66871327808 88.0 43698528841070080 82.7
545343900 66871907008 88.0 43699256832652800 82.7
545907400 66872834808 88.0 43700409593853440 82.7
546390500 66872850208 88.0 43700426307163648 82.7
546804500 66872994908 88.0 43700552351143424 82.7
547651100 66872997008 88.0 43700555279589120 82.7
547681000 66875330008 88.0 43702212605992704 82.7
547734700 66877615408 88.0 43703852950183680 82.7
547755700 66877652908 88.0 43703886500722432 82.7
547802300 66877758708 88.0 43704034274768640 82.7
548134600 66877969708 88.0 43704246567302912 82.7
548603500 66878014108 88.0 43704308353726208 82.7
548682400 66878028808 88.0 43704323857044224 82.7
549237200 66878191608 88.0 43704492636459776 82.7
550131400 66880320108 88.0 43705871840662272 82.7
552415400 66880366308 88.0 43705928374432512 82.7
553001600 66881629208 88.1 43706677169304320 82.7
553195800 66881649908 88.1 43706711003419392 82.7
553234100 66882057808 88.1 43707101144863488 82.7
553268700 66894710408 88.1 43720605095613184 82.8
553589000 66905673208 88.1 43729069753684736 82.8
553702900 66909154608 88.1 43731117666390784 82.8
554383500 66909191708 88.1 43731157023109888 82.8
554892600 66912491208 88.1 43734104879313664 82.8
555094000 66915709408 88.1 43738248514286336 82.8
556356600 66916412008 88.1 43738866864927488 82.8
559269800 66916592308 88.1 43739073800483584 82.8
559632000 66916620308 88.1 43739089510711040 82.8
563449100 66917198508 88.1 43739693595148032 82.8
563857300 66949806208 88.1 43801761165786880 82.9
563871400 66949852608 88.1 43801787452129024 82.9
563901900 66950582508 88.1 43802594092285696 82.9
564215200 66950831108 88.1 43802811889630976 82.9
564345200 66950853808 88.1 43802843818852096 82.9
564345500 66950953008 88.1 43802957033275136 82.9
564384400 66951009908 88.1 43803067481358080 82.9
564518800 66951038808 88.1 43803092863049472 82.9
564831700 66951057108 88.1 43803131212627712 82.9
565013000 66951992608 88.1 43804017238638336 82.9
565016000 66952055208 88.1 43804077330276096 82.9
565200100 66952057608 88.1 43804078463229696 82.9
565393500 66952059608 88.1 43804085077655296 82.9
565404500 66952102708 88.1 43804146965991168 82.9
565660900 66954050408 88.1 43806296070999808 82.9
565677500 66957395808 88.2 43810502529830656 82.9
566206100 66957762808 88.2 43810996441992960 82.9
566407700 66960954308 88.2 43822602742812416 82.9
566631100 66961828808 88.2 43823105550962432 82.9
566735100 66961847608 88.2 43823125016739584 82.9
566743500 66964098108 88.2 43824612780670720 83.0
566749000 66964406608 88.2 43824991894437632 83.0
566937500 66964879708 88.2 43825415487127296 83.0
567055000 66965868808 88.2 43826355076300544 83.0
567092700 66965919308 88.2 43826394366168832 83.0
567263100 66965940108 88.2 43826417698615040 83.0
567482300 66966268708 88.2 43826714032779008 83.0
568326000 66966776308 88.2 43827102101483264 83.0
568483300 66966953208 88.2 43827230981918464 83.0
568731300 66966962408 88.2 43827239522898688 83.0
571571500 66969503808 88.2 43828179334763264 83.0
572562800 66981185308 88.2 43841274869355264 83.0
572571100 66981295908 88.2 43841404369605376 83.0
573273100 66981380908 88.2 43841459299476224 83.0
573817900 66981403208 88.2 43841478523446016 83.0
573940500 66994721508 88.2 43851277903422208 83.0
574393200 66994757508 88.2 43851310474550016 83.0
574981300 66994819908 88.2 43851384669281024 83.0
575358700 66994901008 88.2 43851447955680000 83.0
575444200 67007270808 88.2 43861634585258752 83.0
575769300 67007304908 88.2 43861681954716416 83.0
576160200 67008307008 88.2 43862562646293248 83.0
577107500 67009261608 88.2 43862975536331520 83.0
578512600 67009606008 88.2 43863392937671424 83.0
579188900 67009818708 88.2 43863578532068096 83.0
581506100 67009977308 88.2 43863745835531008 83.0
582053100 67010009008 88.2 43863791295888128 83.0
582623200 67043026008 88.3 43925800037219072 83.1
583836100 67043057308 88.3 43925846030134016 83.1
583978600 67043076608 88.3 43925872392530688 83.1
584082900 67043149408 88.3 43925915686484736 83.1
584909900 67043172308 88.3 43925938180020992 83.1
585177300 67043978308 88.3 43926775981431552 83.1
585805200 67044051108 88.3 43926839923407616 83.1
585946000 67047089008 88.3 43938187392678656 83.2
586068600 67047165308 88.3 43938265415801600 83.2
587834100 67047526708 88.3 43938630149135104 83.2
587966500 67047538108 88.3 43938636348282624 83.2
588001200 67049796908 88.3 43941640398722816 83.2
588578400 67049827808 88.3 43941668996003584 83.2
589931200 67049954408 88.3 43941851400746752 83.2
590291300 67050383808 88.3 43942356325938944 83.2
590348100 67051272808 88.3 43942857803773696 83.2
590351800 67052222308 88.3 43943423692715776 83.2
590616700 67052464508 88.3 43943701269788416 83.2
590645900 67052945108 88.3 43944096104920832 83.2
591023100 67053648708 88.3 43944853938517760 83.2
591628400 67053662608 88.3 43944870650120960 83.2
592008600 67053677708 88.3 43944894617031424 83.2
592344000 67053771008 88.3 43945037433246464 83.2
592814100 67056991908 88.3 43948317840872192 83.2
592880200 67057017708 88.3 43948342191284992 83.2
593359100 67057187408 88.3 43948546895160064 83.2
593570100 67057192408 88.3 43948577076398848 83.2
593722500 67057525908 88.3 43948886143585024 83.2
593837100 67065091408 88.3 43958324987480832 83.2
594334500 67065139608 88.3 43958371391171328 83.2
594948700 67077243508 88.3 43972003716983552 83.2
595324200 67077273808 88.3 43972043198618368 83.2
595837200 67077319708 88.3 43972078340274944 83.2
596769000 67085032208 88.3 43981040627350272 83.2
596843000 67091035308 88.3 43983472231054080 83.3
598622300 67091051808 88.3 43983500384064256 83.3
599585300 67093055708 88.3 43984860491207424 83.3
599919200 67104552708 88.3 43992492091298560 83.3
600427700 67104634408 88.3 43992578957636352 83.3
601009700 67104643508 88.3 43992584387293952 83.3
603619900 67105068308 88.3 43992913921307392 83.3
604848300 67108220108 88.3 43994331726738176 83.3
604897000 67108491608 88.4 43994589982061312 83.3
604932900 67108523708 88.4 43994634853626624 83.3
605834700 67109374508 88.4 43995257273856768 83.3
605839900 67113007408 88.4 44007947597787904 83.3
606346900 67120414508 88.4 44019077995049728 83.3
606358000 67145210408 88.4 44069995620872960 83.4
606899900 67145227308 88.4 44070024056267520 83.4
606943200 67145308608 88.4 44070160123527936 83.4
607053500 67145944808 88.4 44070655945704192 83.4
607411500 67145968008 88.4 44070688595391232 83.4
607676700 67145968308 88.4 44070689092031232 83.4
607705100 67146102408 88.4 44070868114510592 83.4
607766200 67146902708 88.4 44071561323516672 83.4
608217500 67147011908 88.4 44071730665476864 83.4
608330300 67147101208 88.4 44071832295748352 83.4
608895000 67147125108 88.4 44071859772621568 83.4
609288400 67147144008 88.4 44071881706646272 83.4
610644400 67147653408 88.4 44072381345114880 83.4
611510400 67147695308 88.4 44072419938294528 83.4
611592100 67148183008 88.4 44073025440209664 83.4
611783500 67148453808 88.4 44073283304184576 83.4
611927400 67148489808 88.4 44073338084010752 83.4
612559500 67148513108 88.4 44073362275015424 83.4
613044600 67148555308 88.4 44073408030468864 83.4
613702900 67158612308 88.4 44084650209078016 83.4
613823400 67160679408 88.4 44086020206521088 83.4
615055600 67160729408 88.4 44086060956273408 83.4
615146000 67160812408 88.4 44086177156598528 83.4
615343900 67160838508 88.4 44086217102936832 83.4
615870800 67160888708 88.4 44086296982596352 83.4
616365500 67161277108 88.4 44086709359618816 83.4
619800200 67179139208 88.4 44105104075401984 83.5
620728500 67179194308 88.4 44105171772869376 83.5
621357600 67179202608 88.4 44105185787112192 83.5
621850700 67184205808 88.4 44107425246341888 83.5
622139500 67184280208 88.4 44107497452096256 83.5
622192100 67184307308 88.4 44107538264414976 83.5
622225200 67184360508 88.5 44107588959574784 83.5
622340500 67190433808 88.5 44114598075669248 83.5
622408600 67190497208 88.5 44114693121137408 83.5
622679200 67190547408 88.5 44114783074269952 83.5
622701900 67190549008 88.5 44114793640378112 83.5
622979800 67197401208 88.5 44119772164407040 83.5
623912800 67199551008 88.5 44127883385257728 83.5
624077700 67199722808 88.5 44128047574679296 83.5
625199300 67204864208 88.5 44130331081441024 83.5
630358200 67205069908 88.5 44130530117910272 83.5
631680500 67205129908 88.5 44130599826259712 83.5
632088200 67237886808 88.5 44193348660920064 83.6
633392600 67238011008 88.5 44193475928465152 83.7
634751900 67238019408 88.5 44193479893597952 83.7
634802600 67238090608 88.5 44193549052641024 83.7
635397300 67239271808 88.5 44194953238118144 83.7
635685500 67239291708 88.5 44194965594930944 83.7
636048300 67240194508 88.5 44195977066741504 83.7
636067000 67240236608 88.5 44196020755930880 83.7
636113400 67242721608 88.5 44198056622202624 83.7
636126100 67242773808 88.5 44198133918007040 83.7
636372700 67242897308 88.5 44198277452070656 83.7
636522600 67242899708 88.5 44198279325711360 83.7
636598800 67242951608 88.5 44198371007511552 83.7
637070900 67242976808 88.5 44198401359221760 83.7
637450500 67244522208 88.5 44199033779655680 83.7
637594500 67244600608 88.5 44199131530187776 83.7
638482300 67244996008 88.5 44199593521337344 83.7
638702900 67247516408 88.5 44200742380131328 83.7
638883300 67247709308 88.5 44200912951301120 83.7
639121600 67247710708 88.5 44200914039813120 83.7
639316800 67249089508 88.5 44201483197821952 83.7
639550500 67250960508 88.5 44203549952652288 83.7
639995700 67250992308 88.5 44203599453418496 83.7
641165000 67251261008 88.5 44203925554295808 83.7
641258400 67253767808 88.5 44206276380685312 83.7
641722000 67256538108 88.5 44209985141830656 83.7
641770900 67256577508 88.5 44210044752831488 83.7
642677900 67256957308 88.5 44210435026953216 83.7
643063700 67256995608 88.5 44210473682285568 83.7
643116600 67257083508 88.5 44210560229331968 83.7
644359900 67258544208 88.5 44211778402931712 83.7
644778700 67271409408 88.6 44226141562098688 83.7
644980600 67282604508 88.6 44236422514234368 83.7
645555500 67282625208 88.6 44236455839460352 83.7
646598300 67283122408 88.6 44236960691973120 83.7
647082900 67283140508 88.6 44236988211108864 83.7
647255800 67283158808 88.6 44236998556901376 83.7
647359100 67283193208 88.6 44237033854816256 83.7
647676700 67283275608 88.6 44237122081738752 83.7
648495700 67286545608 88.6 44249559187148800 83.8
648632600 67288589608 88.6 44251316183584768 83.8
649753800 67288675608 88.6 44251381140443136 83.8
651014900 67292331308 88.6 44252882843881472 83.8
651624100 67292340108 88.6 44252891223416320 83.8
652488900 67292717008 88.6 44253097442287104 83.8
654856300 67293150308 88.6 44253446547742208 83.8
655432800 67293189308 88.6 44253492886146560 83.8
656595300 67298408208 88.6 44255889324805632 83.8
659265300 67299294908 88.6 44256223718936064 83.8
660002400 67300413808 88.6 44257594461916672 83.8
660191000 67300483708 88.6 44257666010025472 83.8
660282700 67300496108 88.6 44257676778066432 83.8
660317400 67300547308 88.6 44257735177015808 83.8
660618300 67300566408 88.6 44257748297691648 83.8
660977300 67300860108 88.6 44258048150483456 83.8
661040800 67300863008 88.6 44258053052542464 83.8
661419000 67300928008 88.6 44258123733429760 83.8
661506800 67326301208 88.6 44309541500644864 83.9
661720300 67326303308 88.6 44309542877924864 83.9
664335000 67334416108 88.6 44321429685407232 83.9
664568000 67334573608 88.6 44321583345929728 83.9
664984900 67345190208 88.7 44332310146289152 83.9
665888900 67345195408 88.7 44332311637278720 83.9
666428700 67355661408 88.7 44343851746738176 83.9
666493400 67355673608 88.7 44343860799753216 83.9
666751000 67356374308 88.7 44344597704363008 83.9
666847300 67356470608 88.7 44344749939903488 83.9
666925700 67356472808 88.7 44344758979365888 83.9
667249900 67356958508 88.7 44344935024446464 83.9
667267500 67357010408 88.7 44344964677438464 83.9
667521800 67357101908 88.7 44345072431148032 83.9
668666400 67357137408 88.7 44345097156447232 83.9
669591100 67361504008 88.7 44347455712676864 83.9
670185000 67361640608 88.7 44347579137297408 83.9
670581400 67361922508 88.7 44347933068430336 83.9
672478900 67362867008 88.7 44348982834826240 83.9
673731400 67362894708 88.7 44349004550794240 83.9
673984300 67362904908 88.7 44349012768883200 83.9
674186200 67362940208 88.7 44349063600980480 83.9
674305100 67363700508 88.7 44349975712154112 83.9
674627400 67373834108 88.7 44360869602050560 84.0
675334900 67373849108 88.7 44360890813012480 84.0
675355400 67376505208 88.7 44364545315330560 84.0
675507900 67376519208 88.7 44364554724034048 84.0
675897400 67376851908 88.7 44364896794887680 84.0
676110800 67376999008 88.7 44365069445088768 84.0
676248400 67377015608 88.7 44365081243232768 84.0
677434000 67379083508 88.7 44365629357828608 84.0
678037200 67384358308 88.7 44370950410217984 84.0
678250600 67384505408 88.7 44371150471375360 84.0
678431800 67386387208 88.7 44372202947357184 84.0
678475400 67390339008 88.7 44375292731206144 84.0
678892500 67393712408 88.7 44388093162957312 84.0
679544500 67393712508 88.7 44388093476096512 84.0
679698300 67396606808 88.7 44389834082503168 84.0
680097500 67396619808 88.7 44389857055578624 84.0
680168900 67397090408 88.7 44390496438098432 84.0
680229900 67397165008 88.7 44390569606986240 84.0
680252500 67397179808 88.7 44390582269556224 84.0
680851500 67397215008 88.7 44390620141626880 84.0
680950600 67397364708 88.7 44390862868899328 84.0
688791800 67397608108 88.7 44391262004405760 84.0
689402000 67431261508 88.8 44455355549705728 84.1
690706100 67431292008 88.8 44455397224678912 84.1
691670300 67431308708 88.8 44455438707619328 84.1
692134800 67431356108 88.8 44455501281048064 84.1
692196100 67431461408 88.8 44455591791621632 84.1
692675300 67431768408 88.8 44455970731914752 84.1
692753700 67431778908 88.8 44456014810387968 84.1
693142500 67431852908 88.8 44456074522269184 84.1
693272200 67432853108 88.8 44457104498955776 84.1
693331000 67432879508 88.8 44457156433970688 84.1
693339400 67432916608 88.8 44457203471296000 84.1
693624900 67432966208 88.8 44457242023769600 84.1
693786800 67438077008 88.8 44459276589938176 84.2
694784800 67438113108 88.8 44459316108035584 84.2
694880200 67438140308 88.8 44459363272746496 84.2
695699800 67444971808 88.8 44465491904292352 84.2
697149300 67445050108 88.8 44465579222296064 84.2
698151100 67447638808 88.8 44467925664851456 84.2
698328900 67447682708 88.8 44467979991225856 84.2
699688000 67461576208 88.8 44483300924954112 84.2
700140500 67471186008 88.8 44490529866618368 84.2
700504500 67471194008 88.8 44490545429128704 84.2
701042000 67472348608 88.8 44492064413492736 84.2
701329500 67478556108 88.8 44499556843431424 84.2
701362400 67478590908 88.8 44499593413371392 84.2
701449700 67478649308 88.8 44499684470482432 84.2
701596800 67478702308 88.8 44499763339544064 84.2
702064800 67478729908 88.8 44499801725793792 84.2
702079200 67478784508 88.8 44499849161242112 84.2
702690400 67479243608 88.8 44500380359161344 84.2
702764600 67479257108 88.8 44500391445615104 84.2
703303900 67483034508 88.8 44504932605972992 84.2
703739200 67483205808 88.8 44505103293288960 84.2
704238100 67483417008 88.8 44505323699245568 84.2
705222100 67483425608 88.8 44505333293867520 84.2
705828300 67483616508 88.8 44505573163147776 84.2
706369500 67483674708 88.8 44505665099170304 84.2
706897600 67483862908 88.8 44505963378377216 84.2
706979900 67483902108 88.8 44505996527809024 84.2
706985800 67485129108 88.8 44506605952971264 84.2
707815000 67485228308 88.8 44506736134451712 84.2
708153900 67491367008 88.9 44521124570591744 84.3
708956200 67492337608 88.9 44521622381883904 84.3
709246900 67497540708 88.9 44523186605748736 84.3
709257700 67497606008 88.9 44523249654268416 84.3
709446300 67497607008 88.9 44523256326417920 84.3
711851400 67498856808 88.9 44524102035336704 84.3
714070000 67502151108 88.9 44528152127892992 84.3
714359200 67502479408 88.9 44528729130298880 84.3
715159400 67502602708 88.9 44528901142441472 84.3
715316900 67502625008 88.9 44528930471566848 84.3
717592900 67510395208 88.9 44540720012090880 84.3
718320500 67510407208 88.9 44540737860410880 84.3
724084800 67510488608 88.9 44540820846714368 84.3
724274900 67511033508 88.9 44541266472836608 84.3
724367000 67511058408 88.9 44541300674702848 84.3
724884600 67511871308 88.9 44542345538874880 84.3
725098300 67511886208 88.9 44542363044857344 84.3
725532100 67512215208 88.9 44542756597974528 84.3
725763200 67512329408 88.9 44542839454533120 84.3
726081100 67514988208 88.9 44544335234041344 84.3
726422000 67541622908 88.9 44597464872879616 84.4
726857500 67541715908 88.9 44597563234772480 84.4
727139300 67541730108 88.9 44597569258571776 84.4
727552200 67541962208 88.9 44597813361838080 84.4
728077600 67550200008 88.9 44605345999947776 84.4
728824100 67556815808 88.9 44613005205374976 84.4
728943200 67556825708 88.9 44613009700530176 84.4
729019000 67556859608 88.9 44613041866987520 84.4
729256200 67556919608 88.9 44613093042853888 84.4
730928700 67556943608 88.9 44613135553624064 84.4
731552400 67559985208 88.9 44614419011958784 84.4
732198900 67560075008 88.9 44614498118989824 84.4
732557500 67575651308 89.0 44630540308379648 84.5
732604000 67575702008 89.0 44630579933566976 84.5
732941700 67576502508 89.0 44631092069160960 84.5
733029200 67576521508 89.0 44631117056391168 84.5
733402900 67576571208 89.0 44631181400242176 84.5
733585800 67576716708 89.0 44631404453623808 84.5
734932600 67576743308 89.0 44631441709643776 84.5
735251600 67578645408 89.0 44633058371745792 84.5
735418600 67578676708 89.0 44633087395553280 84.5
736459600 67578702208 89.0 44633121280595968 84.5
736499500 67578722308 89.0 44633162152851456 84.5
736739400 67578752908 89.0 44633208096581632 84.5
737199000 67578794008 89.0 44633235716933632 84.5
737420700 67579741208 89.0 44633997947668480 84.5
737506700 67579855708 89.0 44634110340335616 84.5
737679800 67584284708 89.0 44639397811030016 84.5
737900400 67584329308 89.0 44639454988990464 84.5
738011900 67584332408 89.0 44639456783032320 84.5
742392100 67589582408 89.0 44654927843483648 84.5
742945900 67589645408 89.0 44654990734004224 84.5
743032000 67589670208 89.0 44655027804278784 84.5
743077900 67589746708 89.0 44655108935462912 84.5
743136300 67589747808 89.0 44655113908211712 84.5
743718600 67589940308 89.0 44655308058513408 84.5
744089800 67590050008 89.0 44655466996453376 84.5
746218400 67600614008 89.0 44662759240650752 84.5
746570200 67605693808 89.0 44664727688990720 84.5
746690700 67612965408 89.0 44673842355130368 84.6
747469200 67612985208 89.0 44673863576653824 84.6
748285100 67612989608 89.0 44673873384050688 84.6
748411100 67614326308 89.0 44674996982124544 84.6
748873800 67614421208 89.0 44675105686269952 84.6
749649400 67614455008 89.0 44675147985022976 84.6
750500300 67614522408 89.0 44675218344448000 84.6
751084000 67614614408 89.0 44675343152123904 84.6
753171100 67614806208 89.0 44675453007253504 84.6
753324400 67618401308 89.0 44680159526473728 84.6
753867200 67618408708 89.0 44680182451904512 84.6
755062700 67652932708 89.1 44745113356443648 84.7
757542600 67655135308 89.1 44747070396276736 84.7
757951700 67655539708 89.1 44747582058536960 84.7
759675200 67655566908 89.1 44747601756006400 84.7
760521700 67655650108 89.1 44747741741721600 84.7
761447000 67655801008 89.1 44747926159828992 84.7
761575000 67655802308 89.1 44747928389820416 84.7
761867300 67655820008 89.1 44747943199715328 84.7
762134600 67657610608 89.1 44748951310774272 84.7
762364200 67659122808 89.1 44749500508778496 84.7
762606100 67659163008 89.1 44749541813833728 84.7
762797100 67659189908 89.1 44749575793377280 84.7
763356500 67659438008 89.1 44749878222094336 84.7
764003300 67664049508 89.1 44752185248940032 84.7
764076900 67664618008 89.1 44752746559143936 84.7
764830100 67666944208 89.1 44754571674091520 84.7
765204600 67678906608 89.1 44767731692961792 84.7
765419000 67679107508 89.1 44767950053376000 84.7
765634500 67682462808 89.1 44769335749705728 84.7
765747400 67685497308 89.1 44773421486243840 84.7
766626000 67685677208 89.1 44773580645548032 84.7
766928200 67685930108 89.1 44773891197452288 84.7
767259500 67686043808 89.1 44774032411967488 84.7
767486300 67687679408 89.1 44775101686726656 84.8
767591500 67687685908 89.1 44775113758367744 84.8
767704700 67687899708 89.1 44775422388789248 84.8
768915100 67687938408 89.1 44775498757824512 84.8
769198900 67688145208 89.1 44775767230177280 84.8
769845800 67688289508 89.1 44775874039848960 84.8
770410900 67688586708 89.1 44776128961863680 84.8
771168900 67688596708 89.1 44776137403858944 84.8
771216500 67689039108 89.1 44776543664046080 84.8
771388300 67689054608 89.1 44776558784780288 84.8
771963200 67689519608 89.1 44777202217818112 84.8
772226100 67689682108 89.1 44777380806957056 84.8
772334700 67689778908 89.1 44777509682698240 84.8
772956100 67701512808 89.1 44785943316027392 84.8
774272500 67701521108 89.1 44785951825884160 84.8
774590900 67701538808 89.1 44785967187826688 84.8
775690600 67701636708 89.1 44786079284254720 84.8
776310600 67701759108 89.1 44786248388696064 84.8
777539000 67702229308 89.1 44786719365027840 84.8
777823400 67702230908 89.1 44786721956060672 84.8
778001600 67705504408 89.1 44789035327053312 84.8
778225600 67705507608 89.1 44789036369690112 84.8
778286100 67705607808 89.1 44789173471518208 84.8
778298100 67705611508 89.1 44789175956133376 84.8
778346800 67705654708 89.1 44789196228466176 84.8
778420400 67705751908 89.1 44789282494682624 84.8
779090100 67705774308 89.1 44789322440480256 84.8
779310800 67709689708 89.1 44804201630111232 84.8
779527300 67720959408 89.2 44817358299829760 84.8
782825500 67721129708 89.2 44817513941980672 84.8
783234000 67721168508 89.2 44817577605957120 84.8
783314900 67721507908 89.2 44817922312832512 84.8
783537300 67721531708 89.2 44817941494105600 84.8
785273000 67726588508 89.2 44824586038150656 84.8
787277100 67726834308 89.2 44824733605332480 84.8
788014800 67726870708 89.2 44824775117399552 84.8
788269500 67734466408 89.2 44836519375169024 84.9
791752200 67734690308 89.2 44836792005338624 84.9
796367900 67734786708 89.2 44836898268849664 84.9
796534300 67738547708 89.2 44839521904567808 84.9
796579700 67738809008 89.2 44839756031682048 84.9
796610200 67766355408 89.2 44894422727747072 85.0
797115400 67766356008 89.2 44894423469324864 85.0
797259600 67766382108 89.2 44894465329736256 85.0
798174900 67767750508 89.2 44894818945182272 85.0
798894200 67768083408 89.2 44895155551152704 85.0
799879500 67768271408 89.2 44895403500546624 85.0
800365900 67783820408 89.2 44912524763769408 85.0
800591700 67783822108 89.2 44912526739065408 85.0
800762000 67783893908 89.2 44912597396572736 85.0
800858500 67783903708 89.2 44912601516534336 85.0
803915700 67783905608 89.2 44912603112610752 85.0
804037000 67794653008 89.3 44922148803255232 85.0
804090800 67794692108 89.3 44922180280421312 85.0
804632400 67794694308 89.3 44922183111986112 85.0
805159500 67794710808 89.3 44922197059313600 85.0
805435100 67794768108 89.3 44922242610880448 85.0
805560000 67794797608 89.3 44922267207282624 85.0
805918100 67794815108 89.3 44922279843322816 85.0
806363700 67794874508 89.3 44922367431728064 85.0
806504300 67795038608 89.3 44922504126233536 85.0
807400400 67796360008 89.3 44923444467760064 85.0
807491800 67800087608 89.3 44926656337312704 85.0
808275200 67801831508 89.3 44927576268241856 85.0
808986800 67805004308 89.3 44931811142433728 85.0
809173100 67812298908 89.3 44941457815141312 85.1
809447500 67812828108 89.3 44941971510098880 85.1
809514600 67813021708 89.3 44942264206293952 85.1
809576300 67813052608 89.3 44942278587950016 85.1
810006100 67813082208 89.3 44942340256220096 85.1
810734000 67813237208 89.3 44942530425635776 85.1
811006200 67813301208 89.3 44942631417078720 85.1
812152500 67813790908 89.3 44943435738047424 85.1
812516000 67813978208 89.3 44943559294870464 85.1
812692400 67814036808 89.3 44943647994307520 85.1
812801800 67814044508 89.3 44943650534441920 85.1
812877100 67814047608 89.3 44943655891413440 85.1
813099200 67814077108 89.3 44943674783064512 85.1
813159100 67816499608 89.3 44944397664739776 85.1
813581800 67822923008 89.3 44951660591276480 85.1
814205800 67825389108 89.3 44952671635399104 85.1
815465600 67825471708 89.3 44952735055585728 85.1
817496000 67825545408 89.3 44952794478707136 85.1
817597100 67825555708 89.3 44952809762978240 85.1
817698600 67833823008 89.3 44966699688262080 85.1
818264200 67833873208 89.3 44966763172518336 85.1
818709700 67833889908 89.3 44966778532098496 85.1
819004600 67833898508 89.3 44966783442997696 85.1
820912400 67834015108 89.3 44966873370079680 85.1
823387500 67836652908 89.3 44968368227889600 85.1
823920600 67854872108 89.3 44989331682243008 85.2
824264600 67854877908 89.3 44989353883324864 85.2
824439400 67854898708 89.3 44989398733681088 85.2
825051900 67855015708 89.3 44989543799026112 85.2
825062000 67855043508 89.3 44989583877489088 85.2
826537000 67855358608 89.3 44989873383391680 85.2
826571400 67855616408 89.3 44990055460291008 85.2
826754900 67855629308 89.3 44990063067382208 85.2
827991200 67855733608 89.3 44990154832101824 85.2
827992800 67855826308 89.3 44990226729820608 85.2
828106200 67855839808 89.3 44990239269194176 85.2
829470800 67860911008 89.3 44995102162553280 85.2
830999700 67860966408 89.3 44995184049654208 85.2
831764300 67889796908 89.4 45051353082497472 85.3
834558500 67890517208 89.4 45052356033841600 85.3
839334700 67890564108 89.4 45052394019731904 85.3
839844400 67890597308 89.4 45052431878633920 85.3
839851800 67905381308 89.4 45068663591844288 85.3
840519300 67905401008 89.4 45068705042397632 85.3
842251400 67905528908 89.4 45068808243870144 85.3
842796200 67907692608 89.4 45069918568020416 85.3
842899600 67907768408 89.4 45069993603987904 85.3
843056400 67907785808 89.4 45070025898013120 85.3
843558600 67907833208 89.4 45070098916520384 85.3
843704700 67907843208 89.4 45070115959368128 85.3
844034300 67907883708 89.4 45070177139644864 85.3
845086500 67907894308 89.4 45070184608496064 85.3
845326600 67907936008 89.4 45070215614683584 85.3
845612600 67908023708 89.4 45070311125178816 85.3
846113200 67915338908 89.4 45085659581929920 85.3
846233700 67925911208 89.4 45100235350366656 85.4
846251400 67925959608 89.4 45100291071588800 85.4
847073100 67926007608 89.4 45100325229689280 85.4
847337000 67926034008 89.4 45100363443829184 85.4
847575600 67926285808 89.4 45100557389543872 85.4
847809000 67927375308 89.4 45101215118604736 85.4
849121000 67927432708 89.4 45101287205837248 85.4
851657600 67932483208 89.4 45103252990532032 85.4
852142900 67932484608 89.4 45103253952272832 85.4
852296700 67932504308 89.4 45103289943873984 85.4
854927000 67932560908 89.4 45103332211931584 85.4
855008300 67932590008 89.4 45103371454675392 85.4
855167700 67932626008 89.4 45103408951433664 85.4
855505000 67933024208 89.4 45103822024808896 85.4
855755100 67937721108 89.4 45109881384278464 85.4
856488300 67937762908 89.4 45109924680702400 85.4
857167600 67938016408 89.4 45110139648055744 85.4
857271400 67938046608 89.4 45110167106410944 85.4
857495400 67938062408 89.4 45110174219114944 85.4
858744900 67938270808 89.4 45110441519520192 85.4
859479200 67940577008 89.4 45111485871528384 85.4
860142600 67940627708 89.4 45111534048434624 85.4
860162800 67940655608 89.4 45111577524869568 85.4
860854400 67940885308 89.4 45111820551231936 85.4
861847900 67956210008 89.5 45127144589793728 85.4
862049200 67956245208 89.5 45127160844564928 85.4
862231000 67957754808 89.5 45128672358742464 85.4
862759200 67957893708 89.5 45128806791412160 85.4
863203900 67958031708 89.5 45128889953008064 85.4
863457600 67958052508 89.5 45128901749897664 85.4
863658900 67958115908 89.5 45128980240325056 85.4
864004900 67958122508 89.5 45128984631237056 85.4
864120400 67958132908 89.5 45128988899883456 85.4
864832900 67958185108 89.5 45129031420762560 85.4
865056100 67958234708 89.5 45129081216080320 85.4
866388400 67959716308 89.5 45130419186604480 85.4
866850800 67962149208 89.5 45132576397367744 85.4
867155300 67962157008 89.5 45132589399192000 85.4
868132900 67972939508 89.5 45144406026531264 85.5
868332700 67981394008 89.5 45156929977102784 85.5
868422300 67981484408 89.5 45157057228411328 85.5
869430100 67981520908 89.5 45157127095308736 85.5
869600800 67981522108 89.5 45157129227891136 85.5
869606700 67981569408 89.5 45157167848800704 85.5
869758300 67981572308 89.5 45157171134000576 85.5
874337200 67981953008 89.5 45157524900998592 85.5
875660200 67987336608 89.5 45161233062096320 85.5
876858900 67987461408 89.5 45161389193358784 85.5
883404700 67987477108 89.5 45161402055936448 85.5
883488500 67987524708 89.5 45161462841256384 85.5
884323000 67987562508 89.5 45161487298558400 85.5
884370800 67989200008 89.5 45163313347262912 85.5
884755700 67989251308 89.5 45163358348646848 85.5
884811700 67989276008 89.5 45163372193741248 85.5
884830800 68019447108 89.5 45219998879676864 85.6
885310700 68020134108 89.6 45220540514597312 85.6
885487900 68020182008 89.6 45220600939952576 85.6
885670800 68020188808 89.6 45220617827527104 85.6
885957700 68022575008 89.6 45221738582387136 85.6
886299800 68039257808 89.6 45240083610347968 85.6
887621400 68039270708 89.6 45240092613356992 85.6
887924300 68039334608 89.6 45240152691248576 85.6
888467500 68039348708 89.6 45240161272666048 85.6
889042400 68039389408 89.6 45240189511727040 85.6
889420100 68039887808 89.6 45240773003573184 85.6
889516400 68040663108 89.6 45242112329775040 85.6
890192400 68040668108 89.6 45242114122859584 85.6
890278000 68042406708 89.6 45242516189201472 85.6
891114900 68042471708 89.6 45242593999832128 85.6
891174400 68052643308 89.6 45251340823413824 85.7
891239200 68052647208 89.6 45251343214453824 85.7
893283200 68052647908 89.6 45251344588047424 85.7
893341100 68056766408 89.6 45266616839537728 85.7
897953700 68062764308 89.6 45273484675220544 85.7
899679500 68063253608 89.6 45274058341712960 85.7
900062400 68063338308 89.6 45274160904512576 85.7
900192100 68067969608 89.6 45276515343246400 85.7
900259900 68076575208 89.6 45282828220605504 85.7
900658000 68087748508 89.6 45298772806444096 85.7
900665900 68090451608 89.6 45300493441803328 85.7
902376500 68090497208 89.6 45300555471791168 85.7
902449600 68090525408 89.6 45300568928197696 85.7
903192100 68090534108 89.6 45300577729887296 85.7
903358300 68090556008 89.6 45300616091671616 85.7
903576400 68091133008 89.6 45301679715130432 85.7
903647300 68091763908 89.6 45302593603574848 85.7
903729300 68092073808 89.6 45302847061859392 85.8
903729700 68092178208 89.6 45302936287411264 85.8
904364700 68092197108 89.6 45302949418137664 85.8
904791300 68092249908 89.6 45303001047808064 85.8
905558400 68092392908 89.6 45303187177420864 85.8
905798900 68092552408 89.6 45303483329689664 85.8
907467200 68092590008 89.6 45303513172621376 85.8
908194400 68092865708 89.6 45303765942614080 85.8
908467600 68092875008 89.6 45303788316117056 85.8
908563300 68093321808 89.6 45304490405447744 85.8
908769900 68094566608 89.6 45305391513061440 85.8
909110000 68094574008 89.6 45305395666510400 85.8
909121600 68094590508 89.6 45305415854324288 85.8
909517300 68096630608 89.7 45306504124103232 85.8
910057800 68097206208 89.7 45306980657986112 85.8
910238800 68097248308 89.7 45307008468060736 85.8
910246300 68097331308 89.7 45307129267948096 85.8
910544400 68103009408 89.7 45311368310491712 85.8
910569600 68103054508 89.7 45311424780864064 85.8
911445200 68103088808 89.7 45311467234019904 85.8
911955900 68103099108 89.7 45311481916763712 85.8
913815100 68118989208 89.7 45338928127225408 85.8
914227900 68119277308 89.7 45339209334369856 85.8
914499900 68119287408 89.7 45339217166638656 85.8
919456900 68140336208 89.7 45361151742877248 85.9
921574200 68140372508 89.7 45361201733066304 85.9
922641500 68140404908 89.7 45361219414931008 85.9
923139400 68148075908 89.7 45373193266804288 85.9
923300200 68148101308 89.7 45373210706409024 85.9
923546800 68148177608 89.7 45373266371245632 85.9
924142700 68148188708 89.7 45373293422237248 85.9
925038500 68148268508 89.7 45373382294771264 85.9
925458900 68148281808 89.7 45373398546408000 85.9
925515500 68148332108 89.7 45373439966798400 85.9
925646500 68148413408 89.7 45373510258065984 85.9
925886100 68148458708 89.7 45373536856590912 85.9
926613300 68148497408 89.7 45373591306824256 85.9
927020600 68148589308 89.7 45373760208955968 85.9
927561200 68152326008 89.7 45375171347409472 85.9
927783600 68155739908 89.7 45376526546561600 85.9
928527300 68156275308 89.7 45377077560339008 85.9
928891000 68157465008 89.7 45378712793115200 85.9
929087200 68157727108 89.7 45378963398535744 85.9
929161700 68158465908 89.7 45379806380894784 85.9
930754200 68158482008 89.7 45379834782773824 85.9
930888700 68158487808 89.7 45379857254427200 85.9
931623900 68173867908 89.8 45396822996003392 85.9
931656400 68173868308 89.8 45396823973104192 85.9
931797100 68173989408 89.8 45396973819726400 85.9
932347700 68174078308 89.8 45397049907317312 85.9
932699400 68180819408 89.8 45403561276443200 85.9
932919300 68180880508 89.8 45403647991720512 85.9
933318200 68180922008 89.8 45403680618259008 85.9
933684900 68188666408 89.8 45411104787472960 86.0
934826600 68188709508 89.8 45411149522412096 86.0
939890400 68188734408 89.8 45411181537892928 86.0
940028400 68192577708 89.8 45425513437960768 86.0
941641800 68192599108 89.8 45425567990897216 86.0
943412500 68195005908 89.8 45427459782826560 86.0
944179300 68196578008 89.8 45429212651412032 86.0
944847700 68196624208 89.8 45429260247042624 86.0
947031400 68204644108 89.8 45439628280269376 86.0
947711200 68204674608 89.8 45439670158154304 86.0
947860000 68204726008 89.8 45439706205678144 86.0
949819000 68204744308 89.8 45439734184016448 86.0
949895500 68204773808 89.8 45439804065045056 86.0
950288000 68204799008 89.8 45439819951923776 86.0
950321400 68209557508 89.8 45441857555554880 86.0
950700100 68226701808 89.8 45476392735367744 86.1
950731100 68226761908 89.8 45476483965542976 86.1
951457500 68226829208 89.8 45476574663549504 86.1
952083500 68226928908 89.8 45476653311533632 86.1
952444700 68226986008 89.8 45476707612475968 86.1
953074800 68227014408 89.8 45476735065147968 86.1
953531100 68227058708 89.8 45476763232049728 86.1
953539400 68227130608 89.8 45476809475570240 86.1
953609400 68227132508 89.8 45476811545074240 86.1
953658200 68227149208 89.8 45476842322238016 86.1
954092300 68227181408 89.8 45476894843923008 86.1
954161000 68232536708 89.8 45482319926061632 86.1
954519300 68232569408 89.8 45482342427626048 86.1
954780200 68232606808 89.8 45482378484222528 86.1
954786200 68232622408 89.8 45482386754456128 86.1
955780400 68232623708 89.8 45482387863448128 86.1
956012300 68242300208 89.8 45490785463511616 86.1
956354000 68244890708 89.8 45493871016880704 86.1
957278900 68244895008 89.8 45493873403753024 86.1
957426500 68245443708 89.8 45494502879326784 86.1
957481300 68245445608 89.8 45494504355320384 86.1
957953700 68245537008 89.8 45494553673486912 86.1
957996900 68247480408 89.8 45495889189687872 86.1
958114900 68247679108 89.8 45496099021607488 86.1
961072600 68247693808 89.8 45496126054398528 86.1
961350000 68248817008 89.9 45496858118257216 86.1
961868500 68248851308 89.9 45496890902764096 86.1
961940100 68249512708 89.9 45497450868365888 86.1
961982800 68250197608 89.9 45497808574765632 86.1
961989400 68250209208 89.9 45497838379924032 86.1
963144700 68250222708 89.9 45497849560035904 86.1
963548500 68250254608 89.9 45497886103413312 86.1
965630300 68250268508 89.9 45497907167881792 86.1
967501300 68250271708 89.9 45497915926406720 86.1
967713100 68250288408 89.9 45497935495292480 86.1
968281200 68257088108 89.9 45508388687570496 86.1
968553000 68257175608 89.9 45508510238451264 86.1
968731500 68257236308 89.9 45508606651016768 86.1
969050800 68258559708 89.9 45509763903399488 86.1
969260700 68273539708 89.9 45526285918021184 86.2
970043000 68273559808 89.9 45526306853637696 86.2
970095500 68279392308 89.9 45531819804347968 86.2
971524200 68281472908 89.9 45532723850268224 86.2
972808300 68281494608 89.9 45532752970444352 86.2
973326700 68281537908 89.9 45532789344316992 86.2
973632900 68289133708 89.9 45535234150116928 86.2
973947700 68289145308 89.9 45535250330896960 86.2
974790100 68289207008 89.9 45535313887808064 86.2
974958900 68293206208 89.9 45540518129879616 86.2
975984400 68293211508 89.9 45540522845194816 86.2
977281300 68293213808 89.9 45540525269002816 86.2
977434600 68293226308 89.9 45540537298538048 86.2
980162400 68293306808 89.9 45540619784261184 86.2
981148400 68301072708 89.9 45550186442231360 86.2
981274600 68301108008 89.9 45550213870579264 86.2
981825600 68301421508 89.9 45550482768735808 86.2
982275900 68305309908 89.9 45554998452366912 86.2
983554300 68305378508 89.9 45555055554571840 86.2
983987900 68305398208 89.9 45555077895691840 86.2
984210400 68308742108 89.9 45567782176169536 86.3
985566300 68309290008 89.9 45568494984240704 86.3
985788400 68309340208 89.9 45568567489240640 86.3
986428700 68309345208 89.9 45568572008971840 86.3
986849100 68309377008 89.9 45568595279976000 86.3
986939700 68309586408 89.9 45568842190509632 86.3
988777000 68309667508 89.9 45568929138210368 86.3
989153600 68309750508 89.9 45569029386999360 86.3
989382500 68311046508 89.9 45570197018711616 86.3
990487800 68315849508 89.9 45574479864993344 86.3
990746400 68332782808 90.0 45612587117516352 86.3
991567800 68332826508 90.0 45612632224290368 86.3
991778500 68332894308 90.0 45612688759699008 86.3
992044800 68333043508 90.0 45612809769023040 86.3
992212500 68333244808 90.0 45613046721672768 86.3
992256500 68333279508 90.0 45613075039235648 86.3
992748300 68333516108 90.0 45613288960863808 86.3
993664000 68333572608 90.0 45613361623912000 86.3
994001700 68334315108 90.0 45613990328651328 86.3
994340700 68334493808 90.0 45614147179548224 86.3
995681200 68334496308 90.0 45614151103925824 86.3
995792700 68335298808 90.0 45614581570489920 86.3
995986900 68335385208 90.0 45614678297701952 86.3
996163200 68335464408 90.0 45614731961298496 86.3
996340000 68335492808 90.0 45614756128521792 86.3
996394300 68335577408 90.0 45614855102545472 86.3
996532000 68335630708 90.0 45614910638390848 86.3
996621000 68335926108 90.0 45615285340864064 86.3
996968900 68335928508 90.0 45615287562739264 86.3
997285200 68335948208 90.0 45615317656350272 86.3
997313400 68336016608 90.0 45615375365238336 86.3
997626400 68336056608 90.0 45615419966574144 86.3
998346900 68338178408 90.0 45617193051704896 86.3
998829100 68338196608 90.0 45617219606578752 86.3
999551000 68339339408 90.0 45617672947729984 86.3
999618200 68339465608 90.0 45617759155045952 86.3
999661500 68339483108 90.0 45617769350266432 86.3
999797500 68339510508 90.0 45617803130271296 86.3
1000044600 68340065608 90.0 45618161101272640 86.3
1000635100 68340116308 90.0 45618220086609472 86.3
1000727300 68340193408 90.0 45618300697691712 86.3
1001111700 68340225708 90.0 45618324412829248 86.3
1001325400 68340241708 90.0 45618342048906816 86.3
1002149800 68340471608 90.0 45618563570531904 86.3
1002601600 68349304108 90.0 45626837508357696 86.4
1002802300 68349920108 90.0 45627150211776064 86.4
1003097100 68351536108 90.0 45627889679892032 86.4
1003236800 68351937108 90.0 45628322889039424 86.4
1004032000 68351940308 90.0 45628328759836224 86.4
1004666200 68351964408 90.0 45628352873356864 86.4
1004749400 68351973508 90.0 45628360261611584 86.4
1004911400 68351978808 90.0 45628379827812416 86.4
1004912800 68351984508 90.0 45628404223354944 86.4
1004948900 68352322708 90.0 45628851088828480 86.4
1005978400 68359032008 90.0 45638743878051904 86.4
1006193300 68359099108 90.0 45638802873530432 86.4
1006946800 68372382708 90.0 45653381807618112 86.4
1008570000 68372419508 90.0 45653413041387584 86.4
1009079800 68376819308 90.0 45655068567648320 86.4
1009448300 68376838208 90.0 45655088139237440 86.4
1009504800 68376878708 90.0 45655166636447808 86.4
1009768900 68376880908 90.0 45655170842835008 86.4
1010377400 68381920508 90.0 45659788125091904 86.4
1010907700 68382035008 90.0 45659892362721344 86.4
1012483700 68391041708 90.0 45666834683476032 86.4
1012648400 68391112208 90.0 45666896486455360 86.4
1013348500 68391118508 90.0 45666899496400960 86.4
1013672200 68391173008 90.0 45666948957853760 86.4
1014027800 68391208308 90.0 45666974275614784 86.4
1014316900 68391234008 90.0 45666998631684160 86.4
1014442100 68391535308 90.0 45667337519388736 86.4
1014966100 68391541708 90.0 45667348228995136 86.4
1015146900 68391655408 90.0 45667450213546048 86.4
1015546400 68391673908 90.0 45667460465426496 86.4
1015993900 68391754308 90.0 45667576176140352 86.4
1016447500 68391773808 90.0 45667592289289280 86.4
1016541300 68391817208 90.0 45667656293643328 86.4
1017037100 68391830408 90.0 45667663709579328 86.4
1017239000 68399391008 90.0 45677266085193792 86.5
1017657100 68399506108 90.0 45677365355915328 86.5
1017670000 68399511308 90.0 45677368720779328 86.5
1018007200 68399572808 90.0 45677438967244864 86.5
1018810100 68405228108 90.1 45691542473828416 86.5
1018835300 68406657808 90.1 45692326970812480 86.5
1019793900 68406981108 90.1 45692854348113984 86.5
1022284500 68409224108 90.1 45693739521435712 86.5
1023153800 68411287308 90.1 45695429039253568 86.5
1023834600 68411310808 90.1 45695462504380480 86.5
1024506700 68425574108 90.1 45727654861322304 86.6
1026748400 68426104108 90.1 45728308168144960 86.6
1027080200 68426152808 90.1 45728351050594368 86.6
1027663900 68426163408 90.1 45728358995288128 86.6
1028056200 68426189908 90.1 45728391536672832 86.6
1028273300 68426204608 90.1 45728403204640832 86.6
1028881100 68426256308 90.1 45728453002985536 86.6
1028980300 68426295508 90.1 45728478376851520 86.6
1029687900 68426307908 90.1 45728490985664576 86.6
1029903400 68426331208 90.1 45728523981058112 86.6
1030650600 68426336008 90.1 45728529217902656 86.6
1031142900 68426381508 90.1 45728574595151936 86.6
1032753100 68426837208 90.1 45728984262981696 86.6
1032918700 68426893308 90.1 45729016051669056 86.6
1034098200 68426913208 90.1 45729034717317184 86.6
1034385400 68426923208 90.1 45729045912634432 86.6
1034450600 68426948708 90.1 45729091817419840 86.6
1035080100 68427184108 90.1 45729425212683328 86.6
1035290200 68428420708 90.1 45730397793334336 86.6
1036798300 68430687608 90.1 45731258474607680 86.6
1038088300 68430841008 90.1 45731319025980480 86.6
1039727200 68430866908 90.1 45731353139002432 86.6
1039827800 68435381708 90.1 45736130835561536 86.6
1041176900 68435981308 90.1 45736457260809280 86.6
1041293700 68436721908 90.1 45737026752527424 86.6
1041370100 68436820508 90.1 45737064069876800 86.6
1043201300 68444765608 90.1 45743811973631040 86.6
1043613400 68444877308 90.1 45743945509268544 86.6
1044091100 68444905108 90.1 45743975402423360 86.6
1044122700 68444906708 90.1 45743978005021760 86.6
1044765900 68444974508 90.1 45744043199906880 86.6
1045761900 68444996608 90.1 45744069089199168 86.6
1046308700 68444999908 90.1 45744077339154496 86.6
1046326100 68445018108 90.1 45744097036812352 86.6
1046394100 68445159608 90.1 45744210381652032 86.6
1046430900 68445180208 90.1 45744219858991168 86.6
1046453000 68445352108 90.1 45744456419047488 86.6
1046469800 68445368508 90.1 45744486069712960 86.6
1046844700 68448078208 90.1 45745245480695872 86.6
1046936700 68448348308 90.1 45745380414584896 86.6
1047005500 68448978108 90.1 45745694997018688 86.6
1047123800 68449016208 90.1 45745735634008128 86.6
1047950400 68449016908 90.1 45745737194584128 86.6
1048031200 68449035008 90.1 45745770977359936 86.6
1048183700 68449063308 90.1 45745788423620672 86.6
1048267400 68455608308 90.1 45754962427627584 86.6
1048310500 68455659408 90.1 45755017652291648 86.6
1048963600 68455666608 90.1 45755027179868224 86.6
1049174800 68456233008 90.1 45755764044894272 86.6
1049619900 68457034608 90.1 45756403704827968 86.6
1049907000 68457249408 90.1 45756679854526528 86.6
1050359700 68457300008 90.1 45756721785835584 86.6
1050369400 68457316408 90.1 45756746252550208 86.6
1050757900 68457321608 90.1 45756748214534208 86.6
1050838800 68468971608 90.1 45769593514852416 86.6
1050896000 68469210408 90.1 45769845004599360 86.6
1051151500 68469276908 90.1 45769907070935104 86.6
1051153900 68469418008 90.1 45770104381907008 86.6
1051174100 68469452908 90.1 45770155793338432 86.6
1052675200 68469570508 90.1 45770259648630848 86.6
1053119400 68469598708 90.1 45770316966539328 86.6
1053354500 68469782208 90.1 45770466123378752 86.6
1053403900 68471578108 90.1 45771246435692608 86.6
1053957100 68471624808 90.1 45771286984060992 86.6
1054342800 68471695108 90.1 45771379835080768 86.6
1054453500 68471712408 90.1 45771404052443200 86.6
1055134900 68477649508 90.2 45775569047171136 86.6
1055354000 68477675308 90.2 45775585866780736 86.6
1056468900 68477717108 90.2 45775628142329920 86.6
1056920200 68477762908 90.2 45775681416228928 86.6
1057008400 68477783208 90.2 45775702305325120 86.6
1057692000 68481133008 90.2 45780005456756800 86.7
1057811700 68485535908 90.2 45791328308609088 86.7
1057962500 68485941308 90.2 45791734851354688 86.7
1058030900 68485947608 90.2 45791744245987392 86.7
1058046100 68485952008 90.2 45791747082467392 86.7
1061863200 68485963308 90.2 45791767068323904 86.7
1062288800 68487094308 90.2 45792204162248768 86.7
1062559000 68487105808 90.2 45792214489083968 86.7
1062739900 68487495008 90.2 45792584052027456 86.7
1063053400 68487563408 90.2 45792676891103296 86.7
1063730000 68488170208 90.2 45793220251422784 86.7
1064535500 68488195108 90.2 45793258871439424 86.7
1064830900 68488210508 90.2 45793285520564288 86.7
1065088500 68496288608 90.2 45801666751307840 86.7
1065161500 68496312608 90.2 45801711667208256 86.7
1065856300 68496334708 90.2 45801749762572352 86.7
1065888900 68496483808 90.2 45801942667280448 86.7
1065998600 68496505208 90.2 45801963535937600 86.7
1066306000 68496575408 90.2 45802018598641728 86.7
1066686500 68496585808 90.2 45802027324350528 86.7
1066860600 68496639208 90.2 45802092459634752 86.7
1066938400 68501923608 90.2 45807221141844032 86.7
1067180000 68502032608 90.2 45807335627911232 86.7
1067371700 68503749108 90.2 45808814286401600 86.7
1068005900 68503912008 90.2 45809042776715328 86.7
1068028700 68503916808 90.2 45809044991521344 86.7
1069047400 68503929308 90.2 45809054624084544 86.7
1069676400 68503929908 90.2 45809055059489344 86.7
1069741900 68503960308 90.2 45809093342687808 86.7
1070057200 68516113908 90.2 45836591684153920 86.8
1070396900 68516130108 90.2 45836604675576384 86.8
1070465200 68517405908 90.2 45837174448050752 86.8
1070558300 68517437908 90.2 45837207109196352 86.8
1070780600 68517454608 90.2 45837220219774528 86.8
1072218800 68517484608 90.2 45837262593795648 86.8
1072660600 68517600308 90.2 45837427534161472 86.8
1073820500 68517621208 90.2 45837443944696384 86.8
1075245700 68517638608 90.2 45837464074005056 86.8
1076314000 68517642308 90.2 45837466635029056 86.8
1076638900 68517718408 90.2 45837539928320576 86.8
1076706500 68517760008 90.2 45837565401725504 86.8
1077024400 68517764508 90.2 45837574273914432 86.8
1077109600 68517854508 90.2 45837653226739264 86.8
1077113900 68519050408 90.2 45838097581987392 86.8
1077357900 68519067308 90.2 45838118534417984 86.8
1077401700 68519267608 90.2 45838334572105280 86.8
1077730100 68519279008 90.2 45838349023865408 86.8
1077863600 68519475508 90.2 45838584817019456 86.8
1078150200 68519763908 90.2 45838830531537472 86.8
1078236000 68519824408 90.2 45838898374408768 86.8
1078259100 68519851308 90.2 45838940111182400 86.8
1078415200 68521611508 90.2 45839552231709248 86.8
1079667400 68521857508 90.2 45839805919140416 86.8
1079682600 68521867508 90.2 45839815908097600 86.8
1080088800 68522199908 90.2 45840105500573248 86.8
1080313100 68522662408 90.2 45840315581627968 86.8
1080405500 68522775808 90.2 45840391529602624 86.8
1080457600 68522776508 90.2 45840392182505024 86.8
1080580300 68522997208 90.2 45840672529260096 86.8
1080639900 68523467608 90.2 45840920680062528 86.8
1080680300 68523480308 90.2 45840931386031680 86.8
1081722100 68528322308 90.2 45848267052809792 86.8
1081829400 68531927008 90.2 45849592577130048 86.8
1081998800 68531953008 90.2 45849626901749312 86.8
1082328000 68532440308 90.2 45850173779877440 86.8
1082493100 68533368308 90.2 45850604112911936 86.8
1083518700 68543815408 90.2 45862120189009472 86.8
1084022300 68547502908 90.2 45865426963603008 86.8
1084466000 68548831708 90.2 45866326847135296 86.8
1084854500 68548836108 90.2 45866329786595904 86.8
1084995700 68553599408 90.3 45872354171861568 86.8
1085450400 68553628308 90.3 45872392496646720 86.8
1086418700 68553752708 90.3 45872550117739072 86.8
1086612800 68553949408 90.3 45872753197795904 86.8
1087329800 68554082908 90.3 45872871669574208 86.8
1087903200 68554083108 90.3 45872871685343808 86.8
1087948500 68554084708 90.3 45872874061638208 86.8
1087991100 68554683508 90.3 45873589112285760 86.8
1088458200 68554796508 90.3 45873692816263744 86.8
1088542200 68554976808 90.3 45873839800666688 86.8
1088569700 68555104108 90.3 45873959116671552 86.8
1088629400 68555484208 90.3 45874186378906176 86.8
1088800000 68555493808 90.3 45874205378087488 86.8
1090283000 68555553008 90.3 45874263594732096 86.8
1090839500 68555571508 90.3 45874279716133440 86.8
1091504800 68555629808 90.3 45874363677276736 86.8
1091733900 68556105308 90.3 45874591819659840 86.8
1092991600 68556434108 90.3 45874860331170368 86.8
1094216100 68558510108 90.3 45877602696624704 86.8
1095419600 68558523908 90.3 45877625335939648 86.8
1096102300 68560598608 90.3 45885098906190400 86.9
1096299800 68560806108 90.3 45885260674826816 86.9
1096777200 68561401908 90.3 45885978516914752 86.9
1098632200 68561513408 90.3 45886069278802496 86.9
1100985700 68561522508 90.3 45886082759266880 86.9
1101884700 68561578708 90.3 45886177843245632 86.9
1102053000 68561624408 90.3 45886215027565120 86.9
1102411500 68561780308 90.3 45886360498414144 86.9
1102598700 68561785008 90.3 45886363791802944 86.9
1103271500 68561801208 90.3 45886383978132032 86.9
1103580300 68561808408 90.3 45886390432181312 86.9
1104275800 68561810908 90.3 45886394587982912 86.9
1104462000 68563806208 90.3 45888091598924864 86.9
1104564900 68563824108 90.3 45888112072453184 86.9
1105080700 68563908908 90.3 45888189423496256 86.9
1105094900 68574740208 90.3 45912591026433088 86.9
1105449300 68574745408 90.3 45912604081049664 86.9
1105541000 68574796608 90.3 45912662229463104 86.9
1105558800 68574854008 90.3 45912719274790976 86.9
1105705100 68575017808 90.3 45912925285011520 86.9
1105857700 68575054808 90.3 45912971496030272 86.9
1106069500 68575101008 90.3 45913015862669376 86.9
1106088400 68575508208 90.3 45913361314689088 86.9
1106383300 68575518208 90.3 45913370386421824 86.9
1107045800 68575531908 90.3 45913389355208768 86.9
1107047500 68575598308 90.3 45913445512642624 86.9
1107193100 68576614008 90.3 45914577873797184 86.9
1107327400 68576614708 90.3 45914578272952384 86.9
1107612800 68576636108 90.3 45914598053216320 86.9
1107710600 68576658708 90.3 45914632194598976 86.9
1108210800 68576672208 90.3 45914650555740224 86.9
1108724100 68576966008 90.3 45914900693299264 86.9
1109221500 68576978308 90.3 45914916579939392 86.9
1109736900 68580299408 90.3 45916041908032576 86.9
1109808500 68580691208 90.3 45916269141742656 86.9
1110074900 68580923808 90.3 45916464127038528 86.9
1110940700 68581156008 90.3 45916739678065728 86.9
1111111800 68581250708 90.3 45916880126006336 86.9
1111208300 68581335508 90.3 45916932376761408 86.9
1111257900 68582827508 90.3 45917735613174848 86.9
1111313900 68582948008 90.3 45917843846485056 86.9
1111416100 68582951608 90.3 45917853560811584 86.9
1111810000 68582972108 90.3 45917874005743680 86.9
1112242100 68583095608 90.3 45917935286769728 86.9
1112330600 68583281508 90.3 45918113753897024 86.9
1112814800 68583712108 90.3 45918376275449920 86.9
1112997400 68588111608 90.3 45922391833155648 86.9
1113517600 68588141208 90.3 45922411495442496 86.9
1113840600 68588166208 90.3 45922428286713920 86.9
1114035000 68588198508 90.3 45922465693237312 86.9
1114100900 68591735208 90.3 45923840913637440 86.9
1114133900 68591749808 90.3 45923855724662848 86.9
1114863800 68591759108 90.3 45923862770814528 86.9
1114877500 68591860408 90.3 45923941568253504 86.9
1115346200 68591873208 90.3 45923966730305088 86.9
1115441700 68591907708 90.3 45924006004956736 86.9
1115473600 68591959108 90.3 45924068336561728 86.9
1115488600 68592116708 90.3 45924131262058048 86.9
1116199400 68592121608 90.3 45924138667416640 86.9
1116690800 68593721008 90.3 45924702187691072 86.9
1118121100 68602891508 90.3 45934723038452800 86.9
1118224500 68606235608 90.3 45937661758676032 87.0
1118391500 68606671408 90.3 45937983090433088 87.0
1118771100 68611593008 90.3 45944736492395584 87.0
1119688400 68611919508 90.3 45944967142546496 87.0
1120197200 68612229308 90.3 45945347090652224 87.0
1120289800 68612231608 90.3 45945351263452224 87.0
1120292800 68612254308 90.3 45945369356246080 87.0
1120300000 68612735408 90.3 45945780380146752 87.0
1120370700 68613397208 90.3 45946306806553664 87.0
1120382100 68613447008 90.3 45946373434948672 87.0
1121084800 68613499808 90.3 45946440760192064 87.0
1121199300 68613757208 90.3 45946623558577216 87.0
1121479500 68613760508 90.3 45946625207217216 87.0
1121533800 68613921108 90.3 45946710119091264 87.0
1121766100 68613935908 90.3 45946722324937792 87.0
1122161100 68613949908 90.3 45946741051870272 87.0
1122188500 68613971108 90.3 45946764596051008 87.0
1123007000 68613995108 90.3 45946787952356416 87.0
1123462600 68614021108 90.3 45946813365894208 87.0
1123529600 68614120208 90.3 45946889591708736 87.0
1124464600 68614443508 90.3 45947133515439168 87.0
1124702400 68618125608 90.3 45955811656768576 87.0
1124929600 68619116308 90.3 45956450137709632 87.0
1125010100 68619144608 90.3 45956489023470656 87.0
1125056400 68619154408 90.3 45956504862174272 87.0
1125341300 68619166308 90.3 45956516402826304 87.0
1125402000 68619190908 90.3 45956535191460928 87.0
1125736700 68619521708 90.3 45956680399330368 87.0
1125740000 68619712008 90.3 45956835863354432 87.0
1125884500 68619716108 90.3 45956839117680448 87.0
1126113600 68619727808 90.3 45956853432115008 87.0
1126965300 68622217808 90.3 45960005641363264 87.0
1127263600 68623330108 90.3 45960478411775808 87.0
1128144300 68623340808 90.3 45960488756368192 87.0
1128819900 68623343808 90.3 45960490726544192 87.0
1128882600 68623514608 90.3 45960631597126464 87.0
1129279800 68633180808 90.4 45982425301373760 87.0
1129653200 68633218908 90.4 45982480220447552 87.0
1130596600 68633243708 90.4 45982499770999616 87.0
1130598800 68639241308 90.4 45987785518883648 87.0
1131149300 68639621008 90.4 45987919850586944 87.0
1131903700 68639637408 90.4 45987938885665600 87.0
1132351100 68639642908 90.4 45987943231651136 87.0
1132376000 68639670008 90.4 45987990122945856 87.0
1132379400 68639698308 90.4 45988013270306112 87.0
1132667500 68639713508 90.4 45988024980520256 87.0
1132683100 68639751108 90.4 45988039495799104 87.0
1132962800 68639767108 90.4 45988058240848192 87.0
1133706500 68640015808 90.4 45988385412256064 87.0
1133863900 68640977008 90.4 45988981433143616 87.0
1133880900 68640979408 90.4 45988982771306816 87.0
1133972900 68641110308 90.4 45989138896605504 87.0
1134404000 68641147908 90.4 45989182988353856 87.0
1134631200 68641278808 90.4 45989231189156160 87.0
1134791200 68641294808 90.4 45989249502466368 87.0
1135042000 68641303208 90.4 45989259586873664 87.0
1135316000 68641428808 90.4 45989341227428160 87.0
1135548900 68641693208 90.4 45989659347986752 87.1
1136253900 68641790208 90.4 45989740728494400 87.1
1136265100 68641829508 90.4 45989788675770688 87.1
1136372600 68641833608 90.4 45989792295201088 87.1
1136459800 68643737908 90.4 45991462912567616 87.1
1136633000 68643753908 90.4 45991486255630656 87.1
1137288600 68643773608 90.4 45991505253515584 87.1
1137908700 68643775208 90.4 45991507432513856 87.1
1138317700 68643984508 90.4 45991715308740928 87.1
1138773700 68647838508 90.4 45995229136200000 87.1
1138879400 68647852608 90.4 45995247241650496 87.1
1138915400 68647862408 90.4 45995257644674368 87.1
1138975800 68647883708 90.4 45995275789450560 87.1
1139329600 68647950608 90.4 45995302750629184 87.1
1139405500 68649070108 90.4 45995686832385344 87.1
1139434000 68649076008 90.4 45995691324011328 87.1
1139543700 68649097608 90.4 45995707162748736 87.1
1139584800 68649315008 90.4 45995895645480768 87.1
1139732500 68649317308 90.4 45995896773723968 87.1
1139946400 68650547808 90.4 45996476621637440 87.1
1140068500 68650566808 90.4 45996491333896000 87.1
1140210400 68650567208 90.4 45996492132411200 87.1
1140451200 68650586008 90.4 45996519714563904 87.1
1140585900 68650611808 90.4 45996535293882176 87.1
1141136600 68650639908 90.4 45996576167874368 87.1
1141267200 68650657108 90.4 45996591458666304 87.1
1141292100 68650829708 90.4 45996735457019712 87.1
1141547700 68650883508 90.4 45996779016341312 87.1
1142103900 68656687808 90.4 46004869344315200 87.1
1142179400 68656744808 90.4 46004904936302400 87.1
1142275100 68656752308 90.4 46004909357524800 87.1
1142418000 68656778108 90.4 46004938799939392 87.1
1142683700 68656816208 90.4 46004982917185344 87.1
1143228900 68656895308 90.4 46005011043127104 87.1
1143629300 68656983308 90.4 46005113810423616 87.1
1143768000 68656992908 90.4 46005134156234560 87.1
1146465600 68659025908 90.4 46006160780230464 87.1
1146518900 68659033008 90.4 46006170946417472 87.1
1147336300 68659150708 90.4 46006296962831168 87.1
1149381900 68659178308 90.4 46006329135913792 87.1
1150241300 68659294108 90.4 46006403310467904 87.1
1150839800 68659343608 90.4 46006438281333568 87.1
1151235000 68661584108 90.4 46009353030060864 87.1
1151786400 68661892408 90.4 46009654830943040 87.1
1151919100 68670787408 90.4 46019326383213376 87.1
1152011200 68671240608 90.4 46019610044156736 87.1
1152017200 68671289708 90.4 46019633576807232 87.1
1152383000 68671307508 90.4 46019648475360064 87.1
1152403600 68671315408 90.4 46019654495046464 87.1
1152423800 68671368408 90.4 46019692130327360 87.1
1152510600 68671380308 90.4 46019696441776960 87.1
1152566300 68671387208 90.4 46019720482052928 87.1
1152570000 68671396408 90.4 46019727922436928 87.1
1152869600 68671427108 90.4 46019749020042048 87.1
1153144700 68671447208 90.4 46019771871812416 87.1
1153347500 68673177708 90.4 46020938362280768 87.1
1153756400 68673267108 90.4 46021019850709824 87.1
1153850000 68673270508 90.4 46021023960431424 87.1
1154025600 68676384808 90.4 46023677650172736 87.1
1154275600 68676471008 90.4 46023807225609024 87.1
1154528400 68677410208 90.4 46024433841388352 87.1
1155445900 68677418108 90.4 46024438590872384 87.1
1156011400 68677431208 90.4 46024462129457984 87.1
1156032900 68677439708 90.4 46024472042701632 87.1
1156206600 68677440708 90.4 46024473240167232 87.1
1156376700 68677746908 90.4 46024594068267840 87.1
1156818000 68680982808 90.4 46032537100673856 87.1
1157302400 68681029408 90.4 46032565266043712 87.1
1157497600 68690387908 90.4 46052949830947648 87.2
1157567000 68690416808 90.4 46052983426220864 87.2
1157879100 68690439208 90.4 46053010023011136 87.2
1158093000 68690465408 90.4 46053046745486144 87.2
1158109300 68690483908 90.4 46053060695497536 87.2
1158117500 68690542008 90.4 46053144096045888 87.2
1158161100 68690917808 90.4 46053501639031616 87.2
1158275300 68691845908 90.4 46053949614881600 87.2
1158564200 68692071208 90.4 46054047661824832 87.2
1158803000 68692124408 90.4 46054077883771712 87.2
1158860200 68692124908 90.4 46054083363038016 87.2
1158952800 68692286008 90.4 46054206743626560 87.2
1159283900 68692798808 90.4 46054598826312512 87.2
1159554100 68693567208 90.4 46054942821368640 87.2
1159621000 68693756808 90.4 46055137497924416 87.2
1159663000 68693797708 90.4 46055179325023040 87.2
1159674500 68694195408 90.4 46055484806505280 87.2
1159896200 68694224708 90.4 46055527238329152 87.2
1160005400 68694322708 90.4 46055646696645440 87.2
1160061000 68694343708 90.4 46055672464106304 87.2
1160610300 68694895308 90.4 46055953679180608 87.2
1161843900 68694949008 90.4 46056014049776448 87.2
1162443300 68694951908 90.4 46056016927969344 87.2
1162461500 68694955308 90.4 46056021367623744 87.2
1162623500 68695026208 90.4 46056108410908736 87.2
1162653700 68695029808 90.4 46056112394023744 87.2
1162695100 68699189308 90.4 46062029521498944 87.2
1162744900 68699249408 90.4 46062088756310848 87.2
1162758800 68699257208 90.4 46062093667225408 87.2
1163165700 68699294808 90.4 46062129343905600 87.2
1163235400 68699299208 90.4 46062133562785600 87.2
1163350900 68699314008 90.4 46062147752960832 87.2
1163622800 68699381008 90.4 46062209596805952 87.2
1163649800 68699400408 90.4 46062240859489088 87.2
1163657300 68700973808 90.4 46063580445475648 87.2
1164005400 68700985308 90.4 46063588243440448 87.2
1164040700 68701043908 90.4 46063663894856512 87.2
1164677800 68701487508 90.4 46064007682327360 87.2
1165217800 68701492108 90.4 46064017731356480 87.2
1165523200 68701512708 90.4 46064041482821440 87.2
1165669900 68701978608 90.4 46064547994181440 87.2
1165994400 68702952108 90.4 46064698795695936 87.2
1166171900 68703016508 90.4 46064757890338624 87.2
1166355100 68703026608 90.4 46064763673331520 87.2
1166727200 68713978108 90.5 46075929363564352 87.2
1166796200 68717277508 90.5 46079014400771904 87.2
1166825100 68717311408 90.5 46079055472764736 87.2
1166846000 68717646008 90.5 46079412726638400 87.2
1166888800 68717667108 90.5 46079439712853824 87.2
1166917400 68717682008 90.5 46079453836318528 87.2
1167033100 68717689608 90.5 46079463924390720 87.2
1167330000 68717702608 90.5 46079479077542720 87.2
1167436100 68717712208 90.5 46079490227341120 87.2
1168309000 68717719108 90.5 46079500829112128 87.2
1168340300 68717729408 90.5 46079511029644096 87.2
1168528300 68718011908 90.5 46079750383860544 87.2
1168539900 68718035108 90.5 46079767988095808 87.2
1168731400 68718103808 90.5 46079814269369152 87.2
1168749200 68718218308 90.5 46079922165906240 87.2
1168832700 68718298208 90.5 46079973169015616 87.2
1168915900 68718435608 90.5 46080099974622016 87.2
1169128500 68718459108 90.5 46080137783397184 87.2
1169217600 68718551008 90.5 46080166503320384 87.2
1169590500 68718709008 90.5 46080297834163008 87.2
1169832900 68718805908 90.5 46080396674812736 87.2
1169950900 68720597708 90.5 46080721208724288 87.2
1170423800 68720605408 90.5 46080729682419520 87.2
1170778700 68720699308 90.5 46080805862129472 87.2
1171142100 68720702508 90.5 46080810327195456 87.2
1171201100 68721168708 90.5 46081148618719040 87.2
1171218700 68721169108 90.5 46081149287186240 87.2
1171802800 68723485208 90.5 46084088587009856 87.2
1172316500 68723496808 90.5 46084107541565248 87.2
1172854100 68723591108 90.5 46084205647572800 87.2
1173273500 68723913408 90.5 46084473495596864 87.2
1174157700 68723919708 90.5 46084479041881920 87.2
1174355100 68724107408 90.5 46084576578602816 87.2
1174434100 68724114108 90.5 46084590194317120 87.2
1175071800 68724167408 90.5 46084630724794176 87.2
1175221500 68724175208 90.5 46084639080768320 87.2
1175605000 68724175408 90.5 46084639367078720 87.2
1176418100 68724187208 90.5 46084648333763392 87.2
1176499600 68724208708 90.5 46084678798357312 87.2
1177199800 68726396708 90.5 46085350406959936 87.2
1177640500 68729782108 90.5 46089287843918656 87.2
1177648600 68729802008 90.5 46089310294920000 87.2
1178551900 68729893108 90.5 46089415985253184 87.2
1179250700 68730647708 90.5 46089991019481920 87.2
1179620400 68730749208 90.5 46090053517171520 87.2
1180055200 68730761308 90.5 46090061201595200 87.2
1180458100 68730783808 90.5 46090087317312320 87.2
1180843700 68730815208 90.5 46090117868614464 87.2
1181070800 68730830408 90.5 46090134405815104 87.2
1181668100 68730843208 90.5 46090162205901632 87.2
1182299700 68730848908 90.5 46090169887668544 87.2
1182682700 68730875008 90.5 46090196678633792 87.2
1183001200 68730882508 90.5 46090207237987648 87.2
1183277000 68730899108 90.5 46090223533407552 87.2
1183982900 68730914208 90.5 46090244315823424 87.2
1184088700 68731062408 90.5 46090406560873792 87.2
1186132900 68731063808 90.5 46090408712951360 87.2
1186511900 68731474208 90.5 46090679705491008 87.2
1187038500 68731478708 90.5 46090682711545408 87.2
1187068300 68731486808 90.5 46090687518201408 87.2
1187485200 68731944708 90.5 46091078796891712 87.2
1187498900 68731945208 90.5 46091079318517312 87.2
1187882700 68733527008 90.5 46091257027311168 87.2
1188683700 68733529608 90.5 46091258609391168 87.2
1189040400 68733549708 90.5 46091288403418688 87.2
1189304900 68733553508 90.5 46091291162074688 87.2
1189411300 68733563708 90.5 46091305003361856 87.2
1189773300 68733597308 90.5 46091347172103744 87.2
1189784100 68733696708 90.5 46091433127663168 87.2
1190193900 68734133708 90.5 46091869223802432 87.2
1190361700 68737278708 90.5 46099497376175680 87.3
1190764700 68737280608 90.5 46099500058441280 87.3
1190945300 68737281808 90.5 46099501795759680 87.3
1191320400 68745644508 90.5 46118289880634944 87.3
1191570400 68745672008 90.5 46118314757461568 87.3
1192465700 68745719608 90.5 46118361213773376 87.3
1193288500 68748222408 90.5 46119256571782720 87.3
1193309400 68748253408 90.5 46119303089415744 87.3
1193492500 68748365308 90.5 46119345531516480 87.3
1193502100 68748891508 90.5 46119668753364544 87.3
1193566200 68749505808 90.5 46120062059509312 87.3
1193718600 68749527308 90.5 46120080834342464 87.3
1193740000 68749662308 90.5 46120200658456128 87.3
1193798300 68749721308 90.5 46120240792878656 87.3
1194635200 68749743708 90.5 46120269836858944 87.3
1194878100 68749774108 90.5 46120284760118848 87.3
1195115800 68750020108 90.5 46120428176627264 87.3
1195372100 68750966708 90.5 46121231811237440 87.3
1195833800 68751064308 90.5 46121306235180608 87.3
1196112200 68754931608 90.5 46127136127424064 87.3
1196394400 68756942408 90.5 46128064520427072 87.3
1196833000 68756942708 90.5 46128064846059072 87.3
1196905200 68756965208 90.5 46128097745180224 87.3
1196915400 68757025708 90.5 46128152621647424 87.3
1196962600 68757048708 90.5 46128170173621824 87.3
1196998800 68757641708 90.5 46128623329830464 87.3
1197127200 68757673608 90.5 46128632382318144 87.3
1197202000 68757758508 90.5 46128737727252032 87.3
1197335300 68757773708 90.5 46128757719133760 87.3
1197369700 68757964908 90.5 46128925155290688 87.3
1197787400 68757976508 90.5 46128934476230208 87.3
1197856700 68758092008 90.5 46129013175643712 87.3
1197967100 68758114308 90.5 46129037828238912 87.3
1197973600 68758114508 90.5 46129038142197312 87.3
1198015900 68766127508 90.5 46137567884332608 87.3
1198113300 68766139408 90.5 46137580792100416 87.3
1198202300 68767675808 90.5 46139373290829376 87.3
1198394500 68767706108 90.5 46139395934426688 87.3
1198709600 68768234408 90.5 46139781792241216 87.3
1198846500 68768262808 90.5 46139817774093888 87.3
1198876700 68768282808 90.5 46139843557254720 87.3
1198909700 68769810708 90.5 46141176574568000 87.3
1199036500 68770036108 90.5 46141333325162048 87.3
1199048100 68770047508 90.5 46141343430337088 87.3
1199054000 68770434608 90.5 46141758374502976 87.3
1199275200 68770469008 90.5 46141789559112256 87.3
1199332100 68770730108 90.5 46142033624760896 87.3
1199347500 68770753408 90.5 46142066968379968 87.3
1199421500 68770770708 90.5 46142085750223424 87.3
1199455000 68770780008 90.5 46142091007849024 87.3
1199480900 68770797008 90.5 46142119712500288 87.3
1199606500 68770898708 90.5 46142238507362880 87.3
1199606900 68770903808 90.5 46142241894659648 87.3
1199844500 68771020708 90.5 46142366107907648 87.3
1199929900 68771035908 90.5 46142384198966848 87.3
1199939200 68771081508 90.5 46142441923427904 87.3
1200265300 68771083908 90.5 46142448842029632 87.3
1200319600 68771174808 90.5 46142546644351552 87.3
1200634000 68771177408 90.5 46142549682354752 87.3
1200639300 68771298108 90.5 46142654297881152 87.3
1200916000 68771316408 90.5 46142676774011456 87.3
1201068400 68773414008 90.5 46145287272383040 87.3
1201159900 68774450208 90.5 46145616851419712 87.3
1201314600 68774473908 90.5 46145645965374016 87.3
1201617800 68774656708 90.5 46145792189329984 87.3
1201640100 68775316708 90.5 46146114297229888 87.3
1201651100 68776115608 90.5 46146929708659264 87.3
1201988800 68776120208 90.5 46146941880175168 87.3
1202053800 68776122208 90.5 46146943620770368 87.3
1202173900 68776147308 90.5 46146979478809152 87.3
1202212200 68776153108 90.5 46146982613327936 87.3
1202298800 68776329808 90.5 46147104841220160 87.3
1202374600 68776336308 90.5 46147108870972480 87.3
1202396800 68777843508 90.5 46152710567388224 87.4
1202466500 68778535408 90.5 46153464997504064 87.4
1202675600 68781838808 90.6 46156541787923520 87.4
1202933500 68781858908 90.6 46156564228742208 87.4
1203078600 68784356908 90.6 46159793797995584 87.4
1203383100 68784953908 90.6 46159995173411904 87.4
1203476900 68785069508 90.6 46160041797790784 87.4
1203685800 68785102808 90.6 46160077916240960 87.4
1203852700 68785107808 90.6 46160080779226432 87.4
1203894600 68785483408 90.6 46160438067735872 87.4
1203906500 68785509608 90.6 46160456887803200 87.4
1204177300 68785519508 90.6 46160471153569088 87.4
1204563100 68785537108 90.6 46160491178370368 87.4
1204616000 68785643408 90.6 46160557789541696 87.4
1204638200 68785666208 90.6 46160589276990784 87.4
1204969400 68788568908 90.6 46163053973228864 87.4
1205420900 68788600308 90.6 46163084749540672 87.4
1205450300 68788605408 90.6 46163090122279232 87.4
1205974600 68788828408 90.6 46163377659513152 87.4
1206077000 68788843108 90.6 46163387399253312 87.4
1206175500 68789094708 90.6 46163679631486272 87.4
1206382100 68789219008 90.6 46163811449269568 87.4
1206640500 68789341808 90.6 46163987676671296 87.4
1206760800 68789360508 90.6 46164007668647232 87.4
1206889900 68789610908 90.6 46164122148824384 87.4
1206938200 68789621608 90.6 46164146258777408 87.4
1207305500 68789621808 90.6 46164146721144192 87.4
1207689000 68789628008 90.6 46164153795084160 87.4
1207829400 68789641808 90.6 46164172272985984 87.4
1207840300 68789653108 90.6 46164186096762752 87.4
1208111000 68789666408 90.6 46164197514225536 87.4
1208487400 68793711408 90.6 46170072577550208 87.4
1208563800 68793736608 90.6 46170107153348480 87.4
1208602400 68793758908 90.6 46170136939143040 87.4
1208692200 68793768708 90.6 46170147107626880 87.4
1209241400 68793780108 90.6 46170156825112448 87.4
1209587200 68794904908 90.6 46170923852296064 87.4
1209674600 68798068108 90.6 46174392545636224 87.4
1209737300 68798083908 90.6 46174418413258624 87.4
1209866700 68798289208 90.6 46174641277912960 87.4
1210055100 68798353608 90.6 46174711479781248 87.4
1210203400 68798371008 90.6 46174735667120000 87.4
1210665400 68799588808 90.6 46175294849501056 87.4
1210687500 68801254208 90.6 46177386263824256 87.4
1210691800 68801495508 90.6 46177504643934080 87.4
1210853300 68810741008 90.6 46196648401594240 87.4
1211046000 68810802508 90.6 46196678745171840 87.4
1211145200 68810867008 90.6 46196757881513856 87.4
1211193700 68810964308 90.6 46196850793891712 87.4
1211379100 68811399308 90.6 46197123018819456 87.4
1211702000 68811415008 90.6 46197139844212608 87.4
1211900400 68811419808 90.6 46197143013287808 87.4
1212139000 68811431608 90.6 46197151569451904 87.4
1212212000 68811461408 90.6 46197178553969536 87.4
1212242500 68811473108 90.6 46197184728484736 87.4
1212257800 68811586708 90.6 46197337733909376 87.4
1212405700 68811598208 90.6 46197346975360896 87.4
1212581700 68811606008 90.6 46197362956417920 87.4
1212721000 68811624608 90.6 46197375762617216 87.4
1212999100 68811651908 90.6 46197406273848192 87.4
1213010000 68811681508 90.6 46197438399482752 87.4
1213351800 68811702508 90.6 46197466719978368 87.4
1213379200 68812452908 90.6 46197961272624000 87.4
1213780000 68812575008 90.6 46198009667478400 87.4
1214019000 68812590508 90.6 46198020083685248 87.4
1214028800 68820518508 90.6 46206701957945216 87.5
1214057600 68820572208 90.6 46206755906127744 87.5
1214253300 68820585208 90.6 46206768993599360 87.5
1214587700 68820593908 90.6 46206775205388160 87.5
1214866700 68820617808 90.6 46206806898327424 87.5
1215030100 68820650308 90.6 46206855321980800 87.5
1215264100 68820678608 90.6 46206894757027712 87.5
1215382700 68820699108 90.6 46206921829980032 87.5
1215685500 68820998808 90.6 46207153014019968 87.5
1215715400 68821009908 90.6 46207165921893248 87.5
1215882900 68821225608 90.6 46207260274744192 87.5
1215897000 68824625508 90.6 46208740535851904 87.5
1216162000 68824635508 90.6 46208750263739264 87.5
1216205000 68824693908 90.6 46208798151177088 87.5
1216662800 68824704308 90.6 46208808040152960 87.5
1216794400 68824742008 90.6 46208824395593600 87.5
1217197500 68824752808 90.6 46208835080556416 87.5
1217198100 68824777708 90.6 46208860411789184 87.5
1217302200 68824779808 90.6 46208863093440384 87.5
1217370800 68825179208 90.6 46209003841257344 87.5
1217470400 68827256408 90.6 46210506921738112 87.5
1217476800 68827503908 90.6 46210690685992832 87.5
1217728000 68827600308 90.6 46210805462228864 87.5
1217772500 68828414808 90.6 46211595975745408 87.5
1217938400 68828421008 90.6 46211599189671808 87.5
1217997600 68828552708 90.6 46211755062837120 87.5
1218001300 68828553308 90.6 46211755121000320 87.5
1218461700 68828846408 90.6 46211970728148864 87.5
1218564300 68828847908 90.6 46211971827924864 87.5
1218570800 68828872208 90.6 46211992071282560 87.5
1218597200 68828894908 90.6 46212024472950656 87.5
1218637900 68828986908 90.6 46212150339794816 87.5
1218819100 68829332708 90.6 46212454681769856 87.5
1218879700 68829907608 90.6 46213084519102336 87.5
1219033000 68829973908 90.6 46213114043688832 87.5
1219059600 68829979408 90.6 46213119633055104 87.5
1219145400 68830680808 90.6 46213994336935296 87.5
1219183400 68830791208 90.6 46214042360491392 87.5
1219232500 68830796608 90.6 46214044956666496 87.5
1219393200 68830859408 90.6 46214071982316160 87.5
1219830600 68830931008 90.6 46214143120743040 87.5
1220273700 68831128908 90.6 46214338473843328 87.5
1220906900 68832023208 90.6 46215114603321984 87.5
1221831600 68836031008 90.6 46218586351950464 87.5
1221885100 68836199708 90.6 46218820371470976 87.5
1222101300 68836209208 90.6 46218833018844800 87.5
1222230000 68836445908 90.6 46218962264692352 87.5
1222412000 68836626308 90.6 46219126906394240 87.5
1222422900 68836644508 90.6 46219149738796672 87.5
1223387500 68836667708 90.6 46219173903015552 87.5
1224112100 68836690108 90.6 46219195503099520 87.5
1224636400 68836710308 90.6 46219207039611520 87.5
1225225500 68836724608 90.6 46219219683488384 87.5
1225285300 68836729508 90.6 46219222404050048 87.5
1225351800 68838382908 90.6 46220273422380160 87.5
1225791600 68838386108 90.6 46220275205673856 87.5
1225812100 68838396608 90.6 46220286771736448 87.5
1227954900 68838404908 90.6 46220301240094592 87.5
1228281000 68838417908 90.6 46220315520268160 87.5
1228298800 68838719008 90.6 46220631282055040 87.5
1228350300 68838966708 90.6 46220879815292800 87.5
1228375400 68839420808 90.6 46221230935816064 87.5
1229580800 68839431508 90.6 46221243880745856 87.5
1229727100 68839464008 90.6 46221256043331456 87.5
1229979600 68839465608 90.6 46221256821366656 87.5
1230014900 68841073208 90.6 46223237123727232 87.5
1230091800 68841231008 90.6 46223297426354048 87.5
1230407500 68841525308 90.6 46223620080168832 87.5
1230926100 68841525408 90.6 46223620170895232 87.5
1231331200 68841748308 90.6 46223698714242944 87.5
1232495700 68841915808 90.6 46223766366248832 87.5
1232767800 68843553608 90.6 46229667224543104 87.5
1232871300 68843580208 90.6 46229690580334464 87.5
1233118500 68845108308 90.6 46229826049103744 87.5
1233387100 68845124308 90.6 46229848723955584 87.5
1233938700 68845130208 90.6 46229857269797248 87.5
1234051600 68845341108 90.6 46230068217221504 87.5
1234235400 68845413608 90.6 46230166892515712 87.5
1235081900 68845425408 90.6 46230179400771968 87.5
1235524200 68845449508 90.6 46230206132226432 87.5
1235594700 68847174508 90.6 46231462131632512 87.5
1235812500 68847230808 90.6 46231486316956032 87.5
1236583100 68847257308 90.6 46231514067859840 87.5
1236598200 68847279908 90.6 46231551426070912 87.5
1236660700 68847305308 90.6 46231571971090816 87.5
1236999500 68847396308 90.6 46231607689238912 87.5
1237054700 68847421508 90.6 46231631809542528 87.5
1237066000 68856232208 90.7 46251091593329024 87.5
1237192900 68856330708 90.7 46251162756061568 87.5
1237848200 68856367008 90.7 46251208288569728 87.5
1238033000 68856374208 90.7 46251212165638528 87.5
1238062400 68856385608 90.7 46251222421408128 87.5
1238655600 68856389908 90.7 46251225963219328 87.5
1239348000 68856401108 90.7 46251241321212288 87.5
1239536500 68856405808 90.7 46251246800841088 87.5
1239738500 68856411308 90.7 46251258987908480 87.5
1240635200 68856416908 90.7 46251264234990976 87.5
1240823800 68856444108 90.7 46251307554364800 87.5
1241045600 68856514608 90.7 46251364865023360 87.5
1241685200 68856673408 90.7 46251549067910528 87.5
1241711300 68856674308 90.7 46251551017196928 87.5
1242039200 68856689608 90.7 46251573915680128 87.5
1242248600 68856698508 90.7 46251588642499968 87.5
1242471100 68858420108 90.7 46253069941173632 87.5
1243779600 68859815508 90.7 46256579653758336 87.6
1244206200 68859860908 90.7 46256608802327936 87.6
1244455500 68863688608 90.7 46260292255305088 87.6
1245141900 68864028308 90.7 46260532723731840 87.6
1245169300 68864134108 90.7 46260664368631168 87.6
1245232700 68864155908 90.7 46260698222640512 87.6
1245251300 68864168908 90.7 46260717123077504 87.6
1245403900 68864738408 90.7 46261154225292672 87.6
1246413300 68865006908 90.7 46261369226495360 87.6
1247087700 68865264908 90.7 46261486430635392 87.6
1247573200 68865766808 90.7 46261765647484288 87.6
1248357800 68865783408 90.7 46261781005336960 87.6
1248395500 68867976808 90.7 46262710293823872 87.6
1248425400 68867986608 90.7 46262722316726656 87.6
1248450900 68867990308 90.7 46262724827165056 87.6
1248857500 68867995408 90.7 46262730058576256 87.6
1249285000 68868980708 90.7 46262977368830336 87.6
1249500400 68869404908 90.7 46263130532000128 87.6
1249588400 68869412708 90.7 46263148695130496 87.6
1250388500 68869493708 90.7 46263202016620928 87.6
1250432100 68869685408 90.7 46263384364200320 87.6
1250433900 68871877608 90.7 46266366676611456 87.6
1250453000 68872011808 90.7 46266499066114432 87.6
1250665200 68872073908 90.7 46266591145914752 87.6
1250737000 68872082408 90.7 46266595898842496 87.6
1250803300 68872158408 90.7 46266667627273600 87.6
1250889300 68872180808 90.7 46266690364603776 87.6
1250976500 68872322508 90.7 46266753298931072 87.6
1251335100 68872334708 90.7 46266771995929984 87.6
1251453600 68872401008 90.7 46266841195785600 87.6
1251756100 68872421208 90.7 46266871620539776 87.6
1252034900 68872546408 90.7 46266969713653120 87.6
1252099500 68872592508 90.7 46267016886240640 87.6
1252159000 68872601108 90.7 46267024996916608 87.6
1252307600 68872626108 90.7 46267055544159616 87.6
1252412300 68872632608 90.7 46267074882737536 87.6
1252565800 68879151208 90.7 46276058461148544 87.6
1252853900 68879184708 90.7 46276095942456704 87.6
1252928000 68880038108 90.7 46276848415536512 87.6
1253003200 68880051608 90.7 46276862262788480 87.6
1253841400 68880077908 90.7 46276889618252160 87.6
1253901700 68880247508 90.7 46276975843959168 87.6
1254246300 68880261808 90.7 46276992612075904 87.6
1254381700 68880271108 90.7 46277007607292288 87.6
1254384700 68880320708 90.7 46277027244745088 87.6
1254411700 68880321508 90.7 46277028415791488 87.6
1254557300 68880324608 90.7 46277029285577088 87.6
1254631600 68880492708 90.7 46277138065375616 87.6
1254721700 68880578408 90.7 46277226090348928 87.6
1254873000 68889018608 90.7 46286518240559488 87.6
1254885100 68889052108 90.7 46286567626543488 87.6
1255557900 68889060508 90.7 46286579426421120 87.6
1255672200 68889182108 90.7 46286693360880000 87.6
1255744100 68889381408 90.7 46286918406211968 87.6
1255848300 68889387808 90.7 46286927494460800 87.6
1255990400 68889391708 90.7 46286935122032000 87.6
1256093700 68889406208 90.7 46286943762339200 87.6
1256116700 68889420508 90.7 46286961641913728 87.6
1256478600 68890931708 90.7 46288964964318592 87.6
1256950100 68890944508 90.7 46288982855972224 87.6
1257180600 68890947808 90.7 46288987742500224 87.6
1257749300 68891308308 90.7 46289328169481600 87.6
1257851900 68891736308 90.7 46289662723454336 87.6
1257925600 68891812808 90.7 46289756050896256 87.6
1258088400 68891915208 90.7 46289810173236608 87.6
1258809700 68891919108 90.7 46289814252852608 87.6
1258912100 68891934508 90.7 46289824749262208 87.6
1259119800 68892288508 90.7 46290033028781440 87.6
1259337000 68892301908 90.7 46290050602098048 87.6
1259354000 68896611908 90.7 46293429803933056 87.6
1260358800 68896768008 90.7 46293546061806976 87.6
1260898700 68896919608 90.7 46293692951231872 87.6
1261322200 68896947208 90.7 46293725832433024 87.6
1261444600 68896989908 90.7 46293770359717248 87.6
1261626800 68897017608 90.7 46293794367344000 87.6
1261857800 68898905608 90.7 46295424512953728 87.6
1261871800 68898909008 90.7 46295429534549888 87.6
1261911800 68898912208 90.7 46295432749295488 87.6
1262244900 68899366708 90.7 46295705186936704 87.6
1262627500 68899368808 90.7 46295706576225792 87.6
1262890400 68899990308 90.7 46296308421625344 87.6
1263181200 68899994808 90.7 46296310209973504 87.6
1263264300 68900379008 90.7 46296463747140864 87.6
1263466300 68900409308 90.7 46296492708762880 87.6
1263473800 68900664808 90.7 46296751784711424 87.6
1263615200 68900806908 90.7 46296814859175168 87.6
1263642900 68900812808 90.7 46296824117748992 87.6
1263982200 68900858108 90.7 46296876415317248 87.6
1264594700 68900866308 90.7 46296888363779328 87.6
1264641700 68900868908 90.7 46296899421766912 87.6
1264721100 68901136008 90.7 46297045849965824 87.6
1264904000 68901148208 90.7 46297055268999424 87.6
1265319200 68901744308 90.7 46297513558184192 87.6
1265501000 68901759108 90.7 46297529567245568 87.6
1265642800 68901888908 90.7 46297683201438976 87.6
1265761200 68901889408 90.7 46297684244075776 87.6
1265800100 68901926108 90.7 46297737792095488 87.6
1265801500 68902814408 90.7 46297922235548928 87.6
1265900500 68902837008 90.7 46297942249243904 87.6
1266052200 68903396708 90.7 46298329592104192 87.6
1266235800 68905019808 90.7 46298520050648320 87.6
1266369000 68905023908 90.7 46298522554737920 87.6
1266395700 68905024908 90.7 46298534291464448 87.6
1266724200 68905135308 90.7 46298667111293184 87.6
1266927300 68905523908 90.7 46299069563019520 87.6
1267164500 68905546708 90.7 46299091060723968 87.6
1268394900 68905562008 90.7 46299105103703296 87.6
1268410800 68905644408 90.7 46299199548386560 87.6
1268649700 68905665708 90.7 46299218629172480 87.6
1269074800 68905684908 90.7 46299247186992384 87.6
1269490200 68905697808 90.7 46299258905071872 87.6
1269616400 68905892308 90.7 46299495600394496 87.6
1270979200 68907156608 90.7 46299956124586240 87.6
1271030400 68907195208 90.7 46300002686030080 87.6
1271167300 68907195908 90.7 46300003403854080 87.6
1271358300 68907214308 90.7 46300038818664704 87.6
1271667800 68907233408 90.7 46300060968562944 87.6
1271953100 68916849708 90.7 46321291381977344 87.7
1272644800 68916851608 90.7 46321298493452544 87.7
1273041700 68916991408 90.7 46321351359295744 87.7
1273457600 68917207508 90.7 46321583559733504 87.7
1273624900 68917224308 90.7 46321603154731264 87.7
1274967900 68917228308 90.7 46321608605278464 87.7
1275371700 68917258208 90.7 46321661567611136 87.7
1276047300 68917304008 90.7 46321689303619840 87.7
1276097100 68917308508 90.7 46321693137066240 87.7
1276265900 68917417408 90.7 46321736619792640 87.7
1276280600 68919779308 90.7 46327613160560896 87.7
1278102600 68919788208 90.7 46327622517053696 87.7
1278243500 68919815308 90.7 46327669595068672 87.7
1278645600 68919899708 90.7 46327756896426240 87.7
1279856800 68919934608 90.7 46327814465460480 87.7
1281070000 68920052808 90.7 46327883446401280 87.7
1281235100 68920053408 90.7 46327884492110080 87.7
1281522400 68925058908 90.7 46332610764929280 87.7
1281571800 68925094908 90.7 46332658932250880 87.7
1281780300 68925103308 90.7 46332667734827264 87.7
1283893000 68925548108 90.7 46332928199500032 87.7
1284463800 68930258608 90.7 46338265890693376 87.7
1284696000 68934202908 90.8 46344285042516224 87.7
1285521000 68934774608 90.8 46344574086521088 87.7
1286443300 68935003608 90.8 46344690487410944 87.7
1286482500 68935057908 90.8 46344761947922688 87.7
1286526700 68935101008 90.8 46344829267267840 87.7
1286756700 68935172808 90.8 46344902287626496 87.7
1287079200 68935198308 90.8 46344924069748992 87.7
1287561800 68935200708 90.8 46344927864456960 87.7
1287611200 68935362908 90.8 46345009766885120 87.7
1287745100 68935509808 90.8 46345194998392576 87.7
1287801100 68935728308 90.8 46345375796356864 87.7
1288253600 68935730908 90.8 46345377377063808 87.7
1288533300 68935735308 90.8 46345383248475008 87.7
1288959700 68936022408 90.8 46345672133456768 87.7
1289238500 68936672108 90.8 46346489316062080 87.7
1290141500 68937105808 90.8 46346849609102208 87.7
1290396700 68938475508 90.8 46348235066749824 87.7
1291055000 68938530508 90.8 46348338801742720 87.7
1291119700 68938559408 90.8 46348366631824256 87.7
1291257600 68941179308 90.8 46351833451359104 87.7
1291953100 68941189008 90.8 46351847335922560 87.7
1292027000 68941193508 90.8 46351853359478144 87.7
1294269000 68941321008 90.8 46351903792235904 87.7
1294290300 68941357508 90.8 46351933098567040 87.7
1295228200 68941372508 90.8 46351949772905856 87.7
1295291000 68942027108 90.8 46352311286259072 87.7
1295457200 68942042808 90.8 46352336750749056 87.7
1295563300 68942045308 90.8 46352339658909056 87.7
1295678200 68942046708 90.8 46352344363165056 87.7
1295712100 68942051208 90.8 46352346525033856 87.7
1296323800 68951631508 90.8 46362664691131776 87.8
1296666800 68951637208 90.8 46362673806970240 87.8
1296859200 68951793508 90.8 46362732434861440 87.8
1297264600 68951796408 90.8 46362735074733440 87.8
1297470100 68951800708 90.8 46362738554412928 87.8
1297575200 68951816708 90.8 46362764158693248 87.8
1297795800 68951876208 90.8 46362831177318272 87.8
1298066000 68955136508 90.8 46365641196896128 87.8
1298279100 68955195108 90.8 46365725904355200 87.8
1298289100 68955204308 90.8 46365744043607936 87.8
1298515700 68956212408 90.8 46366281196095360 87.8
1298516300 68956215308 90.8 46366286094652800 87.8
1298644700 68956224708 90.8 46366291622204800 87.8
1298964800 68956264008 90.8 46366357063157120 87.8
1299108900 68956303308 90.8 46366376261928320 87.8
1299345500 68956378908 90.8 46366468989470080 87.8
1299721100 68956389008 90.8 46366475806238080 87.8
1299802200 68956491508 90.8 46366527977551232 87.8
1299834900 68956558508 90.8 46366560976795008 87.8
1300327500 68956629708 90.8 46366624008328576 87.8
1300595100 68956630508 90.8 46366625180398976 87.8
1301041800 68956837508 90.8 46366809479755136 87.8
1301242100 68957103608 90.8 46366996999435648 87.8
1301280400 68957721508 90.8 46367246128018816 87.8
1301308300 68957921808 90.8 46367442304857472 87.8
1301520600 68959001908 90.8 46368170843207040 87.8
1301683800 68959114008 90.8 46368218796701056 87.8
1301738900 68959134508 90.8 46368243297543552 87.8
1303095300 68959348808 90.8 46368438225511808 87.8
1303544100 68959357808 90.8 46368456146935168 87.8
1303626900 68959362908 90.8 46368458990378368 87.8
1303752700 68959985208 90.8 46368911490473344 87.8
1303794500 68960459208 90.8 46369325668523392 87.8
1304036300 68960461708 90.8 46369326594833792 87.8
1304191000 68960486108 90.8 46369337458155904 87.8
1304431200 68960490308 90.8 46369342295122304 87.8
1305206100 68962317208 90.8 46371661325803904 87.8
1306822100 68962705808 90.8 46371938526208384 87.8
1307261500 68962707308 90.8 46371941572403584 87.8
1307362900 68962731708 90.8 46371959266863488 87.8
1307506700 68973510008 90.8 46395794781366656 87.8
1310293300 68974365708 90.8 46396405453613440 87.8
1311952000 68974385608 90.8 46396420565158272 87.8
1313069400 68974395108 90.8 46396425250163072 87.8
1313385900 68974759908 90.8 46396686421674368 87.8
1313635300 68974780708 90.8 46396695077546368 87.8
1313914900 68976509308 90.8 46396936905451904 87.8
1314533600 68978803108 90.8 46399652153944448 87.8
1315339700 68978852308 90.8 46399702292199808 87.8
1315805200 68978858408 90.8 46399704239438208 87.8
1317221400 68978993508 90.8 46399820517087616 87.8
1318870000 68979046608 90.8 46399893067938176 87.8
1319009500 68979071308 90.8 46399920955267456 87.8
1319048100 68979076308 90.8 46399926482699648 87.8
1320277000 68979126508 90.8 46399960039376256 87.8
1321081800 68979172508 90.8 46400012730127744 87.8
1321109900 68979178308 90.8 46400022477720960 87.8
1321464800 68979295508 90.8 46400107917856128 87.8
1321580900 68979318808 90.8 46400127367914880 87.8
1321973000 68979322608 90.8 46400133857783168 87.8
1322372500 68980373408 90.8 46400802993974656 87.8
1323256100 68980393208 90.8 46400817853775232 87.8
1323299100 68980753408 90.8 46401051363065216 87.8
1323376700 68980754208 90.8 46401054397382016 87.8
1325395800 68980773708 90.8 46401079023074688 87.8
1325432600 68981000608 90.8 46401272548244864 87.8
1325603200 68981020308 90.8 46401295853720960 87.8
1325627600 68982422908 90.8 46401860275115392 87.8
1325935400 68984539108 90.8 46409720352052608 87.8
1326285500 68984748508 90.8 46409919240279424 87.8
1326539400 68985066708 90.8 46410059023357312 87.8
1327831900 68985071708 90.8 46410062586520192 87.8
1327978700 68985101208 90.8 46410092516346496 87.8
1329006700 68985169408 90.8 46410198305819264 87.8
1330391900 68985178108 90.8 46410209583561344 87.8
1330684700 68985191208 90.8 46410235123145344 87.8
1330844200 68985192008 90.8 46410241405024384 87.8
1330991400 68985264308 90.8 46410315219089536 87.8
1331343700 68985492608 90.8 46410683985377408 87.8
1331811800 68985513008 90.8 46410715806949504 87.8
1331938500 68985541408 90.8 46410753684693120 87.8
1332110900 68985544008 90.8 46410757713723520 87.8
1332148000 68985564408 90.8 46410788419770496 87.8
1332175400 68987273308 90.8 46412352934746240 87.9
1332237300 68987274608 90.8 46412354281920640 87.9
1332730300 68987281108 90.8 46412359826816128 87.9
1332938200 68987413208 90.8 46412414869937280 87.9
1332991700 68987469408 90.8 46412452769877120 87.9
1333524700 68993940708 90.8 46418403065908352 87.9
1333530600 68994149308 90.8 46418514837843072 87.9
1334011400 68994152508 90.8 46418516922911872 87.9
1334365600 68995247108 90.8 46419086881377408 87.9
1334413100 68995260008 90.8 46419105051749504 87.9
1334415200 68995284608 90.8 46419142774688896 87.9
1334448600 68995286008 90.8 46419142992186496 87.9
1334628300 68995293008 90.8 46419147677756544 87.9
1335193000 68995351308 90.8 46419170845961344 87.9
1335787600 68995377808 90.8 46419209913023616 87.9
1336088100 68996025408 90.8 46419707976006784 87.9
1336653800 68996058608 90.8 46419742599396480 87.9
1336735900 68996082208 90.8 46419767680504960 87.9
1338152200 68996114308 90.8 46419805609063552 87.9
1338886500 68996635308 90.8 46420259568088192 87.9
1339299000 68996787108 90.8 46420459736396928 87.9
1339443300 68996828108 90.8 46420487810169984 87.9
1339987400 68997025408 90.8 46420574391393408 87.9
1340453200 68997246008 90.8 46420724641209472 87.9
1341180300 68997352608 90.8 46420819851910272 87.9
1341479700 68997353308 90.8 46420820673772672 87.9
1345500400 68997365108 90.8 46420840844508288 87.9
1345934100 68997386208 90.8 46420861443415168 87.9
1347268000 68997396908 90.8 46420875537055872 87.9
1347346400 68997429008 90.8 46420926116982912 87.9
1348124300 68997683408 90.8 46421045764403328 87.9
1348790200 68997684508 90.8 46421047527731328 87.9
1348880300 68997700608 90.8 46421070981300352 87.9
1349993600 68997712008 90.8 46421086675227776 87.9
1350024500 68997764908 90.8 46421108361294976 87.9
1350046900 68998238108 90.8 46421479722087552 87.9
1350756900 69003217708 90.8 46428578111321216 87.9
1350902700 69003296408 90.8 46428643726750848 87.9
1350918300 69003312408 90.8 46428651674834048 87.9
1351201100 69003341508 90.8 46428702557115520 87.9
1351439400 69003350008 90.8 46428716082178176 87.9
1351870900 69004116908 90.8 46429060700219520 87.9
1352344300 69004161508 90.8 46429102286620800 87.9
1352496900 69004281608 90.8 46429200181250176 87.9
1352535000 69004282908 90.8 46429214778801280 87.9
1352796600 69004286508 90.8 46429216311319680 87.9
1352837300 69004547908 90.8 46429424393919616 87.9
1353495000 69004548408 90.8 46429425081023616 87.9
1353979400 69010338308 90.9 46436128697121920 87.9
1354299000 69010357908 90.9 46436154907253888 87.9
1354397400 69010368808 90.9 46436170934692992 87.9
1354530500 69011257108 90.9 46436403612658816 87.9
1354662700 69011619908 90.9 46436754341375104 87.9
1354879100 69011677208 90.9 46436787033083008 87.9
1355195600 69011692108 90.9 46436801365540992 87.9
1355441400 69011701608 90.9 46436814741848192 87.9
1355538100 69022352908 90.9 46448529098424448 87.9
1356118600 69022607608 90.9 46448641135566976 87.9
1356475100 69022670708 90.9 46448718061584512 87.9
1356710900 69022676908 90.9 46448731335808128 87.9
1357238300 69022683908 90.9 46448734809076352 87.9
1357377700 69022692708 90.9 46448745175632512 87.9
1357434600 69022815208 90.9 46448828331797120 87.9
1358033800 69022937308 90.9 46448987020749440 87.9
1358350400 69022940908 90.9 46448990050765440 87.9
1358541300 69023064808 90.9 46449048009992832 87.9
1358568800 69023244208 90.9 46449123986819712 87.9
1358589000 69023247608 90.9 46449127617309312 87.9
1359080800 69024441408 90.9 46449508058671744 87.9
1359579800 69024469908 90.9 46449536622803584 87.9
1360170800 69024665408 90.9 46449678091336320 87.9
1360463800 69024682808 90.9 46449708819153536 87.9
1361242000 69024721908 90.9 46449765380334208 87.9
1361673800 69024737408 90.9 46449781065147008 87.9
1362215300 69024835808 90.9 46449844739633792 87.9
1362476300 69024836208 90.9 46449844799844992 87.9
1362499400 69028606008 90.9 46453012313322112 87.9
1362578600 69029564708 90.9 46453964268548736 87.9
1363625700 69029574908 90.9 46453977144110720 87.9
1365310900 69029602908 90.9 46453993396443776 87.9
1366769100 69030641808 90.9 46455018059668096 87.9
1366992400 69030644908 90.9 46455021673085568 87.9
1367049500 69033795208 90.9 46458604109134464 87.9
1369669600 69033849008 90.9 46458690123758208 87.9
1370425600 69034156208 90.9 46458815889717888 87.9
1371828300 69051257608 90.9 46490032718658176 88.0
1372754900 69054437208 90.9 46494007938955904 88.0
1373734600 69054490208 90.9 46494076851051136 88.0
1375175800 69054696508 90.9 46494156252273280 88.0
1375227000 69054706908 90.9 46494161368089216 88.0
1375335100 69054734308 90.9 46494198993457792 88.0
1375336900 69054823208 90.9 46494297399628416 88.0
1376367300 69055093608 90.9 46494522492162688 88.0
1376862000 69056407608 90.9 46495296038474368 88.0
1376944000 69056837008 90.9 46495726608519808 88.0
1377397000 69056865508 90.9 46495737693934208 88.0
1377516700 69056903708 90.9 46495771609209472 88.0
1377677400 69056905208 90.9 46495773956137344 88.0
1377811400 69056946108 90.9 46495794697052544 88.0
1378678400 69056954008 90.9 46495809811891584 88.0
1378939500 69057015308 90.9 46495898765755776 88.0
1379128000 69057031508 90.9 46495919723464064 88.0
1379172100 69057032708 90.9 46495921294484864 88.0
1379366500 69057038908 90.9 46495924281288064 88.0
1380649100 69057064108 90.9 46495953193891200 88.0
1380666600 69057076708 90.9 46495962868141440 88.0
1380703200 69057534408 90.9 46496506657688960 88.0
1381196500 69057537108 90.9 46496508298546560 88.0
1381380900 69057542908 90.9 46496512971177344 88.0
1381384200 69057568208 90.9 46496534771711360 88.0
1381524300 69057603208 90.9 46496575245208960 88.0
1382169500 69057616108 90.9 46496594016537984 88.0
1382483700 69057630208 90.9 46496610880552320 88.0
1382814200 69057653308 90.9 46496632227876224 88.0
1382964100 69057667208 90.9 46496653776983424 88.0
1383494800 69057721508 90.9 46496701500634496 88.0
1383675900 69057925508 90.9 46496787855316352 88.0
1384628300 69058024708 90.9 46496853307880832 88.0
1385265200 69058042808 90.9 46496874538993024 88.0
1386106500 69058171208 90.9 46496949702804864 88.0
1386437600 69060074508 90.9 46497272151393664 88.0
1387873000 69060569708 90.9 46497774365132160 88.0
1388150200 69061058808 90.9 46498307481552256 88.0
1389446800 69062437508 90.9 46499073925924224 88.0
1393261700 69062726808 90.9 46499224699798912 88.0
1393303700 69062743008 90.9 46499234000381312 88.0
1393372900 69062855408 90.9 46499357100098944 88.0
1394063800 69062892808 90.9 46499391498999168 88.0
1394416700 69062930208 90.9 46499443163907456 88.0
1394796200 69062942208 90.9 46499449246672256 88.0
1395326300 69063378308 90.9 46499863247414656 88.0
1395356400 69064006908 90.9 46500344604878208 88.0
1395366100 69064052708 90.9 46500386089469312 88.0
1396183600 69064250908 90.9 46500721170187648 88.0
1396563000 69064258708 90.9 46500733935147392 88.0
1396875400 69064259308 90.9 46500734318532992 88.0
1397013000 69064331408 90.9 46500909998676352 88.0
1397285500 69064369308 90.9 46500930734031232 88.0
1397453800 69064374808 90.9 46500939187865984 88.0
1397463300 69064380908 90.9 46500942696909184 88.0
1397468200 69064391308 90.9 46500948655974784 88.0
1398174400 69064504208 90.9 46500994987805056 88.0
1398295200 69064707808 90.9 46501185386023296 88.0
1398409000 69064737908 90.9 46501225566550400 88.0
1398420400 69067375908 90.9 46510562733177216 88.0
1398493700 69067406508 90.9 46510628837030272 88.0
1398565100 69067418208 90.9 46510634883443072 88.0
1400396100 69067494908 90.9 46510710047304064 88.0
1400452300 69067767808 90.9 46510895146903936 88.0
1401194400 69067882408 90.9 46510980362537344 88.0
1401605900 69067896108 90.9 46511000328995200 88.0
1402104900 69068262908 90.9 46511298445574528 88.0
1402219500 69072875208 90.9 46518355527205248 88.1
1403665400 69072890408 90.9 46518376307251584 88.1
1403818600 69072914708 90.9 46518397728883072 88.1
1403841100 69073406708 90.9 46519057825563008 88.1
1404043600 69073459008 90.9 46519106988863872 88.1
1404092200 69073460408 90.9 46519107784307072 88.1
1404210900 69075824808 90.9 46520992314585472 88.1
1404895700 69076430408 90.9 46521398886986112 88.1
1405141500 69076445208 90.9 46521402642872192 88.1
1405828900 69076476108 90.9 46521428908554112 88.1
1405829800 69076497908 90.9 46521451532783488 88.1
1405979700 69080515608 90.9 46524872418922368 88.1
1406101900 69080684408 90.9 46525020962557824 88.1
1406700100 69080684508 90.9 46525020979146624 88.1
1406747800 69086326208 91.0 46532083102330752 88.1
1406830000 69086346708 91.0 46532113499441024 88.1
1407331300 69098612708 91.0 46545387744937856 88.1
1407471600 69098659908 91.0 46545412694546304 88.1
1407942300 69099403708 91.0 46546033571010432 88.1
1408406000 69099737408 91.0 46546176542971776 88.1
1408627100 69100364708 91.0 46546593011111808 88.1
1408749800 69100386008 91.0 46546613218424704 88.1
1409010000 69100489508 91.0 46546714350417792 88.1
1409210800 69100879608 91.0 46546879588906880 88.1
1409243100 69100881508 91.0 46546880857847680 88.1
1409335100 69100901708 91.0 46546906168745856 88.1
1409407500 69100903808 91.0 46546906649206656 88.1
1409817300 69102675008 91.0 46547798215303040 88.1
1409865200 69102682608 91.0 46547811819405184 88.1
1410150600 69102697708 91.0 46547821436942208 88.1
1410372900 69102829508 91.0 46547972572968832 88.1
1410783600 69109923808 91.0 46554495243122560 88.1
1411408500 69109951408 91.0 46554520571672448 88.1
1412309800 69109993708 91.0 46554604811941760 88.1
1412644800 69110122308 91.0 46554772635367296 88.1
1413231400 69110995308 91.0 46555625656530816 88.1
1414459600 69111003808 91.0 46555634633413504 88.1
1414851700 69113148808 91.0 46558338960462720 88.1
1415209800 69113195508 91.0 46558424646931328 88.1
1415592300 69113416408 91.0 46558650301551488 88.1
1416451500 69113455908 91.0 46558694798562176 88.1
1417387500 69113531908 91.0 46558756531291008 88.1
1417492200 69113710208 91.0 46558949395547008 88.1
1417622900 69113734908 91.0 46558977893335936 88.1
1418195900 69115271108 91.0 46559761499685760 88.1
1418775000 69115443608 91.0 46559884710978432 88.1
1418889600 69115448808 91.0 46559887644300416 88.1
1420176700 69115719008 91.0 46560223546381440 88.1
1420494300 69116981008 91.0 46560518497342592 88.1
1420662000 69117297308 91.0 46560824350151808 88.1
1420924700 69117299208 91.0 46560836197198976 88.1
1421328500 69117314808 91.0 46560844646221440 88.1
1421502100 69117328708 91.0 46560865208596096 88.1
1422026600 69117344008 91.0 46560880646858368 88.1
1422192900 69117363108 91.0 46560891690248832 88.1
1422291100 69117419108 91.0 46560927720401536 88.1
1422647900 69118322008 91.0 46561587967158912 88.1
1423146500 69118324808 91.0 46561589551608320 88.1
1423387500 69118472308 91.0 46561752515359232 88.1
1423750500 69118497408 91.0 46561774348859904 88.1
1423783600 69118499608 91.0 46561775982959104 88.1
1424202700 69118584908 91.0 46561867925740032 88.1
1424610000 69118599808 91.0 46561886421299712 88.1
1425044600 69118606308 91.0 46561888859853312 88.1
1426908000 69118667508 91.0 46561977935155712 88.1
1427941000 69118766608 91.0 46562041288741376 88.1
1428007300 69118870308 91.0 46562094587073024 88.1
1429772600 69119042308 91.0 46562241856901632 88.1
1429919600 69119300408 91.0 46562376508191232 88.1
1430665900 69119306208 91.0 46562389693657600 88.1
1431694500 69119427708 91.0 46562460716888576 88.1
1431775800 69119502708 91.0 46562500581020160 88.1
1431778200 69119506108 91.0 46562521329512960 88.1
1431835600 69133714608 91.0 46593208633864704 88.2
1432153200 69133719708 91.0 46593216952808960 88.2
1432373900 69133991908 91.0 46593603418797568 88.2
1432435500 69134175608 91.0 46593876490466816 88.2
1432448700 69134188808 91.0 46593883802236416 88.2
1432795700 69134311108 91.0 46593939533231616 88.2
1432849500 69134661908 91.0 46594100828403200 88.2
1432855900 69134827908 91.0 46594194709984768 88.2
1433068700 69134844608 91.0 46594223009838592 88.2
1433103000 69134845308 91.0 46594232845406720 88.2
1433161600 69135060608 91.0 46594370354352640 88.2
1433803700 69135115208 91.0 46594414978822656 88.2
1433836600 69135123408 91.0 46594420083288064 88.2
1435117600 69135143408 91.0 46594456386025472 88.2
1435297300 69137709908 91.0 46596160549304320 88.2
1435888100 69137733608 91.0 46596184744882176 88.2
1436406600 69138468408 91.0 46597120173174784 88.2
1436435500 69138496108 91.0 46597135504755712 88.2
1439018000 69138710308 91.0 46597250749418496 88.2
1439168400 69138734408 91.0 46597262085851136 88.2
1439182400 69138957408 91.0 46597438439639040 88.2
1439703900 69139266908 91.0 46597646313359360 88.2
1439990500 69139267308 91.0 46597646356981760 88.2
1440418100 69139324308 91.0 46597712379918336 88.2
1440419400 69145997308 91.0 46603831174248448 88.2
1440600500 69146007208 91.0 46603848017569792 88.2
1441228300 69146735808 91.0 46604935599941632 88.2
1441451900 69146763108 91.0 46604958502569984 88.2
1441622500 69146770908 91.0 46604972406776832 88.2
1442893600 69147280908 91.0 46605284046971904 88.2
1444154100 69147284208 91.0 46605285231535104 88.2
1444455700 69156138108 91.0 46617288534762496 88.2
1444973900 69156144008 91.0 46617309371597824 88.2
1445128800 69156199208 91.0 46617333766724608 88.2
1445269700 69156240808 91.0 46617357567357952 88.2
1446071100 69156345208 91.0 46617476831671296 88.2
1446170500 69156996008 91.0 46617904120034304 88.2
1446193900 69157308708 91.0 46618189289812992 88.2
1446395200 69157452008 91.0 46618313441489920 88.2
1446677000 69157473808 91.0 46618341652810752 88.2
1447824400 69157484008 91.0 46618371882329088 88.2
1447971500 69157494808 91.0 46618384695841792 88.2
1449009900 69157573508 91.0 46618454548747264 88.2
1449181600 69157603308 91.0 46618483992151040 88.2
1449371000 69157667408 91.0 46618508483861504 88.2
1449617400 69157796308 91.0 46618632385821696 88.2
1449887200 69160549508 91.1 46628797965237248 88.3
1449899800 69160576108 91.1 46628838222298112 88.3
1451173600 69161128408 91.1 46629143749491712 88.3
1451490500 69161154808 91.1 46629167241706496 88.3
1452438900 69161254708 91.1 46629255963204608 88.3
1454195700 69161278508 91.1 46629267529949184 88.3
1454455200 69163607608 91.1 46631091005054976 88.3
1455059700 69163912208 91.1 46631331648561152 88.3
1455931500 69163965208 91.1 46631395124293632 88.3
1456187500 69163971008 91.1 46631397822328832 88.3
1456889800 69163983808 91.1 46631408718098432 88.3
1456961700 69164779408 91.1 46632126393069568 88.3
1457838500 69165060808 91.1 46632286025838592 88.3
1458462100 69165064408 91.1 46632288686190592 88.3
1458740800 69165070508 91.1 46632293695347712 88.3
1458754700 69165144408 91.1 46632386265947136 88.3
1458879700 69165222108 91.1 46632457108421632 88.3
1459527800 69165226708 91.1 46632461844462592 88.3
1459845400 69165311708 91.1 46632515680762880 88.3
1460128900 69165321108 91.1 46632529023011840 88.3
1460423600 69165707608 91.1 46632624483355648 88.3
1461064100 69166500208 91.1 46633251335392256 88.3
1461271100 69166724908 91.1 46633504797494272 88.3
1461737800 69166759708 91.1 46633526048924672 88.3
1461989800 69166767908 91.1 46633531017987072 88.3
1462859700 69173783208 91.1 46639595204576256 88.3
1463140600 69174031008 91.1 46639732888028160 88.3
1463187700 69174063608 91.1 46639764895605760 88.3
1463268900 69174175808 91.1 46639810358240256 88.3
1463494500 69174526608 91.1 46640178339439616 88.3
1464327700 69174529308 91.1 46640181716386816 88.3
1465893300 69174536508 91.1 46640192482927616 88.3
1465985600 69174541108 91.1 46640194623896832 88.3
1466481900 69174572408 91.1 46640206986853632 88.3
1467788800 69174623208 91.1 46640255345929472 88.3
1470694800 69180418608 91.1 46647740286414080 88.3
1471470300 69180469308 91.1 46647784755477760 88.3
1472670800 69180936808 91.1 46648253255367936 88.3
1473294300 69182615108 91.1 46648915052510464 88.3
1474223800 69186349508 91.1 46653144800476416 88.3
1474733100 69186375308 91.1 46653170604332288 88.3
1475032100 69186397408 91.1 46653199187805440 88.3
1475485500 69186398308 91.1 46653199848080640 88.3
1477140900 69186501908 91.1 46653247898264832 88.3
1478062800 69186516908 91.1 46653266640471296 88.3
1478136500 69186711208 91.1 46653517054199040 88.3
1478260700 69186715208 91.1 46653520746324224 88.3
1478732400 69186776108 91.1 46653594270359808 88.3
1478858800 69187141408 91.1 46653811765944576 88.3
1479408100 69187142908 91.1 46653813084651776 88.3
1479744600 69187159408 91.1 46653839430942976 88.3
1480945800 69191489208 91.1 46657496713298176 88.3
1481020000 69191523708 91.1 46657560706760960 88.3
1481808500 69204460008 91.1 46671675277918464 88.3
1482280700 69204461508 91.1 46671677145489664 88.3
1482407800 69204466008 91.1 46671679303262464 88.3
1483038000 69204481708 91.1 46671697797193984 88.3
1483636500 69204488208 91.1 46671708651641088 88.3
1483941800 69204540308 91.1 46671760487078144 88.3
1483963800 69204553808 91.1 46671771851257088 88.3
1484061800 69204575308 91.1 46671785545934080 88.3
1484518800 69204588408 91.1 46671806785262848 88.3
1485701900 69204599108 91.1 46671824411895040 88.3
1485823100 69212217608 91.1 46681809623655680 88.4
1486333700 69212221208 91.1 46681810968986880 88.4
1486532100 69212233408 91.1 46681818294682880 88.4
1486648900 69212290408 91.1 46681853323846912 88.4
1486947400 69212307608 91.1 46681881649380608 88.4
1486963300 69212391908 91.1 46681950673689856 88.4
1486969900 69212398408 91.1 46681954298035456 88.4
1487262500 69212413508 91.1 46681975298178304 88.4
1487425200 69212425208 91.1 46681992233513216 88.4
1487470300 69212433808 91.1 46681999833933056 88.4
1488187900 69213056108 91.1 46682485618484480 88.4
1488197200 69213077208 91.1 46682503446762752 88.4
1488428400 69213088508 91.1 46682513696174336 88.4
1488495400 69213108208 91.1 46682539555086592 88.4
1488614600 69213542008 91.1 46682949254537472 88.4
1488704100 69213574308 91.1 46682993210216704 88.4
1489366100 69213579708 91.1 46682998618165504 88.4
1489669700 69213620508 91.1 46683077780164864 88.4
1490144200 69215277208 91.1 46689145629954304 88.4
1490912500 69215282108 91.1 46689148485071104 88.4
1491379300 69215287408 91.1 46689156253339904 88.4
1491818800 69216500408 91.1 46690157045731584 88.4
1494683300 69216773208 91.1 46690472673464576 88.4
1495658300 69216820508 91.1 46690531000795392 88.4
1495752700 69216820608 91.1 46690531005300992 88.4
1498117800 69216848608 91.1 46690558745727232 88.4
1500311600 69216869608 91.1 46690574386290944 88.4
1500357700 69216893908 91.1 46690601956735232 88.4
1500548400 69216922408 91.1 46690632539953408 88.4
1501227800 69216931908 91.1 46690647174191360 88.4
1501572200 69216946808 91.1 46690656497895680 88.4
1501998900 69216951608 91.1 46690664218946816 88.4
1504786800 69220846608 91.1 46693670574681344 88.4
1507095100 69221134608 91.1 46693787506003200 88.4
1507267000 69221529808 91.1 46694062423887104 88.4
1508901600 69221925108 91.1 46694227332254976 88.4
1509432700 69221936608 91.1 46694235866536192 88.4
1509501500 69221973008 91.1 46694271783168256 88.4
1509742300 69223045808 91.1 46695474706409728 88.4
1509935600 69223052508 91.1 46695478261491200 88.4
1510655900 69223061508 91.1 46695486626568704 88.4
1510766200 69223355408 91.1 46695831236712960 88.4
1511077700 69223363508 91.1 46695848201957888 88.4
1511129200 69223761808 91.1 46696290003104256 88.4
1511224400 69223793808 91.1 46696337108771328 88.4
1512066100 69223813508 91.1 46696356032389632 88.4
1512398300 69223963408 91.1 46696475683348992 88.4
1512400500 69225121808 91.1 46696946414608896 88.4
1513047500 69227593008 91.1 46699407464423936 88.4
1513306600 69244502108 91.2 46730679815463424 88.5
1513309000 69244512708 91.2 46730704191476224 88.5
1513559400 69244539608 91.2 46730738113477120 88.5
1513650100 69244981908 91.2 46730866350635520 88.5
1513978400 69244982508 91.2 46730867294353920 88.5
1514051000 69244982808 91.2 46730867358046720 88.5
1514084400 69244991608 91.2 46730874738014720 88.5
1514088900 69245006808 91.2 46730883720296960 88.5
1514098600 69245035008 91.2 46730900404290048 88.5
1514612400 69245552308 91.2 46731142650184192 88.5
1514779200 69246255108 91.2 46731782849413632 88.5
1515951800 69246272408 91.2 46731803181857280 88.5
1516035300 69246281408 91.2 46731821770197504 88.5
1516173300 69246298508 91.2 46731841595460096 88.5
1516327500 69246514708 91.2 46731992935680512 88.5
1516551400 69246656708 91.2 46732151305013760 88.5
1516589800 69246659108 91.2 46732158193871360 88.5
1517234400 69246704308 91.2 46732218967243264 88.5
1517278800 69246823308 91.2 46732350091115008 88.5
1517594600 69246889508 91.2 46732391596726784 88.5
1517764700 69246940908 91.2 46732469676382720 88.5
1517802700 69246945908 91.2 46732473645691136 88.5
1518061700 69247427408 91.2 46732814058090752 88.5
1518118500 69247609608 91.2 46733074622427392 88.5
1518205600 69247619108 91.2 46733083498389760 88.5
1518223200 69247622808 91.2 46733092690069760 88.5
1518404800 69247724108 91.2 46733155086657792 88.5
1518635600 69247798808 91.2 46733194078939392 88.5
1518771400 69247816608 91.2 46733202293799680 88.5
1518821400 69248568108 91.2 46733789761911552 88.5
1518922300 69248573608 91.2 46733796967202048 88.5
1519026100 69249770808 91.2 46734654681595136 88.5
1519259200 69249811108 91.2 46734700405226752 88.5
1519451900 69249839608 91.2 46734734865468672 88.5
1519758500 69256337108 91.2 46740578925022464 88.5
1519979200 69256344708 91.2 46740596682636544 88.5
1520425200 69256347208 91.2 46740597706841344 88.5
1520748700 69256376508 91.2 46740638705335552 88.5
1520780100 69256486008 91.2 46740681921412352 88.5
1520872400 69256682208 91.2 46740973982825728 88.5
1521195800 69256686408 91.2 46740977264950528 88.5
1521344200 69256740008 91.2 46741059509624064 88.5
1521766700 69256777708 91.2 46741122245610752 88.5
1521780400 69256783308 91.2 46741131133031680 88.5
1521883400 69256784608 91.2 46741132410395264 88.5
1522216500 69256926908 91.2 46741234653608576 88.5
1522385400 69256948208 91.2 46741262020708992 88.5
1522903200 69257661608 91.2 46741640427899520 88.5
1523680300 69257712408 91.2 46741681567312512 88.5
1523743800 69257716608 91.2 46741685714086272 88.5
1523937000 69257720308 91.2 46741686996339072 88.5
1524189400 69258237408 91.2 46741967606385024 88.5
1524445700 69258250308 91.2 46741977473075584 88.5
1525399600 69258347408 91.2 46742075509344640 88.5
1525794400 69258358608 91.2 46742085486856576 88.5
1526315700 69258747808 91.2 46742536516454784 88.5
1526490900 69258854808 91.2 46742598808246656 88.5
1527264000 69258856808 91.2 46742600684214656 88.5
1527961800 69259184208 91.2 46742806494665088 88.5
1528298000 69259200608 91.2 46742830997840256 88.5
1528940500 69259237108 91.2 46742865154275712 88.5
1529738000 69263491908 91.2 46749355805636992 88.5
1530830300 69263521808 91.2 46749388753486208 88.5
1532301200 69263681508 91.2 46749458404016512 88.5
1534137700 69264220208 91.2 46749814927393152 88.5
1534768600 69264240508 91.2 46749835199185280 88.5
1535704600 69264243708 91.2 46749837218513280 88.5
1535988300 69264247708 91.2 46749838294122880 88.5
1538051100 69269903008 91.2 46757200910352768 88.5
1538342700 69269903108 91.2 46757200921616768 88.5
1538376800 69269920108 91.2 46757216809552256 88.5
1538403000 69269937008 91.2 46757235124763008 88.5
1540520600 69285658808 91.2 46774936301894016 88.5
1540915100 69285669308 91.2 46774949987244416 88.5
1541120100 69285703508 91.2 46775011898763648 88.5
1541246800 69287202708 91.2 46775567954291072 88.5
1541432900 69287203108 91.2 46775568590195072 88.5
1541842300 69287210308 91.2 46775572912868736 88.5
1542941400 69288325908 91.2 46776273529343360 88.5
1543001000 69288349308 91.2 46776295521158528 88.5
1544188900 69288367308 91.2 46776321617685888 88.5
1544778200 69288663608 91.2 46776639187840384 88.5
1545444800 69288735608 91.2 46776666857997696 88.5
1545792500 69288762408 91.2 46776695724326272 88.5
1545846100 69288762508 91.2 46776695750540672 88.5
1546619900 69289784408 91.2 46777293302087040 88.5
1546720100 69289919708 91.2 46777366854073728 88.5
1546745600 69289923308 91.2 46777368877497728 88.5
1547034700 69289942608 91.2 46777385357294976 88.5
1547598400 69289946708 91.2 46777391806242176 88.5
1547682400 69290047508 91.2 46777434224242048 88.5
1547811700 69290072008 91.2 46777461395754368 88.5
1547863800 69290094108 91.2 46777482726796672 88.5
1547969500 69290139308 91.2 46777532511653248 88.5
1548001600 69290140708 91.2 46777532996414848 88.5
1548090300 69290366008 91.2 46777757143281024 88.5
1548292200 69290383108 91.2 46777780640597376 88.5
1548607900 69294237608 91.2 46781018854311296 88.5
1548959500 69294332508 91.2 46781071666754944 88.5
1549952100 69294365108 91.2 46781101244577152 88.5
1550131500 69295658508 91.2 46782082611705216 88.5
1550406400 69295681008 91.2 46782122725057920 88.6
1551185700 69296797508 91.2 46782699369178496 88.6
1551216800 69296814408 91.2 46782720030020992 88.6
1551235700 69296820308 91.2 46782730211729792 88.6
1553542000 69296823708 91.2 46782735025348992 88.6
1554360900 69297407608 91.2 46783165191397760 88.6
1555030700 69297461008 91.2 46783234910708096 88.6
1555267500 69299788808 91.2 46791513733325184 88.6
1555797400 69299831108 91.2 46791534098151808 88.6
1555947500 69301084108 91.2 46792576325351808 88.6
1556570900 69301147408 91.2 46792637508782464 88.6
1556595400 69304766508 91.2 46795199358470528 88.6
1556615400 69304766808 91.2 46795199417657728 88.6
1557014200 69304775008 91.2 46795204332981632 88.6
1557068700 69304851108 91.2 46795253410581888 88.6
1557185800 69304852608 91.2 46795255037308288 88.6
1557586800 69304855408 91.2 46795257329966464 88.6
1557869000 69304880508 91.2 46795286853780864 88.6
1558112900 69304890008 91.2 46795294275937664 88.6
1558381100 69304918508 91.2 46795322785471872 88.6
1559643900 69305738608 91.2 46795633001864576 88.6
1559885100 69305775208 91.2 46795685046893952 88.6
1561117400 69305803308 91.2 46795710648667520 88.6
1561879500 69305823508 91.2 46795733754697088 88.6
1562456900 69312087308 91.3 46801292838557056 88.6
1563204700 69312128108 91.3 46801334134482304 88.6
1563263300 69312131908 91.3 46801336428878976 88.6
1563435300 69313623608 91.3 46801982597192832 88.6
1564071800 69325245608 91.3 46827001966582912 88.6
1564294900 69325251908 91.3 46827005638442112 88.6
1564539000 69325267308 91.3 46827021399106688 88.6
1564896600 69325277208 91.3 46827040280515712 88.6
1565178300 69325288008 91.3 46827051458389120 88.6
1565623300 69325861408 91.3 46827563109508224 88.6
1566400700 69325867008 91.3 46827566588541568 88.6
1566621800 69325969508 91.3 46827620312611456 88.6
1567621500 69325978308 91.3 46827634473712256 88.6
1567696900 69325991008 91.3 46827648610716288 88.6
1567805600 69326855308 91.3 46828328296761984 88.6
1568054600 69326877008 91.3 46828357592392320 88.6
1568256600 69326948908 91.3 46828382961787520 88.6
1568709400 69327354108 91.3 46828679508976256 88.6
1568717600 69327365508 91.3 46828687875858048 88.6
1568794700 69327365808 91.3 46828688230366848 88.6
1569068600 69327372308 91.3 46828696343574144 88.6
1569683400 69327376608 91.3 46828701195490944 88.6
1569735500 69327475708 91.3 46828737511855744 88.6
1570069800 69327488408 91.3 46828757362085504 88.6
1570370600 69327574408 91.3 46828844362313344 88.6
1570455800 69327747908 91.3 46828995759238784 88.6
1570667900 69327759908 91.3 46829009451118208 88.6
1570679200 69327765808 91.3 46829020394935936 88.6
1570832300 69327768108 91.3 46829023126871680 88.6
1570901700 69327771708 91.3 46829034040710784 88.6
1571132300 69327775508 91.3 46829035784130432 88.6
1571374500 69327973508 91.3 46829201238036352 88.6
1571386700 69327998408 91.3 46829225395603328 88.6
1571447000 69328467408 91.3 46829643792992128 88.6
1571569000 69328467608 91.3 46829644432582528 88.6
1572433300 69328471808 91.3 46829650362156928 88.6
1572453700 69328478908 91.3 46829656581034880 88.6
1572588200 69328615808 91.3 46829803860775808 88.6
1572743700 69328624708 91.3 46829817596643200 88.6
1572791400 69328739708 91.3 46829962501310336 88.6
1572910900 69328750608 91.3 46829976783312768 88.6
1572968600 69328979008 91.3 46830268205389696 88.6
1573242700 69328990008 91.3 46830280681893760 88.6
1573318800 69329020108 91.3 46830304363618176 88.6
1573507500 69329029408 91.3 46830320290596736 88.6
1573712400 69329038408 91.3 46830330680854400 88.6
1574022500 69329046608 91.3 46830340281419648 88.6
1574134700 69329572808 91.3 46830764007016320 88.6
1575271900 69329583608 91.3 46830774770722688 88.6
1575440000 69329634608 91.3 46830796946087808 88.6
1575584600 69329660808 91.3 46830812420502400 88.6
1576128000 69329719008 91.3 46830867613713280 88.6
1576131500 69329728308 91.3 46830886475178880 88.6
1576209500 69329735608 91.3 46830898539455360 88.6
1576383800 69330786508 91.3 46831636684661632 88.6
1576620600 69331029808 91.3 46831869028262784 88.6
1576759300 69331114508 91.3 46831919866450816 88.6
1577070300 69331130908 91.3 46831936514743168 88.6
1577530800 69331150208 91.3 46831973894302592 88.6
1577535500 69331246308 91.3 46832007874718592 88.6
1577963400 69331256008 91.3 46832021917110144 88.6
1578239400 69331266408 91.3 46832038155761536 88.6
1578243000 69331518308 91.3 46832150534354816 88.6
1578250700 69331520508 91.3 46832153342777216 88.6
1578396300 69331526408 91.3 46832166472844160 88.6
1578825300 69331569108 91.3 46832191989111680 88.6
1579042200 69331574708 91.3 46832195162487680 88.6
1579449700 69331590308 91.3 46832210083396480 88.6
1579505300 69331602208 91.3 46832240964823936 88.6
1579632600 69331611108 91.3 46832252275835776 88.6
1579634400 69331784208 91.3 46832346112508800 88.6
1579663500 69331963808 91.3 46832415044813696 88.6
1579684500 69331969508 91.3 46832421439783808 88.6
1579875500 69332040908 91.3 46832504135967616 88.6
1580161100 69332076808 91.3 46832519007519616 88.6
1580399200 69332184608 91.3 46832631171523456 88.6
1580549800 69332198708 91.3 46832647774541696 88.6
1580717400 69332225608 91.3 46832659893856128 88.6
1580724900 69332225708 91.3 46832660091488128 88.6
1581176400 69332273208 91.3 46832678139154304 88.6
1581355200 69332276408 91.3 46832685194559872 88.6
1581449000 69332324808 91.3 46832726728298880 88.6
1581577000 69332333708 91.3 46832735344062848 88.6
1581713600 69332373308 91.3 46832749628854656 88.6
1582166400 69332828508 91.3 46833257612972416 88.6
1582360900 69332838508 91.3 46833269316559232 88.6
1582385000 69332840108 91.3 46833270406914432 88.6
1582423000 69340439708 91.3 46842348311028096 88.7
1582542000 69340443708 91.3 46842350535603328 88.7
1583190700 69340458908 91.3 46842359521705088 88.7
1583545000 69340518008 91.3 46842399478697088 88.7
1583831000 69340622508 91.3 46842499226528896 88.7
1584340000 69340761508 91.3 46842587874585728 88.7
1584348200 69341063008 91.3 46842877069159552 88.7
1584465300 69341063308 91.3 46842878129409152 88.7
1584482300 69341065308 91.3 46842880112487552 88.7
1584758700 69341629708 91.3 46843335642836096 88.7
1584774500 69341638908 91.3 46843345657957504 88.7
1584889600 69341677108 91.3 46843380607339648 88.7
1585045900 69341682308 91.3 46843386592145024 88.7
1585067200 69341690408 91.3 46843395114314368 88.7
1585791800 69341770008 91.3 46843425568074368 88.7
1586118100 69342090208 91.3 46843562064808576 88.7
1586361500 69342095908 91.3 46843573352307328 88.7
1586551500 69342196608 91.3 46843681474468480 88.7
1586731500 69342212908 91.3 46843698676480640 88.7
1586732100 69342257008 91.3 46843728528317056 88.7
1587213900 69342734208 91.3 46843957389023872 88.7
1587345300 69343904708 91.3 46844230300605056 88.7
1588119500 69343945108 91.3 46844288745826944 88.7
1588491400 69343949208 91.3 46844292458031744 88.7
1589972700 69343977608 91.3 46844315102626432 88.7
1590188200 69344000608 91.3 46844334407375488 88.7
1590368700 69344042108 91.3 46844352665438848 88.7
1590580100 69344043908 91.3 46844353890552448 88.7
1590852200 69344057208 91.3 46844365771975296 88.7
1591045300 69344444808 91.3 46844624110332544 88.7
1591188100 69345131308 91.3 46845170320747136 88.7
1591279900 69345272708 91.3 46845255584262784 88.7
1592015800 69345459508 91.3 46845400142506624 88.7
1592142000 69345520608 91.3 46845440251222656 88.7
1592190000 69345525808 91.3 46845443382205056 88.7
1592284000 69345637108 91.3 46845486395325056 88.7
1592488000 69345770408 91.3 46845572793850496 88.7
1592854600 69349395108 91.3 46851084610001536 88.7
1593180600 69349898208 91.3 46851478640843392 88.7
1593189000 69349905608 91.3 46851486357707392 88.7
1593298500 69349906508 91.3 46851486955328192 88.7
1594693800 69349972008 91.3 46851579645432512 88.7
1595075900 69349980008 91.3 46851585735320256 88.7
1596119600 69350015408 91.3 46851608076114624 88.7
1597261100 69350020608 91.3 46851612518813888 88.7
1597469000 69350022008 91.3 46851613294801088 88.7
1597545700 69350034508 91.3 46851631332049088 88.7
1597849900 69350036008 91.3 46851636799799488 88.7
1597909800 69350133708 91.3 46851728423108800 88.7
1599029600 69350154808 91.3 46851740234129600 88.7
1599627300 69350269008 91.3 46851861936840896 88.7
1599652800 69350277508 91.3 46851869978449600 88.7
1599741300 69350277608 91.3 46851869995038400 88.7
1600019600 69350356908 91.3 46851953424643776 88.7
1600044700 69350370808 91.3 46851981486669504 88.7
1600117300 69350376908 91.3 46851986103848640 88.7
1600265200 69351500308 91.3 46852676700393152 88.7
1600265300 69354312908 91.3 46855470098206400 88.7
1600360600 69357275808 91.3 46857896982269632 88.7
1600563900 69357428408 91.3 46857987318435520 88.7
1600604900 69357432608 91.3 46857989310636736 88.7
1601304300 69357434708 91.3 46857999686214336 88.7
1601510000 69357542408 91.3 46858054743790272 88.7
1602136200 69359221408 91.3 46860036462252736 88.7
1603531200 69359246808 91.3 46860053273680576 88.7
1604260200 69359254508 91.3 46860058270291136 88.7
1604448200 69359264908 91.3 46860068552235200 88.7
1605041200 69359548208 91.3 46860251311626432 88.7
1605056700 69359553008 91.3 46860255272084672 88.7
1605302300 69359556608 91.3 46860260005959872 88.7
1605467100 69359570808 91.3 46860273729800384 88.7
1605807900 69359674808 91.3 46860322399824064 88.7
1606726700 69369307808 91.3 46870870379178176 88.7
1606910200 69369335508 91.3 46870909772421312 88.7
1606941900 69369460508 91.3 46871018533075136 88.7
1607723000 69369468608 91.3 46871021957725888 88.7
1608010100 69369586708 91.3 46871135634972352 88.7
1608011800 69369589608 91.3 46871136632553152 88.7
1608016400 69369696408 91.3 46871209994321600 88.7
1608036400 69369751908 91.3 46871251661999808 88.7
1608302700 69369795308 91.3 46871285118617280 88.7
1608613500 69369857908 91.3 46871314657126080 88.7
1609125100 69373715808 91.3 46874932929046208 88.7
1609677900 69373718808 91.3 46874934178208576 88.7
1610156600 69375562508 91.3 46881368886991680 88.7
1610368300 69375579808 91.3 46881374874114880 88.7
1610451700 69375583408 91.3 46881377994467136 88.7
1610592600 69375600808 91.3 46881403854268224 88.7
1610807700 69375624408 91.3 46881412589958976 88.7
1611586100 69375637808 91.3 46881425839058752 88.7
1612022500 69375712508 91.3 46881462612778816 88.7
1612289000 69376009608 91.3 46881636117372736 88.7
1612330000 69376088008 91.3 46881667378249536 88.7
1612337100 69376088108 91.3 46881667404463936 88.7
1612431700 69376108708 91.3 46881696049407808 88.7
1612456400 69385672308 91.3 46902233882568512 88.8
1613089500 69385776708 91.3 46902380545255232 88.8
1613144300 69385932508 91.3 46902511832565568 88.8
1613179000 69385938208 91.3 46902521504675648 88.8
1613243700 69385944308 91.3 46902525773369152 88.8
1613263600 69386117108 91.3 46902590385721152 88.8
1613348400 69386234108 91.3 46902634616172352 88.8
1613376500 69386235908 91.3 46902635943276352 88.8
1613703800 69386447108 91.3 46902883660902208 88.8
1613787300 69386460408 91.3 46902897589962560 88.8
1613791100 69386463708 91.3 46902898488215360 88.8
1614108800 69386495308 91.3 46902927111182144 88.8
1614228600 69386952408 91.3 46903270800545600 88.8
1614514000 69386954608 91.3 46903272634120000 88.8
1614521100 69387111608 91.4 46903326147950400 88.8
1614622400 69387141508 91.4 46903353746390848 88.8
1614632100 69387179808 91.4 46903410994966336 88.8
1615143100 69387192208 91.4 46903428021056320 88.8
1615317100 69387192508 91.4 46903429139059520 88.8
1615491300 69388829108 91.4 46904296972800832 88.8
1615953500 69388840208 91.4 46904307841670976 88.8
1616262100 69388888208 91.4 46904352484773696 88.8
1616368700 69388917808 91.4 46904374287120192 88.8
1616403100 69389105808 91.4 46904445227382592 88.8
1616440100 69389111408 91.4 46904453862533952 88.8
1616536200 69389116308 91.4 46904461238323008 88.8
1616613900 69389136508 91.4 46904470221984576 88.8
1617045000 69389421508 91.4 46904685128897344 88.8
1617158600 69389435008 91.4 46904706015701824 88.8
1617397400 69389504408 91.4 46904755874335552 88.8
1617856900 69389532708 91.4 46904787742108480 88.8
1618916300 69389784708 91.4 46904974021454656 88.8
1619549400 69389895408 91.4 46905094651185984 88.8
1619766300 69389908708 91.4 46905107516884800 88.8
1621327300 69390272008 91.4 46905422094239552 88.8
1621337200 69390581308 91.4 46905726609229632 88.8
1622151800 69391042308 91.4 46906111508744000 88.8
1623160900 69391070608 91.4 46906137232181056 88.8
1623260400 69391510108 91.4 46906436015687488 88.8
1623273900 69391512608 91.4 46906442372884288 88.8
1623278600 69391625208 91.4 46906520077395776 88.8
1623444800 69391679208 91.4 46906568684255040 88.8
1623796000 69391767908 91.4 46906606219589440 88.8
1624117500 69391777508 91.4 46906614398214464 88.8
1624266700 69391781608 91.4 46906617707401536 88.8
1624405300 69392050008 91.4 46906754601406784 88.8
1625142600 69392343508 91.4 46906868401123648 88.8
1625653700 69392462008 91.4 46906936966422848 88.8
1625861400 69392472708 91.4 46906946943532352 88.8
1625872400 69392754608 91.4 46907220216855872 88.8
1626659100 69392810508 91.4 46907241726330176 88.8
1626695200 69394053508 91.4 46908647065240896 88.8
1626702300 69394105308 91.4 46908676641273152 88.8
1627060600 69394144808 91.4 46908699823351104 88.8
1627520000 69394161508 91.4 46908720091579712 88.8
1627690900 69394247408 91.4 46908794133644608 88.8
1627864100 69394319408 91.4 46908845263762752 88.8
1629788700 69395189908 91.4 46911991287199040 88.8
1629896900 69395209408 91.4 46912072036554048 88.8
1630582000 69395223408 91.4 46912080233506112 88.8
1631176700 69395274408 91.4 46912132673574208 88.8
1631238400 69395421908 91.4 46912233025500480 88.8
1631245100 69395717508 91.4 46912457881072960 88.8
1631273600 69395823708 91.4 46912559742326080 88.8
1631409300 69396065208 91.4 46912691275404608 88.8
1632274600 69396076308 91.4 46912707398694208 88.8
1632744400 69396082008 91.4 46912710309107008 88.8
1633159200 69396386708 91.4 46912833261245760 88.8
1633535400 69396489108 91.4 46912951793161536 88.8
1633766800 69396573608 91.4 46913019594024256 88.8
1633769800 69396582208 91.4 46913033090884928 88.8
1634513800 69397512208 91.4 46913984858875200 88.8
1634973200 69397866408 91.4 46914243495372096 88.8
1635479500 69401024608 91.4 46918930248410432 88.8
1635911700 69401135808 91.4 46919012497564992 88.8
1636067000 69402587008 91.4 46920214867813696 88.8
1636944000 69402952208 91.4 46921522519549248 88.8
1636948500 69402957408 91.4 46921527735276864 88.8
1637120900 69405481508 91.4 46923474932782400 88.8
1637372200 69407794408 91.4 46926271185605952 88.8
1637470700 69407808208 91.4 46926294371857728 88.8
1637579000 69407815208 91.4 46926306722774336 88.8
1637729700 69407882408 91.4 46926356245216576 88.8
1637814000 69407964208 91.4 46926422967459136 88.8
1637879100 69408040308 91.4 46926486899105088 88.8
1638300200 69408072808 91.4 46926499854889280 88.8
1638309100 69408075708 91.4 46926500919644480 88.8
1638333600 69408390908 91.4 46926687396794688 88.8
1638732300 69408391008 91.4 46926687693140288 88.8
1638918000 69408413208 91.4 46926723714990400 88.8
1639321700 69408435208 91.4 46926732823221568 88.8
1639345900 69408453808 91.4 46926739809359168 88.8
1639349700 69408459908 91.4 46926746543592768 88.8
1639492200 69408693408 91.4 46926875431236928 88.8
1639927200 69408793008 91.4 46926973078844736 88.8
1640850200 69408806708 91.4 46926984699119936 88.8
1641008700 69408807108 91.4 46926985150629440 88.8
1641401000 69408815508 91.4 46927002265996864 88.8
1641427900 69408817308 91.4 46927002303884864 88.8
1641515700 69408923508 91.4 46927064511094336 88.8
1641597100 69417039508 91.4 46935812958920256 88.8
1641650300 69417390608 91.4 46936158682259008 88.8
1641888200 69418813908 91.4 46936361473678912 88.8
1641906600 69418820308 91.4 46936369990311488 88.8
1641970300 69418825208 91.4 46936373839544128 88.8
1642240300 69419203208 91.4 46936774811500352 88.8
1642636800 69419241808 91.4 46936801138734912 88.8
1642878500 69419258308 91.4 46936806614506304 88.8
1643603800 69419264308 91.4 46936816986373952 88.8
1643679100 69419269108 91.4 46936820659052352 88.8
1644237900 69419498408 91.4 46937034849984320 88.8
1644431600 69419672308 91.4 46937184672194368 88.8
1644584400 69419682208 91.4 46937199835779904 88.8
1644602700 69420021608 91.4 46937520989311808 88.8
1644764100 69420325908 91.4 46937789251900224 88.8
1645164500 69420326008 91.4 46937789566473024 88.8
1645360900 69420543908 91.4 46938013938438976 88.8
1645566700 69420545108 91.4 46938014381216576 88.8
1645720900 69420875108 91.4 46938279942345536 88.8
1645854100 69420916108 91.4 46938375644042048 88.8
1646315100 69420929208 91.4 46938385742279488 88.8
1646609700 69420933108 91.4 46938389806139200 88.8
1646957900 69420940108 91.4 46938400375361344 88.8
1647003400 69420943508 91.4 46938407677797696 88.8
1647383500 69420952708 91.4 46938420075550016 88.8
1647695900 69420962608 91.4 46938437010392384 88.8
1648182700 69421045208 91.4 46938485314696512 88.8
1649109000 69421053808 91.4 46938497911004480 88.8
1649401900 69421111708 91.4 46938530807090496 88.8
1649518400 69421280608 91.4 46938613932674368 88.8
1649727900 69421282308 91.4 46938614394088768 88.8
1649749900 69421289808 91.4 46938624313820480 88.8
1651074600 69421309008 91.4 46938652272407872 88.8
1651102400 69421522708 91.4 46938864554472768 88.8
1651899100 69421660708 91.4 46939001732044096 88.8
1652098200 69421673808 91.4 46939017190016320 88.8
1652516800 69421766708 91.4 46939055558739264 88.8
1652612300 69421882608 91.4 46939132132394304 88.8
1652999300 69421900608 91.4 46939141800204608 88.8
1653532800 69421948908 91.4 46939187408132416 88.8
1653652800 69421967108 91.4 46939206930917696 88.8
1654042400 69422244708 91.4 46939394707810624 88.8
1654356300 69422480908 91.4 46939610616555840 88.8
1654459100 69422957908 91.4 46939932726225216 88.8
1654879500 69422970308 91.4 46939943874314560 88.8
1654936700 69422998908 91.4 46939964012564800 88.8
1655233800 69423028908 91.4 46939978911260992 88.8
1655327500 69423270108 91.4 46940126777876800 88.8
1655502300 69424293208 91.4 46941355410104640 88.9
1655504100 69424404808 91.4 46941482683670848 88.9
1655604400 69424414908 91.4 46941488700387648 88.9
1655781600 69424420408 91.4 46941494010158400 88.9
1655830300 69424420908 91.4 46941494561684800 88.9
1655937200 69424541408 91.4 46941587277110592 88.9
1656239700 69427363608 91.4 46944199423581504 88.9
1656443800 69427371508 91.4 46944207373530432 88.9
1657298400 69427374308 91.4 46944209188206912 88.9
1657325200 69427812008 91.4 46944506363590976 88.9
1657528200 69427828108 91.4 46944527242574144 88.9
1657692000 69427834108 91.4 46944536160233792 88.9
1658253300 69427866608 91.4 46944552493194560 88.9
1658372900 69427884908 91.4 46944560912522560 88.9
1658584000 69427930908 91.4 46944616195980608 88.9
1658586700 69427940208 91.4 46944632111123776 88.9
1658689100 69428004508 91.4 46944658360544576 88.9
1658689800 69428050108 91.4 46944705219894592 88.9
1658809400 69428097108 91.4 46944746642746688 88.9
1658838900 69428099408 91.4 46944747591585088 88.9
1659121800 69428101108 91.4 46944748223188288 88.9
1659134000 69428171408 91.4 46944777380203840 88.9
1659151200 69428449608 91.4 46944931445624128 88.9
1659211900 69429746108 91.4 46946467974761792 88.9
1659452200 69430399708 91.4 46947248026963264 88.9
1659722400 69430445408 91.4 46947266543955264 88.9
1659734200 69430810208 91.4 46947473348865344 88.9
1659893400 69430817108 91.4 46947485676750144 88.9
1660099700 69430824608 91.4 46947496458582336 88.9
1660200200 69430957108 91.4 46947577633487168 88.9
1660210800 69431080008 91.4 46947669644638528 88.9
1660212300 69431089308 91.4 46947681602296128 88.9
1660270100 69431097108 91.4 46947686384785728 88.9
1660277700 69431163908 91.4 46947750530709824 88.9
1660307200 69431273208 91.4 46947819016739136 88.9
1660356300 69431289908 91.4 46947841379832128 88.9
1660444300 69431312308 91.4 46947851344311616 88.9
1660460400 69432852508 91.4 46948084356019520 88.9
1660542200 69432880508 91.4 46948097989350720 88.9
1660557400 69433044108 91.4 46948213291758912 88.9
1660691200 69433090008 91.4 46948244937149760 88.9
1660771500 69433206908 91.4 46948364891876672 88.9
1660955800 69433222408 91.4 46948371624881472 88.9
1661061700 69435501708 91.4 46950152176528704 88.9
1661302100 69435512308 91.4 46950167623604544 88.9
1661351700 69435805908 91.4 46950349838129472 88.9
1661440600 69435812108 91.4 46950357091815232 88.9
1661464200 69435843708 91.4 46950395227897664 88.9
1661643300 69436169008 91.4 46950694530350912 88.9
1661774900 69436257108 91.4 46950787371130688 88.9
1662002300 69436265508 91.4 46950794640915264 88.9
1662269400 69436297008 91.4 46950812217088832 88.9
1662288600 69436301808 91.4 46950819088904000 88.9
1662292700 69436312208 91.4 46950832641713984 88.9
1662298800 69436540008 91.4 46951098972366656 88.9
1662361400 69436671208 91.4 46951150404519744 88.9
1662454000 69436679308 91.4 46951159778450240 88.9
1662503500 69436713708 91.4 46951174804363072 88.9
1662525600 69436736308 91.4 46951189485123392 88.9
1662787600 69436927308 91.4 46951302429013824 88.9
1662789000 69436994908 91.4 46951328124041024 88.9
1663263400 69437288908 91.4 46951569447909184 88.9
1663534900 69437298108 91.4 46951585809566528 88.9
1663715500 69438701708 91.4 46952752940321600 88.9
1663718700 69438829408 91.4 46952826413837120 88.9
1664015200 69438831308 91.4 46952832553583424 88.9
1664240100 69438838008 91.4 46952844822051648 88.9
1664246700 69438878208 91.4 46952908771355456 88.9
1664462300 69438911008 91.4 46952927451132736 88.9
1664637800 69438945908 91.4 46952956155413312 88.9
1664639600 69439182908 91.4 46953087095079744 88.9
1664671200 69439191708 91.4 46953093893415744 88.9
1664696000 69439261008 91.4 46953160022590272 88.9
1664782600 69439559708 91.4 46953421601538880 88.9
1664829900 69439866608 91.4 46953550762984256 88.9
1665041100 69439870208 91.4 46953555068111680 88.9
1665130700 69439894108 91.4 46953584451541824 88.9
1665144000 69439899508 91.4 46953585488239424 88.9
1665271300 69439935308 91.4 46953603453510464 88.9
1665308200 69439936408 91.4 46953604352992064 88.9
1665393800 69439940708 91.4 46953607097312064 88.9
1665422900 69439945908 91.4 46953617288373056 88.9
1665445400 69440006408 91.4 46953666199475008 88.9
1665517000 69440215608 91.4 46953867743613760 88.9
1665528500 69440224708 91.4 46953872524002624 88.9
1665652600 69440272308 91.4 46953913144927552 88.9
1665787900 69440273508 91.4 46953915054687552 88.9
1665816800 69440347208 91.4 46953980114830656 88.9
1665837000 69440740808 91.4 46954285424641344 88.9
1665963000 69440746008 91.4 46954292214504256 88.9
1666001000 69440758008 91.4 46954306769263424 88.9
1666023400 69441088308 91.4 46954550342327104 88.9
1666048900 69441115108 91.4 46954566914333504 88.9
1666108800 69442097108 91.4 46955071295806272 88.9
1666328800 69442132408 91.4 46955106611047232 88.9
1666523800 69449147208 91.4 46962616856816448 88.9
1666551800 69449157008 91.4 46962621012620352 88.9
1666838200 69449205508 91.4 46962640241257536 88.9
1666956700 69449207408 91.4 46962641570204864 88.9
1667019900 69449214108 91.4 46962650810945728 88.9
1667092000 69449321708 91.4 46962770471882944 88.9
1667293600 69449381708 91.4 46962792685564096 88.9
1667311400 69449417008 91.4 46962814443120832 88.9
1667367400 69449421908 91.4 46962820364283072 88.9
1667416400 69449422308 91.4 46962823116180672 88.9
1667691200 69449517508 91.4 46962862853778624 88.9
1667840100 69449526908 91.4 46962873842863296 88.9
1667866800 69449537808 91.4 46962888356547776 88.9
1667970000 69451024208 91.4 46967662728596672 88.9
1668014100 69451031408 91.4 46967675259558080 88.9
1668391200 69451033308 91.4 46967679002278080 88.9
1668400000 69451036308 91.4 46967683090306752 88.9
1668401300 69451131108 91.4 46967722738783936 88.9
1668844000 69454112708 91.4 46972033835538112 88.9
1669153200 69454136308 91.4 46972055818692288 88.9
1669336300 69454153108 91.4 46972079009797824 88.9
1669356900 69454216108 91.4 46972113188499136 88.9
1669423500 69454233508 91.4 46972137072082624 88.9
1669439800 69454248508 91.4 46972142345273024 88.9
1669644700 69454914308 91.4 46972880870850240 88.9
1669646900 69454955308 91.4 46972927459569344 88.9
1669787900 69454956808 91.4 46972928913444544 88.9
1669849400 69454977808 91.4 46972947538822848 88.9
1669906200 69455115808 91.4 46973004320233152 88.9
1669947000 69455149408 91.4 46973040360961728 88.9
1670064800 69455849108 91.4 46973663708329664 88.9
1670191500 69455950008 91.4 46973746799900352 88.9
1670371600 69456049208 91.4 46973782413842112 88.9
1670442600 69456333408 91.4 46974003085596352 88.9
1670581700 69456335908 91.4 46974004738332352 88.9
1670653100 69456458208 91.4 46974093288797888 88.9
1670680400 69456481608 91.4 46974118534403776 88.9
1670964100 69456571708 91.4 46974171227682496 88.9
1671047800 69456602608 91.4 46974182203603648 88.9
1671223300 69456674408 91.4 46974229055896256 88.9
1671236900 69456682708 91.4 46974238281282240 88.9
1671249500 69458728008 91.4 46976647068234432 88.9
1671520900 69459150508 91.4 46976893046829760 88.9
1671606400 69459153308 91.4 46976895461631168 88.9
1671838900 69459177708 91.4 46976917021179072 88.9
1671913100 69467219308 91.5 46994157150977216 89.0
1672007900 69467242908 91.5 46994165668284608 89.0
1672408800 69467269008 91.5 46994205723424960 89.0
1672438300 69467309808 91.5 46994242417699008 89.0
1672488400 69468222108 91.5 46994410465306816 89.0
1672497800 69468384708 91.5 46994557233522880 89.0
1672708200 69468402008 91.5 46994573582843072 89.0
1673017600 69468670208 91.5 46994809248906432 89.0
1673027900 69468672508 91.5 46994812056919232 89.0
1673028800 69468705608 91.5 46994845315468480 89.0
1673075000 69468794508 91.5 46994918185397440 89.0
1673333000 69468872308 91.5 46994953227881664 89.0
1673432100 69468966608 91.5 46995021125471424 89.0
1673585400 69468971308 91.5 46995034412067008 89.0
1673706000 69468984008 91.5 46995050009590976 89.0
1673956500 69468994308 91.5 46995059944785088 89.0
1674120700 69469043108 91.5 46995101007344832 89.0
1674174200 69469054908 91.5 46995114975965376 89.0
1674209100 69469056608 91.5 46995118235362496 89.0
1674305800 69469067008 91.5 46995127637250240 89.0
1674326700 69469079008 91.5 46995146360318144 89.0
1674429000 69469809108 91.5 46995788900559040 89.0
1674569600 69469811408 91.5 46995791673217472 89.0
1674597900 69469912308 91.5 46995861904044480 89.0
1674600600 69470455308 91.5 46997810193904064 89.0
1674642000 69470502108 91.5 46997855951065536 89.0
1674882700 69477949508 91.5 47013982896853440 89.0
1675222800 69477949808 91.5 47013984142651840 89.0
1675427900 69477957008 91.5 47013992237783488 89.0
1675431500 69477981308 91.5 47014032916285888 89.0
1675447600 69478177308 91.5 47014191778826688 89.0
1675537200 69478294108 91.5 47014269716695488 89.0
1675791500 69482453808 91.5 47018347917380032 89.0
1675958800 69482455608 91.5 47018348608375232 89.0
1676003200 69482470008 91.5 47018358139204032 89.0
1676006000 69482482408 91.5 47018369427719616 89.0
1676225700 69482486608 91.5 47018379188116928 89.0
1676660800 69482496008 91.5 47018392928060864 89.0
1676683900 69483479408 91.5 47018589891724736 89.0
1676688900 69483483508 91.5 47018592425715136 89.0
1676839100 69483487808 91.5 47018594506687936 89.0
1676884100 69483495008 91.5 47018615098078656 89.0
1676895200 69483512808 91.5 47018637088953792 89.0
1676926800 69483918108 91.5 47018788758558144 89.0
1676968000 69483934608 91.5 47018811893003712 89.0
1677152100 69484093808 91.5 47018964795766208 89.0
1677183800 69484110308 91.5 47018989751752128 89.0
1677186100 69484117108 91.5 47019008110861760 89.0
1677217200 69485009808 91.5 47020090161077696 89.0
1677258500 69485032608 91.5 47020100813562304 89.0
1677286300 69485035108 91.5 47020103560544704 89.0
1677299100 69485042008 91.5 47020114893969856 89.0
1677465200 69485144008 91.5 47020165226473920 89.0
1677496700 69485236108 91.5 47020275569174976 89.0
1677793500 69485406808 91.5 47020381626304960 89.0
1677831900 69485503308 91.5 47020471757081024 89.0
1677895200 69485577708 91.5 47020541372099008 89.0
1678118000 69485775608 91.5 47020737323297216 89.0
1678377100 69485815308 91.5 47020768033520064 89.0
1678739500 69485878708 91.5 47020828321941952 89.0
1678828300 69485889608 91.5 47020848547975616 89.0
1678913300 69485976708 91.5 47020932056723904 89.0
1679018300 69486094408 91.5 47020987828900288 89.0
1679280200 69486154508 91.5 47021011328522688 89.0
1679286000 69486641708 91.5 47021338354276800 89.0
1679324000 69486770108 91.5 47021514958330304 89.0
1679574000 69486782708 91.5 47021533539449280 89.0
1680152400 69486971308 91.5 47021636553947584 89.0
1680461900 69486998108 91.5 47021682194360768 89.0
1680635200 69487066208 91.5 47021709662306752 89.0
1680681800 69487072708 91.5 47021715337782720 89.0
1680759400 69487114508 91.5 47021757156279744 89.0
1680819400 69487829308 91.5 47022228406846912 89.0
1680885800 69487848308 91.5 47022243817143744 89.0
1681060900 69487884708 91.5 47022279212072384 89.0
1681230200 69487918608 91.5 47022295922251200 89.0
1681360200 69487993408 91.5 47022340322989504 89.0
1681518900 69488000108 91.5 47022345841120704 89.0
1681673800 69488140608 91.5 47022467100595648 89.0
1681996700 69488147708 91.5 47022470785705920 89.0
1682022000 69488404408 91.5 47022657842800576 89.0
1682363600 69488512808 91.5 47022761235982272 89.0
1682528400 69488580108 91.5 47022814271555520 89.0
1682743300 69488584908 91.5 47022816264259520 89.0
1682961900 69489193208 91.5 47023133820094400 89.0
1683078800 69489207608 91.5 47023139494283200 89.0
1683294800 69490409508 91.5 47024629655783360 89.0
1683528900 69490451308 91.5 47024654068094912 89.0
1684256900 69490466308 91.5 47024670479468480 89.0
1684292500 69490677208 91.5 47024814434322368 89.0
1684336500 69490960408 91.5 47025032801699776 89.0
1684490800 69490967108 91.5 47025037272488384 89.0
1684731000 69490975208 91.5 47025055566332352 89.0
1684819400 69491201408 91.5 47025234756370880 89.0
1685166300 69491212608 91.5 47025240230393280 89.0
1685209000 69491257908 91.5 47025259661761984 89.0
1685230900 69491260108 91.5 47025260670068416 89.0
1685405600 69491610108 91.5 47025629960644288 89.0
1685534100 69491677808 91.5 47025676185450176 89.0
1685767400 69491692508 91.5 47025708099212992 89.0
1685838500 69491752108 91.5 47025785476347584 89.0
1686266000 69491785408 91.5 47025829077595840 89.0
1686312200 69491813308 91.5 47025844010686144 89.0
1686534300 69491823608 91.5 47025862845245120 89.0
1686825500 69491889408 91.5 47025900970706624 89.0
1686846500 69491896908 91.5 47025911979372224 89.0
1687100900 69492164608 91.5 47026011275349696 89.0
1687244500 69492229508 91.5 47026035801048768 89.0
1687256600 69492319108 91.5 47026095861794496 89.0
1687315400 69492323108 91.5 47026101642351296 89.0
1687365700 69492326408 91.5 47026103489852096 89.0
1687380600 69492329708 91.5 47026106657214400 89.0
1687443800 69492448508 91.5 47026149013417920 89.0
1688338700 69492663808 91.5 47026236881858496 89.0
1688450500 69492771008 91.5 47026373776699328 89.0
1688482200 69492779508 91.5 47026382115672000 89.0
1688544900 69493093808 91.5 47026480240603072 89.0
1689242200 69493166808 91.5 47026534924206016 89.0
1689261600 69493207408 91.5 47026557072588736 89.0
1689358900 69493335008 91.5 47026680970469312 89.0
1689402500 69493343808 91.5 47026697250801600 89.0
1689560900 69493348208 91.5 47026700244158400 89.0
1689598100 69493357608 91.5 47026705938003904 89.0
1689655800 69493413808 91.5 47026724460115904 89.0
1689674200 69493416308 91.5 47026726298558912 89.0
1689687900 69493432608 91.5 47026744016732608 89.0
1689840800 69493544908 91.5 47026826531291584 89.0
1689899800 69493718308 91.5 47026913597604288 89.0
1690141300 69493727108 91.5 47026918898086336 89.0
1690157900 69493771708 91.5 47026948302295488 89.0
1690410500 69493779808 91.5 47026951340161984 89.0
1690420500 69493783508 91.5 47026953833637568 89.0
1690436900 69494303708 91.5 47027289335195328 89.0
1690722300 69494459108 91.5 47027346433459904 89.0
1690819300 69494554408 91.5 47027391655687872 89.0
1690904100 69494574508 91.5 47027406852920000 89.0
1691603900 69494628108 91.5 47027465704551104 89.0
1691644000 69494639408 91.5 47027484007967424 89.0
1691663000 69494654608 91.5 47027490789714624 89.0
1691751000 69494703908 91.5 47027539531279040 89.0
1691940000 69494936908 91.5 47027778926832320 89.0
1692204500 69494944908 91.5 47027789860549312 89.0
1693205300 69494950208 91.5 47027793801257664 89.0
1693227400 69502177008 91.5 47035505233109696 89.0
1693992400 69502182808 91.5 47035512509609152 89.0
1694065000 69502186908 91.5 47035515351413952 89.0
1694264200 69502221108 91.5 47035526633987264 89.0
1694351400 69502496108 91.5 47035761889877184 89.0
1694700600 69502696108 91.5 47035878253173952 89.0
1694793500 69502973308 91.5 47036065399528640 89.0
1695115000 69503009508 91.5 47036088177786048 89.0
1695304600 69503061508 91.5 47036121634258112 89.0
1695351800 69503070808 91.5 47036130641477824 89.0
1695622600 69503078708 91.5 47036135020761280 89.0
1695854000 69503100908 91.5 47036160635683008 89.0
1695898200 69503444508 91.5 47036346194985152 89.0
1696652900 69503452408 91.5 47036354990066880 89.0
1696814600 69503539608 91.5 47036484115664064 89.0
1696899800 69503690808 91.5 47036652234476736 89.0
1696992900 69506875008 91.5 47041105226370240 89.0
1697313300 69506899408 91.5 47041118207959232 89.0
1697375000 69507003608 91.5 47041163411685568 89.0
1697557000 69507056908 91.5 47041192873111744 89.0
1697633700 69507117608 91.5 47041220157726912 89.0
1697703900 69507161108 91.5 47041267692232896 89.0
1698151000 69507211508 91.5 47041301984157888 89.0
1698190100 69507388308 91.5 47041375959908544 89.0
1698255300 69507484308 91.5 47041430487875776 89.0
1698380000 69507484808 91.5 47041431318544576 89.0
1698963500 69507490308 91.5 47041440229499072 89.0
1699121200 69507530108 91.5 47041478768259264 89.0
1699242500 69507734408 91.5 47041600172658880 89.0
1699517800 69508240608 91.5 47041974620295360 89.0
1699600500 69508253608 91.5 47041996066392256 89.0
1699768300 69508301808 91.5 47042014824433856 89.0
1700086600 69508310408 91.5 47042021754181824 89.0
1700214300 69509614808 91.5 47043114271480000 89.0
1700587400 69509632508 91.5 47043167196661952 89.0
1700623300 69509669008 91.5 47043227258665152 89.0
1700915800 69509680308 91.5 47043241328407744 89.0
1701018400 69509686908 91.5 47043250149959872 89.0
1701164800 69509763408 91.5 47043287460849856 89.0
1701331500 69509778408 91.5 47043298511004864 89.0
1701892800 69509839608 91.5 47043322116144320 89.0
1701909600 69509843308 91.5 47043324233776320 89.0
1701999100 69509854308 91.5 47043340208834752 89.0
1702404800 69509973708 91.5 47043470955194560 89.0
1702456700 69509980508 91.5 47043477822852288 89.0
1702621000 69510033708 91.5 47043514028002496 89.0
1702848400 69510149108 91.5 47043598528687296 89.0
1702930000 69510200308 91.5 47043637576170688 89.0
1703036800 69510242008 91.5 47043660396829888 89.0
1703383400 69510251708 91.5 47043671791797440 89.0
1703552600 69510261908 91.5 47043689421579456 89.0
1703796300 69510337608 91.5 47043744771343552 89.0
1703871500 69510342508 91.5 47043749895439552 89.0
1704032700 69510617708 91.5 47043974116639936 89.0
1704091600 69510618908 91.5 47043975339500736 89.0
1704299700 69510653208 91.5 47044021432976576 89.0
1704319800 69510654808 91.5 47044028272272576 89.0
1704606100 69510788708 91.5 47044080891442368 89.0
1704773400 69510919508 91.5 47044191990117568 89.0
1704942000 69514498308 91.5 47048437582853312 89.1
1705123600 69514519408 91.5 47048458639979712 89.1
1705380400 69514567308 91.5 47048512823563456 89.1
1705429600 69514572308 91.5 47048519110648000 89.1
1705767800 69522534108 91.5 47065628798640320 89.1
1705798000 69522559308 91.5 47065642675888320 89.1
1705831600 69522618508 91.5 47065698885894336 89.1
1706152600 69522627208 91.5 47065707606259904 89.1
1706623300 69522639008 91.5 47065724028547264 89.1
1707132000 69522639908 91.5 47065725541200064 89.1
1707786900 69523017608 91.5 47065969926189248 89.1
1708044100 69523078308 91.5 47066027048267968 89.1
1708176500 69524950408 91.5 47068442138472640 89.1
1708268100 69528462108 91.5 47071681150152896 89.1
1708360200 69528462608 91.5 47071681664405696 89.1
1708382800 69528465608 91.5 47071685531284416 89.1
1708386200 69528471308 91.5 47071693342030784 89.1
1708520700 69528473808 91.5 47071696869505984 89.1
1708577600 69528489008 91.5 47071710334766016 89.1
1708614300 69528729908 91.5 47071992832347072 89.1
1708853400 69528730508 91.5 47071992905460672 89.1
1709384300 69528968408 91.5 47072217915386816 89.1
1709460300 69528998308 91.5 47072230286571456 89.1
1709542800 69528998708 91.5 47072230339819456 89.1
1709628700 69529113708 91.5 47072281275365312 89.1
1709872000 69529415008 91.5 47072440486688704 89.1
1710346700 69529423808 91.5 47072451119625152 89.1
1710349100 69529620408 91.5 47072555468190656 89.1
1710503200 69529629008 91.5 47072568817447872 89.1
1710822700 69530467108 91.5 47073266868253632 89.1
1711029500 69530477408 91.5 47073280363330496 89.1
1711034800 69530498608 91.5 47073297733573568 89.1
1711154600 69530506208 91.5 47073303139269568 89.1
1711359500 69530604308 91.5 47073344105823168 89.1
1712092800 69530604508 91.5 47073344133675968 89.1
1712582500 69530838308 91.5 47073439497821120 89.1
1712622200 69530841008 91.5 47073441429699520 89.1
1712821900 69531380208 91.5 47073920464534464 89.1
1712945700 69531384708 91.5 47073930287623104 89.1
1712990100 69531666908 91.5 47074218574457792 89.1
1713253700 69531782108 91.5 47074273512537024 89.1
1713260100 69531794908 91.5 47074290294463424 89.1
1713960000 69531801308 91.5 47074298519727040 89.1
1714186600 69531804108 91.5 47074299812834240 89.1
1714701700 69531804708 91.5 47074300813487040 89.1
1714815600 69533336908 91.5 47074528577399744 89.1
1714915400 69533688508 91.5 47074689539320768 89.1
1715151000 69533696908 91.5 47074696831374272 89.1
1715336900 69533948408 91.5 47074842422268864 89.1
1716101400 69534057708 91.5 47074928553718720 89.1
1716231800 69535401408 91.5 47076589134377920 89.1
1716419900 69535403208 91.5 47076590325085120 89.1
1716454700 69535434408 91.5 47076629826655168 89.1
1716568400 69535578708 91.5 47076756441428928 89.1
1716655000 69535688608 91.5 47076858710717376 89.1
1716775500 69535689608 91.5 47076862385853376 89.1
1717076500 69535764808 91.5 47076962784596928 89.1
1717086900 69535779008 91.5 47076978701038528 89.1
1717121300 69535886208 91.5 47077054831621056 89.1
1717172700 69535897208 91.5 47077068068953024 89.1
1717218300 69535904608 91.5 47077075855411136 89.1
1717327600 69535921508 91.5 47077084334301120 89.1
1717520400 69536088608 91.5 47077259193343936 89.1
1717950100 69536096908 91.5 47077268912097216 89.1
1718252000 69536306008 91.5 47077371559479232 89.1
1718280500 69536316208 91.5 47077377029033920 89.1
1718368100 69536436408 91.5 47077454902710208 89.1
1718666300 69536448208 91.5 47077469729170368 89.1
1718826100 69536510308 91.5 47077530334098368 89.1
1719083100 69538347008 91.5 47083136293499840 89.1
1719131400 69538421608 91.5 47083203920700352 89.1
1719141500 69538437308 91.5 47083212608025536 89.1
1719404400 69538452308 91.5 47083232995470272 89.1
1719534700 69538518708 91.5 47083279048113088 89.1
1719847000 69538557608 91.5 47083337807846336 89.1
1719866500 69538621608 91.5 47083393996749760 89.1
1719929900 69538626208 91.5 47083397441171392 89.1
1719982400 69538636908 91.5 47083411055801280 89.1
1720468200 69539943408 91.6 47083873132114880 89.1
1720603100 69539947308 91.6 47083877234258880 89.1
1720799900 69540324808 91.6 47084207773922240 89.1
1720874400 69540853108 91.6 47086132458369984 89.1
1720902100 69540864508 91.6 47086143089765312 89.1
1721022200 69540866008 91.6 47086144867224512 89.1
1721073300 69540881208 91.6 47086163831878592 89.1
1721624300 69540887508 91.6 47086175291462592 89.1
1722106400 69540968508 91.6 47086237969646528 89.1
1722346700 69541070808 91.6 47086356548551616 89.1
1722733500 69541192108 91.6 47086457106998208 89.1
1723057600 69541205708 91.6 47086469940536256 89.1
1723124700 69541213508 91.6 47086485200742336 89.1
1723250300 69541220108 91.6 47086495893137344 89.1
1723324600 69541227608 91.6 47086503820068800 89.1
1723643100 69541304908 91.6 47086560161785792 89.1
1723786000 69541470808 91.6 47086633565226944 89.1
1723959700 69541557508 91.6 47086710064261056 89.1
1725374200 69541570408 91.6 47086728979187648 89.1
1725444600 69541601508 91.6 47086740886874048 89.1
1725785900 69541639208 91.6 47086792805701568 89.1
1726122900 69541662208 91.6 47086815211804608 89.1
1726610700 69541736408 91.6 47086876210956224 89.1
1726695900 69542515308 91.6 47087511829743552 89.1
1727288300 69542520608 91.6 47087517277218752 89.1
1727450500 69542542308 91.6 47087556881602496 89.1
1727962900 69542599208 91.6 47087631480518592 89.1
1728028700 69542689008 91.6 47087718814513088 89.1
1728578600 69542690508 91.6 47087719764061504 89.1
1729138700 69543293108 91.6 47088095044529472 89.1
1729576200 69543300008 91.6 47088100820972352 89.1
1729594400 69543336708 91.6 47088150390813504 89.1
1730812700 69543369108 91.6 47088272303027008 89.1
1730965000 69543455808 91.6 47088311190790976 89.1
1731044200 69543498108 91.6 47088339863702336 89.1
1732270200 69543503308 91.6 47088343914587200 89.1
1732316400 69543518008 91.6 47088364703497280 89.1
1733160300 69544416008 91.6 47089114066435136 89.1
1733192900 69544430608 91.6 47089130726355008 89.1
1733226700 69547486208 91.6 47093586116341824 89.1
1733411200 69547490408 91.6 47093588380137536 89.1
1733730500 69547494108 91.6 47093590751615296 89.1
1735960900 69547496508 91.6 47093594267027264 89.1
1736254500 69547515208 91.6 47093603578464064 89.1
1736432900 69547546308 91.6 47093646753294144 89.1
1736922300 69547606008 91.6 47093697715738432 89.1
1736962000 69547612408 91.6 47093703362989888 89.1
1737011800 69547711208 91.6 47093742424698688 89.1
1738111500 69547724708 91.6 47093757128095552 89.1
1739060800 69556030208 91.6 47102571361482560 89.2
1739440300 69558343208 91.6 47104327175649088 89.2
1739487400 69558557608 91.6 47104520942384960 89.2
1739558600 69560980608 91.6 47106423279974208 89.2
1741518500 69560990508 91.6 47106437332377408 89.2
1743089900 69561037608 91.6 47106487690370880 89.2
1743106300 69561131408 91.6 47106528615415616 89.2
1743393700 69561208208 91.6 47106597047537472 89.2
1743515600 69561224208 91.6 47106610057784128 89.2
1743756600 69561284208 91.6 47106669205527360 89.2
1745187100 69561291508 91.6 47106676844454720 89.2
1745659700 69561397408 91.6 47106766804050752 89.2
1746111800 69561637908 91.6 47106958404526912 89.2
1747103000 69561641708 91.6 47106960789422912 89.2
1748632600 69561649908 91.6 47106969551431488 89.2
1748968400 69564127508 91.6 47109665145153344 89.2
1749010900 69564148708 91.6 47109674171073344 89.2
1749048800 69564167308 91.6 47109683049608000 89.2
1750287200 69564359508 91.6 47109870024815424 89.2
1752228900 69564495608 91.6 47110374877688640 89.2
1753904100 69564504408 91.6 47110384984785728 89.2
1754660700 69564597108 91.6 47110486404784960 89.2
1755948100 69564615708 91.6 47110506006287168 89.2
1756492900 69565067508 91.6 47110739452744512 89.2
1757077000 69565468408 91.6 47111027574690624 89.2
1759083900 69565478508 91.6 47111035547970368 89.2
1759135000 69565584208 91.6 47111127472573248 89.2
1760101000 69565765308 91.6 47111210342894400 89.2
1760151900 69565775808 91.6 47111220277989184 89.2
1760291400 69566067408 91.6 47111480566026048 89.2
1760413200 69566084108 91.6 47111496207114048 89.2
1760572600 69566092708 91.6 47111507240036160 89.2
1760663600 69566136708 91.6 47111536975814464 89.2
1761009300 69575461608 91.6 47131614194704192 89.2
1761693500 69575611808 91.6 47131750880165696 89.2
1761994400 69576037008 91.6 47133297301176128 89.2
1762399400 69576041908 91.6 47133301839714112 89.2
1762753900 69576071208 91.6 47133334915401536 89.2
1763202100 69576422808 91.6 47133562824443712 89.2
1763514600 69576435108 91.6 47133577574112064 89.2
1763550700 69576451108 91.6 47133597070220096 89.2
1764148200 69576650908 91.6 47133728058325824 89.2
1764317900 69577117108 91.6 47134111265045312 89.2
1764507200 69577117808 91.6 47134111897390912 89.2
1764769500 69577122808 91.6 47134112856078912 89.2
1764986000 69577611708 91.6 47134336266631744 89.2
1765325200 69577614308 91.6 47134341078468160 89.2
1765339900 69577749408 91.6 47134385554744896 89.2
1765343900 69577758308 91.6 47134400646819392 89.2
1765473000 69577805808 91.6 47134436883410496 89.2
1765521200 69577997908 91.6 47134589840649792 89.2
1765694200 69578024608 91.6 47134616034496064 89.2
1766155500 69578025208 91.6 47134616381427264 89.2
1766202600 69578043308 91.6 47134638054678080 89.2
1766219300 69578066808 91.6 47134669399021120 89.2
1766602600 69578069308 91.6 47134671292891200 89.2
1767070500 69578080408 91.6 47134689559709760 89.2
1767146200 69578082108 91.6 47134690861956416 89.2
1768611200 69578103408 91.6 47134701917692224 89.2
1768876500 69578234108 91.6 47134796492243264 89.2
1769308100 69578479308 91.6 47135063937958208 89.2
1769501900 69579150908 91.6 47135552083968320 89.2
1769591800 69579161908 91.6 47135562480289088 89.2
1770292300 69579173708 91.6 47135574365508928 89.2
1771060600 69580475408 91.6 47136032734156096 89.2
1771616700 69580542208 91.6 47136097709307200 89.2
1772093000 69580628108 91.6 47136145438410048 89.2
1772491500 69580667408 91.6 47136192263304512 89.2
1773276900 69580672308 91.6 47136203694626112 89.2
1773396000 69580695008 91.6 47136237691028800 89.2
1773965900 69580696308 91.6 47136244355630400 89.2
1774620000 69580943308 91.6 47136366662952256 89.2
1774670200 69580962108 91.6 47136384812528960 89.2
1775428700 69581097008 91.6 47136530570999104 89.2
1775799700 69581177508 91.6 47136561578947904 89.2
1775913200 69582248908 91.6 47137014519051584 89.2
1775953000 69582266308 91.6 47137028899474752 89.2
1776169800 69582273608 91.6 47137035276907840 89.2
1776368500 69582280208 91.6 47137039889424704 89.2
1776380300 69582469008 91.6 47137235061776704 89.2
1776629300 69582528108 91.6 47137427214688576 89.2
1776646200 69582531008 91.6 47137430990221376 89.2
1776868600 69582543108 91.6 47137449858609216 89.2
1777354700 69582547808 91.6 47137456920054336 89.2
1777403400 69582550408 91.6 47137458967249600 89.2
1777450500 69583181808 91.6 47137924804051648 89.2
1777555300 69583186308 91.6 47137928761759424 89.2
1777821500 69583208608 91.6 47137946792173248 89.2
1778030500 69583245008 91.6 47137973688553152 89.2
1778482100 69583255608 91.6 47137989627766464 89.2
1778696600 69583308608 91.6 47138017919235776 89.2
1779130800 69583606308 91.6 47138262857447104 89.2
1780304500 69583857508 91.6 47138494868813504 89.2
1780324900 69584096408 91.6 47138616955975360 89.2
1780462800 69584101108 91.6 47138622957407936 89.2
1781527600 69584105108 91.6 47138625749446336 89.2
1781912700 69584207708 91.6 47138692586061504 89.2
1781936300 69584218908 91.6 47138707583782592 89.2
1782075000 69584251808 91.6 47138729167451840 89.2
1782382900 69584272408 91.6 47138758081896128 89.2
1782859500 69584291808 91.6 47138771462756032 89.2
1782894700 69584512508 91.6 47138949099624128 89.2
1783361100 69584558608 91.6 47139000070231744 89.2
1783529700 69587130608 91.6 47142185477134016 89.2
1783571700 69587226608 91.6 47142302447400640 89.2
1784593900 69587238308 91.6 47142314412635840 89.2
1784624600 69591282508 91.6 47146128201250496 89.2
1784941100 69591367608 91.6 47146199228511936 89.2
1785142000 69591453408 91.6 47146266591020736 89.2
1785322000 69591676408 91.6 47146505833760448 89.2
1785889700 69591817808 91.6 47146572982343360 89.2
1786285900 69592103308 91.6 47146765679204032 89.2
1786883500 69592412408 91.6 47146988492232384 89.2
1787750500 69592415608 91.6 47146991271777984 89.2
1790932300 69592426108 91.6 47147005672481472 89.2
1790983500 69592496508 91.6 47147068717937344 89.2
1791135000 69594008908 91.6 47148927776731840 89.2
1791404400 69595735608 91.6 47150346255610560 89.2
1791738400 69595739208 91.6 47150350050858944 89.2
1792106000 69595767208 91.6 47150380477603776 89.2
1792680600 69595825708 91.6 47150409970646976 89.2
1792683700 69595879408 91.6 47150477213040576 89.2
1792794400 69595930408 91.6 47150497195171776 89.2
1793205200 69595933308 91.6 47150507797872576 89.2
1793446700 69595945408 91.6 47150526894647232 89.2
1793467100 69595993908 91.6 47150607189624768 89.2
1793488500 69595995108 91.6 47150608463890368 89.2
1794579600 69596036608 91.6 47150630215954368 89.2
1794590900 69596062008 91.6 47150646934319040 89.2
1794727700 69596064908 91.6 47150648177864640 89.2
1795012200 69596077508 91.6 47150664267132864 89.2
1795431700 69596093708 91.6 47150694140442560 89.2
1795720700 69596136508 91.6 47150765172684736 89.2
1795756900 69596138908 91.6 47150769095106496 89.2
1795843600 69596142608 91.6 47150774541557696 89.2
1795925200 69596155608 91.6 47150789865185216 89.2
1796936900 69596341408 91.6 47151047404314560 89.2
1797030400 69596350608 91.6 47151054503776192 89.2
1797471400 69597612208 91.6 47152137613840320 89.3
1797533600 69598207708 91.6 47152444054998976 89.3
1797931600 69598212908 91.6 47152446463122880 89.3
1798062700 69598333808 91.6 47152497261305280 89.3
1798088100 69598391008 91.6 47152521362095552 89.3
1799449400 69598478308 91.6 47152595784105408 89.3
1799535500 69598662208 91.6 47152736760135104 89.3
1799767100 69598668608 91.6 47152748752203200 89.3
1800275100 69598719208 91.6 47152836134424000 89.3
1800457900 69598873808 91.6 47153017611881920 89.3
1800624500 69598881308 91.6 47153024475681728 89.3
1800784700 69599076408 91.6 47153175384773568 89.3
1800947200 69599076908 91.6 47153175755256768 89.3
1800964700 69599089708 91.6 47153196752638912 89.3
1801791500 69599176008 91.6 47153280964260800 89.3
1801979600 69599351208 91.6 47153353798439872 89.3
1802113400 69599376208 91.6 47153365968073664 89.3
1802852200 69599384008 91.6 47153375499220928 89.3
1802975900 69599407908 91.6 47153415966226368 89.3
1803576700 69599418108 91.6 47153427790370752 89.3
1803946500 69599436408 91.6 47153453283088320 89.3
1803953300 69599627608 91.6 47153572575107008 89.3
1804119400 69599632008 91.6 47153577174710208 89.3
1804259700 69599664208 91.6 47153617978615744 89.3
1804350700 69599725208 91.6 47153647146121152 89.3
1804507300 69599736008 91.6 47153655866276800 89.3
1804855400 69600417608 91.6 47154142186486720 89.3
1804904200 69600428308 91.6 47154159204170688 89.3
1805164100 69600433408 91.6 47154165052644288 89.3
1805193300 69600436908 91.6 47154168650958272 89.3
1805598000 69601035508 91.6 47154537390048704 89.3
1805814800 69601036708 91.6 47154542083859904 89.3
1805872400 69601043608 91.6 47154552769001920 89.3
1806228400 69601233108 91.6 47154732765624768 89.3
1806633300 69601254608 91.6 47154751518341568 89.3
1806671900 69601259108 91.6 47154755441080768 89.3
1806729100 69601271208 91.6 47154771464391104 89.3
1807850500 69601332208 91.6 47154831478892992 89.3
1809414900 69601355808 91.6 47154866543139264 89.3
1810599700 69601364408 91.6 47154873065799104 89.3
1810858200 69601403908 91.6 47154892932603328 89.3
1810956700 69601510208 91.6 47155003325095360 89.3
1811273600 69601731108 91.6 47155102477467072 89.3
1811709300 69601775708 91.6 47155124861601216 89.3
1813000200 69601949708 91.6 47155217383081408 89.3
1813057300 69602002208 91.6 47155254969968064 89.3
1813391100 69602297208 91.6 47155528206558656 89.3
1814170300 69605906608 91.6 47160650638206400 89.3
1814639700 69605952808 91.6 47160674725043648 89.3
1814736600 69611874508 91.6 47166168528231872 89.3
1814819800 69611935908 91.6 47166228820532672 89.3
1814850100 69612061608 91.6 47166354551233984 89.3
1815341400 69612162008 91.6 47166470980885952 89.3
1815511600 69612244408 91.6 47166513240067520 89.3
1815518400 69612257308 91.6 47166525668565440 89.3
1816090100 69612273408 91.6 47166551434117568 89.3
1816439800 69612274508 91.6 47166551923999168 89.3
1816791900 69612293308 91.6 47166580609976768 89.3
1817302100 69612680708 91.6 47166805035157952 89.3
1819154400 69612696708 91.6 47166829248737728 89.3
1819293900 69612700008 91.6 47166830664631232 89.3
1819349500 69618629908 91.7 47173909048607680 89.3
1819576600 69618673108 91.7 47173943452218304 89.3
1819585100 69618705708 91.7 47173988951360448 89.3
1819673300 69618710508 91.7 47173992520176064 89.3
1820303200 69618720508 91.7 47174003332452800 89.3
1820865400 69618762108 91.7 47174030757259712 89.3
1821442600 69619118808 91.7 47174307748604352 89.3
1821708900 69619121908 91.7 47174309028805952 89.3
1822580900 69619125308 91.7 47174316536175424 89.3
1823018400 69619253208 91.7 47174467506608960 89.3
1823389200 69619280808 91.7 47174509657111360 89.3
1823667500 69619284408 91.7 47174514889365312 89.3
1823947700 69619379908 91.7 47174554397538112 89.3
1824110400 69619403608 91.7 47174585270804288 89.3
1824300200 69619410108 91.7 47174599714712384 89.3
1824444100 69619776508 91.7 47174977690544960 89.3
1824836800 69620004808 91.7 47175126672698176 89.3
1824858100 69620006108 91.7 47175128852794176 89.3
1824958100 69620017808 91.7 47175142185473856 89.3
1825320800 69620081408 91.7 47175241559521088 89.3
1825350100 69620092708 91.7 47175249641492800 89.3
1825809700 69620182108 91.7 47175322949538112 89.3
1825960800 69620191308 91.7 47175327412111680 89.3
1826232400 69620249508 91.7 47175373556795712 89.3
1827265500 69623172208 91.7 47176409041389888 89.3
1828591100 69623189108 91.7 47176418202100032 89.3
1829178700 69623199408 91.7 47176447742034240 89.3
1829188800 69623349508 91.7 47176540849242432 89.3
1829535800 69623452508 91.7 47176588435226944 89.3
1830104100 69623558608 91.7 47176628981326144 89.3
1830111500 69623563508 91.7 47176637385498944 89.3
1830676500 69623575108 91.7 47176650133681472 89.3
1830782200 69623579708 91.7 47176652104462656 89.3
1830865600 69623581208 91.7 47176652778254656 89.3
1831024500 69623593308 91.7 47176670063092032 89.3
1831150700 69623625408 91.7 47176694268711232 89.3
1831379600 69624229008 91.7 47176995508375872 89.3
1831467900 69624290008 91.7 47177054469890368 89.3
1831584000 69624314108 91.7 47177067942272320 89.3
1831752400 69634083808 91.7 47187621302918464 89.3
1831821100 69634362408 91.7 47187861895961920 89.3
1831883500 69634394408 91.7 47187889480236352 89.3
1832219200 69634510208 91.7 47188012463160640 89.3
1832323800 69634544408 91.7 47188029077285184 89.3
1832615900 69637499708 91.7 47190336628681024 89.3
1832911900 69637503308 91.7 47190338840795712 89.3
1833564400 69637514008 91.7 47190355890647616 89.3
1833587500 69637535008 91.7 47190369616805440 89.3
1833873200 69637611008 91.7 47190457856351808 89.3
1834216800 69637670108 91.7 47190508300131904 89.3
1834428000 69638492108 91.7 47191174781066816 89.3
1834613300 69638500908 91.7 47191187861689920 89.3
1834837100 69638519108 91.7 47191211035745856 89.3
1834878000 69638531308 91.7 47191217318805056 89.3
1835973300 69638543908 91.7 47191237255368256 89.3
1836670400 69638573308 91.7 47191267723820608 89.3
1841455400 69638574908 91.7 47191269952044608 89.3
1842406300 69638607608 91.7 47191332020923968 89.3
1842503500 69638615208 91.7 47191340622466624 89.3
1842686400 69638784908 91.7 47191543002697280 89.3
1844295700 69639327108 91.7 47192049005301312 89.3
1846980000 69639342508 91.7 47192063902189120 89.3
1847593100 69639373308 91.7 47192082513151552 89.3
1848608200 69639453408 91.7 47192118870181440 89.3
1848711300 69639535008 91.7 47192200301856320 89.3
1849022000 69639599408 91.7 47192228858121792 89.3
1851190800 69639603908 91.7 47192243832012352 89.3
1851730300 69639617208 91.7 47192261338930752 89.3
1852517500 69639621608 91.7 47192264690143296 89.3
1853661200 69639645108 91.7 47192292836735040 89.3
1855067500 69639668608 91.7 47192325745786944 89.3
1855156200 69639677508 91.7 47192333799103040 89.3
1855780600 69639995908 91.7 47192578426853952 89.3
1855809200 69640005208 91.7 47192584782271040 89.3
1856674400 69640029508 91.7 47192622538539584 89.3
1856739400 69640067008 91.7 47192668466180672 89.3
1857083600 69640099608 91.7 47192730931163712 89.3
1857464900 69640122308 91.7 47192755030032960 89.3
1858054200 69640123308 91.7 47192756305248320 89.3
1858709100 69651749508 91.7 47217372232925248 89.4
1858766900 69651888308 91.7 47217505873756224 89.4
1858820500 69651894908 91.7 47217515822987328 89.4
1858878200 69651895608 91.7 47217519849355328 89.4
1859188100 69651899008 91.7 47217522387157312 89.4
1859514300 69651907708 91.7 47217531549744448 89.4
1859516500 69652107208 91.7 47217626574781760 89.4
1859948200 69652794508 91.7 47218332665347392 89.4
1859958400 69652833408 91.7 47218401044557120 89.4
1860060400 69652947508 91.7 47218451027590464 89.4
1860517900 69653027308 91.7 47218540957580608 89.4
1860990100 69654341808 91.7 47219144141684032 89.4
1861378700 69654353708 91.7 47219163582676288 89.4
1861490800 69654356708 91.7 47219169571683648 89.4
1861577300 69654358108 91.7 47219176244729152 89.4
1861893500 69654408208 91.7 47219212420896064 89.4
1862109100 69654414808 91.7 47219221924124992 89.4
1862398100 69656447008 91.7 47226574683216192 89.4
1862417100 69656452808 91.7 47226584753232192 89.4
1862596200 69656454108 91.7 47226586282064192 89.4
1863594300 69656598508 91.7 47226781815781696 89.4
1863731800 69656602908 91.7 47226795427199296 89.4
1863845800 69656675408 91.7 47226855452633408 89.4
1865391800 69656678608 91.7 47226859907913024 89.4
1865498000 69656694708 91.7 47226875525748032 89.4
1865559200 69656923408 91.7 47227234212205888 89.4
1865785000 69660254808 91.7 47230999447557440 89.4
1865892500 69660621808 91.7 47231309920720192 89.4
1866252400 69660640708 91.7 47231328833568064 89.4
1866491000 69660914008 91.7 47231579488533824 89.4
1866614900 69660929308 91.7 47231593702257984 89.4
1867174800 69661386908 91.7 47231797531931968 89.4
1867208300 69661479908 91.7 47231876464309568 89.4
1867630800 69661715608 91.7 47232082334905664 89.4
1868352100 69661758408 91.7 47232139448096064 89.4
1868413000 69662006908 91.7 47232588899226944 89.4
1868910500 69662012608 91.7 47232602707600704 89.4
1868941000 69662027808 91.7 47232620287958336 89.4
1869074100 69662042708 91.7 47232642312129856 89.4
1869237300 69662057208 91.7 47232659563662656 89.4
1869568500 69662076408 91.7 47232667300187456 89.4
1869730100 69662077608 91.7 47232668303912256 89.4
1869762500 69662086308 91.7 47232679567116608 89.4
1870259400 69664466108 91.7 47235470939343168 89.4
1870388400 69664586408 91.7 47235595850025280 89.4
1870418800 69664757308 91.7 47235721933023552 89.4
1870500400 69664772008 91.7 47235738136578368 89.4
1870595200 69665026008 91.7 47235981858113856 89.4
1870696400 69665055108 91.7 47236002895690048 89.4
1870878200 69665056708 91.7 47236005547235648 89.4
1871203400 69665088608 91.7 47236057829120320 89.4
1871355900 69665154208 91.7 47236099743369536 89.4
1871532100 69665537908 91.7 47236503779756352 89.4
1871636000 69665549708 91.7 47236526499821888 89.4
1871935700 69665562108 91.7 47236540850204992 89.4
1872102900 69665563408 91.7 47236543188816192 89.4
1872187000 69666645608 91.7 47237248646566208 89.4
1872268400 69666647708 91.7 47237249632063808 89.4
1872776200 69667800008 91.7 47237443864727872 89.4
1872929300 69667819308 91.7 47237452529037632 89.4
1873196500 69667821208 91.7 47237453991719232 89.4
1873345100 69667842608 91.7 47237468049396032 89.4
1873481600 69667844008 91.7 47237471178718528 89.4
1874210100 69667859708 91.7 47237482941771072 89.4
1875207800 69667877508 91.7 47237493346530624 89.4
1875257000 69668142508 91.7 47237722374632768 89.4
1875293900 69668148508 91.7 47237729683702080 89.4
1875331500 69668310908 91.7 47237844296048960 89.4
1875351500 69668313808 91.7 47237845725348160 89.4
1875497600 69668319308 91.7 47237852556344128 89.4
1875501900 69668368508 91.7 47237904790686528 89.4
1875533700 69668461808 91.7 47237965131115328 89.4
1875595300 69668471108 91.7 47237977094103872 89.4
1875755700 69668476208 91.7 47237980470732352 89.4
1875931200 69668484808 91.7 47237989940056640 89.4
1876088500 69668626908 91.7 47238070386643520 89.4
1876510900 69668662008 91.7 47238082826061376 89.4
1876639800 69669085408 91.7 47238560486278720 89.4
1877536100 69669130508 91.7 47238594712698432 89.4
1877616100 69669183308 91.7 47238644215606848 89.4
1877999300 69669436008 91.7 47238794054938176 89.4
1878162200 69669497308 91.7 47238855413308992 89.4
1878181300 69669895408 91.7 47239241291767360 89.4
1878348700 69669905108 91.7 47239248107183680 89.4
1879156100 69669914708 91.7 47239259828058688 89.4
1879590800 69669938608 91.7 47239281814071872 89.4
1879963200 69669942408 91.7 47239285844419136 89.4
1880689200 69670767608 91.7 47239696993428032 89.4
1880916400 69670778408 91.7 47239713802404416 89.4
1882915500 69670799308 91.7 47239722226852416 89.4
1882997100 69671141208 91.7 47239961435726400 89.4
1883338900 69671152408 91.7 47239980535009856 89.4
1884050200 69671159408 91.7 47239986727420480 89.4
1884622100 69671161308 91.7 47239987170863488 89.4
1884693700 69671168608 91.7 47239991044041088 89.4
1885204100 69671536608 91.7 47240169476450688 89.4
1885370800 69671786908 91.7 47240318452459904 89.4
1885615900 69672023408 91.7 47240548101646720 89.4
1885962300 69672040408 91.7 47240570204817792 89.4
1886586900 69672213308 91.7 47240730072713600 89.4
1887184000 69672223908 91.7 47240749117004160 89.4
1887578700 69672382508 91.7 47240809845733760 89.4
1888436100 69672458408 91.7 47240848814770560 89.4
1888529700 69672464008 91.7 47240855155992960 89.4
1889080100 69673150608 91.7 47241307896768896 89.4
1889413800 69673163208 91.7 47241324541027712 89.4
1889549100 69673166008 91.7 47241328255280512 89.4
1890288500 69679273508 91.7 47246555097310592 89.4
1892445400 69679275008 91.7 47246556221662592 89.4
1892520000 69679428208 91.7 47246621213918592 89.4
1892640200 69679569508 91.7 47246713365726592 89.4
1893218600 69679814308 91.7 47246950852756864 89.4
1893255800 69679822008 91.7 47246953086531200 89.4
1894340700 69679927808 91.7 47247030386652800 89.4
1896404100 69680023908 91.7 47247080628434560 89.4
1896785900 69680034108 91.7 47247089935644288 89.4
1897535000 69680043808 91.7 47247096884914304 89.4
1897703200 69691828308 91.8 47263628823259264 89.5
1897913100 69691831608 91.8 47263633120328832 89.5
1898253600 69703935008 91.8 47276431190686848 89.5
1899078900 69703988108 91.8 47276498088930432 89.5
1899475700 69705010408 91.8 47277127644654720 89.5
1899489500 69708691708 91.8 47280093646990464 89.5
1901194000 69708740608 91.8 47280116203785344 89.5
1902696100 69708769508 91.8 47280157942488192 89.5
1903775400 69708851608 91.8 47280243805355136 89.5
1903998400 69708855008 91.8 47280245647121536 89.5
1904495700 69708919908 91.8 47280298124565632 89.5
1904865500 69708940308 91.8 47280322468105344 89.5
1905240100 69708962508 91.8 47280335630664832 89.5
1905457700 69709212908 91.8 47280556523635840 89.5
1906161900 69709483408 91.8 47280834734736512 89.5
1907362600 69711865808 91.8 47288387377054848 89.5
1907464700 69712144608 91.8 47288666443924608 89.5
1907489600 69712158808 91.8 47288690367689856 89.5
1908708000 69712172408 91.8 47288708554538112 89.5
1909247300 69712176408 91.8 47288715476333184 89.5
1909325000 69712225008 91.8 47288793259635328 89.5
1910230900 69712272008 91.8 47288862880879232 89.5
1910804400 69712496708 91.8 47289131339502208 89.5
1911871300 69712573608 91.8 47289197917061760 89.5
1912243600 69712574808 91.8 47289203183493760 89.5
1912937500 69713532208 91.8 47289899939635840 89.5
1913468100 69713868908 91.8 47290240749445760 89.5
1914595100 69713872008 91.8 47290253074404992 89.5
1914787300 69713877008 91.8 47290256536139392 89.5
1914904400 69713929008 91.8 47290330727970432 89.5
1915051800 69713948508 91.8 47290343101275776 89.5
1915091800 69713970008 91.8 47290354485194368 89.5
1915127500 69714547208 91.8 47290612481732224 89.5
1915208500 69714707508 91.8 47290775063277184 89.5
1915300800 69714717908 91.8 47290779763027584 89.5
1916213600 69714729308 91.8 47290787633178752 89.5
1916367400 69716894808 91.8 47292624415631488 89.5
1916551800 69716905608 91.8 47292637067946112 89.5
1916572600 69716932208 91.8 47292661676638336 89.5
1917032900 69716937908 91.8 47292666127045760 89.5
1917143300 69716939108 91.8 47292669388485760 89.5
1917289400 69716947408 91.8 47292685915494528 89.5
1917598900 69716948208 91.8 47292687022848128 89.5
1922263700 69716953308 91.8 47292693708124288 89.5
1922518400 69717159708 91.8 47292888383631488 89.5
1922673400 69717167108 91.8 47292895117993600 89.5
1923618900 69717169608 91.8 47292908635659904 89.5
1924081200 69717178208 91.8 47292923614312064 89.5
1924162900 69717368408 91.8 47293096648193664 89.5
1924304300 69717370908 91.8 47293098840168064 89.5
1924569900 69717399608 91.8 47293136897095296 89.5
1924621800 69717413808 91.8 47293151790178944 89.5
1924726600 69717438208 91.8 47293164354220672 89.5
1925066000 69717447008 91.8 47293171275444352 89.5
1925150100 69717897408 91.8 47293477706051712 89.5
1925723000 69718176608 91.8 47293737433526400 89.5
1926445700 69718276008 91.8 47293915551625344 89.5
1926711600 69718297608 91.8 47293933098373248 89.5
1927281200 69718299608 91.8 47293935583211648 89.5
1927804400 69718340608 91.8 47293991676792960 89.5
1928178200 69718347208 91.8 47293995303912576 89.5
1929554400 69718356108 91.8 47294006127232128 89.5
1929829200 69718749508 91.8 47294191783904384 89.5
1930331500 69718806008 91.8 47294232459338880 89.5
1930563700 69718947108 91.8 47294314332865664 89.5
1931679200 69718948008 91.8 47294316341045376 89.5
1932014700 69719445708 91.8 47294662521628800 89.5
1932898600 69719453108 91.8 47294671378183296 89.5
1933471100 69719543108 91.8 47294707907933312 89.5
1934134600 69719611408 91.8 47294754650236032 89.5
1934483100 69719617108 91.8 47294757855572096 89.5
1934964800 69719631408 91.8 47294785172973696 89.5
1936341600 69719800908 91.8 47295021302933632 89.5
1936583700 69721466508 91.8 47296364870756480 89.5
1936692100 69721516108 91.8 47296386152894592 89.5
1937356500 69721549408 91.8 47296413445769344 89.5
1937366300 69721554708 91.8 47296415775559808 89.5
1939249000 69723641008 91.8 47297217155338368 89.5
1940420100 69723645708 91.8 47297224720673920 89.5
1940952200 69723651508 91.8 47297227006651520 89.5
1941410300 69724107908 91.8 47297538222173312 89.5
1942000900 69724156808 91.8 47297578450177152 89.5
1942288400 69724306208 91.8 47297641482906752 89.5
1942309200 69724310908 91.8 47297643404108800 89.5
1943663600 69724365808 91.8 47297740754568192 89.5
1944144900 69739592508 91.8 47327582139106304 89.6
1944225500 69739664908 91.8 47327613018870784 89.6
1944433800 69739675708 91.8 47327624471314432 89.6
1946717300 69739691608 91.8 47327642291384320 89.6
1948564300 69741681408 91.8 47328408215138304 89.6
1949423700 69741688008 91.8 47328414936945152 89.6
1949442500 69741771308 91.8 47328449505505792 89.6
1949490800 69741781708 91.8 47328467791280640 89.6
1949769200 69741851608 91.8 47328496532503040 89.6
1950428200 69741866208 91.8 47328516515590656 89.6
1950500700 69741868508 91.8 47328522488787456 89.6
1950823400 69741886608 91.8 47328545256303104 89.6
1951334700 69742622708 91.8 47329212769495552 89.6
1951563100 69742732808 91.8 47329343662615040 89.6
1951582400 69742734708 91.8 47329346928560640 89.6
1951643800 69742761208 91.8 47329376230947328 89.6
1952123600 69742937308 91.8 47329567932594688 89.6
1952694300 69742943808 91.8 47329576798831104 89.6
1952819100 69743263108 91.8 47329748598243840 89.6
1952968800 69743267208 91.8 47329752114520832 89.6
1953438800 69743285108 91.8 47329778019566336 89.6
1954781900 69743683108 91.8 47330204899214080 89.6
1955240500 69743685108 91.8 47330205589799680 89.6
1955391600 69743699108 91.8 47330212980611840 89.6
1955394300 69743717908 91.8 47330223380805376 89.6
1955455200 69743843308 91.8 47330282763384576 89.6
1955936800 69743848708 91.8 47330285235934976 89.6
1956061500 69743869708 91.8 47330303108196096 89.6
1956320200 69743881708 91.8 47330318598638336 89.6
1957700200 69744029208 91.8 47330441601469184 89.6
1958098300 69744048408 91.8 47330458250441472 89.6
1958123600 69744052108 91.8 47330460666262272 89.6
1958312400 69749796308 91.8 47335392515027712 89.6
1958449700 69750262008 91.8 47335805522146048 89.6
1958892700 69750284208 91.8 47335842009309952 89.6
1958905100 69750294108 91.8 47335852213994240 89.6
1959147800 69750349208 91.8 47335888132039424 89.6
1959221300 69750374808 91.8 47335914656891648 89.6
1960296700 69754422508 91.8 47340953795953408 89.6
1960458300 69754427708 91.8 47340956682609408 89.6
1960470400 69754461708 91.8 47340994425922304 89.6
1961985500 69761260808 91.8 47350476225782528 89.6
1963510500 69761274908 91.8 47350495265557248 89.6
1964516400 69761363308 91.8 47350535841356544 89.6
1964633200 69761393508 91.8 47350570948401920 89.6
1964678600 69761418308 91.8 47350613071211264 89.6
1965226400 69762538008 91.8 47351050814696192 89.6
1965691600 69762665908 91.8 47351120426863360 89.6
1965804500 69762701308 91.8 47351135198268160 89.6
1965845600 69762705208 91.8 47351141550140160 89.6
1965999800 69762706608 91.8 47351143567215360 89.6
1966132200 69762709408 91.8 47351145452454528 89.6
1966548200 69762709808 91.8 47351146199564928 89.6
1968402200 69762716608 91.8 47351166550016640 89.6
1968437200 69762738808 91.8 47351206412599936 89.6
1968569700 69762742108 91.8 47351207671095936 89.6
1968752500 69762766908 91.8 47351242427114112 89.6
1969238300 69762955808 91.8 47351331194798720 89.6
1969539700 69763056608 91.8 47351454478131840 89.6
1970206300 69763060908 91.8 47351456678298240 89.6
1970342000 69763061008 91.8 47351456689562240 89.6
1970469100 69763116608 91.8 47351502630990464 89.6
1971252100 69763117108 91.8 47351503326900864 89.6
1972499600 69763118408 91.8 47351504296628864 89.6
1972837700 69764055208 91.8 47352051699470976 89.6
1972889200 69764061208 91.8 47352054903566976 89.6
1973013200 69764112908 91.8 47352115611898496 89.6
1973392000 69766047908 91.8 47354554878333568 89.6
1973753700 69766053208 91.8 47354562244382848 89.6
1973816100 69766058408 91.8 47354567917736064 89.6
1974810300 69766184508 91.8 47354672087748736 89.6
1974838300 69767481508 91.9 47355858066133120 89.6
1975035900 69767494708 91.9 47355871047544960 89.6
1975085500 69767496908 91.9 47355876932882560 89.6
1975346500 69767646308 91.9 47356048982347904 89.6
1975425400 69767665108 91.9 47356056779735168 89.6
1975750900 69767694908 91.9 47356076663316608 89.6
1976091700 69767866408 91.9 47356147468157056 89.6
1976276300 69767884408 91.9 47356159311585408 89.6
1976316600 69768593808 91.9 47356479440134272 89.6
1976538300 69768679408 91.9 47356561889042560 89.6
1976572200 69768698308 91.9 47356585669320832 89.6
1977695900 69768892008 91.9 47356696979816576 89.6
1978489500 69768910208 91.9 47356716881725568 89.6
1978720400 69768911208 91.9 47356718100080768 89.6
1978804000 69768966108 91.9 47356765846464640 89.6
1979200900 69768976708 91.9 47356787066945664 89.6
1979397800 69768979608 91.9 47356790650957952 89.6
1979677000 69769039708 91.9 47356866942988416 89.6
1979926000 69769043208 91.9 47356869092774016 89.6
1980070000 69772819208 91.9 47362639108182144 89.6
1980408400 69772825508 91.9 47362644233027712 89.6
1980813100 69772896508 91.9 47362690207187072 89.6
1981623600 69773328108 91.9 47362948566892672 89.6
1982315900 69773331708 91.9 47362950489964672 89.6
1982885100 69773343608 91.9 47362959089037440 89.6
1982945000 69773355808 91.9 47362968256081024 89.6
1983577900 69773371408 91.9 47362981699036288 89.6
1983894700 69773387608 91.9 47363004240684160 89.6
1984843000 69773394508 91.9 47363012900324480 89.6
1985122000 69773445608 91.9 47363061229757568 89.6
1985145500 69773451608 91.9 47363069593423488 89.6
1985627500 69773479108 91.9 47363105502211712 89.6
1985735300 69773487108 91.9 47363116166762112 89.6
1985923000 69773527308 91.9 47363175830945408 89.6
1985962400 69774050408 91.9 47363463921270400 89.7
1986062500 69774057508 91.9 47363469851635840 89.7
1986448100 69774059408 91.9 47363472016781440 89.7
1986654900 69774163508 91.9 47363531024855168 89.7
1986668700 69774204908 91.9 47363593266155648 89.7
1986727400 69784289008 91.9 47374418391486592 89.7
1986800800 69784289808 91.9 47374418898571392 89.7
1987001100 69784366808 91.9 47374509046943872 89.7
1987768400 69784377708 91.9 47374518478372992 89.7
1988506800 69784384608 91.9 47374521604504704 89.7
1988789100 69784642308 91.9 47374815459081344 89.7
1988817400 69785418508 91.9 47375423670582400 89.7
1989013500 69785461208 91.9 47375461591317632 89.7
1989236000 69785483108 91.9 47375478907929728 89.7
1989295700 69785548208 91.9 47375522448049280 89.7
1989756800 69785557708 91.9 47375536860333184 89.7
1989866600 69785591708 91.9 47375553525745792 89.7
1990328800 69785635808 91.9 47375569553214592 89.7
1990430600 69785639308 91.9 47375575264957568 89.7
1990573800 69785950208 91.9 47375818851193984 89.7
1990601200 69786067408 91.9 47375864285295744 89.7
1990941200 69786167108 91.9 47375938453771392 89.7
1991381900 69786254308 91.9 47376028260381824 89.7
1991991600 69786257808 91.9 47376031483114624 89.7
1992195900 69786705608 91.9 47376234253120640 89.7
1992505500 69786706508 91.9 47376234734195840 89.7
1992675000 69790114708 91.9 47378873412260992 89.7
1992702800 69790203208 91.9 47378945327420544 89.7
1992811000 69790204708 91.9 47378945453782144 89.7
1992949200 69790331808 91.9 47378995035042944 89.7
1993005300 69790331908 91.9 47378995046306944 89.7
1993852900 69790402608 91.9 47379075522188416 89.7
1994485500 69790404808 91.9 47379076982822016 89.7
1994580400 69790420708 91.9 47379101133911168 89.7
1995341300 69790426508 91.9 47379109289612928 89.7
1995836900 69790441108 91.9 47379118375769728 89.7
1996434900 69790441908 91.9 47379118994880128 89.7
1996553100 69790890808 91.9 47379670243800704 89.7
1998367800 69790965308 91.9 47379726397785728 89.7
2002303400 69790970608 91.9 47379730635244160 89.7
2002462700 69790994408 91.9 47379778971718272 89.7
2003780000 69791019208 91.9 47379792999331456 89.7
2006630700 69791038408 91.9 47379810336011904 89.7
2007527700 69791117708 91.9 47379893568853632 89.7
2007900600 69793159908 91.9 47387335468439168 89.7
2007934700 69793445008 91.9 47387609711531648 89.7
2008124800 69793450408 91.9 47387613038301056 89.7
2008151900 69793593308 91.9 47387721969127296 89.7
2009183300 69793599408 91.9 47387725006925696 89.7
2009248600 69793616408 91.9 47387731924660096 89.7
2009277100 69793971808 91.9 47387962956115840 89.7
2009436500 69793972408 91.9 47387969133545856 89.7
2009537400 69793997108 91.9 47387998616918400 89.7
2009715400 69794005108 91.9 47388003681622400 89.7
2010011600 69794011708 91.9 47388006621575552 89.7
2010085100 69794053608 91.9 47388039416684928 89.7
2010154500 69794132208 91.9 47388095600263552 89.7
2010215500 69794134408 91.9 47388104371076480 89.7
2010313300 69794137208 91.9 47388107330231680 89.7
2010512500 69794330108 91.9 47388242120170880 89.7
2010945400 69794337808 91.9 47388244987985280 89.7
2010998300 69794340408 91.9 47388248871670400 89.7
2011408800 69794361708 91.9 47388284509508224 89.7
2012590000 69794485708 91.9 47388417197904512 89.7
2013087500 69796022008 91.9 47389723331564160 89.7
2013303100 69796051608 91.9 47389735621407360 89.7
2013390700 69796067308 91.9 47389744307384960 89.7
2013547600 69796069608 91.9 47389745411404160 89.7
2013572300 69796400808 91.9 47389928639050112 89.7
2013601000 69796405308 91.9 47389930201774080 89.7
2013627100 69796467908 91.9 47389970823292928 89.7
2013637700 69796482108 91.9 47389977513953280 89.7
2013746200 69796496408 91.9 47389987812952064 89.7
2013916700 69796499008 91.9 47389989559896064 89.7
2014784900 69796509708 91.9 47390004316080128 89.7
2015538400 69796567008 91.9 47390074296846336 89.7
2015708600 69796826808 91.9 47390251233069056 89.7
2016817800 69796836408 91.9 47390265700038656 89.7
2017825200 69797320108 91.9 47390597479675904 89.7
2017949800 69797483408 91.9 47390688806541312 89.7
2018040200 69797483708 91.9 47390689497213824 89.7
2018135700 69797486508 91.9 47390695940474240 89.7
2018664600 69797488708 91.9 47390699745658240 89.7
2018697400 69797507608 91.9 47390726399022464 89.7
2018765400 69797510208 91.9 47390727622702464 89.7
2018898400 69797510308 91.9 47390727648916864 89.7
2018951400 69797609308 91.9 47390770780562816 89.7
2019036800 69797779408 91.9 47390870135268736 89.7
2019145400 69797787408 91.9 47390872775140736 89.7
2019306800 69797898608 91.9 47391065066694016 89.7
2020082500 69798027308 91.9 47391119657362816 89.7
2020908000 69798046508 91.9 47391140917482880 89.7
2021656000 69798047908 91.9 47391143337604480 89.7
2022584900 69801413308 91.9 47395035074737536 89.7
2022907200 69801416008 91.9 47395036575639808 89.7
2023167600 69803107608 91.9 47395403671742720 89.7
2024472600 69803110408 91.9 47395404717861120 89.7
2027549900 69803158508 91.9 47395444659030272 89.7
2027555200 69803339308 91.9 47395544909596928 89.7
2029778500 69803356408 91.9 47395564773175552 89.7
2029908100 69807541808 91.9 47400667144515840 89.7
2032417200 69807769208 91.9 47400847630119168 89.7
2036233400 69807860808 91.9 47400945021980928 89.7
2040187400 69819103608 91.9 47424579146977536 89.8
2042040900 69819128408 91.9 47424659312660736 89.8
2042349600 69819153308 91.9 47424673754046720 89.8
2042951200 69819162708 91.9 47424685227404544 89.8
2043966600 69819166008 91.9 47424687594434816 89.8
2044146700 69819188408 91.9 47424706656342272 89.8
2045391800 69819378008 91.9 47424832316666112 89.8
2045823700 69819558508 91.9 47424993257222400 89.8
2045969800 69819585308 91.9 47425014804128000 89.8
2046327300 69824072408 91.9 47429199589679360 89.8
2046824800 69824084508 91.9 47429209732494592 89.8
2046828100 69824213608 91.9 47429281870001408 89.8
2047154500 69824446908 91.9 47429458250708224 89.8
2047291100 69824449908 91.9 47429460826068224 89.8
2047482500 69824452808 91.9 47429465492897536 89.8
2047782600 69824477008 91.9 47429485962409728 89.8
2048723500 69824521708 91.9 47429528088884992 89.8
2048990000 69824536408 91.9 47429549089672960 89.8
2049099600 69824581508 91.9 47429601045892864 89.8
2049119600 69824825808 91.9 47429800980336384 89.8
2049149900 69824825908 91.9 47429801006550784 89.8
2049154100 69824826608 91.9 47429803652157184 89.8
2049220500 69824829508 91.9 47429807440026624 89.8
2049405400 69824871908 91.9 47429823733095424 89.8
2049647600 69824876908 91.9 47429831786433024 89.8
2049778700 69824877108 91.9 47429832301300224 89.8
2050157900 69824879108 91.9 47429835061693952 89.8
2051006800 69824999408 91.9 47429926388846080 89.8
2051147200 69825027208 91.9 47429971713400320 89.8
2051553100 69825147708 91.9 47430078892367360 89.8
2051780100 69825224608 91.9 47430145791016448 89.8
2052039800 69825294408 91.9 47430195911667200 89.8
2052315500 69825315608 91.9 47430211613206016 89.8
2053137000 69825318708 91.9 47430215430177792 89.8
2053399600 69825399708 91.9 47430287215354880 89.8
2053431400 69825697508 91.9 47430405182751744 89.8
2053649300 69826075008 91.9 47430801386406912 89.8
2054155000 69826137108 91.9 47430826720781312 89.8
2054182800 69826159608 91.9 47430838897165312 89.8
2054231600 69826524308 91.9 47431071849694208 89.8
2054513000 69826539608 91.9 47431080863392768 89.8
2055235500 69826752108 91.9 47431198298129408 89.8
2055562100 69826878208 91.9 47431318336242688 89.8
2055702200 69829123808 91.9 47433717755479040 89.8
2055898400 69829166708 91.9 47433750017623040 89.8
2055997800 69829202708 91.9 47433763549018112 89.8
2057030400 69829393708 91.9 47433912305842176 89.8
2057154900 69829438308 91.9 47433967159486464 89.8
2057675000 69829462308 91.9 47433990683678720 89.8
2057743100 69829502008 91.9 47434044899620864 89.8
2057897000 69829549708 91.9 47434066620913664 89.8
2058374900 69829552308 91.9 47434069603688704 89.8
2058410000 69829953308 91.9 47434314395148544 89.8
2058557000 69829961008 91.9 47434323550118144 89.8
2058690300 69830041408 91.9 47434383409770752 89.8
2058733700 69830052108 91.9 47434389850228992 89.8
2058803800 69830083508 91.9 47434406631287040 89.8
2059167100 69830086808 91.9 47434412093674240 89.8
2059524900 69830095908 91.9 47434423694621440 89.8
2059838600 69830219008 91.9 47434536908200704 89.8
2059953100 69830220608 91.9 47434537548200704 89.8
2060377000 69830265508 91.9 47434587164445440 89.8
2060633900 69830281908 91.9 47434606906950400 89.8
2060718300 69830305408 91.9 47434629195221760 89.8
2060739200 69830314608 91.9 47434644990623488 89.8
2060777000 69830323108 91.9 47434663935330048 89.8
2060777100 69830336408 91.9 47434669877348096 89.8
2060846000 69830814108 91.9 47434913890502400 89.8
2061441300 69830859508 91.9 47434942509577984 89.8
2061616600 69831033908 91.9 47435163095889664 89.8
2061676700 69831056308 91.9 47435184937305856 89.8
2061724600 69831072108 91.9 47435193304000256 89.8
2061823300 69831100808 91.9 47435224544806656 89.8
2061904600 69831317608 91.9 47435459051063040 89.8
2061932500 69831428708 91.9 47435532718081792 89.8
2061934500 69831429108 91.9 47435533379585792 89.8
2062123900 69831433208 91.9 47435536193806336 89.8
2062714100 69831541108 91.9 47435625723895808 89.8
2062878900 69831598408 91.9 47435674643292160 89.8
2062980300 69831599008 91.9 47435676672860160 89.8
2063616600 69831608008 91.9 47435689035325440 89.8
2063658300 69831633508 91.9 47435719378507776 89.8
2063702300 69831645508 91.9 47435744047810560 89.8
2064021500 69831879008 91.9 47435908752001024 89.8
2064160600 69832150908 91.9 47436036758317056 89.8
2064255000 69832152608 91.9 47436041892701184 89.8
2064391700 69832155508 91.9 47436043562640384 89.8
2064419000 69832168308 91.9 47436072496100352 89.8
2064563700 69832199208 91.9 47436106447199232 89.8
2064566200 69832224908 91.9 47436124428278784 89.8
2064860700 69832288308 91.9 47436177988582400 89.8
2065423700 69832305808 91.9 47436194805179392 89.8
2066073100 69832342008 91.9 47436217767902208 89.8
2066119400 69832343208 91.9 47436219757739008 89.8
2066220700 69832376508 91.9 47436256679001088 89.8
2066280200 69832419608 91.9 47436273185266688 89.8
2066606000 69832493708 91.9 47436342328990720 89.8
2066647300 69832522308 91.9 47436357053623296 89.8
2066790600 69832536208 91.9 47436364919786496 89.8
2066793000 69832575008 91.9 47436384845237248 89.8
2067790900 69832576708 91.9 47436386622753792 89.8
2067892000 69832594708 91.9 47436405636760576 89.8
2067934000 69832636708 91.9 47436423177880576 89.8
2067968100 69832641408 91.9 47436426181147136 89.8
2068010200 69832654508 91.9 47436436402305536 89.8
2068250600 69833823608 91.9 47436714613537280 89.8
2068398900 69833851408 91.9 47436724158577152 89.8
2069167100 69833855908 91.9 47436727199242752 89.8
2069200200 69833862308 91.9 47436733499621376 89.8
2069215400 69833879708 91.9 47436743597285376 89.8
2069566000 69833896408 91.9 47436750919704576 89.8
2069972100 69833904908 91.9 47436761035479040 89.8
2070110600 69833953408 91.9 47436794864963584 89.8
2070252000 69833954508 91.9 47436795862134784 89.8
2070438700 69834129808 91.9 47436950737793024 89.8
2070532200 69834180808 91.9 47436997805682688 89.8
2070629100 69834199908 91.9 47437012317255680 89.8
2070651000 69834246308 91.9 47437045726228480 89.8
2070904300 69834270708 91.9 47437055074938880 89.8
2071024100 69834288508 91.9 47437081513758720 89.8
2071277100 69834297408 91.9 47437093573433344 89.8
2071645500 69834297708 91.9 47437094087481344 89.8
2072783600 69834304008 91.9 47437101249907712 89.8
2072816400 69837375008 91.9 47441622861663232 89.8
2072859700 69837385008 91.9 47441625934072832 89.8
2073153700 69837385808 91.9 47441626740984832 89.8
2074435700 69837464808 91.9 47441656369998848 89.8
2074452000 69837651508 91.9 47441734147148800 89.8
2075110200 69837700408 91.9 47441770102270976 89.8
2075702300 69837743508 91.9 47441801837495296 89.8
2076073600 69837828408 91.9 47441850647692288 89.8
2076274100 69846248608 92.0 47450938742916096 89.8
2076312000 69847456508 92.0 47455346339857408 89.8
2076601400 69847471708 92.0 47455356871099392 89.8
2076842300 69847505008 92.0 47455388295193600 89.8
2078599800 69847506108 92.0 47455390233216000 89.8
2079209700 69847584608 92.0 47455424468730880 89.8
2079339200 69847648708 92.0 47455480172184576 89.8
2079608100 69848056508 92.0 47455858451514368 89.8
2079694900 69848057908 92.0 47455860723989760 89.8
2080946600 69848064808 92.0 47455875754630400 89.8
2081216300 69848158508 92.0 47455921151438080 89.8
2082037300 69848159408 92.0 47455922099457280 89.8
2082232300 69848380108 92.0 47456064987270400 89.8
2083505100 69848461608 92.0 47456152655793408 89.8
2083505700 69848462708 92.0 47456154271553024 89.8
2083740300 69848480408 92.0 47456171623126528 89.8
2083828800 69848489508 92.0 47456176361993728 89.8
2084518000 69848497808 92.0 47456185932121600 89.8
2085644000 69848848508 92.0 47456438101820928 89.8
2086074900 69848852908 92.0 47456443743566848 89.8
2086317600 69848857208 92.0 47456449152984064 89.8
2086506300 69848869308 92.0 47456459563789312 89.8
2087073100 69848914908 92.0 47456497571482624 89.8
2087711200 69849524708 92.0 47456972427480064 89.8
2088472500 69849569908 92.0 47456991838424064 89.8
2088787700 69851422108 92.0 47458473938865152 89.8
2089001800 69851427108 92.0 47458476533988352 89.8
2089707700 69851457308 92.0 47458504356445184 89.8
2089999100 69851523608 92.0 47458531429227520 89.8
2090360100 69851561608 92.0 47458551713614848 89.8
2090385400 69851565908 92.0 47458556514121216 89.8
2091928500 69851570108 92.0 47458559844875008 89.8
2092297800 69851677408 92.0 47458664231574272 89.8
2092351100 69851693308 92.0 47458674282668800 89.8
2092789600 69851719708 92.0 47458688024010496 89.8
2093180000 69851733108 92.0 47458696940797696 89.8
2093362900 69851740108 92.0 47458705705383680 89.8
2094307700 69851780908 92.0 47458737280186112 89.8
2094554100 69851781808 92.0 47458738294355712 89.8
2094804300 69851789308 92.0 47458745525094144 89.8
2094964800 69852029008 92.0 47458980190586624 89.8
2095806900 69852040408 92.0 47458993392376576 89.8
2096659100 69852061308 92.0 47459010625272576 89.8
2097389800 69852172608 92.0 47459107918363392 89.8
2097580500 69852187908 92.0 47459120543980288 89.8
2098135100 69852217508 92.0 47459145254284032 89.8
2098359700 69852222108 92.0 47459150448599296 89.8
2098386400 69852258708 92.0 47459186620113152 89.8
2098426100 69852266008 92.0 47459197877115136 89.8
2098746000 69852310908 92.0 47459235592915200 89.8
2098922100 69852471808 92.0 47459418087753984 89.8
2099191100 69852682608 92.0 47459513031739648 89.8
2099287200 69855298108 92.0 47461559037217024 89.8
2099288300 69855326308 92.0 47461593055531264 89.8
2099422600 69855346008 92.0 47461603830123776 89.8
2100037300 69855546308 92.0 47461687318637824 89.8
2100294200 69855786108 92.0 47461862041447680 89.8
2100487100 69855789408 92.0 47461864853485312 89.8
2100553200 69855795908 92.0 47461868300033792 89.8
2101222900 69856031508 92.0 47462059425308416 89.8
2101324700 69856078108 92.0 47462102878043904 89.8
2101382400 69856081008 92.0 47462106224517632 89.8
2101510600 69856081508 92.0 47462106838098432 89.8
2101515700 69856099208 92.0 47462128293163520 89.8
2101656300 69856099908 92.0 47462128497553920 89.8
2101925500 69856141408 92.0 47462170735612416 89.8
2101943800 69856192408 92.0 47462213979636224 89.8
2102013200 69856343608 92.0 47462368761381376 89.8
2102179900 69856345508 92.0 47462371088820224 89.8
2102309500 69856486808 92.0 47462492188166144 89.8
2102439700 69856497108 92.0 47462508180121600 89.8
2102763100 69856545108 92.0 47462566297303040 89.8
2102989300 69856614208 92.0 47462614432942080 89.8
2103019900 69856625008 92.0 47462618656677120 89.8
2103052400 69856625408 92.0 47462618701937920 89.8
2103511600 69856796808 92.0 47462768559947008 89.8
2103667200 69856967708 92.0 47462866079276288 89.8
2103671800 69856969508 92.0 47462866796675904 89.8
2104436800 69857050708 92.0 47462922169402176 89.8
2104728200 69861289408 92.0 47467829564851008 89.8
2104884300 69861359008 92.0 47467861167332160 89.8
2105033300 69861361008 92.0 47467864944770880 89.8
2105128000 69861366208 92.0 47467869310460224 89.8
2105146300 69861557408 92.0 47467994166100288 89.8
2105268700 69861581708 92.0 47468010047316288 89.8
2105413400 69861587008 92.0 47468017335739200 89.8
2105668700 69861678308 92.0 47468114137703232 89.8
2107923900 69861713908 92.0 47468143504474944 89.8
2108060300 69861725108 92.0 47468148922254144 89.8
2108415300 69861768908 92.0 47468167921398592 89.8
2108816500 69861932408 92.0 47468306425541440 89.8
2109020500 69862238708 92.0 47468512049132352 89.8
2109038700 69862241308 92.0 47468518461672768 89.8
2109368900 69862274308 92.0 47468535649525056 89.8
2109820200 69862623908 92.0 47468830169095488 89.8
2110089300 69862664808 92.0 47468845845430592 89.8
2110391800 69862668408 92.0 47468847828307136 89.8
2110584500 69862755508 92.0 47468937837358272 89.9
2111465900 69862791908 92.0 47468953214067904 89.9
2111873700 69865081408 92.0 47471735409419456 89.9
2111902300 69865105208 92.0 47471747847009472 89.9
2112196100 69865316808 92.0 47471889311151296 89.9
2112556800 69865324708 92.0 47471901942063296 89.9
2112742800 69865358508 92.0 47471918351923392 89.9
2112757200 69865360908 92.0 47471923483343552 89.9
2112976700 69865378108 92.0 47471939796130496 89.9
2113188500 69865431308 92.0 47471969662737088 89.9
2113532000 69865433708 92.0 47471970874948288 89.9
2113635400 69865449208 92.0 47471983371994816 89.9
2113767200 69865486308 92.0 47471999550156480 89.9
2113909100 69865497808 92.0 47472004312985280 89.9
2114148400 69865507208 92.0 47472008293081792 89.9
2114384800 69865516808 92.0 47472011583193792 89.9
2114873300 69865564808 92.0 47472032412005056 89.9
2114880000 69865578208 92.0 47472052641032896 89.9
2115699400 69865807808 92.0 47472270908713664 89.9
2115721800 69865824308 92.0 47472293555192512 89.9
2115776300 69865838008 92.0 47472308844145344 89.9
2115902500 69867112308 92.0 47472458887162560 89.9
2116507900 69867127208 92.0 47472465946047168 89.9
2117089500 69867131608 92.0 47472474260769984 89.9
2117304200 69867207008 92.0 47472519570902208 89.9
2117605700 69867224508 92.0 47472530983666880 89.9
2118108800 69867239308 92.0 47472538946087104 89.9
2118179400 69867319308 92.0 47472595421370560 89.9
2118225400 69867342808 92.0 47472602822842560 89.9
2118386400 69867392308 92.0 47472623237716160 89.9
2118485300 69867421908 92.0 47472637394762944 89.9
2118730200 69870480208 92.0 47475715732880576 89.9
2118784100 69870492308 92.0 47475722510270144 89.9
2118786700 69870577808 92.0 47475761537040064 89.9
2119482800 69870583508 92.0 47475765584844480 89.9
2119526700 69870644208 92.0 47475828464903872 89.9
2120205700 69870687208 92.0 47475856533448384 89.9
2120540200 69870700608 92.0 47475868899276480 89.9
2120690000 69870707908 92.0 47475877501626048 89.9
2120819200 69870779908 92.0 47475914898220736 89.9
2121309700 69870781708 92.0 47475921377478336 89.9
2121387800 69870790108 92.0 47475929378757312 89.9
2121677700 69871071008 92.0 47476240021134016 89.9
2121919900 69871081808 92.0 47476244612135616 89.9
2121951500 69871092008 92.0 47476253370903232 89.9
2122002600 69871104108 92.0 47476262187719360 89.9
2122364500 69871119908 92.0 47476282718198464 89.9
2122636000 69871228608 92.0 47476372632984256 89.9
2122655100 69871526608 92.0 47476508128508608 89.9
2122797700 69871546208 92.0 47476515313507008 89.9
2123329600 69872830208 92.0 47478048724703936 89.9
2123400600 69872871308 92.0 47478077082919616 89.9
2123541300 69873124608 92.0 47478285696213696 89.9
2123759100 69873149308 92.0 47478312687631040 89.9
2123779400 69873191208 92.0 47478326034242240 89.9
2124000300 69873198308 92.0 47478337603730112 89.9
2124120400 69873213008 92.0 47478349999837888 89.9
2124819900 69873239408 92.0 47478382422362816 89.9
2124848400 69873241708 92.0 47478383285416832 89.9
2124864700 69873302208 92.0 47478458267366272 89.9
2124876700 69873481508 92.0 47478622531777408 89.9
2125321600 69873545308 92.0 47478684609786752 89.9
2125685600 69873547408 92.0 47478688244744064 89.9
2125856100 69873550608 92.0 47478690320902016 89.9
2126186400 69873554408 92.0 47478694693401472 89.9
2126749000 69873586708 92.0 47478722092528512 89.9
2127008100 69873799008 92.0 47478889198384000 89.9
2127076100 69873925008 92.0 47479004138296192 89.9
2127291400 69873928608 92.0 47479006995831168 89.9
2127299500 69873963008 92.0 47479031006708096 89.9
2127342900 69882135908 92.0 47496376912658816 89.9
2127714100 69882333208 92.0 47496511406850432 89.9
2128562800 69882369808 92.0 47496547789209984 89.9
2128691700 69882401708 92.0 47496571929727360 89.9
2128749100 69882466608 92.0 47496633442349440 89.9
2129031800 69882473308 92.0 47496636823384960 89.9
2129057700 69882489708 92.0 47496642320831360 89.9
2129123700 69882490808 92.0 47496642669605760 89.9
2129311800 69882625408 92.0 47496747786818432 89.9
2129517900 69882631608 92.0 47496759849278336 89.9
2129530300 69882689408 92.0 47496790951308160 89.9
2129874700 69882700108 92.0 47496803029717888 89.9
2130040200 69882713608 92.0 47496823410617216 89.9
2130195900 69882752108 92.0 47496838572166016 89.9
2130907900 69882757508 92.0 47496842545908352 89.9
2130922000 69883994908 92.0 47497358919486080 89.9
2131010300 69883997908 92.0 47497361346628736 89.9
2131058700 69884001308 92.0 47497366537792640 89.9
2131087700 69884047608 92.0 47497400708426880 89.9
2131097400 69884047908 92.0 47497401024433280 89.9
2131449800 69884157908 92.0 47497472767757440 89.9
2131755800 69884158308 92.0 47497473111207040 89.9
2131810000 69885813908 92.0 47498030268787840 89.9
2131863700 69885825608 92.0 47498041299539072 89.9
2131910600 69885836908 92.0 47498058485884032 89.9
2132108700 69885849908 92.0 47498065810211968 89.9
2132495900 69885906308 92.0 47498110509442176 89.9
2132629100 69885916408 92.0 47498114822325376 89.9
2132783600 69885974108 92.0 47498145360673920 89.9
2132829900 69885976208 92.0 47498146555886720 89.9
2133260800 69886020008 92.0 47498190877969536 89.9
2133269600 69886139108 92.0 47498249078443136 89.9
2133312900 69886146008 92.0 47498253167275136 89.9
2133446900 69888492408 92.0 47501795758484608 89.9
2133552400 69888501108 92.0 47501799089147008 89.9
2133569800 69888505408 92.0 47501802520335744 89.9
2133654300 69888633908 92.0 47501896712639872 89.9
2133699800 69889049508 92.0 47502187827025280 89.9
2133825600 69889050508 92.0 47502188540343680 89.9
2133886300 69889156208 92.0 47502229711500672 89.9
2133898900 69889165808 92.0 47502238294635904 89.9
2133906300 69889171008 92.0 47502242199254400 89.9
2133976400 69889207708 92.0 47502269091706240 89.9
2134027200 69889210108 92.0 47502271722510464 89.9
2134042100 69889218308 92.0 47502282379950208 89.9
2134069000 69889222908 92.0 47502288619683968 89.9
2134129000 69889246508 92.0 47502318090129536 89.9
2134157200 69889302208 92.0 47502378103304320 89.9
2134178200 69889355008 92.0 47502428932010112 89.9
2134297600 69889448208 92.0 47502468673331328 89.9
2134304800 69889653508 92.0 47502649498116224 89.9
2134319800 69889696308 92.0 47502665250183296 89.9
2134826400 69889700908 92.0 47502667903776896 89.9
2135265600 69889718008 92.0 47502689984907392 89.9
2135464900 69889768908 92.0 47502718037006464 89.9
2135693900 69889792508 92.0 47502749318131840 89.9
2135765000 69890028508 92.0 47502980813353088 89.9
2135774400 69890045708 92.0 47502987694633088 89.9
2136045900 69891541108 92.0 47504388561105024 89.9
2136066500 69893517508 92.0 47505760462631040 89.9
2136306700 69893792108 92.0 47505928553246848 89.9
2136371400 69893795708 92.0 47505933198453888 89.9
2136457100 69893884408 92.0 47506023616130176 89.9
2136656200 69893895608 92.0 47506033632471168 89.9
2136751900 69893934708 92.0 47506065435015296 89.9
2137081600 69894049408 92.0 47506165239462016 89.9
2137113400 69894062808 92.0 47506171134463616 89.9
2137116100 69894074008 92.0 47506185032924800 89.9
2137331700 69894141008 92.0 47506236924624512 89.9
2137603800 69894144708 92.0 47506242763637888 89.9
2137708900 69894165408 92.0 47506250711721088 89.9
2137758800 69894395908 92.0 47506443617264768 89.9
2137791000 69894579108 92.0 47506577403978880 89.9
2137824800 69894603108 92.0 47506588757243008 89.9
2137948100 69895110708 92.0 47506948486706304 89.9
2138237500 69895114308 92.0 47506954231755904 89.9
2138423400 69895320008 92.0 47507120769905792 89.9
2138576100 69895321408 92.0 47507121325528192 89.9
2138597000 69895322508 92.0 47507122362225792 89.9
2138602000 69895455508 92.0 47507213300446336 89.9
2138665900 69895534808 92.0 47507264532714624 89.9
2138798800 69895594508 92.0 47507293331211392 89.9
2138862000 69895609408 92.0 47507299362173056 89.9
2138877200 69895610408 92.0 47507299475222656 89.9
2139005000 69895688508 92.0 47507336542064768 89.9
2139082500 69895891408 92.0 47507459377008768 89.9
2139106600 69895939708 92.0 47507513445027968 89.9
2139330900 69895983108 92.0 47507551498088576 89.9
2139372100 69896079208 92.0 47507660047642752 89.9
2139433500 69896087308 92.0 47507666930067072 89.9
2139693100 69896140408 92.0 47507688722896512 89.9
2139727100 69896144708 92.0 47507691480169600 89.9
2139813900 69896146208 92.0 47507694455708800 89.9
2139930000 69896147208 92.0 47507700308530304 89.9
2140027800 69896182908 92.0 47507716083688576 89.9
2140039500 69896196108 92.0 47507731441853568 89.9
2140116100 69896202208 92.0 47507745760039040 89.9
2140360900 69896331308 92.0 47507862662303872 89.9
2140368700 69896334208 92.0 47507864913653888 89.9
2140536200 69896346408 92.0 47507879621611648 89.9
2140536300 69896355508 92.0 47507893377365120 89.9
2140616800 69896379908 92.0 47507919997441152 89.9
2140657300 69896382008 92.0 47507922079028352 89.9
2140731700 69896444908 92.0 47507954803106944 89.9
2140885900 69896469408 92.0 47507968823394432 89.9
2141231400 69896485008 92.0 47507977612620928 89.9
2141586500 69896521008 92.0 47507990074018944 89.9
2141781900 69896564708 92.0 47508024328608896 89.9
2141826900 69896587508 92.0 47508048893656192 89.9
2141964500 69896592608 92.0 47508051967908992 89.9
2142006300 69896979808 92.0 47508428545334400 89.9
2142164200 69897003808 92.0 47508450411218048 89.9
2142331800 69897027508 92.0 47508473283910784 89.9
2142387100 69897293808 92.0 47508629611289728 89.9
2142439900 69897294908 92.0 47508631684075904 89.9
2142441000 69897298008 92.0 47508637077981056 89.9
2142581100 69897310508 92.0 47508642291984256 89.9
2142673100 69897384708 92.0 47508683214301056 89.9
2143052300 69897389508 92.0 47508686170793856 89.9
2143207600 69897403208 92.0 47508695499249536 89.9
2143233000 69897403408 92.0 47508695621515136 89.9
2143245600 69897409008 92.0 47508698803303296 89.9
2143277100 69897414408 92.0 47508708796390272 89.9
2143306000 69897449108 92.0 47508740603579264 89.9
2143360800 69897463408 92.0 47508755924287360 89.9
2143378900 69897481108 92.0 47508769382418304 89.9
2143388100 69897484708 92.0 47508774192640896 89.9
2143441900 69897611608 92.0 47508906991620992 89.9
2143495200 69897888108 92.0 47509203870323584 89.9
2143515700 69898636508 92.0 47510050283688832 89.9
2144318000 69898664908 92.0 47510082657524608 89.9
2144394100 69898674008 92.0 47510089358859136 89.9
2144696100 69898698908 92.0 47510114626501504 89.9
2144733800 69905400608 92.0 47517255295892352 89.9
2144859800 69906747108 92.0 47521412762368896 89.9
2145056700 69906762508 92.0 47521428936828800 89.9
2145278000 69906767908 92.0 47521435565111168 89.9
2145425800 69906775708 92.0 47521447073936256 89.9
2145498600 69906786808 92.0 47521453841872256 89.9
2145542800 69906831408 92.0 47521478373807488 89.9
2145572700 69906853208 92.0 47521489241929088 89.9
2145606000 69906881808 92.0 47521500330415488 89.9
2145942900 69906951808 92.0 47521525062319488 89.9
2146080200 69907007408 92.0 47521546605182336 89.9
2146140000 69907032308 92.0 47521586729999744 89.9
2146233700 69907047208 92.0 47521598782323072 89.9
2146397500 69907089708 92.0 47521645068249472 89.9
2146622100 69907094608 92.0 47521648690246272 89.9
2146809900 69907138308 92.0 47521686572008064 89.9
2146862600 69907318708 92.0 47521814635029120 90.0
2148274600 69907328708 92.0 47521819669422720 90.0
2148302300 69907334908 92.0 47521825596206720 90.0
2148412500 69907461308 92.0 47521931894230656 90.0
2148510700 69907490208 92.0 47521952868386432 90.0
2148579300 69907495608 92.0 47521965412782720 90.0
2148588700 69907516208 92.0 47521978598650496 90.0
2148737900 69907620008 92.0 47522076480778880 90.0
2148895300 69910050508 92.0 47524421113492096 90.0
2148950600 69910067708 92.0 47524435192872576 90.0
2148983200 69910097108 92.0 47524455667654272 90.0
2149340900 69910099608 92.0 47524458694902656 90.0
2150025100 69917130108 92.0 47539206943605632 90.0
2150027400 69917177008 92.0 47539232198316928 90.0
2150074100 69917205308 92.0 47539262738916224 90.0
2150249700 69917220308 92.0 47539274303393664 90.0
2150309100 69917225908 92.0 47539280962689408 90.0
2150579400 69917643608 92.0 47539809783486848 90.0
2150599100 69917653608 92.0 47539815143642496 90.0
2150635200 69917741308 92.0 47539893126370688 90.0
2150648500 69917770108 92.0 47539915353822592 90.0
2150944600 69917795208 92.0 47539940744383872 90.0
2151014000 69917804608 92.0 47539947317117312 90.0
2151409200 69917808408 92.0 47539951976849792 90.0
2151465200 69917895808 92.0 47540030879662464 90.0
2152017700 69917900308 92.0 47540033813658496 90.0
2152134500 69918015208 92.0 47540075770215296 90.0
2152592100 69918100008 92.0 47540107914226560 90.0
2152717500 69918201108 92.0 47540165252524928 90.0
2152844600 69918206808 92.0 47540168285580416 90.0
2153382600 69918248508 92.0 47540209856547968 90.0
2153480900 69918288308 92.0 47540231472233600 90.0
2153602100 69918297708 92.0 47540250804554880 90.0
2153959300 69918301508 92.0 47540252121771136 90.0
2154079700 69918469508 92.0 47540382986284160 90.0
2154301900 69918480208 92.0 47540398386648192 90.0
2154363600 69918537708 92.0 47540432185556096 90.0
2154369500 69918540008 92.0 47540433904323584 90.0
2154395400 69918652908 92.0 47540495004810240 90.0
2154501000 69918660208 92.0 47540507570390016 90.0
2154737500 69918660408 92.0 47540507704329216 90.0
2154826000 69918687808 92.0 47540534652716032 90.0
2154948600 69918693008 92.0 47540539325348352 90.0
2155082800 69918702708 92.0 47540550991894016 90.0
2155090500 69918706708 92.0 47540557527449600 90.0
2155090900 69918921808 92.1 47540782808006656 90.0
2155439100 69918926208 92.1 47540786732435968 90.0
2155594300 69919625508 92.1 47541385036859904 90.0
2155610400 69919642508 92.1 47541397903959552 90.0
2155734500 69919654108 92.1 47541403685739520 90.0
2155841100 69919688008 92.1 47541441286487040 90.0
2155841500 69919702808 92.1 47541447070039040 90.0
2156027900 69919706708 92.1 47541450315709440 90.0
2156187800 69919709508 92.1 47541453131038720 90.0
2156279600 69919709608 92.1 47541453266616320 90.0
2156501700 69919871108 92.1 47541578764697600 90.0
2156611600 69919914208 92.1 47541598470348800 90.0
2156982500 69919921708 92.1 47541612987932672 90.0
2157261300 69919950108 92.1 47541623550492672 90.0
2157336200 69919962908 92.1 47541633011209216 90.0
2157863200 69920019008 92.1 47541668941329408 90.0
2158287300 69920023708 92.1 47541671284651008 90.0
2158549800 69920026908 92.1 47541675885709824 90.0
2158562800 69920041308 92.1 47541690346917376 90.0
2158571700 69920043208 92.1 47541692850079744 90.0
2158629400 69920055808 92.1 47541701127240192 90.0
2158914100 69920071408 92.1 47541724242395648 90.0
2159300600 69920083608 92.1 47541733789330944 90.0
2159342400 69922317608 92.1 47545049259240960 90.0
2159428100 69922529208 92.1 47545154485587456 90.0
2159801500 69922531208 92.1 47545154784960256 90.0
2160159500 69922627508 92.1 47545284136509184 90.0
2160253200 69922628508 92.1 47545285316566784 90.0
2160640900 69922629108 92.1 47545285877309184 90.0
2161159200 69922714708 92.1 47545327872208640 90.0
2161691500 69922729308 92.1 47545346667810560 90.0
2161714000 69922755108 92.1 47545392088420096 90.0
2161915500 69922761408 92.1 47545402851243776 90.0
2162296300 69922767008 92.1 47545408382456064 90.0
2162486200 69922826208 92.1 47545448151052544 90.0
2162532700 69922835308 92.1 47545452006002944 90.0
2162571700 69923144408 92.1 47545766765547776 90.0
2163003100 69923154708 92.1 47545781120509184 90.0
2163811300 69923200808 92.1 47545798768211200 90.0
2164135800 69923221908 92.1 47545808231384320 90.0
2164187800 69923251908 92.1 47545830213268736 90.0
2164503200 69923422708 92.1 47545961017906432 90.0
2164629500 69923544908 92.1 47546010620671232 90.0
2164714300 69923549508 92.1 47546021398443264 90.0
2164836300 69923549908 92.1 47546022183441664 90.0
2165030700 69923554608 92.1 47546028646530816 90.0
2165077900 69923566208 92.1 47546039723909888 90.0
2165228900 69923566508 92.1 47546040517305088 90.0
2165723300 69923581408 92.1 47546058370857728 90.0
2165756200 69923590808 92.1 47546061968988928 90.0
2165777100 69923601308 92.1 47546079796165376 90.0
2165847100 69923609908 92.1 47546083309466880 90.0
2166003200 69923638708 92.1 47546104252458240 90.0
2166331400 69923725208 92.1 47546156542592256 90.0
2166389100 69923726108 92.1 47546157890790656 90.0
2166483000 69923793708 92.1 47546187460795648 90.0
2166492600 69923796808 92.1 47546192734590208 90.0
2166575900 69923863308 92.1 47546220645012736 90.0
2166751100 69923935908 92.1 47546291458274560 90.0
2166866200 69924043508 92.1 47546351620617472 90.0
2166885100 69924114408 92.1 47546386870031616 90.0
2167288000 69924124508 92.1 47546392945014016 90.0
2167326100 69924379908 92.1 47546613868180736 90.0
2167802200 69924382508 92.1 47546615912699136 90.0
2167941200 69925519808 92.1 47547991641003264 90.0
2167976500 69925903408 92.1 47548274693936384 90.0
2168794300 69925968808 92.1 47548347268945152 90.0
2169005900 69926053808 92.1 47548424874816768 90.0
2169362600 69926058208 92.1 47548427660797184 90.0
2169538600 69926083308 92.1 47548467259835648 90.0
2170786200 69926094608 92.1 47548483055637760 90.0
2171309500 69926109008 92.1 47548495176123648 90.0
2171746400 69926398208 92.1 47548706562573568 90.0
2171860300 69926402208 92.1 47548709775521280 90.0
2171992300 69926616008 92.1 47548844647970304 90.0
2172049700 69929358608 92.1 47552230349403648 90.0
2172531600 69929395008 92.1 47552254369793536 90.0
2172669500 69929486608 92.1 47552334309852672 90.0
2172953100 69929487808 92.1 47552334889027072 90.0
2173485000 69929513208 92.1 47552356119102976 90.0
2173598000 69929569208 92.1 47552416620914176 90.0
2173958300 69929626108 92.1 47552450578679296 90.0
2173961200 69929638308 92.1 47552459014323712 90.0
2174153600 69929647208 92.1 47552474340078080 90.0
2174815400 69929744208 92.1 47552578726031872 90.0
2174835400 69931348708 92.1 47554548144304640 90.0
2174859700 69931543508 92.1 47554639747863040 90.0
2174891600 69931553008 92.1 47554648361754112 90.0
2175129600 69931567108 92.1 47554657686469120 90.0
2175218100 69931580208 92.1 47554672574435840 90.0
2175339300 69931585008 92.1 47554678167565312 90.0
2176188200 69931598108 92.1 47554685646665728 90.0
2176518300 69932570608 92.1 47554951541880832 90.0
2176518700 69932607208 92.1 47554982358112256 90.0
2176525300 69932615508 92.1 47554992470625280 90.0
2176677900 69932699108 92.1 47555031977810944 90.0
2176806200 69933311908 92.1 47555148878724096 90.0
2176971200 69933571708 92.1 47555286169213952 90.0
2177066800 69933588908 92.1 47555293597365248 90.0
2177414400 69933601908 92.1 47555298660546560 90.0
2177492100 69933603808 92.1 47555303657666560 90.0
2177528000 69933604308 92.1 47555304184614272 90.0
2177676400 69933605908 92.1 47555305886061696 90.0
2177906900 69933626908 92.1 47555319862039680 90.0
2178003400 69933627908 92.1 47555320469066880 90.0
2178017800 69933681708 92.1 47555362540635264 90.0
2178045500 69933693708 92.1 47555368155227264 90.0
2178276200 69933702808 92.1 47555386283979904 90.0
2178604400 69933703008 92.1 47555386513970304 90.0
2178639100 69935588208 92.1 47556708134311040 90.0
2178766700 69935591008 92.1 47556713260352640 90.0
2178942900 69935669208 92.1 47556760650118272 90.0
2179277800 69935751208 92.1 47556829403935872 90.0
2179595600 69935755908 92.1 47556830410118272 90.0
2179905000 69935761908 92.1 47556835761633920 90.0
2180032400 69935863908 92.1 47556933256346240 90.0
2180154100 69935921008 92.1 47556975907678848 90.0
2180274600 69935935908 92.1 47556995585299072 90.0
2180330700 69935944608 92.1 47557000092332672 90.0
2180435200 69935958808 92.1 47557022602586752 90.0
2181079500 69935994808 92.1 47557059193367168 90.0
2181103700 69936002008 92.1 47557062960253568 90.0
2181230300 69936021708 92.1 47557074485930624 90.0
2181438500 69936134508 92.1 47557166969793152 90.0
2181491200 69936135708 92.1 47557167552449152 90.0
2181587200 69936171908 92.1 47557188328917632 90.0
2181637500 69936189608 92.1 47557205327932032 90.0
2181836600 69936278808 92.1 47557293706250880 90.0
2182033000 69936306708 92.1 47557330991741568 90.0
2182038500 69936316208 92.1 47557336539878016 90.0
2182077800 69936316908 92.1 47557337493017216 90.0
2182495600 69936367308 92.1 47557374050968192 90.0
2182573700 69936901508 92.1 47557781280531072 90.0
2182773300 69936915608 92.1 47557794892136064 90.0
2182920000 69937013608 92.1 47557853781806720 90.0
2183074200 69937312108 92.1 47558009850318464 90.0
2183074600 69937316808 92.1 47558015927366272 90.0
2183176900 69937320508 92.1 47558024462863488 90.0
2183938400 69937516608 92.1 47558146910915712 90.0
2183968800 69937517608 92.1 47558149363028608 90.0
2183973100 69937519408 92.1 47558151185471744 90.0
2184361800 69937521608 92.1 47558154238834944 90.0
2184492200 69937522508 92.1 47558155219417344 90.0
2184779500 69937796708 92.1 47558342322911488 90.0
2184880300 69937947108 92.1 47558423413864704 90.0
2185018800 69937957008 92.1 47558427519899904 90.0
2185092900 69937963908 92.1 47558434762805504 90.0
2185344600 69937978008 92.1 47558444821974272 90.0
2185795200 69937981208 92.1 47558446521011456 90.0
2185871100 69938027008 92.1 47558486776454400 90.0
2185901700 69938030008 92.1 47558489629813248 90.0
2186022200 69938039708 92.1 47558502420893184 90.0
2186289500 69944280908 92.1 47565254089559552 90.0
2186364600 69944425408 92.1 47565381059472896 90.0
2186512000 69944486908 92.1 47565408923127296 90.0
2186519300 69945146508 92.1 47565908612976128 90.0
2186698300 69945469408 92.1 47566157832097280 90.0
2187222900 69945519608 92.1 47566189195058688 90.0
2187438300 69945529908 92.1 47566193910783488 90.0
2187549600 69945913708 92.1 47566536616451584 90.0
2188133900 69945992608 92.1 47566578462113280 90.0
2188957600 69946033508 92.1 47566603768589824 90.0
2189119000 69946067508 92.1 47566620740133376 90.0
2189915900 69946069108 92.1 47566621918603008 90.0
2189982100 69946113508 92.1 47566656101179136 90.0
2190151400 69946136908 92.1 47566677663303424 90.0
2190282300 69946263008 92.1 47566810379380480 90.0
2190814800 69946266208 92.1 47566812747507968 90.0
2191128500 69946329908 92.1 47566879027013888 90.0
2191204200 69946337708 92.1 47566887126390016 90.0
2191404900 69946718708 92.1 47567146427716864 90.0
2191518000 69946727708 92.1 47567149680964864 90.0
2191723500 69946733308 92.1 47567158562778368 90.0
2191781900 69946741008 92.1 47567167188295936 90.0
2191844900 69946868908 92.1 47567275203363072 90.0
2192169700 69946871708 92.1 47567280037935360 90.0
2192292600 69946885308 92.1 47567288384396544 90.0
2192474600 69946916808 92.1 47567301743375616 90.0
2193043500 69946929708 92.1 47567312113002752 90.0
2193136800 69947135108 92.1 47567479663732992 90.0
2193187900 69948200408 92.1 47571330494867712 90.0
2193568700 69948237408 92.1 47571357236902144 90.0
2193789300 69948454008 92.1 47571540999207168 90.0
2193824600 69948456608 92.1 47571543050074368 90.0
2194012900 69948519408 92.1 47571597109868800 90.0
2194074300 69948802908 92.1 47571784162130176 90.0
2195127900 69948825908 92.1 47571797388272896 90.0
2195241100 69948845208 92.1 47571815040427264 90.0
2195445500 69948863108 92.1 47571826263853312 90.0
2196329600 69948864608 92.1 47571827133229312 90.0
2196646500 69950143508 92.1 47572076933507328 90.0
2196775900 69950377408 92.1 47572232909269248 90.0
2197084100 69950380608 92.1 47572236772399360 90.0
2197706800 69950383008 92.1 47572237631535360 90.0
2198294700 69950400108 92.1 47572255630727424 90.0
2198312000 69950422908 92.1 47572278923817216 90.0
2198336500 69950426708 92.1 47572280258498816 90.0
2198561400 69950428808 92.1 47572281995817216 90.0
2198738300 69950431908 92.1 47572286931627264 90.0
2198898400 69950447408 92.1 47572310808390912 90.0
2198937900 69950471508 92.1 47572346589826304 90.0
2199487800 69950471808 92.1 47572352065359104 90.0
2199564000 69950473108 92.1 47572353284738304 90.0
2199974900 69950478208 92.1 47572355762452736 90.0
2200003700 69950489408 92.1 47572365561010432 90.0
2200016400 69950491208 92.1 47572366928964352 90.0
2200233100 69950639808 92.1 47572472537344768 90.0
2200265500 69950653008 92.1 47572479313871616 90.0
2200384800 69950656808 92.1 47572480792484736 90.0
2200595400 69950695408 92.1 47572517303245696 90.0
2200966400 69950708408 92.1 47572523528756096 90.0
2201048400 69953286008 92.1 47574822870588288 90.1
2201933000 69953522408 92.1 47575079826037632 90.1
2202150800 69953654208 92.1 47575177269418880 90.1
2202184500 69953778908 92.1 47575331809778560 90.1
2202354400 69953782108 92.1 47575336091959168 90.1
2202576800 69953782808 92.1 47575336941264768 90.1
2202763400 69953783208 92.1 47575337761488768 90.1
2203516500 69953787308 92.1 47575342697799040 90.1
2203540800 69953928208 92.1 47575511272250752 90.1
2203652600 69953954208 92.1 47575526276213120 90.1
2203698900 69953972208 92.1 47575541405131136 90.1
2203701800 69953979808 92.1 47575552929828224 90.1
2203970500 69954036708 92.1 47575576092953984 90.1
2204674400 69954045808 92.1 47575579932339584 90.1
2204689500 69954093508 92.1 47575606135491968 90.1
2204923100 69954114808 92.1 47575640662732160 90.1
2204963800 69954163708 92.1 47575664384249216 90.1
2204993200 69954215308 92.1 47575706296200576 90.1
2205348100 69954220408 92.1 47575709957949312 90.1
2205655400 69954251408 92.1 47575721752176512 90.1
2205775300 69954308408 92.1 47575750075832192 90.1
2206242100 69954316808 92.1 47575762729321344 90.1
2206485900 69954321208 92.1 47575768171000192 90.1
2206640800 69954335108 92.1 47575774772755328 90.1
2207624200 69954383508 92.1 47575792759341952 90.1
2207804400 69954770408 92.1 47576199155876736 90.1
2208158500 69961992008 92.1 47591381544403840 90.1
2208502900 69962164708 92.1 47591512231101312 90.1
2208503800 69962172108 92.1 47591517583872384 90.1
2208644900 69962206408 92.1 47591558202589568 90.1
2209253000 69962208808 92.1 47591559884235520 90.1
2209535300 69962209908 92.1 47591560793705216 90.1
2209536400 69962267708 92.1 47591586463337216 90.1
2210035500 69962294408 92.1 47591616397888256 90.1
2210192900 69962371408 92.1 47591653488364288 90.1
2210291700 69962911108 92.1 47592229706042112 90.1
2210384600 69962916308 92.1 47592232685985536 90.1
2210476300 69962931608 92.1 47592239889211136 90.1
2210792700 69963021808 92.1 47592272866721536 90.1
2210848300 69963024008 92.1 47592274685632768 90.1
2211303200 69963031408 92.1 47592286809095424 90.1
2211396700 69963040608 92.1 47592302891354368 90.1
2211468800 69963052908 92.1 47592325709304064 90.1
2211817500 69963053708 92.1 47592326233182464 90.1
2211817800 69963117208 92.1 47592367504699648 90.1
2212341300 69963151808 92.1 47592382891985152 90.1
2212505300 69963153508 92.1 47592386652247040 90.1
2212514400 69963290108 92.1 47592464134624256 90.1
2212864700 69963292708 92.1 47592469635315200 90.1
2212947800 69963293108 92.1 47592470066377408 90.1
2213133100 69963323408 92.1 47592495255714496 90.1
2213183400 69963422608 92.1 47592574887320256 90.1
2213242800 69963425708 92.1 47592577128856256 90.1
2213517500 69963500608 92.1 47592631992191680 90.1
2213827900 69963534408 92.1 47592648813085376 90.1
2214279200 69963551208 92.1 47592661313961664 90.1
2214298000 69964827508 92.1 47594143186992832 90.1
2214307900 69964833808 92.1 47594153660055232 90.1
2214370300 69964844308 92.1 47594158672740032 90.1
2214522000 69965358208 92.1 47594535539048128 90.1
2214598600 69965367208 92.1 47594545626213056 90.1
2214811200 69965391808 92.1 47594557910206144 90.1
2214822500 69965394508 92.1 47594561329667776 90.1
2215118100 69965631208 92.1 47594735416893120 90.1
2215252600 69965674208 92.1 47594750070923968 90.1
2215341700 69965675408 92.1 47594751495922368 90.1
2215398400 69965686608 92.1 47594757641168064 90.1
2215923200 69965691308 92.1 47594760715420864 90.1
2215962400 69965711408 92.1 47594773998988480 90.1
2216423200 69965724808 92.1 47594793583346880 90.1
2216845300 69965791108 92.1 47594844517340352 90.1
2216868400 69965792708 92.1 47594848181218752 90.1
2217830900 69965804408 92.1 47594860381009344 90.1
2218026600 69965859208 92.1 47594917294593472 90.1
2218392300 69965862208 92.1 47594918344385856 90.1
2218840300 69965867808 92.1 47594923871519040 90.1
2219863600 69965879808 92.1 47594931207395136 90.1
2219925900 69965913008 92.1 47595004270606144 90.1
2220018600 69965916308 92.1 47595009261839168 90.1
2220035500 69965968408 92.1 47595040394523456 90.1
2220151300 69965972108 92.1 47595042077774656 90.1
2220410400 69965991408 92.1 47595050119656256 90.1
2220489600 69968632108 92.1 47597680589468480 90.1
2220526400 69968635208 92.1 47597683864714816 90.1
2220554200 69968644408 92.1 47597704554315328 90.1
2220574100 69968777508 92.1 47597843743637056 90.1
2220718800 69970739808 92.1 47600155491958336 90.1
2220836000 69970740408 92.1 47600155547663936 90.1
2220974600 69970769808 92.1 47600194239401536 90.1
2221074500 69971148008 92.1 47600368461123136 90.1
2221748100 69971164008 92.1 47600388979119680 90.1
2221912900 69971352408 92.1 47600560046151232 90.1
2222522000 69971466508 92.1 47600677042009664 90.1
2222550100 69971732908 92.1 47600930766861888 90.1
2222578500 69971747208 92.1 47600936196976192 90.1
2222624000 69971905508 92.1 47601067820052032 90.1
2222948200 69971907108 92.1 47601068995792448 90.1
2222960800 69971991408 92.1 47601099969949248 90.1
2223102800 69972021108 92.1 47601145082150464 90.1
2223643200 69972032208 92.1 47601153829056064 90.1
2223803700 69972118208 92.1 47601196967202368 90.1
2223916500 69972158708 92.1 47601240842653248 90.1
2224312500 69972160408 92.1 47601243383606848 90.1
2224321900 69972161408 92.1 47601243692445248 90.1
2224432800 69972172108 92.1 47601256500247104 90.1
2224564100 69972173508 92.1 47601257553328704 90.1
2224698000 69972174708 92.1 47601258840496704 90.1
2224899800 69972175308 92.1 47601260237027904 90.1
2225013000 69972186108 92.1 47601264917322304 90.1
2225272800 69972227708 92.1 47601290291558976 90.1
2225317800 69972245708 92.1 47601302757720640 90.1
2225649000 69972263908 92.1 47601313647391296 90.1
2225705000 69972522508 92.1 47601462827053632 90.1
2225766500 69972529408 92.1 47601471105208896 90.1
2225775700 69972569608 92.1 47601485221868096 90.1
2225889500 69972602608 92.1 47601499599647296 90.1
2225983800 69972606008 92.1 47601508982354496 90.1
2226392700 69972698508 92.1 47601567310078528 90.1
2226443000 69972712808 92.1 47601596112491072 90.1
2226783400 69972775908 92.1 47601636184912448 90.1
2226808400 69972781708 92.1 47601643508405824 90.1
2227111900 69972792108 92.1 47601653683571264 90.1
2227566300 69972831608 92.1 47601686805224000 90.1
2227831800 69972835508 92.1 47601693363669568 90.1
2227854400 69972877708 92.1 47601729177188928 90.1
2228060500 69975025908 92.1 47603268231690816 90.1
2228292100 69975046708 92.1 47603292945238592 90.1
2228463100 69975049908 92.1 47603296560930880 90.1
2228489900 69975076508 92.1 47603338690150464 90.1
2228522600 69975101308 92.1 47603367201824832 90.1
2228781400 69975111608 92.1 47603372385927232 90.1
2229227800 69975324008 92.1 47603540462059584 90.1
2229242000 69975423008 92.1 47603572246519872 90.1
2229315200 69975423508 92.1 47603572781662272 90.1
2229470300 69975476908 92.1 47603616611635264 90.1
2229771700 69975609408 92.1 47603710919446592 90.1
2229838500 69975625308 92.1 47603718602155584 90.1
2230238200 69975848708 92.1 47603795136439872 90.1
2230369100 69975874608 92.1 47603820893355584 90.1
2230968200 69976137408 92.1 47604044635274816 90.1
2231272900 69976145308 92.1 47604055971300928 90.1
2231359000 69976157708 92.1 47604075534298688 90.1
2232006500 69976158908 92.1 47604076105690688 90.1
2232008200 69976184208 92.1 47604102254079552 90.1
2232136700 69976280808 92.1 47604200372645440 90.1
2232758000 69976289508 92.1 47604205240739904 90.1
2232833000 69976301208 92.1 47604212230044736 90.1
2233058300 69976974908 92.1 47604976893475904 90.1
2233210100 69976985008 92.1 47604988374736960 90.1
2233325700 69977024008 92.1 47605031318868032 90.1
2233866000 69977219008 92.1 47605250164461632 90.1
2234025300 69978245408 92.1 47605479330713664 90.1
2234459900 69978273908 92.1 47605521226428480 90.1
2234580700 69978281608 92.1 47605527931431488 90.1
2234613100 69978471908 92.1 47605710782245440 90.1
2235132400 69978515808 92.1 47605736126624320 90.1
2235283800 69978615208 92.1 47605875902657088 90.1
2235375400 69978833808 92.1 47606036580545088 90.1
2235673800 69978844308 92.1 47606044895380032 90.1
2235856000 69978851708 92.1 47606066430315072 90.1
2236027400 69978865608 92.1 47606080832941632 90.1
2236225000 69978876708 92.1 47606087494885952 90.1
2236608100 69978884408 92.1 47606098829439552 90.1
2238040600 69979637108 92.1 47606921178968640 90.1
2238721000 69979665608 92.1 47606940926040640 90.1
2239355300 69979666308 92.1 47606941375781440 90.1
2239598300 69980227708 92.1 47607498242644544 90.1
2239763500 69980237608 92.1 47607511604908608 90.1
2240483700 69980403208 92.1 47607673436934720 90.1
2240485000 69980413508 92.1 47607677183864896 90.1
2240810900 69980440208 92.1 47607707429445696 90.1
2241391300 69980440608 92.1 47607708089720896 90.1
2241454400 69980488808 92.1 47607735743803456 90.1
2241578300 69980572408 92.1 47607811148558400 90.1
2241622100 69980580108 92.1 47607817328098880 90.1
2241642700 69980581008 92.1 47607817931644480 90.1
2241753800 69980743008 92.1 47607996363431488 90.1
2241800900 69980778208 92.1 47608038273265216 90.1
2241899700 69980785808 92.1 47608056062438976 90.1
2242362400 69980795608 92.1 47608067899842112 90.1
2242843800 69980966808 92.1 47608178082053696 90.1
2243254400 69981174608 92.1 47608346440810048 90.1
2243270000 69981176508 92.1 47608347595472448 90.1
2243278900 69981178208 92.1 47608352418853440 90.1
2243284300 69981187808 92.1 47608365729960512 90.1
2243336400 69981242308 92.1 47608396709505600 90.1
2243403300 69981764708 92.1 47608765849446976 90.1
2243674400 69981771008 92.1 47608769641523776 90.1
2244269500 69981862608 92.1 47608856490879552 90.1
2244445400 69981999108 92.1 47608926228556352 90.1
2244790600 69982135808 92.1 47609021987375680 90.1
2245142900 69982258108 92.1 47609122487839296 90.1
2245336100 69982272308 92.1 47609127000812096 90.1
2245444900 69982273708 92.1 47609132415314496 90.1
2245664700 69982307208 92.1 47609166974065216 90.1
2245675600 69982319208 92.1 47609181818710592 90.1
2246275000 69982321508 92.1 47609183162641984 90.1
2246621700 69982394208 92.1 47609220408888896 90.1
2247260600 69984840608 92.1 47612845436784192 90.1
2247494900 69984846708 92.1 47612857321328192 90.1
2247675200 69984856708 92.1 47612868127664704 90.1
2247703500 69984888008 92.1 47612922965281344 90.1
2248046500 69985036508 92.1 47613056193980992 90.1
2248114300 69992540008 92.1 47621163034405440 90.1
2248566900 69992542008 92.1 47621168343845440 90.1
2248651500 69992542408 92.1 47621168696715840 90.1
2248665500 69992560408 92.1 47621189091363392 90.1
2249132500 69993866308 92.1 47625898025454144 90.1
2249231600 69993905908 92.1 47625941773699648 90.1
2249378900 69994026608 92.1 47626017521723968 90.1
2249954200 69994027108 92.1 47626018482645568 90.1
2251123500 69994262808 92.1 47626206311787072 90.1
2251770700 69994275008 92.1 47626231980294720 90.1
2252053800 69994295108 92.1 47626270575694400 90.1
2252201200 69994301508 92.1 47626273844483904 90.1
2252538300 69994398508 92.1 47626346160527168 90.1
2252930400 69994408008 92.1 47626353802705728 90.1
2253256800 69994536108 92.1 47626474765957952 90.1
2254015000 69994537508 92.1 47626475570207552 90.1
2254223700 69994679508 92.1 47626604117318464 90.1
2254231400 69994681608 92.1 47626605030111360 90.1
2254688000 69994702008 92.1 47626628502513792 90.1
2254915900 69995950908 92.2 47626815326513280 90.1
2255150700 69995956108 92.2 47626818244221824 90.1
2255268800 69995956208 92.2 47626818255485824 90.1
2255453000 69995986508 92.2 47626863940492160 90.1
2255759000 69995991608 92.2 47626869538700160 90.1
2256327200 69996013308 92.2 47626876926578560 90.1
2256769600 69996074608 92.2 47626934493233024 90.1
2258090100 69996227308 92.2 47627067047796608 90.1
2258389000 69996292208 92.2 47627136832200576 90.1
2259360300 69996293908 92.2 47627140266901376 90.1
2259569500 69996303908 92.2 47627143887150976 90.1
2259678000 69996338808 92.2 47627167471304576 90.1
2259789200 69997793508 92.2 47628334643478400 90.2
2260100500 69997800808 92.2 47628347185391488 90.2
2260218800 69997831908 92.2 47628391789471616 90.2
2260245700 69997884808 92.2 47628411213522816 90.2
2262083500 69997895008 92.2 47628414796703616 90.2
2262313100 69997905408 92.2 47628427248031616 90.2
2262699900 69997911808 92.2 47628432975673216 90.2
2263653900 69997950008 92.2 47628455006631808 90.2
2263696500 69998026208 92.2 47628545184782208 90.2
2263996900 69998063508 92.2 47628585868834688 90.2
2264168400 69999383608 92.2 47630193834178432 90.2
2264770200 69999384908 92.2 47630195021812352 90.2
2264798800 69999488908 92.2 47630243619508864 90.2
2264814900 69999691108 92.2 47630344817005184 90.2
2265017400 69999696708 92.2 47630352969470592 90.2
2265402400 69999710008 92.2 47630376300081792 90.2
2265606700 69999810308 92.2 47630466835501696 90.2
2266033500 69999824108 92.2 47630475622855296 90.2
2266522800 69999837708 92.2 47630497001247360 90.2
2266594000 69999857808 92.2 47630511457085056 90.2
2266866800 70000129308 92.2 47630741292230272 90.2
2266870800 70000133908 92.2 47630743920019072 90.2
2266971500 70000145308 92.2 47630748119238272 90.2
2267139700 70000158208 92.2 47630753989698176 90.2
2267663100 70000180008 92.2 47630761951502976 90.2
2267917800 70000270808 92.2 47630799924335232 90.2
2268360900 70000290008 92.2 47630821337713280 90.2
2268456100 70000301208 92.2 47630837792114304 90.2
2268611900 70000302308 92.2 47630839270280064 90.2
2268923200 70000311308 92.2 47630842756180864 90.2
2269409400 70000400208 92.2 47630937123326848 90.2
2269656000 70000411408 92.2 47630950003678080 90.2
2269897800 70000475308 92.2 47631017539754880 90.2
2269954000 70000488108 92.2 47631028062174080 90.2
2270113400 70000491808 92.2 47631032373058432 90.2
2270594300 70000494108 92.2 47631034002242432 90.2
2270608200 70000517008 92.2 47631060411517824 90.2
2270962600 70000527808 92.2 47631079285560192 90.2
2272406500 70000534608 92.2 47631081664768128 90.2
2272702100 70000539108 92.2 47631083741695104 90.2
2273282700 70000578608 92.2 47631108439755904 90.2
2273313500 70000630108 92.2 47631149911309440 90.2
2273670400 70000644408 92.2 47631162220989568 90.2
2273806700 70000850008 92.2 47631303391890560 90.2
2273845300 70001945708 92.2 47632182383987840 90.2
2274220200 70002099908 92.2 47632302789307520 90.2
2274641000 70002228208 92.2 47632362263501952 90.2
2274645800 70002326408 92.2 47632425064832128 90.2
2275078200 70002426608 92.2 47632494228085888 90.2
2275428000 70002442208 92.2 47632512216665216 90.2
2275448100 70002688008 92.2 47632677468867712 90.2
2275551900 70002692208 92.2 47632682336602240 90.2
2276833100 70002698108 92.2 47632693507956864 90.2
2277085400 70002714808 92.2 47632703720606848 90.2
2277293200 70002716908 92.2 47632704795192448 90.2
2277386300 70002720508 92.2 47632709606980736 90.2
2277429900 70002720608 92.2 47632709895543936 90.2
2277553600 70002745508 92.2 47632756271508608 90.2
2277908300 70002760308 92.2 47632763250525824 90.2
2278170400 70002773308 92.2 47632787303628416 90.2
2278541700 70002776708 92.2 47632788930412416 90.2
2278585200 70002782808 92.2 47632791706737280 90.2
2278612700 70006968808 92.2 47636718178474624 90.2
2279451300 70006970908 92.2 47636721410628224 90.2
2279464100 70006980308 92.2 47636729101228672 90.2
2279594000 70006994208 92.2 47636743824530048 90.2
2279636300 70007017208 92.2 47636756770581120 90.2
2279767400 70007018408 92.2 47636757320059520 90.2
2279895700 70007106708 92.2 47636795093392000 90.2
2280922300 70007111308 92.2 47636805424360064 90.2
2281154000 70007119308 92.2 47636814223029888 90.2
2281475400 70007119508 92.2 47636814670313088 90.2
2281725100 70007122208 92.2 47636817351349888 90.2
2282021400 70007127908 92.2 47636822894615168 90.2
2282077500 70007173908 92.2 47636857328675456 90.2
2282838200 70007283108 92.2 47636960960572032 90.2
2282838300 70007411408 92.2 47637055787133568 90.2
2283147800 70007432008 92.2 47637073879405184 90.2
2283199200 70007451008 92.2 47637085052341888 90.2
2284545600 70007465208 92.2 47637090829628032 90.2
2285132100 70007472308 92.2 47637093264671104 90.2
2285353800 70007474808 92.2 47637095417787008 90.2
2285474000 70007499208 92.2 47637120802384512 90.2
2287007600 70007505608 92.2 47637125452280448 90.2
2287009100 70007507908 92.2 47637132985608832 90.2
2287126000 70007588008 92.2 47637223973685888 90.2
2287134900 70007588108 92.2 47637224284367488 90.2
2287276200 70007679908 92.2 47637295809292928 90.2
2287328300 70007730808 92.2 47637359420865152 90.2
2288089000 70007734408 92.2 47637361137498752 90.2
2288314000 70007735008 92.2 47637361171290752 90.2
2288316000 70009742108 92.2 47639644915554944 90.2
2288380400 70010231708 92.2 47640162293242496 90.2
2288859600 70010232708 92.2 47640164035680896 90.2
2288862400 70010232808 92.2 47640164246828896 90.2
2288997200 70019426408 92.2 47659438174713696 90.2
2289129500 70019739608 92.2 47659721823893344 90.2
2289571500 70019858308 92.2 47659769870997344 90.2
2289711900 70019873708 92.2 47659781523912544 90.2
2289821700 70019904908 92.2 47659803010228064 90.2
2290458800 70019913708 92.2 47659813053849440 90.2
2290661200 70019931908 92.2 47659831765710688 90.2
2291355700 70020107308 92.2 47659897546651488 90.2
2291517200 70020172008 92.2 47659950218827616 90.2
2291630900 70020245208 92.2 47660005883275104 90.2
2291755000 70020245808 92.2 47660006031755104 90.2
2291823300 70020367808 92.2 47660087589300064 90.2
2291924900 70020372908 92.2 47660096530938720 90.2
2292644300 70020546208 92.2 47660218583407456 90.2
2292916700 70020702608 92.2 47660436778605408 90.2
2292943700 70020713808 92.2 47660453346461536 90.2
2293043700 70020741408 92.2 47660466918843232 90.2
2293117600 70020887308 92.2 47660578526372704 90.2
2293177800 70020913608 92.2 47660619363599200 90.2
2293294900 70020913808 92.2 47660619372610400 90.2
2293474500 70021037808 92.2 47660718884176736 90.2
2293552500 70021039808 92.2 47660719688016736 90.2
2294064700 70021040708 92.2 47660720147792736 90.2
2294375000 70022287208 92.2 47661830373901152 90.2
2294419700 70022348508 92.2 47661902053778272 90.2
2294579200 70022353608 92.2 47661905481511008 90.2
2295007100 70022354908 92.2 47661906254835808 90.2
2295544600 70022370308 92.2 47661913864717408 90.2
2296092400 70022406408 92.2 47661944466957408 90.2
2296286900 70022428608 92.2 47661973351918688 90.2
2296623000 70022508608 92.2 47662038766038112 90.2
2296735200 70022769508 92.2 47662241837411424 90.2
2297015800 70022782108 92.2 47662260683439200 90.2
2297214200 70022787008 92.2 47662262685359200 90.2
2297326000 70022803808 92.2 47662285513790560 90.2
2298322900 70022879508 92.2 47662330317001824 90.2
2298471400 70023291008 92.2 47662586282824800 90.2
2298726900 70023329308 92.2 47662624778343520 90.2
2298813000 70023587908 92.2 47662871434728544 90.2
2299535200 70023595008 92.2 47662882480411744 90.2
2299855900 70023600008 92.2 47662889899496544 90.2
2300021000 70023608708 92.2 47662893252891744 90.2
2300166500 70023634708 92.2 47662913160539232 90.2
2300383000 70023636108 92.2 47662913795828832 90.2
2300854700 70023920608 92.2 47663173799439456 90.2
2301004100 70023961108 92.2 47663194744949856 90.2
2301233800 70023988608 92.2 47663219202694240 90.2
2301818900 70023992408 92.2 47663221431532640 90.2
2301946300 70024006108 92.2 47663227664148576 90.2
2301959300 70024006208 92.2 47663227755279576 90.2
2302182500 70024053708 92.2 47663275133191384 90.2
2302407700 70024081808 92.2 47663290542360792 90.2
2303143400 70024122208 92.2 47663311360456920 90.2
2303951300 70024127908 92.2 47663316645666520 90.2
2304254100 70024158308 92.2 47663346408918744 90.2
2305117100 70024162808 92.2 47663351970259672 90.2
2305175500 70024233708 92.2 47663423900238552 90.2
2305742700 70024270708 92.2 47663437692638936 90.2
2305924600 70024278508 92.2 47663446329570008 90.2
2306196300 70024595808 92.2 47663552490287832 90.2
2307573400 70024596908 92.2 47663559462546136 90.2
2308211700 70024603508 92.2 47663563793861336 90.2
2308286900 70024619908 92.2 47663579998764760 90.2
2308309000 70024670908 92.2 47663642211921624 90.2
2308568200 70024677008 92.2 47663650570720984 90.2
2308604600 70024712508 92.2 47663695759984344 90.2
2309204700 70024741608 92.2 47663709149376216 90.2
2309234700 70024752008 92.2 47663716069148376 90.2
2309433900 70024765908 92.2 47663723224450776 90.2
2309562000 70024870708 92.2 47663880297547480 90.2
2309684700 70024897308 92.2 47663892400613080 90.2
2309700500 70025094608 92.2 47664049786005208 90.2
2310411100 70025135508 92.2 47664077951239896 90.2
2310709700 70025186308 92.2 47664101546358488 90.2
2311064500 70025213008 92.2 47664127677624024 90.2
2312324800 70025315608 92.2 47664222164758232 90.2
2312830700 70025316708 92.2 47664223600815832 90.2
2313309900 70025326708 92.2 47664236505842392 90.2
2313886900 70025400308 92.2 47664269624320728 90.2
2313910500 70025519708 92.2 47664321502606040 90.2
2314093100 70025530408 92.2 47664338966026968 90.2
2315109500 70026088708 92.2 47664832972069592 90.2
2315194200 70026096708 92.2 47664849295455960 90.2
2315561100 70026134608 92.2 47664901027714776 90.2
2316300100 70034355508 92.2 47673737114474200 90.2
2317999400 70034602208 92.2 47673940458526424 90.2
2318043700 70034613908 92.2 47673944870328024 90.2
2318112200 70034862208 92.2 47674151191303896 90.2
2318886400 70035140308 92.2 47674383390152408 90.2
2319470100 70035143608 92.2 47674388853696216 90.2
2319602600 70035151808 92.2 47674394601813208 90.2
2319728700 70035283908 92.2 47674451037447384 90.2
2321514600 70035290808 92.2 47674461122999512 90.2
2321732200 70035296908 92.2 47674467655060696 90.2
2321908900 70035350808 92.2 47674500932037848 90.2
2322018200 70035371508 92.2 47674517588733144 90.2
2322308000 70035431808 92.2 47674549988652248 90.2
2322420300 70035613608 92.2 47674637879579864 90.2
2322454000 70035918508 92.2 47674898699883736 90.2
2324413800 70035923208 92.2 47674906236492504 90.2
2324576700 70035980208 92.2 47674935205937880 90.2
2325211700 70036028108 92.2 47674956297401048 90.2
2326329800 70036152008 92.2 47675045751927512 90.2
2326635800 70036526008 92.2 47675328039695064 90.2
2327373700 70036976708 92.2 47675640892371672 90.2
2328091000 70036986708 92.2 47675653169097432 90.2
2328227900 70037349308 92.2 47676001067281112 90.2
2329549600 70037404008 92.2 47676045014723288 90.2
2330295500 70037458608 92.2 47676089774238424 90.2
2330399600 70038168008 92.2 47676601189460696 90.2
2330522100 70038210608 92.2 47676621387016920 90.2
2330956000 70038436608 92.2 47676876479146712 90.2
2330999900 70045286108 92.2 47685693585631960 90.3
2331637100 70045301808 92.2 47685711858643672 90.3
2331947000 70045307908 92.2 47685716317677272 90.3
2331985000 70045316308 92.2 47685722821974744 90.3
2332381900 70045336608 92.2 47685737441764056 90.3
2332460400 70045337708 92.2 47685738735690456 90.3
2333471100 70045341308 92.2 47685741048292056 90.3
2334150900 70045420808 92.2 47685800656241368 90.3
2334462800 70045424808 92.2 47685810838332120 90.3
2334668900 70045432608 92.2 47685823130945240 90.3
2334847900 70045544608 92.2 47685924438083288 90.3
2335212100 70045548208 92.2 47685930111448792 90.3
2335997700 70045573808 92.2 47685953056579288 90.3
2336373700 70045577308 92.2 47685959405461720 90.3
2337411800 70045615808 92.2 47685992477855960 90.3
2337840600 70045617908 92.2 47685994664710360 90.3
2338163200 70045619308 92.2 47685995275423960 90.3
2338325800 70045623408 92.2 47685998962438360 90.3
2338518900 70045673708 92.2 47686055278506200 90.3
2338681700 70045695908 92.2 47686076768456920 90.3
2338957800 70045703508 92.2 47686098220921048 90.3
2339372400 70045897808 92.2 47686271048413400 90.3
2339616200 70045923708 92.2 47686296632139992 90.3
2339759500 70046221908 92.2 47686383258362072 90.3
2339941400 70047933808 92.2 47692422748365016 90.3
2340035300 70047934208 92.2 47692423363993816 90.3
2340125900 70050952408 92.2 47696876502163672 90.3
2340406200 70051001908 92.2 47696896687685848 90.3
2341722500 70051556508 92.2 47697258197106904 90.3
2341931600 70051588608 92.2 47697275760140504 90.3
2342319100 70051606708 92.2 47697288191420632 90.3
2343285400 70052805208 92.2 47697591072434392 90.3
2343864200 70052861408 92.2 47697623589357784 90.3
2345811500 70052862308 92.2 47697625960941784 90.3
2345891200 70052951208 92.2 47697673639094488 90.3
2345892200 70055645408 92.2 47699736258603224 90.3
2345974400 70055658608 92.2 47699744947494104 90.3
2346709900 70055685808 92.2 47699778588357848 90.3
2347850000 70055697208 92.2 47699794826312920 90.3
2348696600 70055900708 92.2 47699925462277336 90.3
2348876500 70055906108 92.2 47699932950627032 90.3
2349498700 70055923208 92.2 47699950866940632 90.3
2349528500 70055961108 92.2 47699969731177176 90.3
2349990000 70055965208 92.2 47699985778082520 90.3
2350073200 70055986208 92.2 47700004537660120 90.3
2350675700 70056087508 92.2 47700078572712664 90.3
2350720200 70056090608 92.2 47700086375435480 90.3
2350875400 70056093208 92.2 47700088173579480 90.3
2350914600 70056098408 92.2 47700091591788248 90.3
2351205400 70056126408 92.2 47700104802467544 90.3
2351531300 70056138008 92.2 47700114436352728 90.3
2352576600 70056156408 92.2 47700127951476440 90.3
2352602000 70056171608 92.2 47700138205847256 90.3
2352753800 70056174708 92.2 47700141361700824 90.3
2353196300 70056212308 92.2 47700170489550808 90.3
2353330500 70056235708 92.2 47700181763586008 90.3
2354135300 70056259308 92.2 47700234143619032 90.3
2354250900 70056306408 92.2 47700278056064984 90.3
2354263400 70056401308 92.2 47700457282148312 90.3
2354412500 70056404408 92.2 47700460056573912 90.3
2354416900 70056580108 92.2 47700598881597400 90.3
2354569100 70056695208 92.2 47700680762128344 90.3
2354915200 70056737608 92.2 47700727743072216 90.3
2355290300 70056768608 92.2 47700742303069144 90.3
2355634700 70056935308 92.2 47700906437555160 90.3
2355852100 70056942408 92.2 47700918195799000 90.3
2355925500 70057003308 92.2 47700944057123800 90.3
2357219400 70057025508 92.2 47700957647651800 90.3
2357715600 70057035308 92.2 47700961673718744 90.3
2358178500 70057098708 92.2 47701056263195608 90.3
2358679400 70057642408 92.2 47701531519093720 90.3
2359363600 70057647708 92.2 47701536295067096 90.3
2360302800 70057658308 92.2 47701553947139544 90.3
2360523400 70057670308 92.2 47701568500128216 90.3
2360830900 70057728308 92.2 47701632615279064 90.3
2361465000 70057731208 92.2 47701634931887320 90.3
2361631600 70057756208 92.2 47701647730002136 90.3
2361809000 70057874408 92.2 47701788939159768 90.3
2362281200 70057905408 92.2 47701827327781080 90.3
2362484500 70057943908 92.2 47701859109449944 90.3
2363586100 70057957608 92.2 47701868383029464 90.3
2363767600 70057970008 92.2 47701873714532568 90.3
2364652000 70057973908 92.2 47701876091640536 90.3
2364788200 70058070208 92.2 47701955097942744 90.3
2365188100 70058076208 92.2 47701959630938328 90.3
2365446900 70058082308 92.2 47701968581267672 90.3
2365624100 70059740508 92.2 47702488591306968 90.3
2365987800 70064625508 92.2 47706810628903128 90.3
2366561900 70064706308 92.2 47706863104717016 90.3
2366777600 70068241008 92.2 47711802173452504 90.3
2366791400 70068248408 92.2 47711807153899224 90.3
2367145100 70068268208 92.2 47711841343477464 90.3
2367640100 70068284808 92.2 47711851225169624 90.3
2368526500 70068356408 92.2 47711891983896280 90.3
2369066200 70068370708 92.2 47711903588990680 90.3
2370396800 70068373608 92.2 47711910799605976 90.3
2370594300 70068455508 92.2 47712000511910104 90.3
2371128700 70068732308 92.2 47712141072687320 90.3
2371311400 70068862408 92.2 47712199013875928 90.3
2371794800 70068866408 92.2 47712200567362136 90.3
2371823800 70069200808 92.2 47712495629210200 90.3
2372130400 70069201408 92.2 47712495730995800 90.3
2372712700 70069285408 92.2 47712546901353048 90.3
2372742000 70069498508 92.2 47712664886411864 90.3
2372837000 70069555808 92.2 47712717442384472 90.3
2373231500 70069591108 92.2 47712733489938008 90.3
2375431900 70069603608 92.2 47712740524984920 90.3
2376146300 70069673208 92.2 47712771165932120 90.3
2376276500 70069699908 92.2 47712786278300248 90.3
2376338200 70069736708 92.2 47712836817668696 90.3
2376800200 70069745008 92.2 47712843398405720 90.3
2377288200 70069751108 92.2 47712850140626520 90.3
2377757800 70069768808 92.2 47712869604658776 90.3
2377938500 70069770008 92.2 47712871356722776 90.3
2378070000 70073219308 92.3 47716830675889752 90.3
2378576600 70073402408 92.3 47717002009112152 90.3
2379077600 70073422308 92.3 47717019248655960 90.3
2379121400 70073427408 92.3 47717023780155992 90.3
2379181300 70073458408 92.3 47717073884349016 90.3
2379240600 70073462008 92.3 47717075446153816 90.3
2380395900 70073466308 92.3 47717078644193624 90.3
2381417800 70073466708 92.3 47717079005051224 90.3
2381516300 70074053408 92.3 47717566906579288 90.3
2382193900 70085258908 92.3 47740157316774232 90.4
2384046800 70085259008 92.3 47740157382924632 90.4
2384283000 70086775108 92.3 47741426173516120 90.4
2385287800 70086789508 92.3 47741448103582040 90.4
2386107700 70086798608 92.3 47741463588352344 90.4
2386512200 70086811308 92.3 47741492978829656 90.4
2386926800 70086827508 92.3 47741512737696088 90.4
2388865900 70086904208 92.3 47741566699370840 90.4
2388970700 70086912108 92.3 47741572810277720 90.4
2389228900 70086913008 92.3 47741572898751320 90.4
2389576700 70086916508 92.3 47741575978943320 90.4
2389723500 70086968508 92.3 47741611601847128 90.4
2389747200 70087321808 92.3 47741852885607256 90.4
2390845200 70087324208 92.3 47741854266164056 90.4
2390986700 70087534708 92.3 47742124996346712 90.4
2391666900 70087548208 92.3 47742133462660952 90.4
2391744500 70088077408 92.3 47742517946611544 90.4
2392258100 70088121408 92.3 47742537997145944 90.4
2393435700 70088123208 92.3 47742538577344344 90.4
2393804500 70088125408 92.3 47742542604995928 90.4
2394025700 70088160608 92.3 47742554705399128 90.4
2394472000 70088249808 92.3 47742627336416600 90.4
2395688200 70088255108 92.3 47742632262050136 90.4
2395908800 70088427108 92.3 47742936446345560 90.4
2396597300 70088453808 92.3 47742981144875352 90.4
2396843300 70088479908 92.3 47743050597167448 90.4
2397467000 70088483908 92.3 47743056578283864 90.4
2397509200 70088523608 92.3 47743074287608152 90.4
2398033800 70088674108 92.3 47743143996219736 90.4
2398047500 70088682408 92.3 47743163140161880 90.4
2398063400 70088690508 92.3 47743171192196440 90.4
2398841900 70088691608 92.3 47743172442500440 90.4
2398966400 70088781808 92.3 47743210227895640 90.4
2399075900 70088844908 92.3 47743236293948760 90.4
2399254500 70088845108 92.3 47743237541180760 90.4
2399526800 70088956008 92.3 47743294032684376 90.4
2400083600 70089041708 92.3 47743345004078424 90.4
2400097200 70089088108 92.3 47743374714482008 90.4
2400126900 70089100808 92.3 47743384540243288 90.4
2400379000 70089153708 92.3 47743416250375512 90.4
2400938600 70089154408 92.3 47743420021357912 90.4
2401438800 70089155208 92.3 47743421531802072 90.4
2401576500 70089170608 92.3 47743430068381656 90.4
2401618400 70089180108 92.3 47743432759863256 90.4
2401634900 70089207008 92.3 47743453847001048 90.4
2401838000 70089386408 92.3 47743566167332824 90.4
2401914300 70089438608 92.3 47743601083389912 90.4
2402377800 70089440308 92.3 47743603117145560 90.4
2402540600 70089669008 92.3 47743740419743192 90.4
2402603900 70089776508 92.3 47743817678552536 90.4
2402988800 70089852608 92.3 47743869403528664 90.4
2403189600 70089984708 92.3 47744003329850840 90.4
2403211200 70089993208 92.3 47744008576622040 90.4
2403653600 70090122208 92.3 47744064220782040 90.4
2404967400 70090224008 92.3 47744128561098200 90.4
2405177600 70090225108 92.3 47744129016163800 90.4
2405436300 70090303808 92.3 47744206640762328 90.4
2405505200 70090409208 92.3 47744248437788120 90.4
2406010000 70090432608 92.3 47744278069071320 90.4
2406060300 70090433808 92.3 47744279413788120 90.4
2406479300 70090448408 92.3 47744284993365976 90.4
2406527600 70090621808 92.3 47744419805071320 90.4
2406700800 70090631608 92.3 47744424862257112 90.4
2406719800 70090642008 92.3 47744434088292312 90.4
2406915500 70090661408 92.3 47744453811111896 90.4
2407073500 70090736408 92.3 47744521907574744 90.4
2407264700 70090764308 92.3 47744538997110744 90.4
2407701300 70090790308 92.3 47744587112835032 90.4
2408459300 70090790808 92.3 47744587169359832 90.4
2408636200 70092489108 92.3 47746611303114712 90.4
2408696900 70092496108 92.3 47746623209718744 90.4
2408868100 70092521608 92.3 47746647073588184 90.4
2408937000 70092522508 92.3 47746647284736984 90.4
2409051800 70092570008 92.3 47746669386240984 90.4
2409146000 70092623108 92.3 47746716165878744 90.4
2409456700 70092649108 92.3 47746763496096728 90.4
2410483200 70092764208 92.3 47746869668168664 90.4
2410613100 70092795808 92.3 47746892818412504 90.4
2410897800 70092952908 92.3 47747015596749784 90.4
2411505000 70093037608 92.3 47747081301484504 90.4
2411664600 70093051708 92.3 47747089996651480 90.4
2412210800 70093062808 92.3 47747101565754328 90.4
2412592800 70093073408 92.3 47747117171516376 90.4
2412635000 70093175708 92.3 47747166616720344 90.4
2412812700 70093806908 92.3 47747704146138072 90.4
2412957500 70093829208 92.3 47747718679669720 90.4
2412990700 70093853208 92.3 47747740730467288 90.4
2412998000 70093855108 92.3 47747744111999960 90.4
2413108800 70094130508 92.3 47747991805475800 90.4
2413545500 70094291808 92.3 47748159451249624 90.4
2413587800 70094561208 92.3 47748396808469464 90.4
2413776400 70094741908 92.3 47748530101910488 90.4
2413791100 70094746008 92.3 47748534285360088 90.4
2413931200 70094984108 92.3 47748736384392152 90.4
2414482000 70095559908 92.3 47749371455429592 90.4
2414677000 70095576508 92.3 47749391272006616 90.4
2414809300 70095595708 92.3 47749402574496728 90.4
2414837100 70095620808 92.3 47749412399554520 90.4
2414861100 70095657408 92.3 47749437667768280 90.4
2415344100 70095664608 92.3 47749443096610776 90.4
2415545900 70095707308 92.3 47749471849629656 90.4
2415596900 70095711008 92.3 47749477735786456 90.4
2416036400 70095718508 92.3 47749487955727320 90.4
2416577900 70095718908 92.3 47749488331944920 90.4
2416685400 70095727608 92.3 47749492633454552 90.4
2416705900 70095784308 92.3 47749548197685208 90.4
2417063600 70095787808 92.3 47749552681559512 90.4
2417339800 70095891308 92.3 47749638569780696 90.4
2417424500 70095893208 92.3 47749640730259928 90.4
2417630200 70095929808 92.3 47749678227681752 90.4
2417942500 70095940108 92.3 47749690106034648 90.4
2418135400 70095941408 92.3 47749690789657048 90.4
2418259300 70095948908 92.3 47749695047449048 90.4
2418382400 70095952108 92.3 47749698813516248 90.4
2419160900 70095952508 92.3 47749699893631448 90.4
2419670100 70096065908 92.3 47749882950130136 90.4
2420237100 70096067508 92.3 47749884738784472 90.4
2420521400 70096097608 92.3 47749904911781080 90.4
2421152800 70096134308 92.3 47749927487986904 90.4
2421414100 70096158208 92.3 47749939118783704 90.4
2421901600 70096176308 92.3 47749951680898264 90.4
2422027200 70096378408 92.3 47750158186882264 90.4
2422216000 70096382008 92.3 47750160435685080 90.4
2423009200 70096437608 92.3 47750200036247256 90.4
2423504100 70096457008 92.3 47750210308861656 90.4
2423715400 70096538608 92.3 47750280511237848 90.4
2423748700 70096607208 92.3 47750308931948248 90.4
2423764800 70096622908 92.3 47750317754836696 90.4
2423797300 70096649108 92.3 47750333098295000 90.4
2424891900 70096676108 92.3 47750342881386200 90.4
2425121500 70096683808 92.3 47750348602779352 90.4
2425581800 70106268008 92.3 47760481632298712 90.4
2425722300 70106268608 92.3 47760482131396312 90.4
2426526500 70106286008 92.3 47760497867741912 90.4
2426824000 70106293108 92.3 47760501573778136 90.4
2426836700 70106309808 92.3 47760515225538264 90.4
2427060200 70106311908 92.3 47760516776616024 90.4
2428600100 70106351508 92.3 47760533892776024 90.4
2428735700 70106443008 92.3 47760618894532696 90.4
2428903100 70106467708 92.3 47760636992165976 90.4
2429965500 70106468408 92.3 47760638446245976 90.4
2430363000 70106480608 92.3 47760642906436184 90.4
2430829800 70106495208 92.3 47760654968359512 90.4
2431732800 70106501308 92.3 47760660562586712 90.4
2431908900 70110285908 92.3 47763914264816728 90.4
2432119800 70110306008 92.3 47763948933377112 90.4
2434446700 70110307208 92.3 47763949376769112 90.4
2435019700 70110318108 92.3 47763962132802648 90.4
2435101000 70110321708 92.3 47763969623218264 90.4
2435509600 70110340808 92.3 47764003499913304 90.4
2436084500 70110362508 92.3 47764025538050136 90.4
2436278100 70110383808 92.3 47764038315849816 90.4
2436405600 70110393708 92.3 47764042627589208 90.4
2436730800 70110491108 92.3 47764136764114008 90.4
2437270800 70110503708 92.3 47764142509391448 90.4
2437524100 70110560108 92.3 47764190440758872 90.4
2437675200 70112900608 92.3 47765933190323800 90.4
2437763200 70112912508 92.3 47765940903822936 90.4
2438132600 70112959108 92.3 47765979867387480 90.4
2438301000 70112975108 92.3 47765991576967768 90.4
2438589900 70112992308 92.3 47766011086008920 90.4
2438634300 70112992408 92.3 47766011097272920 90.4
2439887400 70113041808 92.3 47766064541835864 90.4
2440040500 70113058508 92.3 47766072557004888 90.4
2440200800 70113080308 92.3 47766089212343384 90.4
2440761000 70113104608 92.3 47766100131634264 90.4
2441402800 70113113608 92.3 47766106040232536 90.4
2441736800 70113183808 92.3 47766133890574936 90.4
2441945900 70113190408 92.3 47766140112580696 90.4
2442406000 70113200708 92.3 47766147857872984 90.4
2443820400 70113202008 92.3 47766147997341784 90.4
2443957500 70113356908 92.3 47766272739260504 90.4
2444320900 70113359208 92.3 47766276714018904 90.4
2444345100 70113394208 92.3 47766324270418008 90.4
2444637700 70113441508 92.3 47766366953982040 90.4
2445718400 70113460508 92.3 47766390395615320 90.4
2446267700 70113470508 92.3 47766397976819288 90.4
2446465600 70113478808 92.3 47766400799669848 90.4
2447042000 70113494908 92.3 47766408179023448 90.4
2447627300 70116279108 92.3 47770526054940248 90.4
2448251000 70117269708 92.3 47770743568809560 90.4
2448406600 70117271108 92.3 47770744154564824 90.4
2448497300 70117316608 92.3 47770801720907992 90.4
2449165000 70117337508 92.3 47770824519069912 90.4
2449525800 70117347508 92.3 47770843291875544 90.4
2449957600 70117356508 92.3 47770846559254744 90.4
2450055900 70117360208 92.3 47770850712293592 90.4
2450433000 70117504708 92.3 47770970887958744 90.4
2450483500 70117872608 92.3 47771127243550936 90.4
2450500500 70117884308 92.3 47771139180695768 90.4
2450635800 70118233308 92.3 47771382464860376 90.4
2450668600 70118574208 92.3 47771603952455896 90.4
2450795100 70118611808 92.3 47771623306658008 90.4
2450976800 70118649808 92.3 47771664757629144 90.4
2452301600 70119909008 92.3 47772724490019032 90.4
2452814900 70119909708 92.3 47772724692156632 90.4
2453128700 70119925908 92.3 47772732375228632 90.4
2453344000 70119942308 92.3 47772739941608664 90.4
2453398700 70121587208 92.3 47778648903822552 90.4
2453472400 70121679108 92.3 47778710956997848 90.4
2453686000 70121680008 92.3 47778711236345048 90.4
2453855200 70121703508 92.3 47778723945561304 90.4
2454307200 70121715408 92.3 47778728593087704 90.4
2454436700 70121736808 92.3 47778750832067800 90.4
2454762800 70121736908 92.3 47778751240439000 90.4
2455140500 70121739208 92.3 47778755715677400 90.4
2455832200 70121743508 92.3 47778762344449240 90.4
2456175700 70121760308 92.3 47778776327988440 90.4
2456682700 70121781208 92.3 47778810852283608 90.4
2457647200 70121789408 92.3 47778814511240408 90.4
2458146600 70121800108 92.3 47778819767920856 90.4
2458586400 70121803408 92.3 47778822198417624 90.4
2459632800 70121813208 92.3 47778832607652056 90.4
2459912700 70121822908 92.3 47778840571558616 90.4
2459928700 70121840308 92.3 47778848373748440 90.4
2460179300 70121846508 92.3 47778852616180440 90.4
2460243500 70121984308 92.3 47778950926447320 90.4
2460783400 70123316208 92.3 47779190505878232 90.4
2461030400 70123512408 92.3 47779352164561624 90.4
2461114100 70123597208 92.3 47779436812022488 90.4
2461156300 70123707808 92.3 47779528198378200 90.4
2461197300 70123723308 92.3 47779553494817496 90.4
2461209900 70123796308 92.3 47779602347551448 90.4
2462382200 70123880108 92.3 47779666032356056 90.4
2462501700 70124008708 92.3 47779728476039896 90.4
2462717200 70128551008 92.3 47785356690942680 90.4
2462900100 70128551508 92.3 47785356942846680 90.4
2463133600 70128566608 92.3 47785384362121944 90.4
2463170200 70128640608 92.3 47785450189449944 90.4
2463769800 70128647908 92.3 47785453075901144 90.4
2464357700 70128655108 92.3 47785459540208344 90.4
2464387000 70128655408 92.3 47785460053485528 90.4
2464392700 70128662308 92.3 47785463427155928 90.4
2464399900 70128668508 92.3 47785470300143064 90.4
2466027800 70128672508 92.3 47785476594073048 90.4
2466165000 70128690508 92.3 47785489770032600 90.4
2466214000 70128694508 92.3 47785493645625560 90.4
2466402500 70128711508 92.3 47785500361836760 90.4
2466635200 70128774008 92.3 47785549829388504 90.4
2466906000 70128802708 92.3 47785581713062104 90.4
2467098100 70128803708 92.3 47785582490687704 90.4
2467324800 70128811908 92.3 47785587450738904 90.4
2467536500 70128819308 92.3 47785590349273304 90.4
2467614100 70129260108 92.3 47785886642542808 90.4
2467636000 70129333308 92.3 47785958144809176 90.5
2468904600 70129340808 92.3 47785961447989208 90.5
2468956400 70129361908 92.3 47785980001546200 90.5
2469023200 70129388608 92.3 47786002049290200 90.5
2469361500 70129410108 92.3 47786012255804376 90.5
2469527200 70129419608 92.3 47786018934241752 90.5
2469807400 70129425408 92.3 47786022060045528 90.5
2470177700 70129474708 92.3 47786059255559384 90.5
2470216700 70129501608 92.3 47786068147817688 90.5
2470850200 70129503108 92.3 47786069708606680 90.5
2470949400 70129519608 92.3 47786076947007192 90.5
2471394300 70129645508 92.3 47786259690407640 90.5
2471418700 70129668508 92.3 47786273593631448 90.5
2471805100 70129687608 92.3 47786281939242200 90.5
2471837000 70129690508 92.3 47786285239389400 90.5
2471840900 70129691408 92.3 47786285599837400 90.5
2471887900 70129707108 92.3 47786294813024472 90.5
2471934100 70129716408 92.3 47786300002084568 90.5
2472297900 70129724508 92.3 47786304743610072 90.5
2472635400 70129727208 92.3 47786305575940888 90.5
2472899500 70129770708 92.3 47786351155643160 90.5
2473272300 70129801708 92.3 47786364959982360 90.5
2473538800 70129872908 92.3 47786443070751512 90.5
2473634600 70129886108 92.3 47786453838073624 90.5
2474227700 70129892308 92.3 47786455969427224 90.5
2474763900 70129946508 92.3 47786524616322840 90.5
2474874800 70130035008 92.3 47786599804096280 90.5
2475052100 70130044208 92.3 47786606937199384 90.5
2475389500 70130046308 92.3 47786610239041048 90.5
2476040200 70130129308 92.3 47786661549231640 90.5
2476068800 70130188608 92.3 47786727894007320 90.5
2476543000 70130192308 92.3 47786732215097880 90.5
2476942300 70130194008 92.3 47786733285838104 90.5
2476973300 70130202008 92.3 47786736984107800 90.5
2477512300 70130203108 92.3 47786742296415000 90.5
2477662300 70130217308 92.3 47786752900377368 90.5
2477874800 70130224208 92.3 47786757113522968 90.5
2477922200 70130266008 92.3 47786785042873112 90.5
2477922600 70130270008 92.3 47786789832976664 90.5
2478404500 70130275708 92.3 47786791485917464 90.5
2478968700 70130381308 92.3 47786888032946456 90.5
2478998000 70130395908 92.3 47786896368273688 90.5
2479237200 70130446808 92.3 47786946260834584 90.5
2480005900 70130461108 92.3 47786951919951128 90.5
2480531200 70130493908 92.3 47786968696987928 90.5
2480681000 70130543008 92.3 47786991023874328 90.5
2480877500 70130543408 92.3 47786991170511128 90.5
2481215100 70130549208 92.3 47787005441878296 90.5
2482271100 70130560108 92.3 47787019976754456 90.5
2482280300 70130575508 92.3 47787031749998872 90.5
2482425500 70130594608 92.3 47787043709462808 90.5
2482969500 70131744708 92.3 47788431635327256 90.5
2483379200 70131766908 92.3 47788446494338328 90.5
2483732300 70131785808 92.3 47788467551620376 90.5
2484894600 70131790708 92.3 47788473191826712 90.5
2486501600 70131808008 92.3 47788485943356696 90.5
2486660100 70131824208 92.3 47788496950529304 90.5
2486907000 70134160508 92.3 47791274203417880 90.5
2486957900 70134193608 92.3 47791303154378008 90.5
2487059000 70134282408 92.3 47791383306781976 90.5
2487672100 70134368208 92.3 47791472382240024 90.5
2487858500 70134472108 92.3 47791558796084504 90.5
2487912300 70135366608 92.3 47792220913304856 90.5
2488169100 70135533208 92.3 47792386291008792 90.5
2488323900 70135533708 92.3 47792386815501592 90.5
2488554500 70135561508 92.3 47792419099407640 90.5
2488730600 70135582108 92.3 47792436840961304 90.5
2489753000 70135598708 92.3 47792457962732824 90.5
2490185500 70135607208 92.3 47792461379820824 90.5
2491294600 70135614308 92.3 47792469479842584 90.5
2491897300 70135704908 92.3 47792528289276696 90.5
2491957000 70135883008 92.3 47792700108628760 90.5
2492407000 70135930208 92.3 47792777231254296 90.5
2492615300 70136077708 92.3 47792904896013080 90.5
2493323800 70136093008 92.3 47792916332796696 90.5
2493965800 70136096208 92.3 47792918438345496 90.5
2494054100 70136104708 92.3 47792921835363096 90.5
2494366800 70136111508 92.3 47792927143779096 90.5
2494574000 70136131208 92.3 47792954914409240 90.5
2495216800 70136153908 92.3 47792982485023512 90.5
2495570200 70136176808 92.3 47793014718159640 90.5
2495691400 70136185208 92.3 47793018003766040 90.5
2495743000 70136532208 92.3 47793308273064728 90.5
2496171800 70136537008 92.3 47793315078029080 90.5
2496315500 70136625908 92.3 47793411983769368 90.5
2496346100 70136646908 92.3 47793421478911768 90.5
2496825000 70136660708 92.3 47793437745631000 90.5
2496968000 70144513508 92.3 47810126361153304 90.5
2497012600 70144588008 92.3 47810168306011928 90.5
2497422900 70144611708 92.3 47810188740968216 90.5
2497597100 70144612208 92.3 47810189428481816 90.5
2497737200 70144614708 92.3 47810192295839256 90.5
2497797200 70144638708 92.3 47810218421962264 90.5
2498130100 70144643208 92.3 47810220182591896 90.5
2498689800 70144654308 92.3 47810226130860440 90.5
2498900600 70144662808 92.3 47810233987993496 90.5
2499134900 70144696808 92.3 47810258171922328 90.5
2499621600 70144819008 92.3 47810281260908440 90.5
2500531800 70144821708 92.3 47810282873750168 90.5
2500760800 70144830908 92.3 47810292245342872 90.5
2500820000 70144839608 92.3 47810306349105816 90.5
2501580900 70144840808 92.3 47810307059966616 90.5
2501636100 70144846708 92.3 47810310033446552 90.5
2501830800 70144923608 92.3 47810346728945304 90.5
2501839200 70144950208 92.3 47810367001280152 90.5
2501926700 70145001508 92.3 47810402826034840 90.5
2503083900 70145003608 92.3 47810403713185816 90.5
2503303600 70145015708 92.3 47810412218570264 90.5
2503804500 70145050508 92.3 47810438852218392 90.5
2504379300 70145061608 92.3 47810451830988312 90.5
2504723900 70145092708 92.3 47810467478042136 90.5
2504850900 70145107808 92.3 47810479970042392 90.5
2504907100 70145138708 92.3 47810509603811864 90.5
2505009700 70145234108 92.3 47810573059297816 90.5
2505553100 70145272908 92.3 47810628148163096 90.5
2506424600 70145287508 92.3 47810640022944280 90.5
2506655200 70145289808 92.3 47810641192966680 90.5
2507008600 70145297308 92.3 47810646906020376 90.5
2507105500 70145334108 92.3 47810672432177688 90.5
2507289600 70145334508 92.3 47810672792830488 90.5
2507594700 70145425908 92.3 47810749678969368 90.5
2507919700 70145432808 92.3 47810752674169368 90.5
2507947200 70145436008 92.3 47810753082130968 90.5
2508080100 70145500108 92.3 47810806853616152 90.5
2508368500 70145500508 92.3 47810806968713752 90.5
2508444100 70145589908 92.3 47810866428490264 90.5
2508498100 70145610908 92.3 47810877854059032 90.5
2508596900 70145707408 92.3 47810932300220952 90.5
2509237400 70145827908 92.3 47811039546075672 90.5
2509318300 70145829008 92.3 47811040732891672 90.5
2509600900 70145830308 92.3 47811041516866072 90.5
2509816900 70145846308 92.3 47811051548403224 90.5
2510163200 70145867408 92.3 47811066160584216 90.5
2510549000 70145885708 92.3 47811081205620248 90.5
2510596400 70145920308 92.3 47811116380093976 90.5
2510814300 70145968608 92.3 47811169228590616 90.5
2511198300 70146080308 92.3 47811210419809816 90.5
2512601500 70146145408 92.3 47811271022702104 90.5
2512677000 70146211108 92.3 47811319963278872 90.5
2512950200 70146235108 92.3 47811341358720536 90.5
2512977200 70146236208 92.3 47811341819110936 90.5
2513310900 70146250708 92.3 47811349685315096 90.5
2514157200 70146272908 92.3 47811371995229720 90.5
2514674300 70146463108 92.3 47811484279369240 90.5
2515029900 70146484008 92.3 47811496058820120 90.5
2515104900 70146501008 92.3 47811501406735384 90.5
2515169000 70146520208 92.3 47811508943989784 90.5
2515345200 70146527708 92.3 47811515680507928 90.5
2515653600 70152771708 92.4 47818157652920344 90.5
2516053800 70152800308 92.4 47818174957670424 90.5
2516484200 70152808108 92.4 47818179561943576 90.5
2516530000 70152829608 92.4 47818187517399576 90.5
2517154800 70152866908 92.4 47818215499678232 90.5
2517421500 70152881608 92.4 47818235986149912 90.5
2517479900 70152955408 92.4 47818301281464856 90.5
2517856700 70152963708 92.4 47818306505503256 90.5
2518239900 70152971808 92.4 47818311666017816 90.5
2518521700 70152991708 92.4 47818317059221016 90.5
2518560600 70153069708 92.4 47818375248090648 90.5
2519091900 70153087108 92.4 47818385885070872 90.5
2519344900 70153090208 92.4 47818386492892440 90.5
2519438900 70153353508 92.4 47818537656542488 90.5
2519747500 70153487808 92.4 47818589128922392 90.5
2519768600 70153726608 92.4 47818774198555928 90.5
2519899900 70153739308 92.4 47818779734504728 90.5
2520123600 70153744808 92.4 47818787302296856 90.5
2520150600 70153750508 92.4 47818794923569944 90.5
2520281600 70153763108 92.4 47818802691505944 90.5
2520682300 70153765908 92.4 47818804090904344 90.5
2520838800 70153768608 92.4 47818812002269464 90.5
2521089600 70153775908 92.4 47818816273578264 90.5
2521216900 70153825508 92.4 47818854886607128 90.5
2521628000 70153908808 92.4 47818950719924504 90.5
2522523600 70153915608 92.4 47818952109902104 90.5
2522768800 70153921408 92.4 47818957256935704 90.5
2523209400 70153953908 92.4 47818987327543576 90.5
2523392700 70153955108 92.4 47818989047021720 90.5
2523537600 70154064008 92.4 47819094496444568 90.5
2524283400 70154953808 92.4 47822248643461272 90.5
2524827900 70155005908 92.4 47822283599032472 90.5
2524888800 70155015408 92.4 47822290435104408 90.5
2525629000 70155018608 92.4 47822293864275608 90.5
2525767900 70155041708 92.4 47822305231904408 90.5
2526083800 70155042708 92.4 47822305313824408 90.5
2526223900 70155142408 92.4 47822388780220056 90.5
2526329400 70155148308 92.4 47822393679261336 90.5
2526976900 70155222108 92.4 47822454597037720 90.5
2527203100 70155307508 92.4 47822530410278552 90.5
2527312300 70155359308 92.4 47822572866133656 90.5
2527912600 70155530208 92.4 47822711284276888 90.5
2528492700 70157426808 92.4 47825535268527768 90.5
2528603700 70157438808 92.4 47825542579600536 90.5
2528663000 70157474708 92.4 47825629603724440 90.5
2528805600 70157484708 92.4 47825640144450712 90.5
2528917100 70157502308 92.4 47825647702386328 90.5
2529231800 70157507408 92.4 47825650804491928 90.5
2529440200 70157509008 92.4 47825652184366104 90.5
2529765700 70157549708 92.4 47825691894389784 90.5
2530173300 70157559608 92.4 47825695684213784 90.5
2531122700 70157661008 92.4 47825758558411800 90.5
2531148300 70157695708 92.4 47825792644793368 90.5
2531256500 70157735608 92.4 47825827969508376 90.5
2531719800 70157742108 92.4 47825833972605976 90.5
2531871400 70157746108 92.4 47825837427910424 90.5
2532235000 70157949108 92.4 47825998310483736 90.5
2532619400 70157949608 92.4 47825998469408536 90.5
2533035900 70157951308 92.4 47825999862917528 90.5
2533202900 70157971108 92.4 47826010319413656 90.5
2533503700 70157985608 92.4 47826022195724696 90.5
2534078900 70158001008 92.4 47826032785418648 90.5
2534516100 70158010608 92.4 47826041713066392 90.5
2534899300 70158020008 92.4 47826048701255576 90.5
2535123600 70158057508 92.4 47826063680188312 90.5
2535336500 70158081208 92.4 47826082852843416 90.5
2536381300 70158084708 92.4 47826088413288856 90.5
2536688000 70158091408 92.4 47826089853237656 90.5
2536957700 70158114208 92.4 47826106991855000 90.5
2537467100 70158275408 92.4 47826231306659224 90.5
2537570500 70158325208 92.4 47826283097716120 90.5
2537643500 70158331908 92.4 47826289964412312 90.5
2537786500 70159108108 92.4 47826478143647128 90.5
2537995200 70159112608 92.4 47826481903154072 90.5
2538006100 70159120208 92.4 47826485899211672 90.5
2538112800 70159121308 92.4 47826487882085272 90.5
2538581000 70159122208 92.4 47826488059032472 90.5
2538885900 70159123008 92.4 47826494718263704 90.5
2538921300 70159141108 92.4 47826509140257176 90.5
2539004800 70159196608 92.4 47826589842090392 90.5
2539165100 70159206608 92.4 47826597309942168 90.5
2539218100 70159217108 92.4 47826602405161368 90.5
2539322400 70159256108 92.4 47826633449539992 90.5
2539352500 70159334508 92.4 47826706599815576 90.5
2539520000 70159343008 92.4 47826717321759128 90.5
2539563400 70159441008 92.4 47826849217087896 90.5
2539654800 70159563308 92.4 47826896726239640 90.5
2539711200 70159567508 92.4 47826898989654936 90.5
2539816700 70159573108 92.4 47826904786362776 90.5
2539985600 70159584208 92.4 47826911832060312 90.5
2540417800 70159591708 92.4 47826917304413592 90.5
2540497700 70159610608 92.4 47826925291432344 90.5
2540550800 70159620208 92.4 47826935421501848 90.5
2540830900 70159621608 92.4 47826937655630744 90.5
2541120000 70159659608 92.4 47826953829089176 90.5
2541473600 70159699408 92.4 47826982141052824 90.5
2541691200 70159705008 92.4 47826985201379224 90.5
2541718000 70159722908 92.4 47826991988656024 90.5
2541775400 70159727008 92.4 47827000514674072 90.5
2541782100 70159849908 92.4 47827077380660632 90.5
2541809600 70159860708 92.4 47827083309706136 90.5
2541859000 70159876008 92.4 47827098136368024 90.5
2541926600 70159880408 92.4 47827102440064408 90.5
2541940400 70159881608 92.4 47827104060851608 90.5
2542409300 70159890908 92.4 47827109608870296 90.5
2542426700 70162887108 92.4 47830573747196312 90.5
2542489400 70162903908 92.4 47830587547031960 90.5
2542500300 70162908408 92.4 47830590284392088 90.5
2542644200 70162922208 92.4 47830598363956888 90.5
2542691800 70163005808 92.4 47830692978386584 90.5
2542943000 70163053408 92.4 47830714449479320 90.5
2543022900 70163062508 92.4 47830718638590104 90.5
2543919300 70163084708 92.4 47830744912459928 90.5
2544083500 70163084908 92.4 47830745699301528 90.5
2544366000 70163096208 92.4 47830748891723928 90.5
2544471200 70163096708 92.4 47830749053925528 90.5
2544685300 70163103608 92.4 47830752771250328 90.5
2544717200 70163110108 92.4 47830757920429720 90.5
2544917000 70163299408 92.4 47830921494484632 90.5
2544948900 70163325508 92.4 47830935445248664 90.5
2545241700 70163325808 92.4 47830936067840664 90.5
2545301400 70163353408 92.4 47830972638395032 90.5
2545305500 70163356708 92.4 47830975944386200 90.5
2545576400 70163364808 92.4 47830977903912600 90.5
2545642700 70163470908 92.4 47831035715630744 90.5
2545684700 70163481308 92.4 47831043156019864 90.5
2545747000 70163488708 92.4 47831046782003864 90.5
2545865600 70164858808 92.4 47832151441615512 90.5
2546135300 70164863708 92.4 47832158654719128 90.5
2546357100 70165064908 92.4 47832311398147224 90.5
2546478800 70165096408 92.4 47832328846468248 90.5
2546583400 70165136008 92.4 47832363838063768 90.5
2546803200 70165178608 92.4 47832404986410136 90.5
2546811200 70165178908 92.4 47832405525443736 90.5
2546905900 70165186908 92.4 47832415238683800 90.5
2546944100 70165218408 92.4 47832427239963800 90.5
2546969000 70165224108 92.4 47832434926557336 90.5
2546998000 70165264808 92.4 47832465386588312 90.5
2547013200 70165297708 92.4 47832490787139736 90.5
2547061700 70165437208 92.4 47832567776014488 90.5
2547116900 70165613808 92.4 47832676780134552 90.5
2547124100 70165632708 92.4 47832686340362392 90.5
2547545700 70165646608 92.4 47832693514796696 90.5
2547710600 70165648308 92.4 47832697311788696 90.5
2547736900 70165649008 92.4 47832697846111896 90.5
2547747200 70165653608 92.4 47832700790316696 90.5
2547899500 70166451108 92.4 47833685012520600 90.5
2547950400 70166460608 92.4 47833692394263192 90.5
2548011100 70166473208 92.4 47833702760958616 90.5
2548021000 70166480408 92.4 47833706526266520 90.5
2548256600 70166480508 92.4 47833706642388120 90.5
2548263000 70166489108 92.4 47833715155393688 90.5
2548273900 70166562308 92.4 47833777667542168 90.5
2548304200 70166569108 92.4 47833780133948568 90.5
2548475800 70166572608 92.4 47833785482988696 90.5
2548538400 70166574808 92.4 47833789542733720 90.5
2548636500 70166779208 92.4 47833943714224024 90.5
2548693900 70166779808 92.4 47833944752560024 90.5
2548845200 70172367708 92.4 47839960760752024 90.6
2548849900 70172381708 92.4 47839975441172376 90.6
2548963900 70172385108 92.4 47839983842762648 90.6
2548988500 70172391708 92.4 47839987003825304 90.6
2549012600 70172395408 92.4 47839991251889304 90.6
2549343000 70172412708 92.4 47840005959879832 90.6
2549494800 70172450008 92.4 47840034269998232 90.6
2549560900 70172457108 92.4 47840040677150360 90.6
2549651800 70172533808 92.4 47840082811453080 90.6
2549719900 70172542108 92.4 47840088057814680 90.6
2550317200 70172544408 92.4 47840099218285208 90.6
2550339800 70172547608 92.4 47840100954784408 90.6
2550392000 70175169708 92.4 47842353782309528 90.6
2550550700 70175175008 92.4 47842359681578136 90.6
2550937300 70176726208 92.4 47844134618494104 90.6
2551339100 70176736808 92.4 47844138446615704 90.6
2551625900 70176749708 92.4 47844143885694104 90.6
2551630900 70176787108 92.4 47844158293578904 90.6
2551719500 70176787608 92.4 47844158390858904 90.6
2551724700 70176992208 92.4 47844314292892824 90.6
2551976000 70177000508 92.4 47844317939561624 90.6
2552415700 70177014308 92.4 47844322433078424 90.6
2552529000 70177313408 92.4 47844607551411352 90.6
2552538900 70177357608 92.4 47844660018869400 90.6
2552557000 70177363808 92.4 47844662561051800 90.6
2552590100 70177368908 92.4 47844666973346968 90.6
2552722400 70177390008 92.4 47844683813349528 90.6
2553484700 70178229108 92.4 47844851440052376 90.6
2553532300 70178252508 92.4 47844871232282776 90.6
2553620700 70178252808 92.4 47844871628980376 90.6
2553622400 70178257108 92.4 47844874986471576 90.6
2553663500 70178264408 92.4 47844879628391064 90.6
2553760400 70178266708 92.4 47844881191471256 90.6
2553766800 70178297708 92.4 47844898322798744 90.6
2554030000 70178303708 92.4 47844901764872344 90.6
2554223400 70178312308 92.4 47844905478305944 90.6
2554561000 70178313408 92.4 47844907586986136 90.6
2554579700 70178318908 92.4 47844913919227544 90.6
2554704000 70178371108 92.4 47844964352566936 90.6
2554802400 70178381008 92.4 47844978208299672 90.6
2554965200 70178413308 92.4 47844999703732888 90.6
2555153800 70178414108 92.4 47845000085220088 90.6
2555155800 70178438408 92.4 47845023906423544 90.6
2555181600 70178476908 92.4 47845040804471544 90.6
2555304400 70178484008 92.4 47845045626119928 90.6
2555465200 70178514608 92.4 47845073724380920 90.6
2555486600 70178515008 92.4 47845074237732216 90.6
2555519800 70178516208 92.4 47845075356759416 90.6
2555581800 70178517708 92.4 47845077678315384 90.6
2555880600 70178524508 92.4 47845082397776760 90.6
2555907600 70178530008 92.4 47845083984567160 90.6
2556035100 70178542208 92.4 47845090572759928 90.6
2556076900 70178569708 92.4 47845106081815416 90.6
2556649200 70178576408 92.4 47845109207063416 90.6
2557099700 70178589708 92.4 47845116198972280 90.6
2557135500 70178595308 92.4 47845120696392568 90.6
2557179300 70178601308 92.4 47845124189268856 90.6
2557482900 70178602008 92.4 47845124686728056 90.6
2557518600 70180346508 92.4 47846322524375928 90.6
2557781300 70180358408 92.4 47846327966130552 90.6
2557804600 70180382208 92.4 47846344579734904 90.6
2557865200 70180390708 92.4 47846348563585656 90.6
2557872500 70180624308 92.4 47846576945076856 90.6
2558187700 70180721908 92.4 47846692307122808 90.6
2558306900 70180728608 92.4 47846699437714552 90.6
2558672600 70180882508 92.4 47846797069937784 90.6
2558712500 70180929308 92.4 47846828214236280 90.6
2558793300 70181058208 92.4 47846936039576696 90.6
2558945100 70181070208 92.4 47846944622461048 90.6
2559127000 70181218208 92.4 47847104652509304 90.6
2559299700 70181285808 92.4 47847164846211192 90.6
2559568900 70181646708 92.4 47847505748131960 90.6
2559861100 70181657108 92.4 47847510019361912 90.6
2559999600 70181685208 92.4 47847528494025848 90.6
2560290000 70181691808 92.4 47847536425228408 90.6
2560412100 70181699208 92.4 47847541217343608 90.6
2560468400 70182228408 92.4 47848072777578616 90.6
2560486700 70182439308 92.4 47848275042646136 90.6
2560626300 70182662508 92.4 47848434065569912 90.6
2560693700 70182691208 92.4 47848454398210168 90.6
2560860200 70182698408 92.4 47848460237672568 90.6
2561014300 70182721808 92.4 47848474534282360 90.6
2561333600 70182727608 92.4 47848479378441336 90.6
2561362600 70182741308 92.4 47848486731785336 90.6
2561444500 70182747908 92.4 47848489129942648 90.6
2561550700 70182758708 92.4 47848496000777848 90.6
2561595200 70182794208 92.4 47848520448417400 90.6
2561954200 70182797808 92.4 47848525376720504 90.6
2561987800 70182809008 92.4 47848529762684024 90.6
2562172100 70182809808 92.4 47848530261414616 90.6
2562196100 70182817508 92.4 47848535457252056 90.6
2562726700 70182825908 92.4 47848547312161496 90.6
2562804500 70182877508 92.4 47848595074396888 90.6
2563695600 70182902008 92.4 47848613300749016 90.6
2563821000 70182903008 92.4 47848614024843352 90.6
2564218400 70182970008 92.4 47848668051607640 90.6
2564234000 70183110408 92.4 47848758577008728 90.6
2564508400 70183330508 92.4 47848921331224664 90.6
2564952100 70183331508 92.4 47848921761509464 90.6
2565059000 70183367708 92.4 47848948659365976 90.6
2565426900 70183379208 92.4 47848951460825176 90.6
2565481700 70183430308 92.4 47848971861246040 90.6
2565493900 70183441508 92.4 47848976304382040 90.6
2565798900 70184917908 92.4 47849992382062680 90.6
2565801400 70184926508 92.4 47849997050433624 90.6
2565812400 70184932308 92.4 47849999474825048 90.6
2565880200 70185844308 92.4 47850106500806488 90.6
2566157500 70185958008 92.4 47850240930740056 90.6
2566170300 70185981108 92.4 47850252321719128 90.6
2566273700 70185997108 92.4 47850269833130840 90.6
2566552900 70186155008 92.4 47850381553947480 90.6
2566767000 70186164108 92.4 47850387424539480 90.6
2567142300 70186196908 92.4 47850404566813528 90.6
2567212600 70186209808 92.4 47850412920896344 90.6
2567250700 70186213608 92.4 47850417395864920 90.6
2567425400 70186248908 92.4 47850463079900504 90.6
2567509400 70186249608 92.4 47850463494825304 90.6
2567749200 70186254808 92.4 47850466802018136 90.6
2567756400 70187316108 92.4 47851394698258264 90.6
2567845200 70187398108 92.4 47851461118240600 90.6
2567882000 70187411708 92.4 47851466014189400 90.6
2568077100 70187411808 92.4 47851466375661400 90.6
2568237800 70187430308 92.4 47851480163294040 90.6
2568309700 70187678408 92.4 47851714695125848 90.6
2568359400 70187752508 92.4 47851772340538200 90.6
2568533800 70187805208 92.4 47851822798908248 90.6
2568549600 70187812508 92.4 47851829046323544 90.6
2569047100 70187862708 92.4 47851871447939416 90.6
2569071700 70187895708 92.4 47851898214574424 90.6
2569077500 70187896408 92.4 47851898798664024 90.6
2569129700 70187936508 92.4 47851924016484696 90.6
2569150100 70187939108 92.4 47851927775430744 90.6
2569588000 70187944308 92.4 47851929728936024 90.6
2569591900 70187999308 92.4 47851971113035864 90.6
2569700000 70188001408 92.4 47851976228660824 90.6
2569744200 70188002408 92.4 47851977795585624 90.6
2569942200 70188006608 92.4 47851984047521368 90.6
2569976400 70188012008 92.4 47851991142202968 90.6
2569994500 70188020708 92.4 47852003790937688 90.6
2570057500 70188021008 92.4 47852003940851288 90.6
2570065500 70188045308 92.4 47852015237857880 90.6
2570141600 70188097508 92.4 47852169580462680 90.6
2570190000 70188257308 92.4 47852344817074776 90.6
2570304300 70188262708 92.4 47852346355122776 90.6
2570317400 70188284108 92.4 47852364518500952 90.6
2570342300 70188303108 92.4 47852371718449752 90.6
2570475700 70188317508 92.4 47852383718359640 90.6
2570533500 70188319308 92.4 47852391044940376 90.6
2570598500 70188358208 92.4 47852425378755160 90.6
2570764700 70188366508 92.4 47852440618113624 90.6
2571022300 70188373008 92.4 47852447203453528 90.6
2571108300 70190392108 92.4 47854661692942936 90.6
2571222700 70190399908 92.4 47854666822363736 90.6
2571225800 70190406608 92.4 47854674442969176 90.6
2571275800 70190414108 92.4 47854683539634264 90.6
2571278100 70190441108 92.4 47854705805088856 90.6
2571312000 70190441908 92.4 47854706643540056 90.6
2571329700 70190449008 92.4 47854717501059160 90.6
2571367600 70190727308 92.4 47854960867127384 90.6
2571367800 70190816608 92.4 47855007908970584 90.6
2571528900 70190818108 92.4 47855008250781784 90.6
2571610500 70190819508 92.4 47855008845111384 90.6
2571658700 70190822708 92.4 47855014120156760 90.6
2571781600 70190892408 92.4 47855069283253848 90.6
2571823900 70190918708 92.4 47855093146596952 90.6
2572019500 70191035808 92.4 47855228019652184 90.6
2572036700 70191044708 92.4 47855235829172824 90.6
2572230000 70191065908 92.4 47855244418689624 90.6
2572294800 70191067308 92.4 47855245003188824 90.6
2572428600 70191068208 92.4 47855245552511128 90.6
2572619200 70191072908 92.4 47855247396120728 90.6
2572697800 70191091508 92.4 47855261591249048 90.6
2572731500 70191092908 92.4 47855262508181016 90.6
2572817200 70191135108 92.4 47855284590255640 90.6
2573025600 70191321408 92.4 47855453053836824 90.6
2573097700 70191347508 92.4 47855474113768984 90.6
2573212800 70191349708 92.4 47855477898566680 90.6
2573497400 70191377208 92.4 47855497203717144 90.6
2573592300 70191427808 92.4 47855519081432088 90.6
2573801300 70191439308 92.4 47855526746001944 90.6
2573911500 70191444008 92.4 47855533789196312 90.6
2573999800 70191817308 92.4 47855961097383960 90.6
2574011000 70191862208 92.4 47856017857171480 90.6
2574275500 70191879708 92.4 47856025694010392 90.6
2574290100 70191895208 92.4 47856033878589976 90.6
2574314500 70191895608 92.4 47856034358231576 90.6
2574317100 70191911008 92.4 47856044579389976 90.6
2574323500 70191912308 92.4 47856046191698456 90.6
2574427000 70191918008 92.4 47856048645816856 90.6
2574498100 70191920908 92.4 47856049460101656 90.6
2574545500 70191925008 92.4 47856059701615128 90.6
2574644500 70191946408 92.4 47856085534865944 90.6
2574790400 70192108908 92.4 47856216245811736 90.6
2574903900 70192155908 92.4 47856250182978072 90.6
2574904800 70192156308 92.4 47856251031669272 90.6
2574958800 70192174408 92.4 47856266137030168 90.6
2575011100 70192201608 92.4 47856300807818776 90.6
2575087100 70192205208 92.4 47856305076346392 90.6
2575126300 70192208508 92.4 47856310025743896 90.6
2575322200 70192220008 92.4 47856315493494296 90.6
2575360600 70192242008 92.4 47856332655916568 90.6
2575364900 70192403408 92.4 47856486149076504 90.6
2575396200 70192410008 92.4 47856492073523736 90.6
2575488900 70192417808 92.4 47856496485575704 90.6
2575503000 70192428008 92.4 47856505534398488 90.6
2575558900 70192436308 92.4 47856508119384088 90.6
2575659100 70192736708 92.4 47856802160738328 90.6
2575724600 70192796708 92.4 47856850352930840 90.6
2575794800 70192807108 92.4 47856870635706392 90.6
2575810500 70192976008 92.4 47856975376627736 90.6
2575844800 70193067908 92.4 47857021941356568 90.6
2575982600 70193068908 92.4 47857023168313368 90.6
2576011700 70193127308 92.4 47857079171020824 90.6
2576021800 70193133508 92.4 47857080987392024 90.6
2576027400 70193135008 92.4 47857081585940312 90.6
2576065700 70193193608 92.4 47857123626530648 90.6
2576121400 70193230708 92.4 47857141067413336 90.6
2576124400 70193278808 92.4 47857172585463640 90.6
2576704000 70193291508 92.4 47857190494222168 90.6
2576745000 70193292808 92.4 47857190715815768 90.6
2576752900 70193296708 92.4 47857194762663768 90.6
2576839000 70193375608 92.4 47857260006279000 90.6
2576946700 70194262608 92.4 47860351406770008 90.6
2577156200 70194264608 92.4 47860357801240408 90.6
2577546400 70194303208 92.4 47860375436027736 90.6
2577609000 70194325308 92.4 47860400035639128 90.6
2577635300 70194361908 92.4 47860426932379480 90.6
2577657500 70194362008 92.4 47860426958593880 90.6
2577715900 70194447508 92.4 47860479178288984 90.6
2577784700 70194457108 92.4 47860485739737944 90.6
2578052000 70194457408 92.4 47860486373593944 90.6
2578128100 70194510008 92.4 47860540452946776 90.6
2578275800 70194558008 92.4 47860564574059352 90.6
2578288400 70194740108 92.4 47860675006937944 90.6
2578333000 70194872408 92.4 47860763452455768 90.6
2578359300 70194876808 92.4 47860767739738968 90.6
2578380000 70194885808 92.4 47860778823851864 90.6
2578723900 70194918608 92.4 47860818387521368 90.6
2578743700 70194972808 92.4 47860865946816344 90.6
2578850300 70194977308 92.4 47860873025557336 90.6
2578913000 70194989308 92.4 47860882217575256 90.6
2579197500 70194989708 92.4 47860882753332056 90.6
2579313500 70194992608 92.4 47860885610543192 90.6
2579527300 70195006908 92.4 47860902311908440 90.6
2579850100 70195007608 92.4 47860902459774040 90.6
2579913800 70195010308 92.4 47860905341336664 90.6
2580022900 70195066708 92.4 47860929424151640 90.6
2580187500 70195067508 92.4 47860934121878104 90.6
2580289700 70195069908 92.4 47860938477928024 90.6
2580427200 70195076008 92.4 47860944736005208 90.6
2580449500 70195077008 92.4 47860945107307608 90.6
2580554700 70195150208 92.4 47861026143718488 90.6
2580754000 70195162908 92.4 47861033939162200 90.6
2580832600 70195185108 92.4 47861055181466712 90.6
2580833500 70195292208 92.4 47861150174882904 90.6
2580914700 70195330908 92.4 47861185423539288 90.6
2581031600 70195359708 92.4 47861200964937816 90.6
2581038000 70195360808 92.4 47861203768649816 90.6
2581060000 70195361608 92.4 47861205046356440 90.6
2581096400 70195540008 92.4 47861370541451736 90.6
2581103400 70195540208 92.4 47861371328907736 90.6
2581167100 70195553008 92.4 47861379464670168 90.6
2581188700 70195570208 92.4 47861391071641560 90.6
2581477400 70195570508 92.4 47861391121407960 90.6
2581663400 70195583608 92.4 47861397481438168 90.6
2581666900 70195589808 92.4 47861399059626968 90.6
2581675300 70195646608 92.4 47861453384203224 90.6
2581693800 70195671108 92.4 47861463353867224 90.6
2581853100 70195688608 92.4 47861471621679064 90.6
2581932900 70195956808 92.4 47861676600215512 90.6
2582216300 70196749108 92.4 47861801632925656 90.6
2582429600 70196751108 92.4 47861804179691992 90.6
2582598700 70196753708 92.4 47861809071845848 90.6
2582704900 70196762808 92.4 47861824269778392 90.6
2582706800 70196765908 92.4 47861827567058392 90.6
2582749900 70196827908 92.4 47861892780477912 90.6
2582754700 70196842108 92.4 47861900069954520 90.6
2583222600 70196843908 92.4 47861902390565080 90.6
2583408300 70196884208 92.4 47861961742883032 90.6
2583467600 70196933008 92.4 47861987487961304 90.6
2583511800 70196973908 92.4 47862015586160856 90.6
2583572400 70197199308 92.4 47862192651161816 90.6
2583650500 70197269908 92.4 47862238497034456 90.6
2583689500 70197311508 92.4 47862340299804888 90.6
2583758000 70197320408 92.4 47862345488514264 90.6
2584033000 70197392608 92.4 47862390692990168 90.6
2584134500 70197399008 92.4 47862393964609752 90.6
2584219500 70197435708 92.4 47862420369717464 90.6
2584663900 70197472008 92.4 47862458426808536 90.6
2584754400 70197491608 92.4 47862485436139736 90.6
2584912600 70197533908 92.4 47862519084474584 90.6
2585074300 70197551208 92.4 47862525962272984 90.6
2585325000 70197656808 92.4 47862623044264152 90.6
2585427400 70197658708 92.4 47862623688360152 90.6
2585444400 70197678608 92.4 47862640742726872 90.6
2585503100 70197693908 92.4 47862650131401944 90.6
2585723300 70197697008 92.4 47862652549867480 90.6
2585910900 70197711808 92.4 47862670599579608 90.6
2586113700 70197727808 92.4 47862683439906776 90.6
2586133700 70197735508 92.4 47862687599717336 90.6
2586176300 70197739608 92.4 47862692194799064 90.6
2586232600 70197837108 92.4 47862746887032280 90.6
2586443500 70197845208 92.4 47862750901112280 90.6
2586483500 70197923708 92.4 47862803326868952 90.6
2586638300 70197924308 92.4 47862804755963352 90.6
2586681000 70198024408 92.4 47862866821168600 90.6
2586856700 70203927508 92.4 47875278824717784 90.6
2586929500 70203935608 92.4 47875285501941208 90.6
2586986700 70203940708 92.4 47875288266741208 90.6
2587082800 70204016008 92.4 47875349098681816 90.6
2587249900 70204056408 92.4 47875378070449624 90.6
2587284700 70204224908 92.4 47875500941807064 90.6
2587535200 70204232008 92.4 47875504626633944 90.6
2587691900 70204237708 92.4 47875513767460056 90.6
2588005400 70204245208 92.4 47875523167496408 90.6
2588191200 70204245408 92.4 47875523412642008 90.6
2588649200 70204249108 92.4 47875526793685208 90.6
2588911900 70204354608 92.4 47875607940442328 90.6
2588952900 70204364308 92.4 47875611643067608 90.6
2589031200 70204374308 92.4 47875624985661656 90.6
2589213000 70204395908 92.4 47875650719615192 90.6
2589274700 70204910708 92.4 47877302556592344 90.6
2589290600 70204980808 92.4 47877353156204760 90.6
2589394600 70204995708 92.4 47877362122896600 90.6
2589397700 70205006808 92.4 47877373839756504 90.6
2589404800 70205027508 92.4 47877400671743192 90.6
2589579200 70205099308 92.4 47877442333809880 90.6
2589912400 70205121808 92.4 47877464080719064 90.6
2590347300 70205124608 92.4 47877465245007064 90.6
2590408500 70205144408 92.4 47877477854825688 90.6
2590511200 70205145208 92.4 47877479593709016 90.6
2590690800 70205147508 92.4 47877482504941016 90.6
2590775000 70205147808 92.4 47877482891808216 90.6
2590834100 70205237408 92.4 47877550101093848 90.6
2591005300 70205240808 92.4 47877555250314712 90.6
2591568800 70205252108 92.4 47877560325873112 90.6
2591605700 70205263508 92.4 47877566419670488 90.6
2591656700 70205375308 92.4 47877635897071064 90.6
2591787900 70205389108 92.4 47877648333410776 90.6
2591801000 70205425708 92.4 47877678669038040 90.6
2591845900 70205433008 92.4 47877682185835992 90.6
2592036200 70205467108 92.4 47877701937442264 90.6
2592074800 70205472308 92.4 47877705725627864 90.6
2592512900 70205599708 92.4 47877807342972376 90.6
2592629300 70205606408 92.4 47877810293525976 90.6
2592786300 70205621908 92.4 47877822794697176 90.6
2592803700 70205649708 92.4 47877834209634776 90.6
2592877700 70205651108 92.4 47877834405454776 90.6
2592993800 70205702308 92.4 47877872681501624 90.6
2593080600 70205776308 92.4 47877947594621880 90.6
2593637400 70207524608 92.4 47880472855823288 90.6
2594521800 70207530608 92.4 47880478017558456 90.6
2594790400 70207532108 92.4 47880479059171256 90.6
2594904600 70207538608 92.4 47880485814508472 90.6
2594958500 70207538908 92.4 47880486932921272 90.6
2595122900 70207543708 92.4 47880490283060664 90.6
2595485800 70207674508 92.4 47880585329814968 90.6
2595756700 70207705908 92.4 47880618193450424 90.6
2595763800 70207820708 92.4 47880706371646904 90.6
2595873900 70207826808 92.4 47880710592370104 90.6
2596008900 70207828608 92.4 47880713084970936 90.6
2596124100 70207830908 92.4 47880714534081720 90.6
2596634700 70207900708 92.4 47880741200989368 90.6
2596657300 70207906508 92.4 47880747752405176 90.6
2596866500 70207971808 92.4 47880804905486520 90.6
2597527100 70207977808 92.4 47880808237582520 90.6
2597527200 70207979308 92.4 47880810107852600 90.6
2597682400 70208183208 92.4 47880959765239608 90.6
2597962900 70208199808 92.4 47880978183796536 90.6
2598359400 70208423108 92.4 47881216784004920 90.6
2598430400 70208790108 92.4 47881455382984504 90.6
2598613300 70208825908 92.4 47881491664713528 90.6
2598620600 70208827408 92.4 47881498499141432 90.6
2598630300 70208907308 92.4 47881554779840312 90.6
2598808200 70208962508 92.4 47881597793349432 90.6
2598911600 70209006208 92.4 47881620052600632 90.6
2598944200 70209023508 92.4 47881636617848632 90.6
2600032400 70209039408 92.4 47881653050180408 90.6
2600084900 70209057908 92.4 47881663217435448 90.6
2600156800 70209124408 92.4 47881715960374072 90.6
2600159600 70209135708 92.4 47881736507683640 90.6
2600658200 70209151408 92.4 47881764384279352 90.6
2600662900 70209190708 92.4 47881800416422712 90.6
2601121400 70209258608 92.4 47881828552506168 90.6
2601297200 70209264508 92.4 47881831940717368 90.6
2601391400 70209265508 92.4 47881832481314552 90.6
2601425100 70209324008 92.4 47881871499044600 90.6
2601434300 70210775408 92.4 47883545755494136 90.6
2601478600 70210776308 92.4 47883546331186936 90.6
2601681200 70210919108 92.4 47883628351809272 90.6
2602239500 70210919608 92.4 47883628732122872 90.6
2602316100 70210931208 92.4 47883637921952504 90.6
2602403700 70210939208 92.4 47883646855253752 90.6
2603168200 70210945708 92.4 47883650399932152 90.6
2603254100 70210960308 92.4 47883664534179576 90.6
2603278100 70210969808 92.4 47883673204235000 90.6
2603280200 70216777808 92.4 47895884655041272 90.7
2603321600 70216802208 92.4 47895904108104440 90.7
2603837500 70216804108 92.4 47895905301883640 90.7
2603988000 70216829408 92.4 47895914184264440 90.7
2604157700 70216937708 92.4 47896094676257528 90.7
2604390200 70216938608 92.4 47896095186823928 90.7
2604835000 70216956208 92.4 47896103974847224 90.7
2605777400 70216966308 92.4 47896111139180280 90.7
2605980200 70217007308 92.4 47896137183860472 90.7
2606023200 70217017708 92.4 47896155705804536 90.7
2606054800 70217018708 92.4 47896156894158840 90.7
2606728400 70217026308 92.4 47896161454235640 90.7
2606804600 70217063108 92.4 47896196888379384 90.7
2607301000 70217096408 92.4 47896225048295416 90.7
2608789700 70217112308 92.4 47896232314272760 90.7
2608962100 70217123908 92.4 47896242142828536 90.7
2609127100 70217133008 92.4 47896246362202872 90.7
2609527700 70217144808 92.4 47896255586313976 90.7
2609800500 70217237908 92.4 47896329452324600 90.7
2610228000 70217245308 92.4 47896336746639608 90.7
2610420200 70217248108 92.4 47896339853706488 90.7
2610555000 70217253308 92.4 47896345316861176 90.7
2610595300 70217424208 92.4 47896500786996472 90.7
2611079300 70217471008 92.4 47896563797574904 90.7
2611642700 70217484608 92.4 47896571287009528 90.7
2611850300 70217499808 92.4 47896590215745784 90.7
2612049600 70217515308 92.4 47896600385301752 90.7
2612200100 70217548608 92.4 47896615969557752 90.7
2612254600 70217563408 92.4 47896625098970360 90.7
2612386000 70217568208 92.4 47896630761298168 90.7
2612716600 70217569408 92.4 47896631203666168 90.7
2612821200 70217570508 92.4 47896633403462136 90.7
2613137300 70217591808 92.4 47896647222137336 90.7
2613490600 70217659108 92.4 47896696065634808 90.7
2613491000 70217847408 92.4 47896839454929400 90.7
2613548600 70217870608 92.4 47896849824551416 90.7
2613618800 70217990808 92.4 47896906596925944 90.7
2613719400 70217991208 92.4 47896906754417144 90.7
2614097800 70218122208 92.4 47897011347579384 90.7
2614303800 70218154808 92.4 47897046982935032 90.7
2614385100 70218176908 92.4 47897062057888248 90.7
2615198100 70218182708 92.4 47897064890681848 90.7
2616097700 70218182908 92.4 47897064913209848 90.7
2616129400 70218185808 92.4 47897075706556920 90.7
2616141700 70218232308 92.4 47897115035480568 90.7
2616244000 70218294708 92.4 47897149895102968 90.7
2616593000 70218309608 92.4 47897164548362744 90.7
2616608000 70218397308 92.4 47897237411402232 90.7
2618042800 70218400208 92.4 47897242684943864 90.7
2618142900 70218401908 92.4 47897244800418296 90.7
2618193100 70218409008 92.4 47897248157704696 90.7
2618284500 70218415008 92.4 47897252238549496 90.7
2618308800 70219294108 92.4 47898253417931256 90.7
2618676100 70219294608 92.4 47898258958180856 90.7
2618780100 70219311408 92.4 47898268899547640 90.7
2618791700 70219339608 92.4 47898317843831288 90.7
2618928000 70219496108 92.4 47898447109675512 90.7
2619083100 70219561308 92.4 47898496193534456 90.7
2619173100 70219564508 92.4 47898498953395960 90.7
2619524100 70219568108 92.4 47898506270319864 90.7
2620566100 70219591208 92.4 47898526058124536 90.7
2621012900 70219603808 92.4 47898539502408952 90.7
2621275600 70219620608 92.4 47898559432285432 90.7
2621859200 70219631608 92.4 47898563730131192 90.7
2621882400 70219776208 92.4 47898675406956792 90.7
2621923300 70219778808 92.4 47898676680812792 90.7
2621979500 70219797408 92.4 47898699040876792 90.7
2622485000 70219808808 92.4 47898713206806776 90.7
2622732400 70219862308 92.4 47898763162601720 90.7
2622944100 70219949808 92.4 47898860219648248 90.7
2623136100 70219957708 92.4 47898863542118648 90.7
2623331100 70220047608 92.4 47898947752347896 90.7
2623737700 70220059708 92.4 47898952743119096 90.7
2624208700 70220073608 92.4 47898969729243384 90.7
2624608400 70220076908 92.4 47898971361964024 90.7
2625256100 70220318608 92.4 47899153892208632 90.7
2625318200 70220348508 92.4 47899164964720632 90.7
2626306300 70220352108 92.4 47899173175840760 90.7
2626509700 70220370708 92.4 47899184137923576 90.7
2627696200 70220389408 92.4 47899205034167288 90.7
2627931500 70220447708 92.4 47899247090047992 90.7
2628545600 70226750208 92.5 47905935136365560 90.7
2628824500 70226770008 92.5 47905944769619960 90.7
2629215900 70226795608 92.5 47905959472166904 90.7
2629223800 70226919108 92.5 47906051509458936 90.7
2629391100 70227101708 92.5 47906226043836408 90.7
2629700000 70227142608 92.5 47906259695271928 90.7
2629829800 70227176608 92.5 47906284439717880 90.7
2630087900 70227196308 92.5 47906300041347064 90.7
2630850400 70227202108 92.5 47906310549468152 90.7
2631771000 70227238408 92.5 47906341555500024 90.7
2632048700 70227253408 92.5 47906349746658808 90.7
2633271600 70227635608 92.5 47906681461186040 90.7
2634080100 70228458808 92.5 47906825906757112 90.7
2634460500 70228466208 92.5 47906832358896120 90.7
2634771400 70228515708 92.5 47906853382539768 90.7
2635291400 70228517508 92.5 47906853951474168 90.7
2635704400 70228523808 92.5 47906857973746168 90.7
2635711900 70228596108 92.5 47906923843537400 90.7
2635828500 70228612208 92.5 47906931873156088 90.7
2638051000 70228622808 92.5 47906938269889528 90.7
2638319900 70228643508 92.5 47906954336143352 90.7
2638473900 70228710608 92.5 47907008972789752 90.7
2638597800 70228713308 92.5 47907009696962552 90.7
2638722100 70228723908 92.5 47907017212028920 90.7
2639328600 70228724208 92.5 47907017750857720 90.7
2639554400 70228732108 92.5 47907021779888120 90.7
2640302300 70228820808 92.5 47907152142583800 90.7
2640957500 70228849508 92.5 47907177363466232 90.7
2641344700 70228871808 92.5 47907192793212920 90.7
2641430600 70228883408 92.5 47907204904631288 90.7
2641574300 70228884408 92.5 47907205600951288 90.7
2642631500 70228900508 92.5 47907214441143288 90.7
2642768500 70228904908 92.5 47907221122119160 90.7
2643370100 70228915708 92.5 47907234475079160 90.7
2643470300 70228929408 92.5 47907240024994296 90.7
2643897200 70228950508 92.5 47907257033708024 90.7
2643985800 70228976408 92.5 47907273023286776 90.7
2644293100 70229032608 92.5 47907315286744568 90.7
2644942600 70229041808 92.5 47907319944050168 90.7
2645220900 70229045508 92.5 47907324527064568 90.7
2645413500 70229056908 92.5 47907329656089080 90.7
2645550500 70229088008 92.5 47907353883496952 90.7
2645612300 70229112908 92.5 47907369067112952 90.7
2646973300 70229121508 92.5 47907373364840952 90.7
2647760700 70229122608 92.5 47907374814244600 90.7
2648368700 70229135208 92.5 47907382806314744 90.7
2648580800 70231621008 92.5 47909603362602744 90.7
2648706400 70231653408 92.5 47909616979133176 90.7
2648756700 70231669608 92.5 47909623501398776 90.7
2648811200 70231851408 92.5 47909776440238840 90.7
2649566500 70231860908 92.5 47909783293256440 90.7
2650620800 70231914508 92.5 47909814334550776 90.7
2650964100 70233088808 92.5 47910775823954680 90.7
2651371000 70233091208 92.5 47910779084272888 90.7
2652237100 70233138508 92.5 47910817329960184 90.7
2652563700 70233199608 92.5 47910875322668280 90.7
2652818600 70233209108 92.5 47910878145836280 90.7
2653042800 70233210408 92.5 47910879864517880 90.7
2653634300 70233292108 92.5 47910937535501560 90.7
2653648800 70233306408 92.5 47910950730195192 90.7
2653986700 70233498508 92.5 47911113591480568 90.7
2654513800 70233545008 92.5 47911149165117688 90.7
2654819900 70233656508 92.5 47911215815663864 90.7
2655479900 70233667708 92.5 47911224627378424 90.7
2655485300 70233715608 92.5 47911248846735608 90.7
2655561600 70233722708 92.5 47911257947908344 90.7
2656179900 70233735408 92.5 47911265401670392 90.7
2656242700 70233739408 92.5 47911266886675192 90.7
2656728400 70233749108 92.5 47911272292166392 90.7
2656898800 70233910008 92.5 47911390755433208 90.7
2657329100 70233913208 92.5 47911392623633400 90.7
2657343100 70233970008 92.5 47911416502961144 90.7
2657378300 70233982308 92.5 47911439191653368 90.7
2657379100 70233986508 92.5 47911444262124536 90.7
2657438400 70233994408 92.5 47911448982559736 90.7
2657683300 70234005008 92.5 47911457383865336 90.7
2657716900 70234012308 92.5 47911470327026680 90.7
2658344200 70234020908 92.5 47911484077304824 90.7
2658598300 70234021608 92.5 47911484345388024 90.7
2658601000 70234193008 92.5 47911570763377656 90.7
2658664700 70234205308 92.5 47911583935435768 90.7
2658872500 70234233808 92.5 47911625443841016 90.7
2658943700 70234234308 92.5 47911631632739320 90.7
2659213500 70234237108 92.5 47911632828566520 90.7
2659266900 70234241908 92.5 47911640499230712 90.7
2659485100 70234255508 92.5 47911646650808312 90.7
2659541500 70234259608 92.5 47911651100702712 90.7
2659692800 70234266808 92.5 47911654347192312 90.7
2659795100 70234273008 92.5 47911657452779512 90.7
2659993400 70234282108 92.5 47911664503019512 90.7
2660138100 70234289008 92.5 47911671059896312 90.7
2660229300 70234307408 92.5 47911677600184312 90.7
2660905100 70234312808 92.5 47911679202539512 90.7
2661073500 70234320508 92.5 47911684787230712 90.7
2661608900 70234329708 92.5 47911688800081912 90.7
2662205300 70234614208 92.5 47911893123930104 90.7
2662259600 70234619508 92.5 47911902579806200 90.7
2662932300 70234663708 92.5 47911923598635000 90.7
2663206300 70234664408 92.5 47911924221227000 90.7
2663208600 70234667508 92.5 47911928962940920 90.7
2663291300 70234839008 92.5 47912020819861496 90.7
2663435800 70234842608 92.5 47912024571183096 90.7
2663520100 70234846008 92.5 47912027250007544 90.7
2663737400 70234937308 92.5 47912089486441976 90.7
2663799800 70235121108 92.5 47912331982224888 90.7
2664210600 70235135908 92.5 47912343952619000 90.7
2664453100 70235149608 92.5 47912355554358776 90.7
2664912300 70235194608 92.5 47912376876291576 90.7
2665025700 70235387808 92.5 47912557601986040 90.7
2665182900 70235411008 92.5 47912570580678136 90.7
2666398300 70235451508 92.5 47912633346115064 90.7
2666405500 70235778708 92.5 47912959217944056 90.7
2666767800 70235785408 92.5 47912967743363064 90.7
2666919300 70237570708 92.5 47914266442094584 90.7
2666928100 70237574208 92.5 47914271176046584 90.7
2667092300 70237595808 92.5 47914281734478840 90.7
2667126500 70237736808 92.5 47914375707114488 90.7
2667427600 70237737208 92.5 47914376359402488 90.7
2667622100 70237776308 92.5 47914441518263288 90.7
2667701300 70237817208 92.5 47914486067096568 90.7
2667978700 70237818708 92.5 47914486942411768 90.7
2668266400 70237825808 92.5 47914493048849912 90.7
2668400200 70237831608 92.5 47914496810977016 90.7
2668716000 70237832308 92.5 47914498550753016 90.7
2669396800 70237843508 92.5 47914510180825848 90.7
2669714400 70237922308 92.5 47914572114094840 90.7
2670210300 70237924308 92.5 47914574879918840 90.7
2670467500 70237925508 92.5 47914576685148024 90.7
2670544300 70237970308 92.5 47914611980904312 90.7
2670547100 70238104108 92.5 47914686141671288 90.7
2670720800 70238107908 92.5 47914693324416888 90.7
2670801500 70238118408 92.5 47914701491916664 90.7
2670927100 70238148008 92.5 47914721273765752 90.7
2671093200 70238199508 92.5 47914740389388152 90.7
2671099600 70238619508 92.5 47915114461208440 90.7
2671269100 70238620608 92.5 47915115733221240 90.7
2671467600 70238621608 92.5 47915116949302520 90.7
2671749000 70238650208 92.5 47915137340419320 90.7
2671864600 70238658208 92.5 47915144381335800 90.7
2671868900 70238659208 92.5 47915144709015800 90.7
2672098500 70238661908 92.5 47915148965579000 90.7
2672384900 70238673308 92.5 47915154272766200 90.7
2672548000 70238683508 92.5 47915163273521400 90.7
2672869700 70238684108 92.5 47915163711588600 90.7
2672873500 70238796608 92.5 47915227647396088 90.7
2672935500 70239836508 92.5 47915550321068280 90.7
2673234800 70239892708 92.5 47915580324337912 90.7
2673289600 70241988308 92.5 47918639211632888 90.7
2673385500 70242008608 92.5 47918654624481528 90.7
2673393400 70242015408 92.5 47918659341016312 90.7
2673485600 70242038408 92.5 47918681788781816 90.7
2673513600 70242096208 92.5 47918714920590584 90.7
2673875700 70242109708 92.5 47918721448590584 90.7
2674091200 70242409408 92.5 47918947820387576 90.7
2674513500 70242567208 92.5 47919072023895288 90.7
2674855500 70242584408 92.5 47919090656779512 90.7
2674967800 70246566708 92.5 47923905295719672 90.7
2675181600 70246573508 92.5 47923908018330872 90.7
2675324000 70246585908 92.5 47923912099175672 90.7
2675535400 70246721008 92.5 47924044206611704 90.7
2675633900 70246729908 92.5 47924047840992504 90.7
2675704700 70246738408 92.5 47924054044490488 90.7
2675814600 70246760708 92.5 47924081572848376 90.7
2676209200 70246851908 92.5 47924151979254520 90.7
2676390100 70246872608 92.5 47924165761065720 90.7
2676641500 70246879708 92.5 47924174968644344 90.7
2676711600 70246885908 92.5 47924182790606584 90.7
2676923500 70246886708 92.5 47924183200001784 90.7
2676951400 70246889008 92.5 47924184994049784 90.7
2676964400 70246903208 92.5 47924190938984184 90.7
2677384400 70246918708 92.5 47924195833130744 90.7
2677700200 70246948808 92.5 47924211442372344 90.7
2677784600 70246950908 92.5 47924214197544184 90.7
2678145600 70246956308 92.5 47924218514781432 90.7
2678413200 70246973208 92.5 47924232357884152 90.7
2678465400 70246973308 92.5 47924232362389752 90.7
2678614800 70246987008 92.5 47924253549187320 90.7
2678806900 70246998608 92.5 47924261771497720 90.7
2679188200 70247238108 92.5 47924482252574968 90.7
2679843500 70247251708 92.5 47924497336146168 90.7
2680103100 70247259208 92.5 47924500094392568 90.7
2680401900 70247260708 92.5 47924500641413368 90.7
2680799600 70247271508 92.5 47924513373112568 90.7
2680958800 70247273008 92.5 47924515227371768 90.7
2680971900 70247298508 92.5 47924531547609336 90.7
2681311000 70247313008 92.5 47924554982516984 90.7
2682502000 70247317608 92.5 47924559046059256 90.7
2684018900 70247500508 92.5 47924706342462712 90.7
2684134900 70247511508 92.5 47924719960725752 90.7
2684308000 70247825008 92.5 47925044404459768 90.7
2684407800 70247846708 92.5 47925063825336568 90.7
2684525600 70247849908 92.5 47925065330743416 90.7
2685211900 70247857108 92.5 47925071400719992 90.7
2685483000 70247989608 92.5 47925209224468088 90.7
2685982500 70248086208 92.5 47925298812393080 90.7
2686055400 70248103208 92.5 47925308209436280 90.7
2686486400 70248211608 92.5 47925424333788792 90.7
2686966900 70248233908 92.5 47925435998467704 90.7
2687395000 70248279108 92.5 47925457934120568 90.7
2687963900 70248280208 92.5 47925459552831480 90.7
2688310300 70248602408 92.5 47925785396414456 90.7
2688425400 70248605008 92.5 47925786367576056 90.7
2688653700 70248605108 92.5 47925786469771256 90.7
2688696000 70248612508 92.5 47925792457203704 90.7
2689412800 70248631608 92.5 47925801599022072 90.7
2689822500 70248650408 92.5 47925819764900856 90.7
2690346000 70248682208 92.5 47925835101582328 90.7
2690350400 70248690608 92.5 47925844314609656 90.7
2690967600 70248691708 92.5 47925844901771256 90.7
2691408800 70248699708 92.5 47925847996913656 90.7
2691430300 70248705508 92.5 47925855524132856 90.7
2691677500 70248713608 92.5 47925858404235256 90.7
2691875400 70248718208 92.5 47925860898904056 90.7
2691949000 70248725508 92.5 47925863284414456 90.7
2692176300 70248757608 92.5 47925887157663736 90.7
2692570900 70256296008 92.5 47941789232134136 90.7
2692618100 70256322208 92.5 47941807892033528 90.7
2692894700 70256323108 92.5 47941809097895928 90.7
2693079400 70257629608 92.5 47946478679977976 90.8
2693201300 70257629908 92.5 47946479335542776 90.8
2693366200 70257672908 92.5 47946531756380152 90.8
2694401100 70257701308 92.5 47946552314791928 90.8
2695451600 70257745508 92.5 47946581373304824 90.8
2695797500 70257788608 92.5 47946622720585720 90.8
2697261600 70257938408 92.5 47946735146676216 90.8
2698458500 70257958108 92.5 47946772883140600 90.8
2699364900 70257962508 92.5 47946775669239800 90.8
2699512100 70257986608 92.5 47946792993034232 90.8
2703017400 70257988908 92.5 47946794239447032 90.8
2703201900 70258005408 92.5 47946813163739128 90.8
2703240100 70258029408 92.5 47946836094728184 90.8
2703262900 70258145108 92.5 47946939454863352 90.8
2703335800 70258174808 92.5 47946954659010552 90.8
2704909700 70258201708 92.5 47946975348719608 90.8
2705054200 70258235308 92.5 47947000529702904 90.8
2705184300 70258352308 92.5 47947096429219832 90.8
2706571000 70261037108 92.5 47950091912794104 90.8
2707380200 70261039808 92.5 47950093516488952 90.8
2708238800 70261086208 92.5 47950120428847352 90.8
2708360600 70261092708 92.5 47950123034108152 90.8
2709275200 70261149208 92.5 47950167176651000 90.8
2709994200 70261162108 92.5 47950186579452152 90.8
2711915200 70261174708 92.5 47950199869975800 90.8
2713261800 70261377808 92.5 47950353429441784 90.8
2713943800 70261384708 92.5 47950356614900984 90.8
2715674900 70261416008 92.5 47950368538356984 90.8
2716308600 70261690208 92.5 47950585225047288 90.8
2716714300 70261690908 92.5 47950597239771384 90.8
2717094600 70262259008 92.5 47951086622249208 90.8
2717375700 70262266008 92.5 47951089922601208 90.8
2717502900 70262414208 92.5 47951188318048504 90.8
2718405200 70263779308 92.5 47952787863195896 90.8
2718481500 70263788208 92.5 47952792072661496 90.8
2718487200 70263792608 92.5 47952794154658296 90.8
2718819000 70263904308 92.5 47952864083290616 90.8
2718952700 70263966708 92.5 47952922709694968 90.8
2719792600 70263971708 92.5 47952933578377720 90.8
2719999700 70263973208 92.5 47952934853106808 90.8
2720560100 70263975308 92.5 47952935320665208 90.8
2721004300 70264002808 92.5 47952960764441720 90.8
2721820300 70264020208 92.5 47952974112986232 90.8
2722342700 70264039108 92.5 47952982520845432 90.8
2722398700 70268046908 92.5 47956585432962168 90.8
2723066200 70268097708 92.5 47956609439444088 90.8
2723172600 70268112208 92.5 47956616818592888 90.8
2723995500 70268116908 92.5 47956625630585976 90.8
2724129600 70268131408 92.5 47956633442468984 90.8
2724611500 70268193308 92.5 47956665420555384 90.8
2724671700 70268290008 92.5 47956771844605048 90.8
2724682100 70268409408 92.5 47956927969543288 90.8
2724807300 70268409808 92.5 47956928029549688 90.8
2724832300 70268445908 92.5 47956951602726008 90.8
2725418500 70268455108 92.5 47956959230706808 90.8
2725751100 70268510208 92.5 47957015738872952 90.8
2725948300 70268529508 92.5 47957025229228152 90.8
2725975800 70268548308 92.5 47957062729250936 90.8
2726364100 70268566608 92.5 47957075268036728 90.8
2727285000 70268567108 92.5 47957075821406328 90.8
2727468000 70268573108 92.5 47957078373828728 90.8
2727837800 70268584808 92.5 47957096857665656 90.8
2727970700 70268602008 92.5 47957101890420856 90.8
2728101800 70268622308 92.5 47957116931677304 90.8
2728650800 70268645208 92.5 47957129793102968 90.8
2728781100 70268869608 92.5 47957327775065208 90.8
2729323200 70268879108 92.5 47957331936396408 90.8
2729619600 70268880208 92.5 47957333379212408 90.8
2729719200 70268902208 92.5 47957343690892408 90.8
2729987500 70268909208 92.5 47957347191948408 90.8
2730105900 70268931508 92.5 47957355233288312 90.8
2730590100 70268976508 92.5 47957372245655672 90.8
2731578800 70269136608 92.5 47957589305131128 90.8
2731603700 70269177208 92.5 47957627802837112 90.8
2731628800 70269221908 92.5 47957686926729336 90.8
2731683100 70269693408 92.5 47958113434361976 90.8
2732207700 70269777408 92.5 47958151975481464 90.8
2732821200 70269798908 92.5 47958167365339256 90.8
2733001200 70269800308 92.5 47958170549122936 90.8
2733299000 70269841908 92.5 47958215010043768 90.8
2733663700 70269842708 92.5 47958215410427768 90.8
2734179000 70269845408 92.5 47958217403336568 90.8
2734649300 70269857408 92.5 47958222892386168 90.8
2734979500 70269865208 92.5 47958227024840568 90.8
2735258000 70269877708 92.5 47958233248917368 90.8
2735640400 70269923308 92.5 47958268093409144 90.8
2735774800 70269928608 92.5 47958272576368504 90.8
2736256800 70269937808 92.5 47958285257615224 90.8
2736381600 70269952008 92.5 47958290725980024 90.8
2736483400 70269966908 92.5 47958299315667320 90.8
2736665800 70270045408 92.5 47958371776225656 90.8
2737505500 70270067708 92.5 47958383952279928 90.8
2738207400 70270128108 92.5 47958434277042552 90.8
2738660300 70270136008 92.5 47958439153250680 90.8
2738687200 70270150908 92.5 47958460120193400 90.8
2738832600 70270172508 92.5 47958473509812600 90.8
2738852400 70270217808 92.5 47958519216724344 90.8
2738863400 70270250608 92.5 47958538094049656 90.8
2738900000 70270250908 92.5 47958539416443256 90.8
2739308500 70270257908 92.5 47958542675425656 90.8
2739360000 70270261908 92.5 47958546532602744 90.8
2739929500 70271426308 92.5 47958750825567096 90.8
2740196500 70271444908 92.5 47958763467795320 90.8
2740546700 70271448308 92.5 47958768273017720 90.8
2740667100 70271469508 92.5 47958779070074744 90.8
2740863600 70271475708 92.5 47958789201852280 90.8
2741119200 70271481808 92.5 47958803242549112 90.8
2741218600 70271564908 92.5 47958858823290744 90.8
2741627600 70271566808 92.5 47958859551149944 90.8
2742141400 70271639808 92.5 47958944615821176 90.8
2742832700 70271642308 92.5 47958946308019064 90.8
2742896600 70271666808 92.5 47958964496884600 90.8
2743215200 70271693308 92.5 47958974476673912 90.8
2743319100 70271698108 92.5 47958985294109560 90.8
2743326200 70271708808 92.5 47958996949694328 90.8
2743403700 70273296408 92.5 47960237338294136 90.8
2743496400 70273356108 92.5 47960307587831672 90.8
2743806200 70273360108 92.5 47960311524551288 90.8
2744010000 70273388108 92.5 47960356250483320 90.8
2744051100 70273449608 92.5 47960405354011256 90.8
2744139600 70273653808 92.5 47960597307218552 90.8
2744176500 70273775308 92.5 47960731703409272 90.8
2744679200 70281932808 92.5 47969420800260728 90.8
2745209100 70281947808 92.5 47969428629732472 90.8
2745729900 70281961808 92.5 47969447221976184 90.8
2746127700 70281970408 92.5 47969454129938040 90.8
2746305400 70281996408 92.5 47969476154744440 90.8
2746991100 70282008908 92.5 47969480389906808 90.8
2747177400 70282069608 92.5 47969515530350968 90.8
2747252700 70282319708 92.5 47969684861104504 90.8
2747489100 70282341208 92.5 47969718915660152 90.8
2747662600 70282924008 92.5 47970154915920248 90.8
2747717200 70282930508 92.5 47970159524329848 90.8
2747752100 70282940508 92.5 47970165076662648 90.8
2748244500 70282946008 92.5 47970167008541048 90.8
2748250900 70283251108 92.5 47970415244966264 90.8
2748789400 70283287708 92.5 47970447094681976 90.8
2748926300 70283297608 92.5 47970456062312824 90.8
2749060800 70283323808 92.5 47970471263625592 90.8
2749151900 70283326208 92.5 47970473072009592 90.8
2749199000 70283340408 92.5 47970480459298168 90.8
2749738700 70283351208 92.5 47970502742404472 90.8
2749818200 70283447108 92.5 47970619961773432 90.8
2750058100 70283454308 92.5 47970622474055032 90.8
2750114000 70283474708 92.5 47970646869290360 90.8
2750287400 70283500008 92.5 47970657121930616 90.8
2750298300 70283501708 92.5 47970659025952120 90.8
2750487000 70283508608 92.5 47970660874476920 90.8
2750529000 70283513408 92.5 47970671013084536 90.8
2750653000 70283533908 92.5 47970681608270200 90.8
2750735400 70283535608 92.5 47970683544310008 90.8
2751118200 70283567008 92.5 47970728411222264 90.8
2751722200 70283579308 92.5 47970735549088504 90.8
2752594500 70283595708 92.5 47970759489764088 90.8
2753185900 70283863708 92.5 47971048518990584 90.8
2753360800 70283883708 92.5 47971073522590456 90.8
2753722900 70283902708 92.5 47971081210372856 90.8
2753736400 70283912408 92.5 47971090860515064 90.8
2753759200 70283913308 92.5 47971091156655864 90.8
2754026300 70283918008 92.5 47971106819145464 90.8
2754458400 70283943608 92.5 47971142565388024 90.8
2754611000 70283956708 92.5 47971157751467768 90.8
2754958100 70283963908 92.5 47971161822482168 90.8
2755652500 70283985608 92.5 47971187258240760 90.8
2755687600 70284200008 92.5 47971309227364088 90.8
2756028600 70284236708 92.5 47971331934248696 90.8
2756247000 70284248008 92.5 47971349748037368 90.8
2756441700 70284284808 92.5 47971373310082808 90.8
2757038500 70284350108 92.5 47971435811356408 90.8
2757336900 70284354808 92.5 47971439415717112 90.8
2757481700 70284356908 92.5 47971440066981112 90.8
2757527100 70284368408 92.5 47971444142705912 90.8
2757868000 70284386708 92.5 47971464248020216 90.8
2757961200 70284392108 92.5 47971468338900216 90.8
2758155100 70284410408 92.5 47971493025070328 90.8
2759004600 70284422008 92.5 47971511364748536 90.8
2759005900 70284431108 92.5 47971521770346744 90.8
2759062100 70284433408 92.5 47971524438528760 90.8
2759140800 70284441708 92.5 47971530550441208 90.8
2759609000 70284448708 92.5 47971534668559608 90.8
2759684600 70284588808 92.5 47971614727812344 90.8
2759772000 70284598608 92.5 47971623889451256 90.8
2759831000 70284616208 92.5 47971631610206456 90.8
2760059400 70284631708 92.5 47971648242893048 90.8
2760214900 70284661708 92.5 47971704360554744 90.8
2760223300 70284676808 92.5 47971716098920696 90.8
2760326000 70284688408 92.5 47971726055930104 90.8
2760464600 70284688908 92.5 47971726322784504 90.8
2760550700 70284707808 92.5 47971748574820600 90.8
2761251400 70284940308 92.5 47971934906169592 90.8
2762128000 70284959208 92.5 47971940808636664 90.8
2762182000 70285063208 92.5 47972001195374840 90.8
2762384200 70285310808 92.5 47972470346955000 90.8
2762463500 70285322508 92.5 47972475692493560 90.8
2762669600 70285333608 92.5 47972480163696376 90.8
2762706700 70285352308 92.5 47972488085316344 90.8
2763256700 70285356008 92.5 47972489459452280 90.8
2763449300 70285361108 92.5 47972495792415096 90.8
2763577700 70285388908 92.5 47972525262102904 90.8
2763732500 70285402708 92.5 47972538109738360 90.8
2763789700 70285791608 92.5 47972733673192824 90.8
2764212100 70285793108 92.5 47972734549941624 90.8
2764299800 70285809408 92.5 47972753067302264 90.8
2764335600 70285817908 92.5 47972758723673464 90.8
2764620700 70285826708 92.5 47972770961683832 90.8
2764770700 70285833808 92.5 47972774879507832 90.8
2765638700 70285845008 92.5 47972796796007800 90.8
2765792100 70285847908 92.5 47972798846223608 90.8
2765907100 70285877908 92.5 47972836429735160 90.8
2765934800 70285882108 92.5 47972839862312184 90.8
2766131100 70285882208 92.5 47972845136165624 90.8
2766170500 70285893108 92.5 47972854244669176 90.8
2767105300 70288616508 92.5 47976662787782392 90.8
2767331300 70288616608 92.5 47976662993811192 90.8
2767369500 70288619008 92.5 47976664715155192 90.8
2768621200 70288624908 92.5 47976673662570232 90.8
2769367500 70288628808 92.5 47976675237072632 90.8
2770375600 70288770508 92.5 47976802173931256 90.8
2770393900 70288783408 92.5 47976807169003256 90.8
2770574900 70288787908 92.5 47976808753874808 90.8
2770965900 70289880508 92.5 47980727196927864 90.8
2771011100 70289898108 92.5 47980736422966136 90.8
2771773200 70289905008 92.5 47980740384046712 90.8
2771808900 70289968908 92.5 47980770834488952 90.8
2772504400 70289989508 92.5 47980778347372152 90.8
2773074000 70290022708 92.5 47980793107308152 90.8
2773189000 70290024908 92.5 47980794647634808 90.8
2773397800 70290030508 92.5 47980797389497208 90.8
2773615400 70290032408 92.5 47980799983050872 90.8
2774261100 70290080708 92.5 47980856034218104 90.8
2775583300 70290113308 92.5 47980869405200504 90.8
2776377900 70290122008 92.5 47980875652809848 90.8
2776427700 70290129708 92.5 47980880345597048 90.8
2776835700 70290139708 92.5 47980890181201016 90.8
2777317900 70290164508 92.5 47980902093188216 90.8
2778469600 70290189808 92.5 47980935159932024 90.8
2778881100 70290191008 92.5 47980935511164024 90.8
2780614700 70291976408 92.5 47983029653357688 90.8
2780735900 70291977608 92.5 47983030256903288 90.8
2781704500 70291986708 92.5 47983035920054904 90.8
2781993000 70292028608 92.5 47983073232870008 90.8
2782147000 70292068408 92.5 47983101342972536 90.8
2782591000 70292070408 92.5 47983102547810936 90.8
2783321900 70292077908 92.5 47983107954392696 90.8
2784360200 70292109908 92.5 47983129488655992 90.8
2784460100 70292141408 92.5 47983151202586232 90.8
2786339400 70298060008 92.5 47991072244256376 90.8
2786402700 70298229808 92.5 47991196775624312 90.8
2787585500 70298238608 92.5 47991205612967544 90.8
2789207300 70298297908 92.5 47991246497810040 90.8
2789514100 70298304808 92.5 47991251111954040 90.8
2790357300 70298309808 92.5 47991252780869240 90.8
2791090300 70298360808 92.5 47991312644916856 90.8
2792242200 70298412108 92.5 47991330409883256 90.8
2792654500 70298419108 92.5 47991337566538360 90.8
2793663600 70298434108 92.5 47991357111790200 90.8
2794096600 70299116508 92.6 47991848813193848 90.8
2794977100 70299313808 92.6 47991990114822776 90.8
2795710700 70299326408 92.6 47992008965071480 90.8
2797628600 70299334308 92.6 47992015215544440 90.8
2798191400 70301486208 92.6 47993594931726456 90.8
2799570300 70301931808 92.6 47993985630488696 90.8
2801671100 70301936408 92.6 47993990917019768 90.8
2803157400 70301940908 92.6 47993994606523000 90.8
2803866900 70301968608 92.6 47994034743726712 90.8
2803911500 70301994008 92.6 47994043987784312 90.8
2803957700 70305191508 92.6 47996867865866872 90.8
2805185300 70305495408 92.6 47997125617791608 90.8
2805911500 70305497008 92.6 47997126650305144 90.8
2805969300 70305498308 92.6 47997128660289272 90.8
2806139400 70305503608 92.6 47997139852983032 90.8
2806344400 70305508108 92.6 47997142156360184 90.8
2806906500 70305515408 92.6 47997145103841784 90.8
2807096100 70305616208 92.6 47997189906737656 90.8
2807317100 70305622008 92.6 47997193548900856 90.8
2807434500 70305632608 92.6 47997207380922872 90.8
2807512100 70305648508 92.6 47997220435084792 90.8
2807765200 70305782408 92.6 47997336039966200 90.9
2807951500 70305904908 92.6 47997405006243320 90.9
2808008200 70305910808 92.6 47997408874710520 90.9
2808062200 70305917408 92.6 47997416656507384 90.9
2808537400 70305929508 92.6 47997423163552760 90.9
2808675600 70305949608 92.6 47997450878360568 90.9
2808834700 70305965608 92.6 47997460996579320 90.9
2808953600 70305988708 92.6 47997470262307832 90.9
2809482700 70305998708 92.6 47997474915568632 90.9
2810143900 70306000608 92.6 47997475544099832 90.9
2810145100 70306000808 92.6 47997475559869432 90.9
2810224300 70306002408 92.6 47997476775152632 90.9
2810643500 70306018508 92.6 47997486053616632 90.9
2810687100 70306027908 92.6 47997495930129400 90.9
2810949400 70306393308 92.6 47997761388268536 90.9
2811007700 70306395108 92.6 47997762634476536 90.9
2811215800 70306420908 92.6 47997774520863736 90.9
2811260700 70306501808 92.6 47997879870508024 90.9
2811459000 70306507108 92.6 47997882401426424 90.9
2811514300 70306513908 92.6 47997888186801144 90.9
2812107400 70307400608 92.6 47998033616231416 90.9
2812290100 70307443408 92.6 47998064324811768 90.9
2812295800 70307456008 92.6 47998073793944568 90.9
2812318500 70307456908 92.6 47998074425342968 90.9
2812689500 70307462108 92.6 47998083540632568 90.9
2812727700 70307470208 92.6 47998089314652664 90.9
2813114400 70307477508 92.6 47998092828611064 90.9
2813310200 70307506308 92.6 47998115303074296 90.9
2813543300 70307509008 92.6 47998116557642744 90.9
2813721700 70307518208 92.6 47998121289341944 90.9
2814008000 70307519808 92.6 47998128246035448 90.9
2814478700 70307543408 92.6 47998142997454840 90.9
2814681400 70307551708 92.6 47998151239426040 90.9
2814698100 70307584908 92.6 47998173766455288 90.9
2814754700 70307589808 92.6 47998177597648888 90.9
2814985600 70307666608 92.6 47998260097486840 90.9
2815413700 70307668008 92.6 47998261120053240 90.9
2815431300 70307675508 92.6 47998266825371640 90.9
2816077800 70307675708 92.6 47998267649282040 90.9
2816209400 70307686308 92.6 47998289603901432 90.9
2816459100 70307715908 92.6 47998303316492280 90.9
2816686700 70307729108 92.6 47998310317170680 90.9
2817030400 70307739408 92.6 47998315554725880 90.9
2817086900 70307740008 92.6 47998316072255480 90.9
2817095700 70307746608 92.6 47998328978809848 90.9
2817176300 70307751008 92.6 47998330776749048 90.9
2817543000 70307753808 92.6 47998333438256888 90.9
2817543600 70307770208 92.6 47998340124567288 90.9
2817717700 70307777808 92.6 47998345144624888 90.9
2817970300 70307782408 92.6 47998347351754488 90.9
2818003500 70307782708 92.6 47998347773847288 90.9
2818857500 70307878408 92.6 47998497162225400 90.9
2819142500 70307887808 92.6 47998505944646392 90.9
2819308600 70307895508 92.6 47998513606876408 90.9
2819537600 70307907408 92.6 47998522267492600 90.9
2820068400 70308479708 92.6 47998955478475000 90.9
2820265600 70308481308 92.6 47998957070958200 90.9
2820342400 70308646008 92.6 47999075055214200 90.9
2820394800 70308655308 92.6 47999081951239800 90.9
2820433800 70308660708 92.6 47999084019310200 90.9
2821156200 70308663108 92.6 47999087104212600 90.9
2821188000 70308681108 92.6 47999096537831032 90.9
2822110800 70308695508 92.6 47999102739586168 90.9
2822594400 70308703208 92.6 47999105457896568 90.9
2823512700 70308727808 92.6 47999128262358136 90.9
2823757800 70308966308 92.6 47999303414166648 90.9
2824018300 70308972408 92.6 47999307072635512 90.9
2824120000 70308977208 92.6 47999308880609912 90.9
2824439900 70308982108 92.6 47999310452245112 90.9
2824446800 70309161408 92.6 47999440792216184 90.9
2824465600 70309178508 92.6 47999454254176888 90.9
2824521400 70309365408 92.6 47999617890884216 90.9
2825166200 70309382808 92.6 47999625275153016 90.9
2825841400 70309384908 92.6 47999630948727416 90.9
2825946500 70309415308 92.6 47999662679652984 90.9
2826413100 70309417608 92.6 47999664707216248 90.9
2826617500 70309424908 92.6 47999668936414072 90.9
2827099200 70309442208 92.6 47999680435555192 90.9
2827606900 70309448108 92.6 47999683522505592 90.9
2828114600 70309462408 92.6 47999690252231544 90.9
2828515800 70309465108 92.6 47999692781909368 90.9
2828629900 70309468508 92.6 47999695968802168 90.9
2828667800 70309533308 92.6 47999768108234104 90.9
2829004700 70309544608 92.6 47999772652131704 90.9
2829059500 70309551008 92.6 47999780022581112 90.9
2829962600 70309561308 92.6 47999784018843512 90.9
2829994200 70309584908 92.6 47999793247382392 90.9
2830783900 70309588708 92.6 47999796297799544 90.9
2831041600 70309605808 92.6 47999805247220600 90.9
2831052300 70309610908 92.6 47999814488584056 90.9
2831265900 70309617808 92.6 47999818009710456 90.9
2831522300 70309626808 92.6 47999823500729208 90.9
2832378100 70309634408 92.6 47999825873542008 90.9
2833012900 70309677708 92.6 47999854842080120 90.9
2833122100 70309710408 92.6 47999878520476536 90.9
2833251000 70309741008 92.6 47999906083922808 90.9
2833527700 70309746108 92.6 47999907329721208 90.9
2834547800 70309748108 92.6 47999908211999608 90.9
2834677800 70309760008 92.6 47999917495333752 90.9
2834869600 70309805008 92.6 47999938497411960 90.9
2835138400 70309806708 92.6 47999940844875896 90.9
2835647400 70309943908 92.6 48000046252167288 90.9
2835869700 70309960108 92.6 48000054970413176 90.9
2836697100 70310091808 92.6 48000190897934456 90.9
2837128000 70317948508 92.6 48016439364243576 90.9
2837594500 70317966408 92.6 48016450802733176 90.9
2837649400 70317971708 92.6 48016460034297976 90.9
2838019800 70317977208 92.6 48016466863480952 90.9
2838073700 70317985108 92.6 48016471968604280 90.9
2838483100 70318008008 92.6 48016480744647800 90.9
2839056900 70318031108 92.6 48016511315602552 90.9
2839058600 70318150908 92.6 48016618794364024 90.9
2839311700 70318154608 92.6 48016623372168312 90.9
2839482400 70318252408 92.6 48016705158016120 90.9
2839511900 70318253308 92.6 48016705611852920 90.9
2839712400 70318265308 92.6 48016722739990648 90.9
2839855300 70318268008 92.6 48016723620016248 90.9
2840241800 70318269508 92.6 48016726044600440 90.9
2840265800 70318275008 92.6 48016728102470776 90.9
2840269700 70318280508 92.6 48016730469549176 90.9
2840409300 70318280608 92.6 48016730595501176 90.9
2840626500 70318389308 92.6 48016842053600376 90.9
2841134500 70318403508 92.6 48016847077753976 90.9
2841278400 70318403908 92.6 48016847795563000 90.9
2841970100 70318419408 92.6 48016858721677816 90.9
2842457600 70318423508 92.6 48016859833741816 90.9
2842670500 70318428108 92.6 48016865006750712 90.9
2843539000 70318435208 92.6 48016869578313720 90.9
2843852600 70318438208 92.6 48016874376789496 90.9
2843856600 70318459608 92.6 48016891342255608 90.9
2843929300 70318463608 92.6 48016893025711608 90.9
2843959400 70318565908 92.6 48016970388633080 90.9
2844604300 70318582208 92.6 48016979028325880 90.9
2844697200 70318584108 92.6 48016982464193784 90.9
2844826600 70318665908 92.6 48017021572117752 90.9
2845367100 70318668908 92.6 48017026163297528 90.9
2845710800 70318674908 92.6 48017029116109816 90.9
2846487900 70318683008 92.6 48017034901872632 90.9
2846694200 70318696808 92.6 48017043679688696 90.9
2847086600 70318710108 92.6 48017051268250104 90.9
2847097600 70318722808 92.6 48017063106465272 90.9
2847691700 70318724008 92.6 48017063612116472 90.9
2847852700 70318744008 92.6 48017071803911672 90.9
2848350900 70318751308 92.6 48017078567394296 90.9
2849565500 70318756508 92.6 48017081092783096 90.9
2849750500 70318761108 92.6 48017087778498552 90.9
2850209000 70318855308 92.6 48017146918819832 90.9
2850729400 70318980008 92.6 48017209928824824 90.9
2851313200 70318997908 92.6 48017226855436280 90.9
2851420700 70319066408 92.6 48017259457331192 90.9
2851538600 70319400608 92.6 48017496281137144 90.9
2851830100 70319406008 92.6 48017505137760248 90.9
2851911300 70319418208 92.6 48017510561326584 90.9
2852033000 70319419608 92.6 48017512281441784 90.9
2852052500 70319453608 92.6 48017531693045240 90.9
2852229600 70319456608 92.6 48017534386746104 90.9
2852511300 70319457708 92.6 48017535075488504 90.9
2852953600 70319536508 92.6 48017608772440824 90.9
2852966000 70319547008 92.6 48017615927491320 90.9
2853002100 70319554308 92.6 48017622129874680 90.9
2853093000 70319558008 92.6 48017628883438328 90.9
2853344800 70319568008 92.6 48017635127425272 90.9
2853541300 70319573908 92.6 48017640494450936 90.9
2853903400 70319583308 92.6 48017645948738808 90.9
2854000500 70319592108 92.6 48017649570218232 90.9
2854145400 70319675908 92.6 48017732769095928 90.9
2855016800 70319736408 92.6 48017793334116600 90.9
2855269900 70319833308 92.6 48017873334362360 90.9
2855446700 70319836808 92.6 48017875744039160 90.9
2855945800 70319845608 92.6 48017879709641976 90.9
2856260100 70319857108 92.6 48017897212820728 90.9
2856419300 70319867208 92.6 48017908790983928 90.9
2856583300 70319884408 92.6 48017925032590584 90.9
2856670800 70319904508 92.6 48017949722979576 90.9
2856709100 70319922808 92.6 48017975413460216 90.9
2856966300 70319931308 92.6 48017980115360504 90.9
2857218100 70319936608 92.6 48017985239563000 90.9
2857301200 70319945408 92.6 48017989813361400 90.9
2857380000 70319946308 92.6 48017991226163320 90.9
2857682900 70319988108 92.6 48018041162485880 90.9
2857708000 70319996308 92.6 48018044895936632 90.9
2857903100 70320004708 92.6 48018047696576632 90.9
2858733600 70320184608 92.6 48018205343654008 90.9
2859178600 70320206708 92.6 48018240592253048 90.9
2859459600 70320224608 92.6 48018262514827384 90.9
2859498300 70320233008 92.6 48018266592680824 90.9
2859618100 70321151908 92.6 48019062935690104 90.9
2859832800 70321155008 92.6 48019066774299768 90.9
2859995800 70321173408 92.6 48019089119313016 90.9
2860022500 70321176208 92.6 48019092708955768 90.9
2860242300 70321206508 92.6 48019170400827000 90.9
2860411400 70321218408 92.6 48019178077104248 90.9
2860502400 70321230308 92.6 48019189894764664 90.9
2861030000 70321319908 92.6 48019258395428984 90.9
2861664100 70321344908 92.6 48019285197523064 90.9
2861731900 70321351508 92.6 48019288654624376 90.9
2861789400 70321351808 92.6 48019289478944376 90.9
2862372700 70321407408 92.6 48019338022057592 90.9
2862459300 70321418708 92.6 48019343897700984 90.9
2862490900 70321420408 92.6 48019350976955000 90.9
2862502900 70321421208 92.6 48019351420926712 90.9
2862573300 70321427108 92.6 48019353298123512 90.9
2862649000 70321461208 92.6 48019374492101368 90.9
2862710300 70321467008 92.6 48019378135083768 90.9
2862747300 70321484308 92.6 48019398328216312 90.9
2863101300 70321488208 92.6 48019399794379512 90.9
2863575100 70321492508 92.6 48019403469845496 90.9
2863577100 70321539508 92.6 48019460841591800 90.9
2863697200 70321568408 92.6 48019472635409400 90.9
2863949100 70321581708 92.6 48019487969515512 90.9
2864601500 70321614708 92.6 48019522604279800 90.9
2864969700 70321669808 92.6 48019557321848824 90.9
2866182000 70321686108 92.6 48019566320696312 90.9
2866330400 70321732608 92.6 48019615740738552 90.9
2866544200 70321863408 92.6 48019692458302456 90.9
2866624100 70321870508 92.6 48019695123979256 90.9
2866645600 70323834608 92.6 48021899103067128 90.9
2867039000 70323838408 92.6 48021904662215672 90.9
2867308400 70323842708 92.6 48021910150739960 90.9
2867410000 70323871108 92.6 48021934785961976 90.9
2867902600 70323875208 92.6 48021936332611576 90.9
2868067000 70323891708 92.6 48021952950439928 90.9
2868162200 70323910808 92.6 48021962138049528 90.9
2868853800 70323917308 92.6 48021965857299704 90.9
2869247900 70330766208 92.6 48029250014354680 90.9
2870276700 70330774808 92.6 48029253065838840 90.9
2870514400 70330902108 92.6 48029349886660856 90.9
2870623300 70330928108 92.6 48029363676787960 90.9
2871359300 70330958908 92.6 48029395231458552 90.9
2871918500 70330969308 92.6 48029406282192120 90.9
2872068800 70332775308 92.6 48030909389149432 90.9
2872124700 70332785408 92.6 48030915968186616 90.9
2872465500 70332797108 92.6 48030924778916088 90.9
2872493300 70332805708 92.6 48030932062688504 90.9
2872702500 70332907708 92.6 48031002158281976 90.9
2873008100 70333007208 92.6 48031072647886072 90.9
2873448600 70333028708 92.6 48031085992143096 90.9
2873657700 70333034708 92.6 48031088434792696 90.9
2873883500 70333073508 92.6 48031113540241656 90.9
2873992100 70333236708 92.6 48031399161497848 90.9
2874033200 70333249708 92.6 48031413182854392 90.9
2874080500 70333256108 92.6 48031416068076792 90.9
2874228200 70333257908 92.6 48031417325139192 90.9
2874591000 70333332508 92.6 48031505585149176 90.9
2874591200 70333336908 92.6 48031507767293176 90.9
2875135700 70333361008 92.6 48031524713989368 90.9
2875217500 70333373008 92.6 48031530307896568 90.9
2875375500 70333381108 92.6 48031536008817912 90.9
2875549900 70333414208 92.6 48031560124790008 90.9
2875923800 70333420608 92.6 48031570880474360 90.9
2876297400 70333447808 92.6 48031587879572728 90.9
2876297600 70333452708 92.6 48031589272622328 90.9
2876357300 70333456908 92.6 48031590938055928 90.9
2876926400 70333462708 92.6 48031599206516984 90.9
2877111600 70333468508 92.6 48031607557694712 90.9
2877281400 70333483108 92.6 48031616075270904 90.9
2877351700 70333570608 92.6 48031689903909624 90.9
2877570300 70333577508 92.6 48031696047777528 90.9
2877623300 70333586808 92.6 48031699996116728 90.9
2877763900 70333588208 92.6 48031701576813816 90.9
2877775500 70333681008 92.6 48031785085422840 90.9
2877909200 70333692508 92.6 48031793530214648 90.9
2878306400 70333692608 92.6 48031793637734648 90.9
2878355900 70333697008 92.6 48031794784000248 90.9
2878563900 70333821208 92.6 48031899747498232 90.9
2878714900 70333839908 92.6 48031926446700792 90.9
2878838600 70333840108 92.6 48031926469228792 90.9
2878891000 70333840908 92.6 48031926525548792 90.9
2878972800 70333841208 92.6 48031926581868792 90.9
2879048400 70333848908 92.6 48031932676001528 90.9
2879251800 70333854208 92.6 48031936807196920 90.9
2879407700 70333958408 92.6 48031988192737528 90.9
2879438500 70334013908 92.6 48032027829958904 90.9
2879549300 70334028608 92.6 48032037661809912 90.9
2879599500 70334051908 92.6 48032059303443704 90.9
2879650800 70334107008 92.6 48032098139331832 90.9
2879733200 70334120108 92.6 48032104851810552 90.9
2879931300 70334129008 92.6 48032113279922424 90.9
2880006200 70334131008 92.6 48032116090411768 90.9
2880095000 70334245708 92.6 48032207365847800 90.9
2880258800 70334445808 92.6 48032359663745784 90.9
2880715600 70334448308 92.6 48032362495441656 90.9
2880766800 70335173308 92.6 48032483380108024 90.9
2881133900 70335256908 92.6 48032561245682424 90.9
2881157700 70335281308 92.6 48032611268201208 90.9
2881697600 70335318708 92.6 48032641887331064 90.9
2881733300 70335319008 92.6 48032642863639672 90.9
2881761400 70335323508 92.6 48032646197169272 90.9
2882063300 70335369508 92.6 48032688971451512 90.9
2882587700 70335369808 92.6 48032689599163512 90.9
2882612100 70335383708 92.6 48032704743262328 90.9
2882620200 70335389908 92.6 48032709775197304 90.9
2882979900 70335394208 92.6 48032711519937656 90.9
2883248900 70335402108 92.6 48032716859046008 90.9
2883459300 70335407008 92.6 48032721946549368 90.9
2883552600 70335438808 92.6 48032734564200568 90.9
2883888200 70335442708 92.6 48032735586766968 90.9
2884117800 70335460108 92.6 48032745112241272 90.9
2884123100 70335592808 92.6 48032857947563128 90.9
2884220600 70335604808 92.6 48032869967250552 90.9
2884330500 70335624308 92.6 48032887445613688 90.9
2884444600 70335629108 92.6 48032890764234872 90.9
2884492100 70335643208 92.6 48032899643996280 90.9
2884885700 70335920908 92.6 48033106065602680 90.9
2884900000 70336088408 92.6 48033196633823352 90.9
2884919500 70336096608 92.6 48033203234851448 90.9
2884962900 70336204308 92.6 48033277094931064 90.9
2885002600 70336205608 92.6 48033277893855864 90.9
2885082500 70336219708 92.6 48033286069103736 90.9
2885158900 70336224508 92.6 48033293661449336 90.9
2885184100 70336232108 92.6 48033300149922936 90.9
2885438600 70336255908 92.6 48033310955375736 90.9
2885737100 70336296808 92.6 48033355107056760 90.9
2885866500 70336330908 92.6 48033373405482104 90.9
2885962200 70336368508 92.6 48033390811131000 90.9
2886018200 70336449508 92.6 48033442614111352 90.9
2886173300 70336464408 92.6 48033450319255672 90.9
2886174500 70336482408 92.6 48033463629480056 90.9
2886396100 70336496708 92.6 48033479685902456 90.9
2886569800 70336508008 92.6 48033485863677048 90.9
2886589600 70336520008 92.6 48033495926150264 90.9
2886842700 70336528608 92.6 48033502987784824 90.9
2886861300 70336597708 92.6 48033553709949560 90.9
2887296000 70336607108 92.6 48033558315189880 90.9
2887330100 70336668708 92.6 48033615977502328 90.9
2887353600 70336726108 92.6 48033677892949624 90.9
2887824000 70337741308 92.6 48037223338645112 90.9
2888139500 70337741708 92.6 48037225111844600 90.9
2888533900 70337745608 92.6 48037227089393400 90.9
2888806500 70337770108 92.6 48037246432833272 90.9
2888853000 70337777708 92.6 48037254776354552 90.9
2888856000 70337939608 92.6 48037388912760568 90.9
2889191200 70337946408 92.6 48037393380267768 90.9
2889498400 70338079008 92.6 48037503137978104 90.9
2889561400 70338092708 92.6 48037512493699832 90.9
2889624900 70338111308 92.6 48037530434003704 90.9
2889714600 70338136008 92.6 48037545349093112 90.9
2889909700 70338136208 92.6 48037545576625912 90.9
2890287300 70338143308 92.6 48037549983594232 90.9
2890290500 70338157008 92.6 48037560874171128 90.9
2890363800 70338165208 92.6 48037565769845496 90.9
2890504500 70338263108 92.6 48037641326594808 90.9
2890507500 70338264708 92.6 48037642600450808 90.9
2890529000 70338270408 92.6 48037649302349048 90.9
2890543300 70338289608 92.6 48037670762243320 90.9
2890597300 70338304608 92.6 48037682181977336 90.9
2890802900 70338318908 92.6 48037697762858232 90.9
2890841200 70338327308 92.6 48037701162128632 90.9
2890891000 70338338308 92.6 48037716634719480 90.9
2891174900 70338365008 92.6 48037743337731320 90.9
2891225600 70339909808 92.6 48038748702700792 90.9
2891455300 70342981508 92.6 48042508971734264 90.9
2891464200 70342990308 92.6 48042512310879992 90.9
2891484800 70343013108 92.6 48042532253542136 90.9
2891563000 70343022508 92.6 48042536814028536 90.9
2892004300 70343027008 92.6 48042538770563064 90.9
2892056400 70343084308 92.6 48042586876305400 90.9
2892335300 70343101108 92.6 48042595678596088 90.9
2892358100 70343107608 92.6 48042601946423288 90.9
2892435200 70343143908 92.6 48042622062028792 90.9
2892494800 70343149108 92.6 48042629779008504 90.9
2892660600 70343158508 92.6 48042637809610232 90.9
2892875600 70343165708 92.6 48042642857111032 90.9
2892904300 70343171908 92.6 48042647004515832 90.9
2892952000 70343176208 92.6 48042649460682232 90.9
2893057600 70343180708 92.6 48042654075156984 90.9
2893305300 70343190108 92.6 48042663950201336 90.9
2893388900 70343252008 92.6 48042725718307320 90.9
2893594500 70343274508 92.6 48042744327070200 90.9
2893673800 70343285108 92.6 48042756103614968 90.9
2894071800 70343306508 92.6 48042765267777016 90.9
2894202200 70343319608 92.6 48042775566682616 90.9
2894833800 70343324808 92.6 48042779376781816 90.9
2894974700 70343339508 92.6 48042794247286264 90.9
2895064500 70343403408 92.6 48042830456679928 90.9
2895239300 70343403508 92.6 48042830596148728 90.9
2895348500 70343410308 92.6 48042833972891128 90.9
2895357400 70343416508 92.6 48042838007316472 90.9
2895398100 70343417308 92.6 48042838539796472 90.9
2895517500 70343452908 92.6 48042867885828088 90.9
2895702400 70343474908 92.6 48042891140964344 90.9
2895726100 70343483708 92.6 48042894437822456 90.9
2895815800 70343488508 92.6 48042896473534456 90.9
2895884400 70343590108 92.6 48042985795596280 90.9
2896043300 70343667008 92.6 48043062266974200 90.9
2896204700 70343673408 92.6 48043065029934072 90.9
2896270700 70343682408 92.6 48043073803647992 90.9
2896522500 70343697208 92.6 48043091065877496 90.9
2896526800 70343700408 92.6 48043092529583096 90.9
2896569600 70343706508 92.6 48043097019368952 90.9
2896796300 70343715608 92.6 48043108790560248 90.9
2896930200 70343749208 92.6 48043131345257976 90.9
2896970000 70344006708 92.6 48043380620101112 90.9
2897277200 70344013908 92.6 48043382964241912 90.9
2897359300 70344024008 92.6 48043390201966072 90.9
2897504500 70344233808 92.6 48043545622310392 90.9
2897541300 70344293808 92.6 48043609081597432 90.9
2897588900 70344293908 92.6 48043609084259832 90.9
2897647200 70344299808 92.6 48043612655744504 90.9
2897907200 70346622708 92.6 48045672482764280 90.9
2898248600 70346628408 92.6 48045681877159416 90.9
2898285300 70346634108 92.6 48045687202069496 90.9
2898536500 70346766708 92.6 48045819424685048 90.9
2898554200 70346769808 92.6 48045821181049848 90.9
2898681600 70346778708 92.6 48045824853235448 90.9
2898859300 70346791808 92.6 48045831674460920 90.9
2898972300 70346864108 92.6 48045873573681912 90.9
2899415500 70346944308 92.6 48045943428193016 90.9
2899483900 70347058608 92.6 48046030078221048 90.9
2899569100 70347064908 92.6 48046033553881848 90.9
2899766500 70347079208 92.6 48046047333510904 90.9
2900041800 70347114208 92.6 48046077914337016 90.9
2900063100 70347117208 92.6 48046079427809016 90.9
2900093200 70347195208 92.6 48046139421613816 90.9
2900192200 70347203908 92.6 48046144418733816 90.9
2900220500 70347214208 92.6 48046151443808504 90.9
2900230000 70347228408 92.6 48046160226248952 90.9
2900880900 70347237708 92.6 48046168600858360 90.9
2901283400 70347275108 92.6 48046199759646456 90.9
2901755700 70347312008 92.6 48046223681679096 90.9
2901949500 70347312108 92.6 48046223770971896 90.9
2902277100 70347317308 92.6 48046228094972152 90.9
2902785400 70347317808 92.6 48046228600673048 90.9
2902901600 70347340308 92.6 48046240126612248 90.9
2902944100 70347357408 92.6 48046252172784408 90.9
2903116400 70347362208 92.6 48046253468758808 90.9
2903133600 70347369108 92.6 48046259324683032 90.9
2903719500 70347374908 92.6 48046263718667032 90.9
2903786800 70347438908 92.6 48046321623225112 90.9
2903873000 70347454508 92.6 48046330040707864 90.9
2904307700 70347792608 92.6 48046595271191320 90.9
2904761400 70347808008 92.6 48046601912036120 90.9
2905128200 70347830208 92.6 48046618396745496 90.9
2906081400 70347839608 92.6 48046627505257240 90.9
2906306700 70349548408 92.6 48049101197228824 90.9
2906509700 70349562408 92.6 48049107814963992 90.9
2906545500 70349568808 92.6 48049112028308248 90.9
2906728100 70349579708 92.6 48049124747617048 90.9
2907033500 70349583908 92.6 48049128462356248 90.9
2907680600 70349873708 92.6 48049447385239320 90.9
2908191800 70349881408 92.6 48049457617071896 90.9
2908307700 70349882408 92.6 48049464288479000 90.9
2908538600 70349884608 92.6 48049469515860760 90.9
2908851100 70349889708 92.6 48049471201979160 90.9
2910021800 70349893308 92.6 48049473118907160 90.9
2910392200 70349893908 92.6 48049473579911960 90.9
2910394800 70349898708 92.6 48049478566941464 90.9
2910409100 70349900708 92.6 48049480153946136 90.9
2910749700 70349916608 92.6 48049492211505176 90.9
2911152600 70349922008 92.6 48049496274599448 90.9
2911160600 70349931508 92.6 48049501696252440 90.9
2911539900 70349934008 92.6 48049503935868184 90.9
2911553400 70355115108 92.6 48060238552313112 91.0
2912002500 70355133808 92.6 48060259951017240 91.0
2912461300 70355145508 92.6 48060264901251352 91.0
2912729000 70355149808 92.6 48060268166302488 91.0
2912869400 70355158008 92.6 48060273166494488 91.0
2913641300 70355165308 92.6 48060278983413528 91.0
2914297200 70355178408 92.6 48060285635112728 91.0
2914348900 70355182408 92.6 48060288578135576 91.0
2914408100 70355245408 92.6 48060339967378968 91.0
2914568400 70355286108 92.6 48060369264700952 91.0
2915006900 70355321708 92.6 48060388185320984 91.0
2915210700 70355326308 92.6 48060391147548184 91.0
2915350100 70355330808 92.6 48060394867535384 91.0
2915429900 70355563508 92.6 48060566053219864 91.0
2915733900 70355571808 92.6 48060569470311704 91.0
2916090000 70355572808 92.6 48060570135297304 91.0
2916186400 70355625008 92.6 48060616664538392 91.0
2916470100 70355749908 92.6 48060724325924120 91.0
2916487400 70355753308 92.6 48060730340964632 91.0
2916540100 70355757208 92.6 48060732350257432 91.0
2916814100 70355767708 92.6 48060738485697304 91.0
2916825500 70355767808 92.6 48060738603457304 91.0
2916831300 70355773708 92.6 48060743127541016 91.0
2917159100 70355777408 92.6 48060744188405016 91.0
2917258700 70355784108 92.6 48060747509283096 91.0
2917529500 70355852108 92.6 48060803193784600 91.0
2917626400 70355869608 92.6 48060811162018072 91.0
2917851400 70355870908 92.6 48060813446562072 91.0
2918327500 70355921108 92.6 48060846049132824 91.0
2918799700 70355932408 92.6 48060852091527448 91.0
2919391200 70355953208 92.6 48060869319754008 91.0
2919488100 70355963708 92.6 48060874719306008 91.0
2919662700 70355965408 92.6 48060876590870296 91.0
2919848200 70355979208 92.6 48060888548625176 91.0
2920077400 70355979508 92.6 48060888947985176 91.0
2920152600 70356012508 92.6 48060907311004440 91.0
2920596600 70356046508 92.6 48060922357951256 91.0
2921195200 70356277108 92.6 48061082565307160 91.0
2921562600 70356286508 92.6 48061085673761560 91.0
2922999100 70356287508 92.6 48061087186666392 91.0
2923121600 70356313608 92.6 48061113243798424 91.0
2923127400 70356318108 92.6 48061116373552024 91.0
2923197700 70356318208 92.6 48061116465302424 91.0
2923567100 70356329808 92.6 48061127310108568 91.0
2923675200 70356369208 92.6 48061160686698392 91.0
2923726000 70356375108 92.6 48061162721548824 91.0
2923738600 70356385808 92.6 48061167945792024 91.0
2923928200 70356402108 92.6 48061181243980312 91.0
2924074600 70356442908 92.6 48061220620012056 91.0
2924091900 70356444308 92.6 48061221778975256 91.0
2924277400 70356449708 92.6 48061226407035416 91.0
2924317600 70356463908 92.6 48061239856828952 91.0
2924451900 70356464708 92.6 48061240083747352 91.0
2924696500 70356755508 92.6 48061527660925464 91.0
2924766400 70356759908 92.6 48061529344381464 91.0
2924896600 70356760108 92.6 48061529354826264 91.0
2925084900 70356787508 92.6 48061551591371288 91.0
2925177100 70356791808 92.6 48061554380573720 91.0
2925627900 70356795508 92.6 48061556824861720 91.0
2926273300 70356800408 92.6 48061562573307416 91.0
2926733200 70356808408 92.6 48061567751511576 91.0
2926765100 70357016808 92.6 48061630324006424 91.0
2926822300 70357050708 92.6 48061671297875480 91.0
2926958000 70357064708 92.6 48061684728940056 91.0
2927011500 70357110908 92.6 48061734550640152 91.0
2927196200 70357125008 92.6 48061742164755992 91.0
2927451600 70357150508 92.6 48061758616645144 91.0
2928421200 70357160808 92.6 48061765991884824 91.0
2928485200 70357230308 92.6 48061839305582616 91.0
2928643600 70357230908 92.6 48061840453486616 91.0
2928661600 70357232708 92.6 48061842515121176 91.0
2928690900 70357237508 92.6 48061844992836632 91.0
2928705500 70357267008 92.6 48061868330224664 91.0
2928713500 70357313608 92.6 48061920650325016 91.0
2929032300 70357317808 92.6 48061922273979416 91.0
2929152500 70357523208 92.6 48062059860159512 91.0
2929198200 70357570908 92.6 48062097174735896 91.0
2929292500 70357575608 92.6 48062099667075608 91.0
2929348500 70357582808 92.6 48062106826597400 91.0
2929370300 70357595908 92.6 48062111705547800 91.0
2929901200 70357991308 92.6 48063392062981144 91.0
2930030900 70358003008 92.6 48063404559105048 91.0
2930196900 70358007108 92.6 48063408047359768 91.0
2930268900 70358012608 92.6 48063411194447640 91.0
2930360100 70358136408 92.6 48063503996978968 91.0
2930395900 70358157508 92.6 48063522013087512 91.0
2930579300 70358161408 92.6 48063524470892312 91.0
2930595100 70358165708 92.6 48063525715257112 91.0
2930719600 70358194908 92.6 48063538501084952 91.0
2930923900 70358199708 92.6 48063544524094232 91.0
2931121900 70358213108 92.6 48063559653176088 91.0
2931614400 70358222008 92.6 48063571043142424 91.0
2931802900 70358223808 92.6 48063572646316824 91.0
2932063400 70358227008 92.6 48063576204880152 91.0
2932124600 70358232308 92.6 48063580081251096 91.0
2932270300 70358254108 92.6 48063592432974616 91.0
2932291000 70358260408 92.6 48063594421350552 91.0
2932451600 70358276208 92.6 48063606827658392 91.0
2932587700 70358381908 92.6 48063683942624408 91.0
2932648500 70358382608 92.6 48063684441107608 91.0
2932956800 70358402108 92.6 48063701117766808 91.0
2933056100 70358425008 92.6 48063710591145112 91.0
2933114700 70358439708 92.6 48063720284820632 91.0
2933125900 70358443908 92.6 48063721037870232 91.0
2933262000 70358661608 92.6 48063948708869272 91.0
2933391500 70358662308 92.6 48063948968965272 91.0
2933964200 70359538208 92.6 48064681625597080 91.0
2933971700 70359757508 92.6 48064910171583640 91.0
2934003800 70359781108 92.6 48064923012854936 91.0
2934056100 70359784108 92.6 48064924542506136 91.0
2934185600 70359797108 92.6 48064935755704472 91.0
2934208600 70359801408 92.6 48064937736734872 91.0
2934209500 70359809808 92.6 48064940414842520 91.0
2934356300 70359867208 92.6 48065022679283352 91.0
2935024700 70359947908 92.6 48065089571382936 91.0
2935429100 70359951708 92.6 48065091887875736 91.0
2935644900 70360157908 92.6 48065317359748760 91.0
2935688800 70360168308 92.6 48065320756766360 91.0
2935723500 70360187708 92.6 48065328780762264 91.0
2935809200 70360194608 92.6 48065332533722264 91.0
2935980800 70365168108 92.6 48070502989626520 91.0
2936081000 70365176708 92.6 48070506165869720 91.0
2936243500 70365188508 92.6 48070510604500120 91.0
2936468100 70365217708 92.6 48070526057624728 91.0
2936576600 70365225808 92.6 48070538681271448 91.0
2936662000 70365276708 92.6 48070566869699736 91.0
2937435000 70365278408 92.6 48070569262575256 91.0
2937502200 70365297008 92.6 48070578320229016 91.0
2937599700 70365464908 92.6 48070738945540760 91.0
2937674800 70366940108 92.6 48071645020127896 91.0
2937739900 70367079208 92.6 48071745248453272 91.0
2937934200 70367088808 92.6 48071766293953176 91.0
2938090000 70367103108 92.6 48071775491876504 91.0
2938210700 70367114708 92.6 48071781008418968 91.0
2938313600 70367123108 92.6 48071797896615064 91.0
2938473400 70367129308 92.6 48071801075315864 91.0
2938534900 70367134608 92.6 48071803889677464 91.0
2938898000 70367140908 92.6 48071807718152856 91.0
2938997400 70367145108 92.6 48071810847091864 91.0
2939102700 70367149108 92.6 48071818314304664 91.0
2939232700 70367383008 92.6 48072053216316568 91.0
2939502700 70367388308 92.6 48072059755713688 91.0
2939658700 70367400308 92.6 48072067158381208 91.0
2939783300 70368644408 92.6 48073430490550936 91.0
2939831000 70368646608 92.6 48073432360579736 91.0
2940051200 70368650308 92.6 48073435116978072 91.0
2940229400 70368654508 92.6 48073445690246040 91.0
2940332400 70368664808 92.6 48073473309270936 91.0
2940369700 70368665008 92.6 48073473313981336 91.0
2940439100 70368665208 92.6 48073473479459736 91.0
2940455000 70368691308 92.6 48073492897055640 91.0
2940485300 70368702208 92.6 48073502670181272 91.0
2940541500 70368706908 92.6 48073504458494872 91.0
2941180700 70368710508 92.6 48073505887794072 91.0
2941183000 70368785608 92.6 48073556367618968 91.0
2941262000 70368797308 92.6 48073563398154648 91.0
2941263100 70368800008 92.6 48073573704860056 91.0
2941607300 70368806808 92.6 48073575810613656 91.0
2941622100 70368838508 92.6 48073591225566616 91.0
2941763000 70368842808 92.6 48073593117304216 91.0
2941915100 70368989908 92.6 48073692708873624 91.0
2942043000 70368993208 92.6 48073694704444824 91.0
2942594100 70368993408 92.6 48073694715913624 91.0
2943193900 70368994608 92.6 48073699645449624 91.0
2943335600 70369001008 92.6 48073706049202584 91.0
2943376800 70369003608 92.6 48073707187071384 91.0
2943403500 70369008708 92.6 48073711627760024 91.0
2944176700 70369018308 92.6 48073720558678424 91.0
2944339700 70369018408 92.6 48073720584892824 91.0
2944376000 70369024208 92.6 48073722618966424 91.0
2944414800 70369025508 92.6 48073723948937624 91.0
2944536800 70369082908 92.6 48073766765199768 91.0
2944869300 70369093208 92.6 48073774256016792 91.0
2944968600 70369126308 92.6 48073802202480024 91.0
2944991800 70369132508 92.6 48073805346160024 91.0
2945124500 70369147008 92.6 48073817697002904 91.0
2945132700 70369157408 92.6 48073828102349208 91.0
2945177400 70369165408 92.6 48073833487785880 91.0
2945354300 70369177608 92.6 48073841064963992 91.0
2945380600 70369185308 92.6 48073844837413016 91.0
2945422900 70369188508 92.6 48073846374232216 91.0
2945505400 70369269708 92.6 48073893935374488 91.0
2945670700 70369272708 92.6 48073896402600088 91.0
2946159100 70369278508 92.6 48073900340460696 91.0
2946160900 70369328308 92.6 48073939876097176 91.0
2946174200 70369332908 92.6 48073943608413336 91.0
2946234100 70369343908 92.6 48073949426166936 91.0
2946336400 70369361608 92.6 48073967624383640 91.0
2946499500 70369362708 92.6 48073970127717272 91.0
2946500900 70369370208 92.6 48073978293529496 91.0
2946572100 70369376908 92.6 48073981877324696 91.0
2946580100 70371057908 92.6 48075724696357784 91.0
2946785200 70371062508 92.6 48075729837452184 91.0
2946893200 70371233208 92.6 48075853539298200 91.0
2947286300 70371267708 92.6 48075879527732120 91.0
2947307500 70371279808 92.6 48075897399260056 91.0
2947379300 70371285808 92.6 48075901589610392 91.0
2947461100 70371303608 92.6 48075921685198744 91.0
2947513600 70371307408 92.6 48075924370796952 91.0
2947758300 70371323208 92.6 48075932167345048 91.0
2947785500 70371339408 92.6 48075962953829272 91.0
2948135200 70371340708 92.6 48075963734117272 91.0
2948288800 70371402308 92.6 48076016744426392 91.0
2948411000 70371437908 92.6 48076048627667864 91.0
2948434600 70371447708 92.6 48076055017667992 91.0
2948525400 70371493808 92.6 48076083012441496 91.0
2948551700 70371507408 92.6 48076089045011352 91.0
2948625900 70371508208 92.6 48076089391328152 91.0
2948741000 70371515408 92.6 48076092621177752 91.0
2949037300 70371516608 92.6 48076093318112152 91.0
2949173200 70371525608 92.6 48076099343944600 91.0
2949239100 70371534108 92.6 48076103511124120 91.0
2949243200 70371546708 92.6 48076114856805528 91.0
2949426900 70371547508 92.6 48076116265624728 91.0
2949447100 70371600608 92.6 48076156078568600 91.0
2949471100 70371607908 92.6 48076167819703448 91.0
2949607700 70371660808 92.6 48076207901148312 91.0
2949676000 70371664208 92.6 48076209560233112 91.0
2949921700 70371786908 92.6 48076305655424152 91.0
2949967000 70371788508 92.6 48076307815572120 91.0
2950070300 70373053808 92.6 48078098930180760 91.0
2950149200 70373062008 92.6 48078102498411160 91.0
2950374700 70373071008 92.6 48078110177107096 91.0
2950397400 70373119208 92.6 48078140977462424 91.0
2950464200 70373183108 92.6 48078190729436312 91.0
2950513200 70373202208 92.6 48078205480204440 91.0
2950556200 70373216608 92.6 48078215222625432 91.0
2950834100 70373221308 92.6 48078217376507032 91.0
2950872400 70373226508 92.6 48078221049391768 91.0
2951168700 70373226708 92.6 48078221303753368 91.0
2951178000 70373276908 92.6 48078277231143576 91.0
2951842900 70373279708 92.6 48078278871442072 91.0
2952259000 70373414708 92.6 48078384577880728 91.0
2952392700 70374009908 92.6 48078466054840984 91.0
2952577800 70374144308 92.6 48078591139308184 91.0
2952694700 70374148008 92.6 48078597273220760 91.0
2953173400 70374162808 92.6 48078607878964888 91.0
2953204800 70374168608 92.6 48078616340570264 91.0
2953319300 70374220608 92.6 48078656720396440 91.0
2953407100 70374231108 92.6 48078661092262040 91.0
2953421000 70374235708 92.6 48078664117567640 91.0
2953526800 70374245008 92.6 48078668674162840 91.0
2953639800 70374260408 92.6 48078680655927448 91.0
2953689800 70374430008 92.6 48078812259711128 91.0
2953705700 70374431608 92.6 48078815628958616 91.0
2953960900 70374433208 92.6 48078817843263896 91.0
2954338600 70374440508 92.6 48078823520981912 91.0
2954575500 70374447008 92.6 48078826702898072 91.0
2954915400 70374458608 92.6 48078842678858648 91.0
2955133900 70374474608 92.6 48078850706509720 91.0
2955250500 70374502008 92.6 48078880458805144 91.0
2955534200 70374507208 92.6 48078884104305048 91.0
2955546600 70374508808 92.6 48078884820647640 91.0
2955891900 70374519408 92.6 48078890675744472 91.0
2955972700 70374524108 92.6 48078893250787800 91.0
2956032900 70374533208 92.6 48078898870704600 91.0
2956148000 70374533508 92.6 48078899573168600 91.0
2956346200 70374554408 92.7 48078911856305624 91.0
2956822900 70374557808 92.7 48078916776343000 91.0
2956927400 70374563308 92.7 48078920303818200 91.0
2956955200 70374563608 92.7 48078920368944600 91.0
2957063400 70374634908 92.7 48078978435712472 91.0
2957411300 70374636508 92.7 48078979492275672 91.0
2957565100 70374657208 92.7 48078993341547992 91.0
2957658400 70374751108 92.7 48079064407000536 91.0
2957759700 70374757708 92.7 48079070170155480 91.0
2957896100 70374862708 92.7 48079145674492376 91.0
2958167200 70374881408 92.7 48079164710652376 91.0
2958237600 70374916708 92.7 48079199116237272 91.0
2958345400 70376523808 92.7 48081368809118168 91.0
2958397100 70376559108 92.7 48081390079529432 91.0
2958418300 70376564208 92.7 48081392932393432 91.0
2958713000 70376601608 92.7 48081428805136856 91.0
2958737200 70376617908 92.7 48081442774805976 91.0
2958744600 70376624208 92.7 48081448843443160 91.0
2959217400 70376634908 92.7 48081460003207128 91.0
2959228400 70376643308 92.7 48081470869215192 91.0
2959302800 70376721308 92.7 48081731956348888 91.0
2959306400 70376731208 92.7 48081736181987288 91.0
2959461700 70376769608 92.7 48081771371026392 91.0
2959590600 70376780408 92.7 48081785311989720 91.0
2959601500 70376790908 92.7 48081801134442456 91.0
2959801400 70376908508 92.7 48081915303036888 91.0
2959845900 70376970608 92.7 48081964075964376 91.0
2959892400 70376976508 92.7 48081970884870616 91.0
2959999100 70376981508 92.7 48081977093561304 91.0
2960015600 70376989408 92.7 48081983713548248 91.0
2960343200 70376994808 92.7 48081986944268248 91.0
2960681800 70377000208 92.7 48081989830309848 91.0
2961425000 70377006308 92.7 48081994003437016 91.0
2961523100 70377097208 92.7 48082047645480408 91.0
2962175000 70377141208 92.7 48082083728827864 91.0
2962617500 70377148408 92.7 48082086976628952 91.0
2962617900 70377169608 92.7 48082097587063000 91.0
2962644200 70377179808 92.7 48082102627805400 91.0
2962868200 70377186008 92.7 48082114035322072 91.0
2963263700 70377187808 92.7 48082117336053208 91.0
2963388200 70377242508 92.7 48082156572423640 91.0
2963485200 70377255608 92.7 48082162584647128 91.0
2963647500 70377263208 92.7 48082167609265624 91.0
2963651100 70377283008 92.7 48082186311247320 91.0
2963694500 70377287308 92.7 48082188182504920 91.0
2964920000 70377356308 92.7 48082239519290840 91.0
2965138700 70377369008 92.7 48082246652344792 91.0
2965146500 70377373208 92.7 48082248896495576 91.0
2965292900 70377375708 92.7 48082249819629976 91.0
2965736200 70377388008 92.7 48082255092205976 91.0
2965938300 70377414408 92.7 48082275144989080 91.0
2966007600 70377415808 92.7 48082275498064280 91.0
2966112300 70377431008 92.7 48082283137104280 91.0
2966393300 70377469208 92.7 48082304796989848 91.0
2966456600 70377469908 92.7 48082308139735448 91.0
2966482200 70377505908 92.7 48082342875359640 91.0
2966490200 70377513108 92.7 48082347195615640 91.0
2966561900 70377521908 92.7 48082351650332056 91.0
2967003700 70377778808 92.7 48082619855855000 91.0
2967108100 70377786208 92.7 48082622844296600 91.0
2967533600 70377851908 92.7 48082661689515416 91.0
2968158700 70377882308 92.7 48082678620333464 91.0
2968709000 70377910908 92.7 48082695660354968 91.0
2969082800 70377915208 92.7 48082697618447768 91.0
2969111000 70377921408 92.7 48082702575152024 91.0
2969176200 70377965008 92.7 48082757124352920 91.0
2969350300 70378707008 92.7 48083659366460312 91.0
2969354000 70378741308 92.7 48083687389473688 91.0
2969367300 70378749608 92.7 48083691339656088 91.0
2969395600 70378759108 92.7 48083704072393624 91.0
2969682300 70378811708 92.7 48083753328374680 91.0
2969909000 70378837608 92.7 48083777376340888 91.0
2970173000 70378904708 92.7 48083848427539352 91.0
2970189900 70378968508 92.7 48083891802516376 91.0
2970374100 70379056008 92.7 48083964723858328 91.0
2970397300 70379138308 92.7 48084047728405400 91.0
2970658600 70379166208 92.7 48084074974270360 91.0
2970694500 70379176008 92.7 48084084031862680 91.0
2971173100 70379218408 92.7 48084107731773336 91.0
2971401400 70379232308 92.7 48084120330467224 91.0
2971750700 70379242108 92.7 48084128493474200 91.0
2971797200 70379274008 92.7 48084154464072088 91.0
2971993400 70379274208 92.7 48084154707091096 91.0
2972126300 70379277108 92.7 48084155766128280 91.0
2972393500 70379292608 92.7 48084177307039384 91.0
2972463300 70379299308 92.7 48084182377272984 91.0
2972592400 70379312808 92.7 48084192865775256 91.0
2972823500 70379312908 92.7 48084192877039256 91.0
2972837700 70379318708 92.7 48084197589716632 91.0
2972995800 70379428108 92.7 48084321364790936 91.0
2973238400 70379456208 92.7 48084329522998936 91.0
2973437300 70379463208 92.7 48084335541785240 91.0
2973972600 70379480308 92.7 48084369127602840 91.0
2975049300 70379490108 92.7 48084379511911064 91.0
2975219900 70379490608 92.7 48084380198695256 91.0
2975322200 70379529408 92.7 48084419043729752 91.0
2975422100 70379565608 92.7 48084444957383000 91.0
2975607800 70379571608 92.7 48084450598712152 91.0
2975840800 70379636108 92.7 48084505214501720 91.0
2975994400 70379646908 92.7 48084526191379288 91.0
2976219600 70379659008 92.7 48084534420839768 91.0
2976257800 70379661708 92.7 48084535959706968 91.0
2976361500 70379728408 92.7 48084606729444696 91.0
2977108600 70379729008 92.7 48084606916836696 91.0
2977333500 70379752408 92.7 48084625295193432 91.0
2977528100 70379815108 92.7 48084653952423256 91.0
2977915200 70379823708 92.7 48084659307889496 91.0
2978370800 70379826608 92.7 48084663056989016 91.0
2978923500 70379829208 92.7 48084676941296472 91.0
2979152900 70379833308 92.7 48084678796328024 91.0
2979798600 70379844408 92.7 48084683825897560 91.0
2979812500 70379869708 92.7 48084708397975640 91.0
2980338200 70379875508 92.7 48084713144900696 91.0
2980405000 70379888808 92.7 48084725356475480 91.0
2980427800 70379899008 92.7 48084732661529688 91.0
2980742800 70379906208 92.7 48084736534263896 91.0
2980926200 70379912308 92.7 48084747084980312 91.0
2981094100 70379916808 92.7 48084749558964312 91.0
2981360600 70379920608 92.7 48084754795749976 91.0
2982543900 70379925408 92.7 48084756723737176 91.0
2982768600 70379935608 92.7 48084767987677784 91.0
2982893800 70379965008 92.7 48084803914193496 91.0
2983140600 70379965508 92.7 48084804908702296 91.0
2983620400 70379980608 92.7 48084813686920792 91.0
2983684400 70380015008 92.7 48084837697785432 91.0
2983918100 70380019208 92.7 48084842291494488 91.0
2983959300 70380083008 92.7 48084887156051544 91.0
2984088900 70380138308 92.7 48084930603273816 91.0
2984472800 70380138608 92.7 48084930947337816 91.0
2984712100 70380140108 92.7 48084931729469016 91.0
2984956100 70380140908 92.7 48084933266697816 91.0
2985014800 70380316208 92.7 48085111618367064 91.0
2985062500 70380317708 92.7 48085114832939352 91.0
2985179900 70380319308 92.7 48085118640628312 91.0
2985773100 70380322108 92.7 48085122041504856 91.0
2986202900 70380355808 92.7 48085140338637912 91.0
2986241900 70380361808 92.7 48085143095656024 91.0
2986344000 70380363208 92.7 48085144888884824 91.0
2986585500 70380372208 92.7 48085150333858392 91.0
2986663600 70380378508 92.7 48085152191536728 91.0
2987859100 70380398308 92.7 48085162737206872 91.0
2988071900 70380430808 92.7 48085196817981016 91.0
2988716600 70380480708 92.7 48085229788499544 91.0
2988908700 70380612808 92.7 48085341699173976 91.0
2990502300 70380678908 92.7 48085399897525848 91.0
2991627900 70380682308 92.7 48085401696489048 91.0
2992154500 70380695508 92.7 48085406390635096 91.0
2992239700 70380696208 92.7 48085406699795512 91.0
2992406700 70380707308 92.7 48085411090053688 91.0
2992677900 70380707908 92.7 48085412475658680 91.0
2992864400 70380726008 92.7 48085419508081080 91.0
2993162400 70380791308 92.7 48085475192897976 91.0
2993368800 70380801408 92.7 48085483143308216 91.0
2993375200 70380828308 92.7 48085501022356408 91.0
2993734000 70381779108 92.7 48086333863740344 91.0
2993765900 70386470008 92.7 48096223451661240 91.0
2993915900 70386484508 92.7 48096239297615800 91.0
2994206500 70386487908 92.7 48096242278511800 91.0
2994603500 70386492508 92.7 48096252237860024 91.0
2995063300 70386496808 92.7 48096257622127288 91.0
2995378000 70386584308 92.7 48096353454944952 91.0
2996059200 70386588008 92.7 48096354669204152 91.0
2996169000 70386590308 92.7 48096358229503160 91.0
2996292100 70386602908 92.7 48096365431226040 91.0
2997917500 70386636908 92.7 48096391746596536 91.0
2997941500 70386638508 92.7 48096394093327544 91.0
2998075400 70386791408 92.7 48096882037650616 91.0
2998353000 70386805308 92.7 48096891239397560 91.0
2998946900 70386823108 92.7 48096908321216696 91.0
2999002300 70386830008 92.7 48096913037265080 91.0
2999042900 70386869708 92.7 48096939624882360 91.0
2999102500 70386905908 92.7 48096967432263864 91.0
2999207800 70387632608 92.7 48097815056865464 91.0
2999315700 70387633708 92.7 48097815739840184 91.0
2999589300 70387643108 92.7 48097824361690808 91.0
3000040000 70387647208 92.7 48097830315305656 91.0
3000191000 70387770208 92.7 48097932243290808 91.0
3000552000 70387793908 92.7 48097952636308152 91.0
3001511900 70387796708 92.7 48097954699466040 91.0
3002589600 70387805708 92.7 48097960438246712 91.0
3002678900 70387882608 92.7 48098026419449144 91.0
3002745700 70387892908 92.7 48098041909722424 91.0
3003281200 70387942208 92.7 48098071772433720 91.0
3003447400 70387972908 92.7 48098097547869496 91.0
3004036400 70388007708 92.7 48098113815088440 91.0
3004388600 70388082108 92.7 48098166532926776 91.0
3004632100 70388088308 92.7 48098173983413048 91.0
3005059100 70388103108 92.7 48098188438338360 91.0
3005435000 70388172808 92.7 48098226952821560 91.0
3005535900 70388175408 92.7 48098230689250872 91.0
3005601200 70388179008 92.7 48098238995417656 91.0
3005728200 70388219108 92.7 48098297217980984 91.0
3005841500 70388228208 92.7 48098306926542392 91.0
3006319800 70388237008 92.7 48098309345772344 91.0
3006390800 70388245708 92.7 48098324878808888 91.0
3006410000 70388254708 92.7 48098333341345080 91.0
3006896900 70388260808 92.7 48098342087214392 91.0
3006938800 70388267308 92.7 48098347157212472 91.0
3006973500 70388315808 92.7 48098383285579064 91.0
3007037300 70388362608 92.7 48098418147781944 91.0
3007178000 70388374508 92.7 48098425048957240 91.0
3007249900 70388414608 92.7 48098474460741944 91.0
3007448600 70388416008 92.7 48098477254418744 91.0
3007574500 70388429008 92.7 48098481959903544 91.0
3007732200 70388429208 92.7 48098482209759544 91.0
3007733200 70388446408 92.7 48098490768315704 91.0
3007971000 70388451808 92.7 48098492381115704 91.0
3007983100 70388466108 92.7 48098507972052280 91.0
3008264100 70388477908 92.7 48098514848331064 91.0
3008346400 70388479208 92.7 48098515864921080 91.0
3008827100 70388485008 92.7 48098517647276408 91.0
3008869400 70388485208 92.7 48098518057695608 91.0
3009475200 70388496708 92.7 48098531092152696 91.0
3009730100 70388507908 92.7 48098537185301368 91.0
3010131600 70388523508 92.7 48098556539415416 91.0
3010285000 70388525708 92.7 48098560603259768 91.0
3010510700 70388530408 92.7 48098563490325368 91.0
3010650700 70388532108 92.7 48098565995577976 91.0
3011413700 70388681308 92.7 48098673446625912 91.0
3011424800 70388688808 92.7 48098678576046712 91.0
3011533100 70388693408 92.7 48098680929198712 91.0
3011875100 70388695208 92.7 48098689460513400 91.0
3012242500 70388759808 92.7 48098747966036600 91.0
3012398500 70389477008 92.7 48099305566640760 91.0
3012472000 70389494408 92.7 48099319701826168 91.0
3012615500 70389504608 92.7 48099328675146360 91.0
3012701600 70389529408 92.7 48099359923001976 91.0
3012822400 70389596608 92.7 48099422460701304 91.0
3012952300 70389633208 92.7 48099439030406776 91.0
3013139300 70389652008 92.7 48099449193926264 91.0
3013184000 70389653208 92.7 48099450317619064 91.0
3013416000 70389688808 92.7 48099469342914424 91.0
3013491400 70389689808 92.7 48099471942850424 91.0
3013664700 70389695308 92.7 48099475779420024 91.0
3013757800 70389699008 92.7 48099479240601720 91.0
3013884500 70389699908 92.7 48099480274432120 91.0
3014265200 70389709608 92.7 48099488954462328 91.0
3014328800 70389735708 92.7 48099525762445432 91.0
3014733800 70389743708 92.7 48099530309194360 91.0
3014772800 70390019908 92.7 48099754591392376 91.0
3015085400 70390059908 92.7 48099795333649016 91.0
3015171100 70390101708 92.7 48099843663266424 91.0
3015242500 70390103208 92.7 48099848591001720 91.0
3015763200 70390259008 92.7 48099973464770680 91.0
3015839900 70390263008 92.7 48099975409961080 91.0
3016252500 70390268008 92.7 48099978069861240 91.0
3016590000 70390271908 92.7 48099979796734840 91.0
3016600900 70390307008 92.7 48100046158181240 91.0
3016941100 70390308608 92.7 48100049371288440 91.0
3017284200 70390310208 92.7 48100050545489016 91.0
3017319700 70390354708 92.7 48100091864450168 91.0
3017490800 70391151908 92.7 48100252551644280 91.0
3017745800 70391210308 92.7 48100291417900152 91.0
3017932900 70391219408 92.7 48100297976732792 91.0
3018377300 70391231908 92.7 48100308279094392 91.0
3018458500 70391245508 92.7 48100322034758776 91.0
3018581800 70391249308 92.7 48100324286407032 91.0
3018758100 70391364508 92.7 48100520056562040 91.0
3018943700 70391376308 92.7 48100527311839608 91.0
3018954200 70391394408 92.7 48100541316678008 91.0
3019038800 70391417708 92.7 48100564204736888 91.0
3019946500 70391423908 92.7 48100569659307384 91.0
3020280500 70391429808 92.7 48100572810191224 91.0
3020298400 70391464508 92.7 48100603366433144 91.0
3021734800 70391597208 92.7 48100720999203192 91.0
3022256400 70391607308 92.7 48100733560590712 91.0
3022415200 70391621908 92.7 48100748901841272 91.0
3022726400 70391631308 92.7 48100755866446200 91.0
3023101000 70391639108 92.7 48100760358734200 91.0
3023176700 70391644208 92.7 48100770789466488 91.0
3023336800 70391677408 92.7 48100812405559672 91.0
3023372700 70391690108 92.7 48100825652373880 91.0
3023863300 70391694808 92.7 48100829467415416 91.0
3023871700 70391700208 92.7 48100832965778040 91.0
3023925800 70391718308 92.7 48100845493748344 91.0
3024066400 70391728308 92.7 48100871120749176 91.0
3024106000 70391735308 92.7 48100877114221176 91.0
3024139300 70391916308 92.7 48101040950076024 91.0
3024340900 70392128408 92.7 48101249432117880 91.0
3024449300 70392179408 92.7 48101298706371192 91.0
3024560600 70392179608 92.7 48101298870620792 91.0
3024612200 70392190408 92.7 48101309768277624 91.0
3024683700 70392190708 92.7 48101310322876024 91.0
3024883500 70392202308 92.7 48101317632903800 91.0
3025431500 70392203008 92.7 48101317823572600 91.0
3025608800 70392306408 92.7 48101384963484280 91.0
3025729600 70392310408 92.7 48101387252124280 91.0
3025753600 70397471808 92.7 48106787480390264 91.1
3025794700 70397476008 92.7 48106789230201464 91.1
3025844800 70397477208 92.7 48106790860117624 91.1
3025853400 70397505908 92.7 48106813912567416 91.1
3026076800 70397659508 92.7 48106924573314680 91.1
3026123000 70397660108 92.7 48106924762140280 91.1
3026163700 70397663608 92.7 48106930875872888 91.1
3026164500 70397670908 92.7 48106935639968888 91.1
3026303300 70397672608 92.7 48106936904676984 91.1
3026836100 70397680108 92.7 48106941820286584 91.1
3026848600 70397687408 92.7 48106948001355384 91.1
3026976100 70397713408 92.7 48106962473019000 91.1
3027179400 70397725408 92.7 48106969284667000 91.1
3027365000 70397731208 92.7 48106972496195960 91.1
3027381600 70397745108 92.7 48106978380509560 91.1
3027431000 70397756108 92.7 48106986842640760 91.1
3027805600 70397763608 92.7 48106990765379960 91.1
3027932200 70397780608 92.7 48107010760989048 91.1
3027995200 70397782108 92.7 48107014123538552 91.1
3028391500 70397785508 92.7 48107015657080952 91.1
3028409400 70397838608 92.7 48107059970779256 91.1
3028543300 70397850008 92.7 48107066331252856 91.1
3028608600 70397910908 92.7 48107101621241976 91.1
3028751000 70397928108 92.7 48107113825809528 91.1
3028995800 70397945108 92.7 48107127644222584 91.1
3029334400 70397948608 92.7 48107132416571512 91.1
3029781600 70397958808 92.7 48107155153434744 91.1
3030206800 70397973408 92.7 48107164297383032 91.1
3030253100 70397977108 92.7 48107168996973688 91.1
3030378800 70398004308 92.7 48107184822963320 91.1
3030882700 70398054308 92.7 48107220629834872 91.1
3031591000 70398060308 92.7 48107223326206840 91.1
3031859700 70398066908 92.7 48107231476891512 91.1
3032398100 70398138308 92.7 48107357354794872 91.1
3032504900 70398164608 92.7 48107375548813176 91.1
3032699800 70398165208 92.7 48107375939981176 91.1
3032925900 70399997808 92.7 48109300845678456 91.1
3032950400 70400020008 92.7 48109319155814264 91.1
3033505100 70400022508 92.7 48109320558694264 91.1
3033624300 70400055108 92.7 48109340085268344 91.1
3033732300 70400066008 92.7 48109345048544632 91.1
3033782200 70400067308 92.7 48109347256903032 91.1
3034232200 70400108308 92.7 48109384864376184 91.1
3034598300 70400144708 92.7 48109435093099896 91.1
3035107000 70400157808 92.7 48109443050194296 91.1
3036010600 70400164108 92.7 48109444589266296 91.1
3036320200 70400249808 92.7 48109557865563512 91.1
3036597100 70401061308 92.7 48109829635949944 91.1
3036770100 70401066408 92.7 48109831704634744 91.1
3036877800 70401123908 92.7 48109865973976440 91.1
3037154800 70401127408 92.7 48109867362930040 91.1
3037336200 70401131808 92.7 48109872016805240 91.1
3037345000 70401134808 92.7 48109873434635640 91.1
3037659500 70401212908 92.7 48109926114196856 91.1
3037807000 70401213408 92.7 48109926810926456 91.1
3038159700 70401232308 92.7 48109936350920056 91.1
3038309200 70401310308 92.7 48109984400575864 91.1
3038371700 70401310508 92.7 48109984731532664 91.1
3038497600 70401315008 92.7 48109987676761464 91.1
3038505600 70401318708 92.7 48109994554161528 91.1
3039338500 70401391708 92.7 48110040865659256 91.1
3039540100 70401404608 92.7 48110065880258936 91.1
3041189100 70401465408 92.7 48110109173078392 91.1
3041225700 70401487808 92.7 48110124544043384 91.1
3041358500 70401605008 92.7 48110224431106424 91.1
3041481700 70401613308 92.7 48110235322542456 91.1
3041560900 70401948808 92.7 48110510812096888 91.1
3041706500 70401963708 92.7 48110519192640888 91.1
3041735100 70401965308 92.7 48110521268698488 91.1
3041925500 70401972308 92.7 48110537032693112 91.1
3043969200 70401976208 92.7 48110543823468408 91.1
3044077700 70401981108 92.7 48110546209373560 91.1
3044457000 70401991508 92.7 48110553307336056 91.1
3044868500 70401994508 92.7 48110559436550520 91.1
3045241000 70402055908 92.7 48110609419997560 91.1
3045414700 70402089508 92.7 48110640811014520 91.1
3045907600 70402094508 92.7 48110645289279864 91.1
3046164900 70402104008 92.7 48110659310574968 91.1
3046883700 70402134308 92.7 48110685267410296 91.1
3047293400 70402138508 92.7 48110686941445496 91.1
3047658300 70403761808 92.7 48113075800472952 91.1
3048317100 70403764008 92.7 48113077632977912 91.1
3048407200 70403810108 92.7 48113122127375352 91.1
3048696900 70403815208 92.7 48113124683893752 91.1
3049098400 70403874208 92.7 48113170236615672 91.1
3049531200 70403892408 92.7 48113178231598072 91.1
3050406100 70403893808 92.7 48113185531112440 91.1
3050620900 70403937008 92.7 48113212309609464 91.1
3051329200 70403939108 92.7 48113214871183864 91.1
3051523100 70403939408 92.7 48113214904975864 91.1
3051599600 70404004208 92.7 48113250489541112 91.1
3051752500 70404020208 92.7 48113269614162424 91.1
3051775300 70404050408 92.7 48113297978446328 91.1
3051778000 70404051008 92.7 48113298157031928 91.1
3051840000 70404100508 92.7 48113339903824376 91.1
3051939000 70404104708 92.7 48113343471200248 91.1
3051966700 70404117308 92.7 48113348008749048 91.1
3052064900 70404128308 92.7 48113376766617592 91.1
3052785700 70404141908 92.7 48113382334105592 91.1
3052845600 70404157108 92.7 48113396034640888 91.1
3053125300 70404162508 92.7 48113399726550520 91.1
3053292700 70404218208 92.7 48113458919800312 91.1
3053395500 70404347508 92.7 48113602728852984 91.1
3053692100 70404352508 92.7 48113604801589112 91.1
3053769600 70404357208 92.7 48113606977793912 91.1
3053894100 70404402108 92.7 48113641383792504 91.1
3053956500 70404406608 92.7 48113644177469304 91.1
3054276700 70404585008 92.7 48113786315222904 91.1
3054288800 70405945008 92.7 48114719727759224 91.1
3054332500 70405957108 92.7 48114730782634872 91.1
3054511800 70405965408 92.7 48114733993079672 91.1
3054664800 70405984008 92.7 48114745378112376 91.1
3054961300 70406063308 92.7 48114782306784120 91.1
3055524500 70406069708 92.7 48114786188358520 91.1
3055873100 70406071808 92.7 48114795749289848 91.1
3056030800 70406092408 92.7 48114816426092408 91.1
3056328000 70406099408 92.7 48114818800953208 91.1
3056482100 70406107008 92.7 48114828039828344 91.1
3056696900 70406170208 92.7 48114904406668152 91.1
3056893600 70406177108 92.7 48114913854110584 91.1
3056975800 70406192708 92.7 48114931589841784 91.1
3057050000 70406194608 92.7 48114933229470584 91.1
3057200900 70406206908 92.7 48114938346193784 91.1
3057325400 70406279308 92.7 48114997443318648 91.1
3057852000 70406288108 92.7 48115006479525752 91.1
3059193100 70406328308 92.7 48115035956979576 91.1
3059206900 70406360308 92.7 48115055442589560 91.1
3059355300 70406373208 92.7 48115061952735608 91.1
3059556600 70406384508 92.7 48115075380396408 91.1
3059563300 70406416408 92.7 48115086056006008 91.1
3059578600 70406466708 92.7 48115141193986424 91.1
3059800100 70406470608 92.7 48115144930657400 91.1
3059922100 70406514608 92.7 48115204511888504 91.1
3060656700 70406548008 92.7 48115240056132728 91.1
3061028700 70406550208 92.7 48115243399876216 91.1
3061224300 70406565808 92.7 48115268285853304 91.1
3061389900 70406578108 92.7 48115283668929144 91.1
3061448700 70406586408 92.7 48115291476544632 91.1
3062226100 70406597308 92.7 48115298262592632 91.1
3062268600 70406602908 92.7 48115305239719032 91.1
3062413200 70406607108 92.7 48115306784905080 91.1
3062503900 70406683908 92.7 48115394862782328 91.1
3062712700 70406684808 92.7 48115396150359928 91.1
3062857600 70406723308 92.7 48115418990884728 91.1
3063198500 70406734308 92.7 48115426474645368 91.1
3063800600 70406752908 92.7 48115447768272760 91.1
3063812300 70406775008 92.7 48115462742380408 91.1
3063862800 70406791908 92.7 48115488624830328 91.1
3063947000 70406928208 92.7 48115582887896952 91.1
3064622300 70406932108 92.7 48115584626034552 91.1
3064724100 70406971008 92.7 48115619383195512 91.1
3065516500 70406974308 92.7 48115620661557112 91.1
3066266700 70406982908 92.7 48115624482715512 91.1
3066792900 70406985708 92.7 48115629273836920 91.1
3068388700 70406991208 92.7 48115631123559032 91.1
3068660900 70407068908 92.7 48115682291528312 91.1
3068850800 70407072508 92.7 48115683178107512 91.1
3070198600 70407114708 92.7 48115732354294392 91.1
3070561900 70407123408 92.7 48115738961412216 91.1
3071009500 70407137008 92.7 48115748420366456 91.1
3071994000 70407156908 92.7 48115757005377656 91.1
3073453300 70407163508 92.7 48115766486706296 91.1
3073825700 70411500708 92.7 48121190670215288 91.1
3074121700 70411502308 92.7 48121192847958904 91.1
3074134000 70411585008 92.7 48121253837423480 91.1
3074146300 70411598708 92.7 48121266856859512 91.1
3074448000 70411642808 92.7 48121297589047160 91.1
3074826500 70411660508 92.7 48121306845674360 91.1
3075287500 70411661708 92.7 48121307320400760 91.1
3076995200 70412905908 92.7 48125522624756600 91.1
3078534200 70412916008 92.7 48125539666859896 91.1
3079643100 70412925708 92.7 48125544446165880 91.1
3079773300 70412945508 92.7 48125564298722168 91.1
3079823700 70412949308 92.7 48125568378476920 91.1
3079844900 70412970208 92.7 48125581148051832 91.1
3080029700 70413138108 92.7 48125746709420408 91.1
3080145700 70413138308 92.7 48125747051231608 91.1
3080302400 70413149908 92.7 48125753166150008 91.1
3080628500 70413154108 92.7 48125760879532408 91.1
3080696000 70413159108 92.7 48125765404923256 91.1
3081150600 70413174708 92.7 48125780674868600 91.1
3081297800 70413175708 92.7 48125780820276600 91.1
3082253300 70413207708 92.7 48125796362850680 91.1
3082292000 70413233808 92.7 48125821888317816 91.1
3082494100 70413242008 92.7 48125827617188216 91.1
3082850900 70413247508 92.7 48125831786583416 91.1
3082944400 70413362708 92.7 48125930405074296 91.1
3082980200 70413376008 92.7 48125936593515896 91.1
3083045700 70413386408 92.7 48125946189419896 91.1
3083051600 70413391808 92.7 48125949118879096 91.1
3083126200 70413393008 92.7 48125950404203896 91.1
3083243000 70413709008 92.7 48126141016511864 91.1
3083578700 70413750208 92.7 48126163759631736 91.1
3083948200 70413764608 92.7 48126171757761400 91.1
3084230300 70413771908 92.7 48126177392475000 91.1
3084477900 70413780308 92.7 48126181590465400 91.1
3084592700 70414197508 92.7 48126569278831480 91.1
3084770700 70414198408 92.7 48126569956105080 91.1
3085514100 70416661208 92.7 48128829582859128 91.1
3085826200 70416689108 92.7 48128855128664952 91.1
3085839300 70416718508 92.7 48128922532457336 91.1
3086264300 70416719908 92.7 48128924554989688 91.1
3086733100 70416770208 92.7 48128950297401464 91.1
3086864900 70416770308 92.7 48128950297811064 91.1
3086866200 70416790908 92.7 48128973367763064 91.1
3086877900 70416794408 92.7 48128983962581112 91.1
3087286300 70416795908 92.7 48128985351944312 91.1
3087388900 70416919608 92.7 48129060425128056 91.1
3087823700 70416920108 92.7 48129060744820856 91.1
3087906800 70416923008 92.7 48129062907820664 91.1
3088077700 70416936008 92.7 48129069404949624 91.1
3088153400 70416939608 92.7 48129073082702456 91.1
3088312100 70416939908 92.7 48129073485953656 91.1
3088367800 70416941208 92.7 48129074458344056 91.1
3088447800 70416945508 92.7 48129075887438456 91.1
3088745700 70416951308 92.7 48129078770408056 91.1
3089041700 70416957408 92.7 48129081558964856 91.1
3089135300 70416963108 92.7 48129096680873592 91.1
3089842000 70416975508 92.7 48129106620366456 91.1
3090018200 70416980508 92.7 48129110962126456 91.1
3090070400 70416992108 92.7 48129118075659896 91.1
3090422900 70417001308 92.7 48129122449573496 91.1
3090747900 70417009408 92.7 48129125583423096 91.1
3091067800 70417016408 92.7 48129144997535352 91.1
3091379800 70417020408 92.7 48129146459192952 91.1
3091431100 70417029608 92.7 48129150611717752 91.1
3091784000 70417035308 92.7 48129155786387576 91.1
3092029600 70417048408 92.7 48129179143604344 91.1
3092368200 70417054808 92.7 48129182461569144 91.1
3092835900 70417060808 92.7 48129193481293944 91.1
3093369200 70417070008 92.7 48129198064717944 91.1
3093648500 70417076708 92.7 48129203029316216 91.1
3093967900 70417091208 92.7 48129209689617016 91.1
3094039500 70417285908 92.7 48129344546288248 91.1
3094136200 70417533808 92.7 48129523483488888 91.1
3094220200 70417573108 92.7 48129557750825592 91.1
3095397300 70417728808 92.7 48129758315758200 91.1
3095723400 70424500708 92.7 48143635009061496 91.1
3095845500 70424512608 92.7 48143645461445240 91.1
3095921200 70424518808 92.7 48143650087143032 91.1
3096052800 70424562108 92.7 48143723972028024 91.1
3096069800 70424581408 92.7 48143731498632824 91.1
3096491700 70424586808 92.7 48143737630959224 91.1
3096772300 70424714808 92.7 48143830072313464 91.1
3097129400 70424715608 92.7 48143830762489464 91.1
3097614400 70424719308 92.7 48143831783622264 91.1
3097646900 70424722608 92.7 48143832855340664 91.1
3099006400 70424731408 92.7 48143845399324280 91.1
3099070000 70424738708 92.7 48143847414078328 91.1
3099675300 70424753508 92.7 48143864829717368 91.1
3100009800 70424766708 92.7 48143871808891768 91.1
3100028700 70424771408 92.7 48143874296802168 91.1
3100048600 70424792608 92.7 48143901792654200 91.1
3100151800 70424797208 92.7 48143903212532600 91.1
3100477000 70424802408 92.7 48143905979380600 91.1
3100770300 70424807908 92.7 48143909470196600 91.1
3101114500 70424817008 92.7 48143913653513592 91.1
3101319500 70424824608 92.7 48143924018594168 91.1
3102953700 70424827808 92.7 48143927084293240 91.1
3103497800 70424849508 92.7 48143939853924472 91.1
3103835000 70424853508 92.7 48143941655140472 91.1
3104868600 70424866608 92.7 48143953702087800 91.1
3105636200 70424869908 92.7 48143956981959800 91.1
3107014100 70425665708 92.7 48144627686362232 91.1
3109091400 70425669408 92.7 48144630237862520 91.1
3109630100 70425675108 92.7 48144635620102776 91.1
3109887900 70425685108 92.7 48144640154663544 91.1
3110291300 70426989208 92.7 48146197187263096 91.1
3110380900 70427139208 92.7 48146349906066040 91.1
3111998800 70427151808 92.7 48146371561728632 91.1
3112125900 70427153008 92.7 48146372205210232 91.1
3112202600 70427157208 92.7 48146376712962680 91.1
3112287500 70427194108 92.7 48146411431039608 91.1
3112830100 70427212708 92.7 48146425358234232 91.1
3113214600 70427232508 92.7 48146436403951224 91.1
3113393800 70427236308 92.7 48146438486152824 91.1
3114135600 70427394608 92.7 48146632320210552 91.1
3114244200 70427402108 92.7 48146637697252472 91.1
3114374400 70427411208 92.7 48146643001111672 91.1
3114431600 70427430308 92.7 48146655286527096 91.1
3114435100 70427695808 92.7 48146875108983928 91.1
3114579900 70427703708 92.7 48146879451532408 91.1
3114635400 70427706008 92.7 48146883364497016 91.1
3114694800 70427940808 92.7 48147057250772600 91.1
3114704900 70427948508 92.7 48147060943443064 91.1
3114986300 70427951708 92.7 48147062709638264 91.1
3114987200 70427955408 92.7 48147065562445688 91.1
3115031300 70427957308 92.7 48147066745004152 91.1
3115925100 70427959808 92.7 48147067943493752 91.1
3115962800 70427963408 92.7 48147068675448952 91.1
3116026100 70428061108 92.7 48147174493020280 91.1
3116164400 70428063608 92.7 48147175839785080 91.1
3116366000 70428068108 92.7 48147177439273080 91.1
3116472000 70428075208 92.7 48147180451029880 91.1
3116706300 70428077108 92.7 48147182756122744 91.1
3117079700 70428078808 92.7 48147185327016056 91.1
3117616900 70428082908 92.7 48147187598657656 91.1
3117684500 70428163608 92.7 48147239989872760 91.1
3117827800 70428530608 92.7 48147370257983608 91.1
3117879100 70428595508 92.7 48147436227635320 91.1
3118350000 70428599208 92.7 48147439097702520 91.1
3118411500 70428656008 92.7 48147488629577848 91.1
3118635000 70428659008 92.7 48147490393520248 91.1
3118657400 70428752808 92.7 48147592195627128 91.1
3118979700 70428768208 92.7 48147609297930360 91.1
3119210100 70428768408 92.7 48147609324349560 91.1
3119322900 70428771508 92.7 48147611135600760 91.1
3119328300 70428773808 92.7 48147613977329016 91.1
3119386200 70428776808 92.7 48147615923543416 91.1
3119430100 70428780608 92.7 48147621251628920 91.1
3119431000 70428787808 92.7 48147625358892920 91.1
3119924200 70428889608 92.7 48147694354562936 91.1
3120600000 70428897508 92.7 48147722493720440 91.1
3120652600 70428901208 92.7 48147723570763640 91.1
3120654200 70428903408 92.7 48147731522123640 91.1
3120746400 70428907308 92.7 48147733472843640 91.1
3121335600 70428987008 92.7 48147802556651384 91.1
3121548900 70429000708 92.7 48147820113459064 91.1
3121626900 70429007108 92.7 48147828301959032 91.1
3121735400 70429037008 92.7 48147857035583352 91.1
3121754100 70429127008 92.7 48147899813089144 91.1
3122251200 70429130808 92.7 48147901260615544 91.1
3122307000 70429131508 92.7 48147901547540344 91.1
3123155300 70429140008 92.7 48147907307540344 91.1
3123438300 70429144208 92.7 48147908180193144 91.1
3123526000 70429152508 92.7 48147911643565944 91.1
3123839500 70429177008 92.7 48147935600004984 91.1
3124080900 70429181108 92.7 48147937639812984 91.1
3124743300 70429187308 92.7 48147940826663544 91.1
3125004900 70429274008 92.7 48148004922137208 91.1
3126255500 70429385008 92.7 48148119937923704 91.1
3126448900 70429387408 92.7 48148124489398904 91.1
3126764200 70429389108 92.7 48148125681744504 91.1
3127133000 70429457008 92.7 48148150724674168 91.1
3127470700 70429470608 92.7 48148158059176568 91.1
3127554300 70429480808 92.7 48148172665905784 91.1
3127587800 70429482808 92.7 48148173964542584 91.1
3127667400 70429488208 92.7 48148176292299384 91.1
3127695100 70429500008 92.7 48148184338445944 91.1
3127697900 70429512408 92.7 48148196033754744 91.1
3127784800 70429512508 92.7 48148196059969144 91.1
3127920600 70429516208 92.7 48148198981358968 91.1
3128267800 70429592108 92.7 48148266263246200 91.1
3128586600 70429602808 92.7 48148271525645688 91.1
3128634200 70429605308 92.7 48148272403008888 91.1
3128680600 70429852508 92.7 48148465683664248 91.1
3128695600 70429855108 92.7 48148466557136248 91.1
3129632700 70429866208 92.7 48148479732242808 91.1
3130380100 70429889408 92.7 48148497616402808 91.1
3130764000 70429890708 92.7 48148499554764280 91.1
3130943500 70429896108 92.7 48148505389741048 91.1
3131881000 70429908608 92.7 48148514404066296 91.1
3132976100 70429913208 92.7 48148521921581048 91.1
3133158300 70429933608 92.7 48148538693786616 91.1
3133850500 70429937508 92.7 48148540880436216 91.1
3133986400 70429942308 92.7 48148544553330168 91.1
3134042700 70429972808 92.7 48148565977071096 91.1
3134411600 70433187608 92.7 48151336266104312 91.1
3135784100 70433204208 92.7 48151349394013688 91.1
3136225300 70433208208 92.7 48151351873732088 91.1
3137102800 70433212708 92.7 48151354631140600 91.1
3137252700 70433220208 92.7 48151361794683640 91.1
3137725500 70433221708 92.7 48151362074030840 91.1
3137756300 70433242008 92.7 48151391495172856 91.1
3137783800 70433292008 92.7 48151414721694456 91.1
3138428400 70433308208 92.7 48151438841326328 91.1
3139048400 70433313408 92.7 48151441650977528 91.1
3140249100 70433316808 92.7 48151443172027128 91.1
3140545900 70433318208 92.7 48151444084328632 91.1
3140939300 70433322008 92.7 48151445796186296 91.1
3141163300 70434152408 92.7 48151543147104440 91.1
3141610600 70434180108 92.7 48151603898579128 91.1
3141888100 70434184008 92.7 48151605880019128 91.1
3142537100 70434235408 92.7 48151654208919736 91.1
3142538900 70434293108 92.7 48151685694132408 91.1
3143651300 70434301908 92.7 48151693454953656 91.1
3144476600 70434313608 92.7 48151700094827192 91.1
3144624700 70434351108 92.7 48151727240698552 91.1
3145013400 70434367308 92.7 48151737213304504 91.1
3145490700 70434369408 92.7 48151739087634104 91.1
3146456100 70434432108 92.7 48151791301291704 91.1
3147037800 70434534408 92.7 48151889514254008 91.1
3147283600 70434538808 92.7 48151891020967608 91.1
3147688500 70434543208 92.7 48151893060570808 91.1
3148409500 70434617708 92.7 48151974200372920 91.1
3148810600 70434632108 92.7 48151979396814520 91.1
3149218100 70434653208 92.7 48152000325484216 91.1
3149665600 70434653308 92.7 48152000643948216 91.1
3149819100 70434657908 92.7 48152005016428216 91.1
3149863600 70434667608 92.7 48152009907768504 91.1
3150277300 70434701008 92.7 48152059142307000 91.1
3150616300 70434747608 92.7 48152102055455928 91.1
3150719000 70434751008 92.7 48152104392428728 91.1
3152425700 70434767408 92.7 48152112454479032 91.1
3152831700 70434779508 92.7 48152124642512056 91.1
3152860800 70434779808 92.7 48152124955901560 91.1
3153643600 70434796308 92.7 48152134691274360 91.1
3153705200 70434923208 92.7 48152257942322808 91.1
3154012500 70434923808 92.7 48152258675302008 91.1
3154531800 70434927908 92.7 48152260022476408 91.1
3154537500 70434934208 92.7 48152264673279608 91.1
3154724600 70434937708 92.7 48152267551334008 91.1
3155228900 70434942608 92.7 48152272065783928 91.1
3155547300 70434944908 92.7 48152274657881720 91.1
3155548300 70434969508 92.7 48152296763180664 91.1
3155676900 70441564708 92.7 48159252892632696 91.2
3156563000 70441571308 92.7 48159255969752696 91.2
3157215200 70441574208 92.7 48159258148824696 91.2
3157235300 70441617608 92.7 48159322011321976 91.2
3157412900 70441679708 92.7 48159394723661432 91.2
3157839300 70441681708 92.7 48159397798323832 91.2
3158560200 70441722008 92.7 48159421381338744 91.2
3158698900 70441727208 92.7 48159430138721912 91.2
3159012000 70441732408 92.7 48159432201877112 91.2
3159654100 70441746508 92.7 48159453650718328 91.2
3159796200 70441748508 92.7 48159454921092728 91.2
3160065400 70441752708 92.7 48159456349163128 91.2
3162759800 70441754308 92.7 48159457390544632 91.2
3162909500 70441801408 92.7 48159509441005304 91.2
3162942700 70441855908 92.7 48159540600559352 91.2
3164035300 70441873108 92.7 48159547257843960 91.2
3165000100 70441881608 92.7 48159561140260088 91.2
3165163900 70441882008 92.7 48159561532861688 91.2
3166756000 70442041108 92.7 48159673676885240 91.2
3167074200 70442050108 92.7 48159677899362808 91.2
3167570200 70442141308 92.7 48159747114570232 91.2
3167752200 70442142408 92.7 48159749955714296 91.2
3168634400 70442149108 92.7 48159758126175992 91.2
3169259700 70442159008 92.7 48159769120883448 91.2
3169535900 70442162508 92.7 48159770629645048 91.2
3170185900 70442163908 92.7 48159771915838200 91.2
3170641100 70442202908 92.7 48159809895232248 91.2
3170706400 70442212708 92.7 48159825373862648 91.2
3171780600 70442227408 92.7 48159834591091448 91.2
3171785400 70442228108 92.7 48159835698240248 91.2
3171872000 70442231508 92.7 48159836989935096 91.2
3172224300 70442231908 92.7 48159837543304696 91.2
3172411200 70442232808 92.7 48159837823880696 91.2
3172780300 70442232908 92.7 48159837840469496 91.2
3172882800 70442237008 92.7 48159841559257848 91.2
3172903400 70442251308 92.7 48159849511876344 91.2
3172968800 70442257608 92.7 48159859426584312 91.2
3173104800 70442267608 92.7 48159874197012216 91.2
3173302300 70442276308 92.7 48159879118574328 91.2
3173726800 70442304508 92.7 48159912123433720 91.2
3173813000 70442641108 92.7 48160194827125496 91.2
3173817600 70442641208 92.7 48160194936283896 91.2
3174326000 70442672108 92.7 48160217375800056 91.2
3174517500 70442676608 92.7 48160219396971256 91.2
3174551700 70442683708 92.7 48160224279753976 91.2
3174695100 70442689408 92.7 48160227891767288 91.2
3174922000 70442698508 92.7 48160237263173624 91.2
3175048900 70442700508 92.7 48160238398028792 91.2
3175366200 70442757808 92.7 48160281446349816 91.2
3175702500 70442758108 92.7 48160281598925816 91.2
3175830600 70442760508 92.7 48160283218689016 91.2
3176174300 70442773208 92.7 48160294131915768 91.2
3176247900 70442775908 92.7 48160295434486904 91.2
3176644500 70442780308 92.7 48160300996619384 91.2
3176742700 70442784208 92.7 48160302847806584 91.2
3177112600 70442788808 92.7 48160313735932024 91.2
3177388700 70442794008 92.7 48160317053730424 91.2
3178350700 70442795008 92.7 48160317830946424 91.2
3178473200 70442806008 92.7 48160325005371512 91.2
3178917000 70442816108 92.7 48160332065086584 91.2
3178997400 70442831608 92.7 48160344377625720 91.2
3179135300 70442836608 92.7 48160347079961720 91.2
3179210700 70443011208 92.7 48160457477303416 91.2
3179791500 70443016108 92.7 48160458959850616 91.2
3180455200 70443022608 92.7 48160469176202360 91.2
3181114800 70443027808 92.7 48160475584779384 91.2
3181438500 70443139008 92.7 48160566394926200 91.2
3181617700 70443142408 92.7 48160574467601528 91.2
3181730800 70443259408 92.7 48160723638432888 91.2
3181776800 70443264808 92.7 48160728583225976 91.2
3182045700 70443265408 92.7 48160729573638776 91.2
3182315600 70443267008 92.7 48160730710372088 91.2
3182325200 70443269408 92.7 48160731465060088 91.2
3182460800 70443276608 92.7 48160735643184888 91.2
3182766200 70445295008 92.7 48162933928767224 91.2
3183104500 70445298908 92.7 48162936205938424 91.2
3183711500 70445304708 92.7 48162939112255224 91.2
3184794700 70445344908 92.7 48162994914488056 91.2
3184974100 70445352008 92.7 48163006621372152 91.2
3184997300 70445359408 92.7 48163013610991352 91.2
3185252800 70445369908 92.7 48163017836015352 91.2
3186306500 70446303108 92.7 48163713374105336 91.2
3186368200 70446309308 92.7 48163716068658936 91.2
3186608800 70446329608 92.7 48163734745091832 91.2
3186808800 70446337208 92.7 48163744238296824 91.2
3187057000 70446478108 92.7 48163838455660280 91.2
3188120000 70446491208 92.7 48163846566714104 91.2
3188178900 70446493508 92.7 48163848935430904 91.2
3188637100 70446493908 92.7 48163849494330104 91.2
3188922700 70446498008 92.7 48163851294317304 91.2
3189109100 70446500908 92.7 48163853726726904 91.2
3189509200 70446501908 92.7 48163854097619704 91.2
3189562100 70446504408 92.7 48163854990342904 91.2
3189598000 70446509408 92.7 48163857458182904 91.2
3189726200 70446513008 92.7 48163859053779704 91.2
3189957100 70446513808 92.7 48163859362208504 91.2
3190430300 70446523308 92.7 48163865609909496 91.2
3190500800 70447384208 92.7 48164345943635192 91.2
3191291200 70447395708 92.7 48164354445781240 91.2
3193066900 70447412708 92.7 48164374527756536 91.2
3194226200 70447417108 92.7 48164378445694456 91.2
3194649700 70447417608 92.7 48164379468260856 91.2
3194734600 70447436408 92.7 48164415751259640 91.2
3194931600 70447517908 92.7 48164491585562104 91.2
3194947900 70447556408 92.7 48164504857361912 91.2
3195451400 70447558808 92.7 48164506458078712 91.2
3195864600 70447561508 92.7 48164508324625912 91.2
3198350900 70447571108 92.7 48164518595960312 91.2
3198556200 70447694308 92.7 48164604465757688 91.2
3198907100 70447701408 92.7 48164615003741688 91.2
3199389400 70447712308 92.7 48164622693314040 91.2
3201426800 70447723508 92.7 48164632258954744 91.2
3201973100 70447729808 92.7 48164635609739000 91.2
3202968900 70447751408 92.7 48164659664271096 91.2
3204049100 70447753608 92.7 48164662107259640 91.2
3205687700 70447780808 92.7 48164677116307192 91.2
3205913200 70448469608 92.7 48167123289188088 91.2
3206571100 70448481808 92.7 48167136765978360 91.2
3207633200 70448516208 92.7 48167161898915576 91.2
3208359700 70448771108 92.7 48167362764396280 91.2
3208622900 70448776208 92.7 48167368086533880 91.2
3209035000 70448820508 92.7 48167385531055864 91.2
3210751000 70448826008 92.7 48167390801470200 91.2
3210978700 70448827008 92.7 48167391647405112 91.2
3211519200 70448848008 92.7 48167409806877752 91.2
3212096600 70448959508 92.7 48167570482275384 91.2
3212451600 70449051508 92.7 48167646849598520 91.2
3212615100 70449064808 92.7 48167655357400120 91.2
3212933600 70449068508 92.7 48167657894872120 91.2
3213169800 70449095508 92.7 48167690163704888 91.2
3214275300 70449133408 92.7 48167728046244920 91.2
3214522600 70449138708 92.7 48167730600920120 91.2
3214771200 70449144008 92.7 48167734413803064 91.2
3215180300 70449232108 92.7 48167839519186488 91.2
3215311900 70449242108 92.7 48167843442335288 91.2
3215469500 70449246408 92.7 48167846139878456 91.2
3215686800 70449250008 92.7 48167847457152056 91.2
3215815100 70449251908 92.7 48167848152038456 91.2
3215903700 70449254108 92.7 48167849658137656 91.2
3216009200 70449264508 92.7 48167859678137400 91.2
3216364900 70449269208 92.7 48167864297494072 91.2
3216614000 70449287808 92.7 48167878159552056 91.2
3216701400 70449293408 92.7 48167880420748856 91.2
3216958800 70449313608 92.7 48167893536972344 91.2
3216984400 70449317108 92.7 48167895690649144 91.2
3217076600 70449337108 92.7 48167927471535672 91.2
3217377400 70449337308 92.7 48167927563490872 91.2
3217410700 70449354008 92.7 48167941445989944 91.2
3217444400 70449385508 92.7 48167963209287224 91.2
3217690000 70449435508 92.7 48168013602637368 91.2
3218030600 70450353508 92.7 48168773808768568 91.2
3218490700 70450394408 92.7 48168810379576888 91.2
3218541700 70450410608 92.7 48168816693877304 91.2
3218742600 70450443008 92.7 48168831344033336 91.2
3218742700 70450541208 92.8 48168903455047224 91.2
3218970000 70450560808 92.8 48168912995110456 91.2
3219059400 70450579708 92.8 48168934865366584 91.2
3219102500 70450586008 92.8 48168937075977784 91.2
3219302000 70450594908 92.8 48168943029200440 91.2
3219529200 70450667908 92.8 48169014533424696 91.2
3219659000 70450676908 92.8 48169017143191096 91.2
3220362600 70450691108 92.8 48169023987553336 91.2
3220630100 70450694308 92.8 48169026899717688 91.2
3220760000 70450695208 92.8 48169027308293688 91.2
3220997300 70450711508 92.8 48169050117441080 91.2
3221056400 70450713108 92.8 48169051176257080 91.2
3221071300 70450714408 92.8 48169052129601080 91.2
3221255700 70450717808 92.8 48169054256996152 91.2
3221493800 70450720808 92.8 48169057113546552 91.2
3221998600 70450747208 92.8 48169095716757304 91.2
3222398700 70450792108 92.8 48169153623187256 91.2
3222653700 70450796208 92.8 48169156462539320 91.2
3223005800 70450796308 92.8 48169156465201720 91.2
3223045100 70450810808 92.8 48169163792187960 91.2
3223096000 70450814708 92.8 48169166388767544 91.2
3223115600 70450820108 92.8 48169170457533752 91.2
3223196800 70452565708 92.8 48171762309864760 91.2
3223323900 70452565908 92.8 48171762343042360 91.2
3223519500 70452612708 92.8 48171788971984184 91.2
3223551500 70452640108 92.8 48171814015896888 91.2
3223674200 70452642608 92.8 48171815331941688 91.2
3223877800 70452645808 92.8 48171817173093688 91.2
3223885900 70452660908 92.8 48171825790518584 91.2
3224039600 70452681108 92.8 48171848630818104 91.2
3224267800 70452695008 92.8 48171862451447096 91.2
3224475800 70452695108 92.8 48171862760285496 91.2
3224662700 70452702708 92.8 48171866479020856 91.2
3224800900 70452707208 92.8 48171869429574456 91.2
3224809200 70452712308 92.8 48171873188455224 91.2
3224998700 70452713608 92.8 48171875897727288 91.2
3225206000 70452721608 92.8 48171881440639288 91.2
3225258600 70452725208 92.8 48171888175692088 91.2
3225362500 70452731808 92.8 48171890345548088 91.2
3225390500 70452732708 92.8 48171891313432888 91.2
3225492400 70452751108 92.8 48171908089014584 91.2
3225874600 70452752808 92.8 48171909217257784 91.2
3226187700 70452754608 92.8 48171910196816184 91.2
3226337900 70452754708 92.8 48171910199478584 91.2
3226489900 70452755008 92.8 48171910514460984 91.2
3226669800 70452755208 92.8 48171910531459384 91.2
3226894000 70452757508 92.8 48171911327516984 91.2
3227252200 70452760408 92.8 48171913560105272 91.2
3227670800 70452767408 92.8 48171917434716472 91.2
3227785200 70452775108 92.8 48171929470304568 91.2
3227958200 70452778408 92.8 48171932579987768 91.2
3228196600 70452781508 92.8 48171934643266616 91.2
3228201000 70452811508 92.8 48171966442853432 91.2
3228289000 70452814908 92.8 48171968845423416 91.2
3228460000 70452821808 92.8 48171983661295416 91.2
3228918700 70452823308 92.8 48171984416597816 91.2
3229195700 70456001308 92.8 48176108938651448 91.2
3229396400 70456024008 92.8 48176131021647672 91.2
3229505700 70456025608 92.8 48176131458281272 91.2
3229635200 70456048308 92.8 48176161136637752 91.2
3229724600 70456063008 92.8 48176186907588408 91.2
3229813700 70456205608 92.8 48176298418181944 91.2
3229874400 70456220108 92.8 48176310129798968 91.2
3230181400 70456264408 92.8 48176337645799224 91.2
3230349200 70456270408 92.8 48176343988994360 91.2
3230351000 70456271108 92.8 48176344222671160 91.2
3230547500 70456279108 92.8 48176355744981304 91.2
3231312900 70456282408 92.8 48176358817067832 91.2
3231491900 70456286808 92.8 48176362155717432 91.2
3231966800 70456296708 92.8 48176369562104632 91.2
3232245300 70457860908 92.8 48177489871188792 91.2
3232493000 70457870408 92.8 48177510901009208 91.2
3233274500 70457912808 92.8 48177530032765752 91.2
3233294500 70457919108 92.8 48177535092777784 91.2
3233388400 70457925308 92.8 48177537540547384 91.2
3234241800 70457926108 92.8 48177542332048184 91.2
3234818700 70457930108 92.8 48177544861942584 91.2
3235059400 70457931008 92.8 48177545185284376 91.2
3235277400 70457964608 92.8 48177570025629976 91.2
3235351600 70457980208 92.8 48177583185668376 91.2
3235694900 70457981808 92.8 48177584682534808 91.2
3236617100 70457990208 92.8 48177591346581400 91.2
3236660800 70457991408 92.8 48177591828066200 91.2
3236667600 70457996208 92.8 48177594665160600 91.2
3236720500 70458002808 92.8 48177604149602200 91.2
3237166300 70458004208 92.8 48177606632975256 91.2
3237257900 70458004508 92.8 48177606949753656 91.2
3237983900 70458006608 92.8 48177607761990456 91.2
3238525600 70458011408 92.8 48177612307885880 91.2
3238873500 70458032508 92.8 48177624043622200 91.2
3238914000 70458056808 92.8 48177645767802680 91.2
3239375700 70458065208 92.8 48177655246602040 91.2
3239846200 70458069008 92.8 48177661075401016 91.2
3239928000 70458078308 92.8 48177664750480184 91.2
3241014400 70458085008 92.8 48177677477589816 91.2
3241700100 70458091008 92.8 48177682970940216 91.2
3242079300 70458146208 92.8 48177721124336440 91.2
3242219800 70458150008 92.8 48177723411338040 91.2
3242511300 70458170608 92.8 48177748690039608 91.2
3242722300 70458181708 92.8 48177753768892728 91.2
3243111300 70458222408 92.8 48177791685187896 91.2
3243278800 70458224008 92.8 48177792366147896 91.2
3243443700 70458235908 92.8 48177806750645560 91.2
3243468800 70458258808 92.8 48177831828411704 91.2
3244453000 70458259808 92.8 48177831918933304 91.2
3245056900 70458267108 92.8 48177837805010232 91.2
3245595200 70458275008 92.8 48177843017660216 91.2
3245700900 70458366808 92.8 48177905324685112 91.2
3245916100 70458371408 92.8 48177907262197048 91.2
3246582600 70458388208 92.8 48177936606119224 91.2
3246860600 70458390108 92.8 48177937611277624 91.2
3247438900 70458417108 92.8 48177970484804920 91.2
3249100300 70458453708 92.8 48177986779784504 91.2
3249112600 70458465708 92.8 48177993749187384 91.2
3249524900 70458503008 92.8 48178013731107640 91.2
3249793900 70458521508 92.8 48178027253742392 91.2
3249828800 70458523508 92.8 48178029853473592 91.2
3249978400 70458526008 92.8 48178031466683192 91.2
3250269300 70463742308 92.8 48189015626390328 91.2
3250651100 70463760908 92.8 48189029492002616 91.2
3251731500 70463768508 92.8 48189033266775352 91.2
3251884400 70463769108 92.8 48189034334450552 91.2
3251899800 70463964408 92.8 48189176467616632 91.2
3251919700 70464032608 92.8 48189206983039864 91.2
3251996600 70464040408 92.8 48189214714842488 91.2
3252177500 70464051308 92.8 48189223683449208 91.2
3252191400 70464054208 92.8 48189225838723192 91.2
3252343500 70464054408 92.8 48189225852649592 91.2
3252850800 70464058508 92.8 48189229063689848 91.2
3253798700 70464059508 92.8 48189233191066488 91.2
3254137500 70464066708 92.8 48189241560547192 91.2
3254222800 70464080508 92.8 48189249053633912 91.2
3255031800 70464093308 92.8 48189269060175224 91.2
3255175800 70464098508 92.8 48189273321448824 91.2
3255297500 70464100908 92.8 48189274077365624 91.2
3255777000 70464104008 92.8 48189276396179064 91.2
3255858500 70464104108 92.8 48189276407443064 91.2
3255864100 70464110308 92.8 48189283998150264 91.2
3255961000 70464133108 92.8 48189304837641848 91.2
3255985500 70464138208 92.8 48189310519734392 91.2
3256994600 70464150408 92.8 48189317430911608 91.2
3257111700 70464167908 92.8 48189324913777784 91.2
3257182400 70464296908 92.8 48189466829429880 91.2
3257293500 70464308008 92.8 48189473660661368 91.2
3257775800 70464312508 92.8 48189478881303160 91.2
3257854500 70464380508 92.8 48189522296990328 91.2
3257888100 70464384508 92.8 48189523140971128 91.2
3257991700 70464386508 92.8 48189525786577528 91.2
3258738300 70464398008 92.8 48189552605389432 91.2
3258806800 70464407908 92.8 48189561105691256 91.2
3259531800 70464438608 92.8 48189584962085496 91.2
3259548000 70464448908 92.8 48189594301568632 91.2
3259660200 70464457408 92.8 48189599623173752 91.2
3259824400 70464460108 92.8 48189601499346552 91.2
3259853800 70464462208 92.8 48189603254277752 91.2
3259912000 70464465208 92.8 48189605304667640 91.2
3259995600 70464481308 92.8 48189614724383224 91.2
3260046400 70464485808 92.8 48189617070367224 91.2
3260295200 70464488008 92.8 48189617934894328 91.2
3260342600 70464495108 92.8 48189622735756536 91.2
3260947500 70464516708 92.8 48189644598172920 91.2
3261017700 70464517008 92.8 48189644697910520 91.2
3261539600 70464518508 92.8 48189647962523384 91.2
3261673700 70464540308 92.8 48189656649108216 91.2
3261676200 70464542508 92.8 48189657374100216 91.2
3261749200 70464548008 92.8 48189660349480696 91.2
3261772600 70464555608 92.8 48189663853037560 91.2
3262392700 70464558008 92.8 48189665134119032 91.2
3262405400 70464596508 92.8 48189697316487288 91.2
3262838300 70464631008 92.8 48189715819878520 91.2
3263138600 70464634208 92.8 48189717891430520 91.2
3263177800 70464638908 92.8 48189721333094520 91.2
3263212200 70464641208 92.8 48189729105519224 91.2
3263530300 70464642208 92.8 48189730311094648 91.2
3263577400 70464643508 92.8 48189730855453048 91.2
3263660400 70464658708 92.8 48189741891007864 91.2
3263870600 70464691808 92.8 48189760731422072 91.2
3263960400 70464693708 92.8 48189762139217272 91.2
3264371400 70465005308 92.8 48190054766828920 91.2
3264738700 70465039108 92.8 48190080714558840 91.2
3265135500 70465055208 92.8 48190091514277240 91.2
3265167300 70465057708 92.8 48190092506328440 91.2
3265297000 70465067208 92.8 48190095113254776 91.2
3265600000 70465067708 92.8 48190095372121976 91.2
3265751400 70465072408 92.8 48190102589478776 91.2
3266139500 70465075508 92.8 48190108887538552 91.2
3266580100 70465077008 92.8 48190115771528568 91.2
3266801400 70465079208 92.8 48190119110178168 91.2
3266985200 70465089408 92.8 48190127629677432 91.2
3267365600 70465092208 92.8 48190128858067832 91.2
3267633300 70465093508 92.8 48190129705945976 91.2
3268662000 70465101308 92.8 48190132968614776 91.2
3268931200 70465109808 92.8 48190137409173880 91.2
3269177300 70465119708 92.8 48190145071549816 91.2
3269520400 70465214508 92.8 48190233879833976 91.2
3269674500 70465215208 92.8 48190234451968888 91.2
3269741700 70465216008 92.8 48190234948813688 91.2
3269944100 70465216408 92.8 48190235522458488 91.2
3270011500 70465228708 92.8 48190239387270520 91.2
3270399900 70465237108 92.8 48190252399618424 91.2
3271595800 70465239408 92.8 48190253802217848 91.2
3271845100 70465251208 92.8 48190261705009016 91.2
3272250000 70466472208 92.8 48191645571049336 91.2
3272254600 70466499908 92.8 48191670773251960 91.2
3272703700 70466500308 92.8 48191671439393336 91.2
3272878300 70466521608 92.8 48191685316263480 91.2
3272884700 70466557808 92.8 48191718763136568 91.2
3273265900 70466689108 92.8 48191814265644600 91.2
3274040300 70466694608 92.8 48191820126627384 91.2
3274248600 70466699008 92.8 48191830779582008 91.2
3274873400 70466764708 92.8 48191871012120120 91.2
3275315000 70466767608 92.8 48191873677197880 91.2
3275669600 70466790208 92.8 48191888939665976 91.2
3275688100 70466818308 92.8 48191952720251448 91.2
3275710300 70466823008 92.8 48191960609179704 91.2
3275991900 70466831708 92.8 48191970673272888 91.2
3276099400 70466834008 92.8 48191973420383032 91.2
3276346500 70466863708 92.8 48191991871562552 91.2
3276392300 70466937108 92.8 48192048329618232 91.2
3276471600 70466950308 92.8 48192062857347896 91.2
3276958600 70466987408 92.8 48192105561318200 91.2
3277778500 70466991308 92.8 48192107421516600 91.2
3278152800 70466992808 92.8 48192107867206904 91.2
3278260800 70466994708 92.8 48192109223187704 91.2
3278264500 70467028808 92.8 48192131391448312 91.2
3278292900 70467057008 92.8 48192152601980152 91.2
3278318600 70467057808 92.8 48192153064623352 91.2
3278781900 70467071308 92.8 48192159140015352 91.2
3279116400 70467071608 92.8 48192163916975352 91.2
3279289400 70467071708 92.8 48192164158229752 91.2
3279298800 70467086508 92.8 48192173699927288 91.2
3280194000 70467088508 92.8 48192174810967288 91.2
3280352400 70467115708 92.8 48192187957775608 91.2
3280529400 70467115908 92.8 48192188395842808 91.2
3280657700 70467123808 92.8 48192191453666040 91.2
3280879900 70467135108 92.8 48192194931903480 91.2
3281053500 70467143308 92.8 48192200883117560 91.2
3281577500 70467145008 92.8 48192202563270136 91.2
3281884800 70467154908 92.8 48192211755784696 91.2
3281986200 70467156008 92.8 48192212473608696 91.2
3282128400 70467156808 92.8 48192212673903096 91.2
3282414400 70467228708 92.8 48192269029984760 91.2
3282892800 70467246208 92.8 48192281325101560 91.2
3283127500 70467298808 92.8 48192318471963128 91.2
3283206200 70467299908 92.8 48192320024551928 91.2
3283525400 70467301308 92.8 48192320995918328 91.2
3283841500 70467332108 92.8 48192351305988600 91.2
3283989200 70467351108 92.8 48192361874283000 91.2
3284275300 70467352908 92.8 48192363597265400 91.2
3284346300 70467353108 92.8 48192363707780904 91.2
3284411700 70467362108 92.8 48192369027864360 91.2
3284445300 70467460808 92.8 48192446290532136 91.2
3284460500 70467464208 92.8 48192450429837608 91.2
3284627100 70467484108 92.8 48192459918015784 91.2
3285239800 70467497008 92.8 48192467034319656 91.2
3285267200 70467497608 92.8 48192467734169960 91.2
3285347600 70467537508 92.8 48192503617689960 91.2
3285565700 70467560008 92.8 48192521493883240 91.2
3285571000 70467560408 92.8 48192522104893544 91.2
3285693400 70467628008 92.8 48192563014434920 91.2
3286066000 70467672408 92.8 48192590227214440 91.2
3286086000 70467674008 92.8 48192591246671464 91.2
3286157100 70467676708 92.8 48192595534569064 91.2
3286462500 70467677608 92.8 48192596615093864 91.2
3286601000 70467680708 92.8 48192597679439464 91.2
3286793400 70467694408 92.8 48192613547201128 91.2
3287312500 70467694508 92.8 48192613563789928 91.2
3287380400 70468864008 92.8 48193888330216040 91.2
3287449900 70468868208 92.8 48193892964461160 91.2
3287780000 70468873908 92.8 48193896348366696 91.2
3288033600 70468875908 92.8 48193898728633192 91.2
3288189500 70468878108 92.8 48193903757634920 91.2
3288281000 70468888208 92.8 48193914524689768 91.2
3288459500 70468888508 92.8 48193914581624168 91.2
3288514400 70468911608 92.8 48193927928376680 91.2
3288979600 70468921808 92.8 48193933059572072 91.2
3289217000 70468931808 92.8 48193947181407592 91.2
3289292200 70469004408 92.8 48194021329436008 91.2
3289366200 70469022908 92.8 48194034093287784 91.2
3289460500 70469029708 92.8 48194039142017384 91.2
3289801000 70469031208 92.8 48194040916968680 91.2
3289886400 70469041208 92.8 48194048278958312 91.2
3290420200 70469582608 92.8 48194191790903528 91.2
3290470800 70469584408 92.8 48194192462852328 91.2
3290601300 70469612208 92.8 48194210699753704 91.2
3290655500 70469625208 92.8 48194223194491112 91.2
3290888000 70469635008 92.8 48194228268763880 91.2
3290998400 70469638108 92.8 48194233091518696 91.2
3291211500 70469641408 92.8 48194237507561192 91.2
3291258400 70469646608 92.8 48194241865705192 91.2
3291562100 70469739108 92.8 48194555621271272 91.2
3292305800 70469749008 92.8 48194560578374376 91.2
3292787600 70469784808 92.8 48194597602552552 91.2
3292945200 70469787508 92.8 48194600177912552 91.2
3292971900 70469788308 92.8 48194600824261352 91.2
3293029900 70471641708 92.8 48196476755036904 91.2
3293056600 70471660708 92.8 48196541217868520 91.2
3293153700 70471693008 92.8 48196567303826152 91.2
3293300900 70471700808 92.8 48196573775375080 91.2
3293329800 70471702508 92.8 48196576367588584 91.2
3293389000 70471722508 92.8 48196603726236904 91.2
3293579000 70471739308 92.8 48196617716292840 91.2
3293679100 70472321708 92.8 48198671752944872 91.2
3293718500 70472351408 92.8 48198685437221096 91.2
3293994600 70472358108 92.8 48198698960748776 91.2
3294087300 70472399508 92.8 48198740468261096 91.2
3294121200 70472401908 92.8 48198741696375400 91.2
3294144600 70472412708 92.8 48198748570897000 91.2
3294444400 70472415308 92.8 48198749011421800 91.2
3294568300 70472499808 92.8 48198822882880104 91.2
3294829400 70472632408 92.8 48198913912056424 91.2
3294985500 70472634208 92.8 48198915313093224 91.2
3295089900 70472639908 92.8 48198917997611624 91.2
3295097000 70472661408 92.8 48198939040795240 91.2
3295313600 70472715008 92.8 48198983267285608 91.2
3295353100 70472717708 92.8 48198985348641000 91.2
3295399000 70472722508 92.8 48198991091251432 91.2
3295403300 70472736508 92.8 48198997914302184 91.2
3295413200 70472791508 92.8 48199037565322984 91.2
3295523200 70472822108 92.8 48199052144940776 91.2
3295632700 70472825708 92.8 48199054392006376 91.2
3295666900 70472826408 92.8 48199056297260776 91.2
3295699500 70472861508 92.8 48199090226439912 91.2
3296091900 70472893008 92.8 48199125904324328 91.2
3296195700 70472897708 92.8 48199132172493544 91.2
3296387500 70472908108 92.8 48199143228867304 91.2
3296431000 70472936808 92.8 48199159592044264 91.2
3296551000 70472943808 92.8 48199162861922024 91.2
3296686500 70472947608 92.8 48199165680214760 91.2
3296776700 70472972808 92.8 48199182506959592 91.2
3296802600 70472978208 92.8 48199191740107496 91.2
3296811200 70473644608 92.8 48199368361544424 91.2
3296848200 70473748008 92.8 48199728603695848 91.2
3297046900 70473777508 92.8 48199757133478632 91.2
3297157600 70473779208 92.8 48199758051392232 91.2
3297277600 70473800908 92.8 48199784594162408 91.2
3297301000 70473827408 92.8 48199862150832872 91.2
3297393400 70473830708 92.8 48199863521933544 91.2
3297433400 70473886008 92.8 48199893543008488 91.2
3297531200 70473887408 92.8 48199896917420776 91.2
3297549500 70473892008 92.8 48199900213062376 91.2
3297631900 70473893808 92.8 48199901244844776 91.2
3297942900 70473906808 92.8 48199910670736104 91.2
3297989500 70473911308 92.8 48199916524942568 91.2
3298095700 70473912108 92.8 48199917245224168 91.2
3298141300 70473928008 92.8 48199926005404904 91.2
3298157500 70473928908 92.8 48199926946870504 91.2
3298222300 70474019708 92.8 48199999993853160 91.2
3298355900 70474080608 92.8 48200040145945832 91.2
3298422500 70474083208 92.8 48200040953267432 91.2
3298529000 70474121408 92.8 48200071961978088 91.2
3298558300 70474123308 92.8 48200072489747688 91.2
3298652500 70474125308 92.8 48200073921504488 91.2
3298771300 70474130908 92.8 48200075561338088 91.2
3298796000 70474274008 92.8 48200213507474664 91.2
3298999700 70478900008 92.8 48205123897656552 91.2
3299238100 70478901108 92.8 48205125390854888 91.2
3299351000 70478909608 92.8 48205129911536360 91.2
3299393500 70478911608 92.8 48205133411055848 91.2
3299472600 70478914408 92.8 48205136176158440 91.2
3299525100 70478917408 92.8 48205137606276840 91.2
3299763000 70478921808 92.8 48205139498219240 91.2
3299944400 70478934708 92.8 48205148866189032 91.2
3300080900 70478942708 92.8 48205152620377832 91.2
3300229100 70478950808 92.8 48205164128851688 91.2
3300258600 70478950908 92.8 48205164129261288 91.2
3300322600 70478951608 92.8 48205164455917288 91.2
3300607400 70478976208 92.8 48205181957437160 91.2
3300612900 70478978708 92.8 48205183262302312 91.2
3300641100 70479022808 92.8 48205227745448040 91.2
3300879100 70479032808 92.8 48205236252118120 91.2
3300967100 70479034608 92.8 48205236727663720 91.2
3300982000 70479039008 92.8 48205239589334120 91.2
3301113900 70479061108 92.8 48205257694850152 91.2
3301139500 70479065008 92.8 48205262527811176 91.2
3301296300 70479082108 92.8 48205275377826408 91.2
3301387500 70479082408 92.8 48205275758344808 91.2
3301475100 70479083008 92.8 48205276353493608 91.2
3301513700 70479105208 92.8 48205287622056552 91.2
3301619600 70479107708 92.8 48205289190210152 91.2
3301814300 70479108408 92.8 48205290220149352 91.2
3301842700 70479110408 92.8 48205293385920616 91.2
3302020700 70479121008 92.8 48205304806797416 91.2
3302031400 70479141708 92.8 48205318716370024 91.2
3302375500 70479143508 92.8 48205319859973224 91.2
3302497300 70479162708 92.8 48205327028315240 91.2
3302535000 70479163108 92.8 48205327246271240 91.2
3302542000 70479178808 92.8 48205352459148040 91.2
3302561200 70479180708 92.8 48205354675252488 91.2
3302682200 70479184708 92.8 48205356258970888 91.2
3302788400 70479196508 92.8 48205364834101512 91.2
3302855800 70479198508 92.8 48205365286299912 91.2
3303313200 70479357708 92.8 48205492821780744 91.2
3303344600 70479396808 92.8 48205528926943496 91.2
3303444800 70479408108 92.8 48205535200208136 91.2
3303499300 70479471408 92.8 48205587084977416 91.2
3303727200 70479496508 92.8 48205649395098888 91.2
3303799200 70479500608 92.8 48205651202868488 91.2
3303977400 70479500908 92.8 48205651564545288 91.2
3304091200 70479528908 92.8 48205672904779016 91.2
3304105100 70479529008 92.8 48205672905188616 91.2
3304135800 70479543508 92.8 48205726694331656 91.2
3304349000 70479602808 92.8 48205780105151752 91.2
3304363300 70479616808 92.8 48205789248448776 91.2
3304364300 70479673108 92.8 48205826260691208 91.2
3304391600 70479675708 92.8 48205827875790088 91.2
3304409800 70479676808 92.8 48205828019969288 91.2
3304479700 70479705508 92.8 48205836142109448 91.2
3304542800 70479714208 92.8 48205841210704648 91.2
3304694500 70479724808 92.8 48205846572954376 91.2
3304847800 70479731208 92.8 48205849346970376 91.2
3304897600 70479745608 92.8 48205856784973576 91.2
3304927200 70480515308 92.8 48206509321944840 91.2
3305055400 70480536908 92.8 48206518766138120 91.2
3305098000 70480538108 92.8 48206521293412616 91.2
3305223500 70480539008 92.8 48206521645586632 91.2
3305323800 70480606108 92.8 48206603512330440 91.2
3305407300 70480606208 92.8 48206603523594440 91.2
3305513700 70480610108 92.8 48206606444525256 91.2
3305539700 70480620708 92.8 48206624166217416 91.2
3305716900 70480665308 92.8 48206669224244936 91.2
3305724400 70480757808 92.8 48206736163227336 91.2
3305775400 70480764508 92.8 48206744186267336 91.2
3305803100 70480822608 92.8 48206801413371592 91.2
3305840100 70480834008 92.8 48206813271458504 91.2
3305848300 70480847408 92.8 48206821759326920 91.2
3305897700 70480854908 92.8 48206825179898312 91.2
3305996300 70482013808 92.8 48208561581908424 91.3
3306006300 70482013908 92.8 48208562226823624 91.3
3306068900 70482017908 92.8 48208565525537224 91.3
3306108400 70482021008 92.8 48208567375700424 91.3
3306165300 70482042508 92.8 48208597898834376 91.3
3306216200 70482068508 92.8 48208608624042440 91.3
3306222600 70482071908 92.8 48208614144467912 91.3
3306230500 70482077308 92.8 48208617158509512 91.3
3306378200 70482078708 92.8 48208620195387592 91.3
3306483800 70482081908 92.8 48208622876536008 91.3
3306493900 70482082908 92.8 48208623409425608 91.3
3306513500 70482084508 92.8 48208623742635208 91.3
3306566300 70482086708 92.8 48208625128312008 91.3
3306566600 70482162608 92.8 48208696898923720 91.3
3306606400 70482169708 92.8 48208701120217800 91.3
3306692600 70482185208 92.8 48208722590925512 91.3
3306695200 70482258408 92.8 48208773546205896 91.3
3306748200 70482284308 92.8 48208793080289992 91.3
3306815000 70482293408 92.8 48208799318088392 91.3
3306885700 70482300608 92.8 48208812068928200 91.3
3307096700 70482345008 92.8 48208847711673032 91.3
3307133900 70482357708 92.8 48208855516150984 91.3
3307283000 70482359208 92.8 48208856220984776 91.3
3307360200 70482366708 92.8 48208864280758216 91.3
3307459800 70482420308 92.8 48208921979303880 91.3
3307476900 70482425508 92.8 48208929743081928 91.3
3307669000 70482425908 92.8 48208930252214728 91.3
3307685100 70482427508 92.8 48208932428829128 91.3
3307796800 70482430508 92.8 48208933876765128 91.3
3308255400 70482431908 92.8 48208937748903880 91.3
3308648600 70482432608 92.8 48208937795188680 91.3
3308716000 70482447508 92.8 48208948905027528 91.3
3308916500 70482448908 92.8 48208949595408328 91.3
3309074300 70482457608 92.8 48208955368720328 91.3
3309216700 70482486008 92.8 48208977489973192 91.3
3309243200 70482490708 92.8 48208980344270792 91.3
3309261900 70482503108 92.8 48209027150553032 91.3
3309403300 70482512908 92.8 48209040439652296 91.3
3309475600 70482523408 92.8 48209052018553800 91.3
3309507000 70482618108 92.8 48209124051596232 91.3
3309522000 70482618308 92.8 48209128374409160 91.3
3309682300 70482628208 92.8 48209135733936584 91.3
3309750400 70482628408 92.8 48209135745405384 91.3
3310161700 70482631708 92.8 48209137330352584 91.3
3310231700 70482632408 92.8 48209138459619784 91.3
3310357300 70482638008 92.8 48209141271114184 91.3
3310472300 70482639308 92.8 48209143776022984 91.3
3310570200 70482640608 92.8 48209146728633544 91.3
3310610000 70482640908 92.8 48209147364025736 91.3
3310853000 70482650608 92.8 48209158748981640 91.3
3310888600 70482664508 92.8 48209164697192840 91.3
3310999500 70482712508 92.8 48209209262487944 91.3
3311163400 70482716108 92.8 48209214951885192 91.3
3311170800 70482716608 92.8 48209215673190792 91.3
3311181500 70482806608 92.8 48209289805089160 91.3
3311294600 70482828708 92.8 48209326119078280 91.3
3311363900 70482829208 92.8 48209326391257480 91.3
3311370900 70482831608 92.8 48209327850252680 91.3
3311563700 70482852008 92.8 48209348122481032 91.3
3311665000 70482859208 92.8 48209352048701832 91.3
3311762300 70482861708 92.8 48209354863191432 91.3
3311833600 70482864608 92.8 48209358213022600 91.3
3311881000 70482867908 92.8 48209361062285704 91.3
3312356200 70482869708 92.8 48209362418471304 91.3
3312476200 70482871208 92.8 48209362899136904 91.3
3312481400 70482871408 92.8 48209363321215592 91.3
3312530300 70482888108 92.8 48209382403717736 91.3
3312594400 70482896508 92.8 48209389990588008 91.3
3312738200 70482899508 92.8 48209393714884712 91.3
3312795700 70482902908 92.8 48209398125252712 91.3
3312810200 70482911108 92.8 48209401791740008 91.3
3312881000 70482930808 92.8 48209415042527336 91.3
3312896300 70482936208 92.8 48209424890921064 91.3
3313060200 70482946008 92.8 48209436044762216 91.3
3313075300 70482948008 92.8 48209436502490216 91.3
3313162200 70482962208 92.8 48209445664879720 91.3
3313215900 70482966708 92.8 48209450636774504 91.3
3313416900 70482968608 92.8 48209451719347304 91.3
3313469900 70482973708 92.8 48209452934835304 91.3
3313509000 70482992208 92.8 48209467582372968 91.3
3313610200 70482994908 92.8 48209469339352168 91.3
3313670700 70482996608 92.8 48209469863640168 91.3
3313728100 70483071208 92.8 48209563894348904 91.3
3313749200 70483072608 92.8 48209567598636648 91.3
3313846700 70483073708 92.8 48209568062508648 91.3
3313860400 70483074408 92.8 48209568779103848 91.3
3313869100 70483078208 92.8 48209571609199720 91.3
3314056600 70483082708 92.8 48209575444138600 91.3
3314136900 70483088908 92.8 48209583399629416 91.3
3314278500 70483102708 92.8 48209592434905704 91.3
3314376400 70483127208 92.8 48209611224599144 91.3
3314424700 70483128408 92.8 48209611991165544 91.3
3314535500 70483167308 92.8 48209649595615848 91.3
3314636900 70483169908 92.8 48209650658527848 91.3
3314696000 70483170808 92.8 48209650858822248 91.3
3314718800 70483197608 92.8 48209678872676968 91.3
3314986600 70483204208 92.8 48209681802136168 91.3
3315198000 70483207508 92.8 48209684332644968 91.3
3315256900 70483236608 92.8 48209706121222760 91.3
3315338200 70483260208 92.8 48209734265055848 91.3
3315373800 70483261808 92.8 48209735057222248 91.3
3315386800 70483263708 92.8 48209735496313448 91.3
3315598800 70483263908 92.8 48209736130169448 91.3
3315708600 70483266408 92.8 48209739371396712 91.3
3315817800 70485247608 92.8 48212185525665384 91.3
3315842300 70485250308 92.8 48212186542292584 91.3
3315909800 70485251908 92.8 48212189448002664 91.3
3315946900 70485267008 92.8 48212198356101224 91.3
3316020700 70485333608 92.8 48212222927892584 91.3
3316059600 70485335108 92.8 48212223253524584 91.3
3316100500 70485419008 92.8 48212294287102056 91.3
3316141900 70485506208 92.8 48212369515810920 91.3
3316248700 70485508408 92.8 48212370764886120 91.3
3316525100 70485509908 92.8 48212371527356520 91.3
3316531400 70485530108 92.8 48212380001845352 91.3
3316682800 70485530908 92.8 48212383265947752 91.3
3316746100 70485532908 92.8 48212384293019752 91.3
3316881800 70489196708 92.8 48220122088169576 91.3
3316955100 70489254208 92.8 48220206814814312 91.3
3317024600 70489260208 92.8 48220209786667112 91.3
3317169800 70489325108 92.8 48220274805854312 91.3
3317350600 70489335708 92.8 48220296680093800 91.3
3317452200 70489337308 92.8 48220297072081000 91.3
3317511100 70489352008 92.8 48220308997498984 91.3
3317806800 70489355008 92.8 48220311170426984 91.3
3317840600 70489953108 92.8 48220421467678824 91.3
3317950200 70489982508 92.8 48220444223098984 91.3
3318253100 70489989508 92.8 48220448922849384 91.3
3318376100 70489993908 92.8 48220451134689384 91.3
3318436500 70490013308 92.8 48220471767140456 91.3
3318663600 70490013808 92.8 48220472442570856 91.3
3318716500 70490016908 92.8 48220476047806056 91.3
3318869100 70490021408 92.8 48220476922506856 91.3
3318919300 70490023708 92.8 48220478144548456 91.3
3318978200 70490035208 92.8 48220497730774632 91.3
3319014600 70490049308 92.8 48220517036422760 91.3
3319946600 70490051008 92.8 48220518461421160 91.3
3320191100 70490053108 92.8 48220519473952360 91.3
3320307900 70490056408 92.8 48220524179799144 91.3
3320618100 70490064308 92.8 48220526708055144 91.3
3320646200 70490071908 92.8 48220534581266024 91.3
3320702400 70490079108 92.8 48220538753116520 91.3
3320831500 70490080508 92.8 48220541435382120 91.3
3320953800 70490083308 92.8 48220554667557224 91.3
3320978900 70490147408 92.8 48220595071267176 91.3
3321078100 70490164108 92.8 48220606389105000 91.3
3321136800 70490202108 92.8 48220647309132136 91.3
3321454100 70490219908 92.8 48220667435581800 91.3
3321535600 70490226408 92.8 48220670111581544 91.3
3321589300 70490228608 92.8 48220670920951144 91.3
3321668400 70490273408 92.8 48220829950461288 91.3
3321888200 70490282308 92.8 48220833905930344 91.3
3322479100 70490282608 92.8 48220834307952744 91.3
3322519300 70490288108 92.8 48220838326522216 91.3
3322711100 70490293708 92.8 48220843904045416 91.3
3322773000 70490327608 92.8 48220960204140904 91.3
3322808200 70490340308 92.8 48220972981613928 91.3
3322858400 70490344008 92.8 48220975216511336 91.3
3323183900 70490400608 92.8 48221028466289000 91.3
3323281600 70490407708 92.8 48221035956039016 91.3
3323366000 70490407808 92.8 48221036268563816 91.3
3323435200 70490413308 92.8 48221040724616552 91.3
3323534500 70490522108 92.8 48221142694372712 91.3
3323702300 70490524808 92.8 48221145664587112 91.3
3323979000 70490531108 92.8 48221147912471912 91.3
3323981300 70490538508 92.8 48221152923054952 91.3
3324103600 70490594308 92.8 48221186990164840 91.3
3324252900 70490597308 92.8 48221189027105640 91.3
3324325700 70490599008 92.8 48221189460257640 91.3
3324679000 70490628608 92.8 48221206257317736 91.3
3324746800 70490657708 92.8 48221235222034280 91.3
3324800800 70490694908 92.8 48221254162356072 91.3
3324803500 70490697008 92.8 48221260288538472 91.3
3324918700 70490703708 92.8 48221265435489640 91.3
3325335700 70490731108 92.8 48221296593223016 91.3
3325699700 70490732208 92.8 48221297686035816 91.3
3326145000 70490733108 92.8 48221298525306216 91.3
3326210800 70490740408 92.8 48221302212075624 91.3
3326225300 70490763108 92.8 48221309023928424 91.3
3326859700 70490766208 92.8 48221310181458024 91.3
3327230400 70490792608 92.8 48221347713847400 91.3
3327507600 70491772008 92.8 48221987828076648 91.3
3328285600 70491794808 92.8 48222001988952168 91.3
3328396800 70491808008 92.8 48222008748099688 91.3
3328802100 70491846808 92.8 48222034971678824 91.3
3329089700 70491851108 92.8 48222035656120424 91.3
3329118400 70491851308 92.8 48222035669022824 91.3
3329180600 70491854108 92.8 48222045128441960 91.3
3329320300 70491855708 92.8 48222048696553064 91.3
3329371800 70491861208 92.8 48222053651997288 91.3
3329565500 70491866008 92.8 48222055623606888 91.3
3330029200 70491868608 92.8 48222056790966888 91.3
3330176800 70491868808 92.8 48222056882717288 91.3
3330196400 70491873208 92.8 48222059344869736 91.3
3330611400 70491882208 92.8 48222063559196264 91.3
3330764800 70491889308 92.8 48222072713535080 91.3
3331017100 70491890908 92.8 48222073072344680 91.3
3331425700 70491898908 92.8 48222078105151080 91.3
3332238400 70491947608 92.8 48222119024694888 91.3
3332279500 70491948908 92.8 48222119270659688 91.3
3332366000 70491957208 92.8 48222121432118888 91.3
3332574700 70491969408 92.8 48222133958778472 91.3
3332577300 70491978808 92.8 48222142830624360 91.3
3332665600 70491986208 92.8 48222145485651560 91.3
3332673700 70491987008 92.8 48222147368992360 91.3
3333399700 70491989608 92.8 48222148163821160 91.3
3333434800 70492016808 92.8 48222182909877864 91.3
3333725900 70492019808 92.8 48222186139530088 91.3
3333924400 70492028208 92.8 48222191847499112 91.3
3334013200 70492032308 92.8 48222198429361512 91.3
3334221300 70492074108 92.8 48222235029718376 91.3
3334262400 70492075108 92.8 48222235317871976 91.3
3334460500 70492078308 92.8 48222236981052776 91.3
3334510900 70492081408 92.8 48222240129257832 91.3
3334551900 70492086108 92.8 48222242494288232 91.3
3334681400 70492099508 92.8 48222254242931048 91.3
3334975300 70492108108 92.8 48222258916018536 91.3
3335230000 70492121108 92.8 48222275692607848 91.3
3335242000 70492190508 92.8 48222329081723240 91.3
3335369700 70492199108 92.8 48222332138568040 91.3
3335396200 70492200008 92.8 48222332410542440 91.3
3335550200 70492202208 92.8 48222333272955240 91.3
3335854500 70492206808 92.8 48222350412167528 91.3
3336087300 70492207008 92.8 48222350421588328 91.3
3336134400 70492208408 92.8 48222353339599976 91.3
3336185400 70492222408 92.8 48222376147336296 91.3
3336222100 70492317208 92.8 48222433385864296 91.3
3336297000 70492318408 92.8 48222433600616104 91.3
3336795800 70492324008 92.8 48222438881556136 91.3
3336840400 70492413408 92.8 48222509702051496 91.3
3336923500 70492430208 92.8 48222543595228840 91.3
3337239600 70492449908 92.8 48222557365379752 91.3
3337439400 70492467008 92.8 48222572409246376 91.3
3337640300 70492476408 92.8 48222580392302248 91.3
3337795600 70492479408 92.8 48222584925345448 91.3
3337945000 70492484808 92.8 48222589747387048 91.3
3338049300 70492490508 92.8 48222592942622888 91.3
3338260900 70492494208 92.8 48222597911402664 91.3
3338412900 70492519008 92.8 48222610002748584 91.3
3338422100 70492528308 92.8 48222617715140776 91.3
3338474000 70492531008 92.8 48222619394910376 91.3
3338478200 70492541208 92.8 48222635768081576 91.3
3338561900 70492544008 92.8 48222637872606376 91.3
3338620400 70492603708 92.8 48222681833770152 91.3
3338711100 70494065408 92.8 48224036582427816 91.3
3338841300 70494135608 92.8 48224087862500520 91.3
3338904000 70494714608 92.8 48224754086206632 91.3
3339005200 70494715008 92.8 48224754241240232 91.3
3339242200 70494722608 92.8 48224763528305832 91.3
3339312200 70494723908 92.8 48224763741502632 91.3
3339329100 70494765808 92.8 48224804817349800 91.3
3339521600 70494769608 92.8 48224806258625960 91.3
3339593500 70494771208 92.8 48224808200763048 91.3
3339698900 70494777708 92.8 48224811383379368 91.3
3339841500 70494778808 92.8 48224812868054184 91.3
3339968300 70494780108 92.8 48224813550447784 91.3
3340026300 70494780508 92.8 48224814150306984 91.3
3340177100 70494944408 92.8 48224998053121192 91.3
3340183700 70494944508 92.8 48224998368717992 91.3
3340322900 70494994608 92.8 48225165312109736 91.3
3340351800 70494996508 92.8 48225165999008936 91.3
3340624700 70495032608 92.8 48225188507823272 91.3
3340675200 70495037908 92.8 48225192286178472 91.3
3340800800 70495046008 92.8 48225205879890088 91.3
3340987600 70495057708 92.8 48225213428458664 91.3
3341117200 70495057908 92.8 48225213433783464 91.3
3341606900 70495120508 92.8 48225255648330920 91.3
3341848000 70495135708 92.8 48225277900188840 91.3
3341987800 70495142108 92.8 48225281598876840 91.3
3342043200 70495144908 92.8 48225283267792040 91.3
3342199800 70495150708 92.8 48225286480184488 91.3
3342316500 70495155108 92.8 48225288140293288 91.3
3342637400 70495171008 92.8 48225306020287656 91.3
3342858700 70495171508 92.8 48225306693722984 91.3
3342930900 70496305208 92.8 48226512230671208 91.3
3343022700 70496434108 92.8 48226633615262568 91.3
3343256900 70496440108 92.8 48226637851140968 91.3
3343262900 70496444508 92.8 48226639981880168 91.3
3344162400 70496473708 92.8 48226670744060776 91.3
3344536300 70496527708 92.8 48226707907208040 91.3
3344578700 70496666908 92.8 48226830535672680 91.3
3344836400 70496669308 92.8 48226832186360680 91.3
3344843700 70496669408 92.8 48226832311083880 91.3
3345282800 70496675408 92.8 48226834724651880 91.3
3345328700 70496675508 92.8 48226834799813480 91.3
3346131000 70496681208 92.8 48226837820783720 91.3
3346194500 70496684408 92.8 48226839228374120 91.3
3346235500 70496709608 92.8 48226861012888680 91.3
3346297800 70496714608 92.8 48226861934693480 91.3
3346390800 70496722908 92.8 48226868504488552 91.3
3346694800 70496755808 92.8 48226892640481896 91.3
3346993200 70496759208 92.8 48226895308086376 91.3
3347572000 70496766208 92.8 48226901688015976 91.3
3348244800 70496793608 92.8 48226931239087208 91.3
3348582300 70496797008 92.8 48226934227272040 91.3
3348623200 70496799608 92.8 48226935260897640 91.3
3349308900 70496801708 92.8 48226935626875240 91.3
3349392800 70496836808 92.8 48226966595764584 91.3
3349403900 70500774008 92.8 48231110842319208 91.3
3349644500 70500777908 92.8 48231115813634408 91.3
3349665200 70501000708 92.8 48231138653208936 91.3
3349812100 70501001908 92.8 48231139137151336 91.3
3349900100 70501005108 92.8 48231141381759336 91.3
3349935500 70501210108 92.8 48231289462497640 91.3
3349955600 70501215608 92.8 48231294950248808 91.3
3350391000 70501221408 92.8 48231297256333672 91.3
3350610900 70501333908 92.8 48231374367940968 91.3
3351643800 70501334008 92.8 48231374379204968 91.3
3351737700 70501335608 92.8 48231374927864168 91.3
3352012700 70501871108 92.8 48231461832180072 91.3
3352460400 70501873408 92.8 48231462804160872 91.3
3352602600 70501886308 92.8 48231478108716392 91.3
3352604300 70501894208 92.8 48231482825898856 91.3
3352662200 70501896408 92.8 48231483301649256 91.3
3352943100 70501936108 92.8 48231520733842280 91.3
3352953900 70501937308 92.8 48231521597688680 91.3
3353081100 70501943808 92.8 48231524450143080 91.3
3353209200 70501950108 92.8 48231526648671080 91.3
3353339500 70501951008 92.8 48231527138552680 91.3
3353388700 70501953708 92.8 48231527896722280 91.3
3353507100 70501954708 92.8 48231528322296680 91.3
3353600200 70501964008 92.8 48231542506666856 91.3
3354001800 70501979408 92.8 48231571464997736 91.3
3354017000 70501982208 92.8 48231573597580136 91.3
3354163900 70501984808 92.8 48231578120656232 91.3
3354166100 70501989508 92.8 48231585053955432 91.3
3354336300 70502009408 92.8 48231597070751080 91.3
3354388300 70502013508 92.8 48231603585404264 91.3
3354403900 70502020008 92.8 48231607587196264 91.3
3354552000 70502046108 92.8 48231629636633960 91.3
3354602800 70502048808 92.8 48231631370061160 91.3
3354764700 70502059408 92.8 48231635598758248 91.3
3354915100 70502059508 92.8 48231635673305448 91.3
3355307400 70502120008 92.8 48231689739325800 91.3
3355325800 70502140108 92.8 48231700341963112 91.3
3355340200 70502144008 92.8 48231701498878312 91.3
3355779800 70502157908 92.8 48231711230940520 91.3
3356132000 70502158708 92.8 48231712206812520 91.3
3356151400 70502181908 92.8 48231742555327848 91.3
3356910400 70502182108 92.8 48231742568230248 91.3
3356917100 70502190008 92.8 48231746713349736 91.3
3357103200 70502191108 92.8 48231748171525736 91.3
3357216000 70502194608 92.8 48231750380825960 91.3
3357225500 70502205108 92.8 48231764990876008 91.3
3357271800 70502218008 92.8 48231779558060392 91.3
3357761800 70502219808 92.8 48231781226156392 91.3
3357786200 70502237708 92.8 48231799988605288 91.3
3357919400 70502244308 92.8 48231807542992232 91.3
3358327300 70502335508 92.8 48231938544295272 91.3
3358759900 70502340408 92.8 48231946558432104 91.3
3358895400 70502348408 92.8 48231963849614184 91.3
3358983800 70502506108 92.8 48232104106484584 91.3
3359223600 70502509508 92.8 48232105454273384 91.3
3359932200 70502509708 92.8 48232105619342184 91.3
3360356400 70502528108 92.8 48232123705152360 91.3
3360463300 70502531508 92.8 48232127239554920 91.3
3360500900 70502531808 92.8 48232127485929320 91.3
3360532200 70502540508 92.8 48232131430491752 91.3
3360917200 70502564508 92.8 48232153551672936 91.3
3361145400 70502575008 92.8 48232158737373288 91.3
3361854100 70502595608 92.8 48232215820093544 91.3
3362068100 70502611008 92.8 48232239561232488 91.3
3362312600 70502614208 92.8 48232241137782888 91.3
3363688600 70502617408 92.8 48232242976477288 91.3
3364261900 70502746708 92.8 48232345886609512 91.3
3365677500 70502754508 92.8 48232351656047720 91.3
3365681100 70502755108 92.8 48232352083765736 91.3
3366062500 70502757508 92.8 48232356286373352 91.3
3366185100 70502768608 92.8 48232364750283752 91.3
3367499800 70502769208 92.8 48232366533272552 91.3
3367982600 70502921008 92.8 48232470246941672 91.3
3368495100 70502932708 92.8 48232473123972072 91.3
3370545400 70502933508 92.8 48232473984244072 91.3
3370594400 70502944408 92.8 48232489893782888 91.3
3370612200 70502967008 92.8 48232499545930088 91.3
3370677200 70502969408 92.8 48232500147427688 91.3
3370869000 70503025308 92.8 48232541099395432 91.3
3371471100 70503026208 92.8 48232541547293032 91.3
3371681700 70503032808 92.8 48232545657424232 91.3
3371695000 70503234308 92.8 48232710595004776 91.3
3371946100 70503237808 92.8 48232719158939496 91.3
3371969200 70503242608 92.8 48232720656641896 91.3
3372222700 70503249808 92.8 48232730575767400 91.3
3372365000 70503255608 92.8 48232737657751400 91.3
3372485400 70503259008 92.8 48232741881751400 91.3
3372683100 70503280608 92.8 48232763250929512 91.3
3373076500 70503281208 92.8 48232764113751912 91.3
3373110100 70503285208 92.8 48232765294423912 91.3
3373403500 70503292608 92.8 48232771087601512 91.3
3373640400 70503335908 92.8 48232808979369832 91.3
3373856100 70503337908 92.8 48232810403344232 91.3
3374211100 70503338908 92.8 48232811700342632 91.3
3374694500 70503341608 92.8 48232813008809832 91.3
3375605600 70503346208 92.8 48232817507893096 91.3
3375704000 70503350608 92.8 48232821963521896 91.3
3376067000 70503351508 92.8 48232822537418856 91.3
3376217600 70505751108 92.8 48235749365479528 91.3
3376824200 70505811008 92.8 48235804447647848 91.3
3377753500 70505815208 92.8 48235806719084648 91.3
3377864800 70505817108 92.8 48235807397791848 91.3
3377868800 70505824508 92.8 48235815653112424 91.3
3377963900 70505849908 92.8 48235841161243240 91.3
3378036300 70505852308 92.8 48235842794932840 91.3
3378350500 70505864808 92.8 48235866434587240 91.3
3378369000 70505866708 92.8 48235868272257640 91.3
3378557100 70505869708 92.8 48235870382107240 91.3
3378679400 70505869808 92.8 48235870389684840 91.3
3379178300 70505875308 92.8 48235873155099240 91.3
3379436600 70505883408 92.8 48235879709526632 91.3
3380213300 70505919108 92.8 48235905063889512 91.3
3380897400 70505950108 92.8 48235919815348840 91.3
3380969700 70505959408 92.8 48235925479341672 91.3
3381401600 70505972708 92.8 48235934213771880 91.3
3381986600 70505976808 92.8 48235938396281448 91.3
3383672700 70505985008 92.8 48235944767650408 91.3
3383771800 70506024208 92.8 48235977141150312 91.3
3384981400 70506028108 92.8 48235982799756392 91.3
3386452200 70506032208 92.8 48235986715982440 91.3
3389573400 70507533108 92.8 48237945149373032 91.3
3390544400 70507542408 92.8 48237950167853672 91.3
3391001900 70507549108 92.8 48237952817146472 91.3
3391409400 70507553608 92.8 48237954553645672 91.3
3391547900 70507564808 92.8 48237962629966952 91.3
3392354000 70507586008 92.8 48237987094416488 91.3
3392391300 70508745308 92.8 48238768312110184 91.3
3392468300 70508749508 92.8 48238770654817384 91.3
3392470700 70508761208 92.8 48238781130829928 91.3
3392580500 70508763408 92.8 48238784853855848 91.3
3394245900 70508769608 92.8 48238793360853608 91.3
3395226100 70508774108 92.8 48238795408648808 91.3
3395700500 70508774208 92.8 48238795413564008 91.3
3395973700 70508778708 92.8 48238797225429608 91.3
3396193200 70508795908 92.8 48238806147916392 91.3
3396490600 70508796408 92.8 48238806751257192 91.3
3397322200 70508841408 92.8 48238853617021544 91.3
3397385300 70508843008 92.8 48238855449162344 91.3
3397738800 70508847408 92.8 48238858485322344 91.3
3397858700 70508847708 92.8 48238858518295144 91.3
3398095100 70508858408 92.8 48238869604575848 91.3
3398301800 70508862808 92.8 48238872376469608 91.3
3398318400 70508966508 92.8 48238955086653544 91.3
3398509100 70508971908 92.8 48238958653161064 91.3
3398623200 70508976208 92.8 48238961838120808 91.3
3399299600 70509031908 92.8 48238999076638568 91.3
3399331700 70509061508 92.8 48239050628239208 91.3
3399847600 70509080908 92.8 48239064811669352 91.3
3399986100 70509089108 92.8 48239075082054504 91.3
3400037800 70509094408 92.8 48239078202182504 91.3
3400472800 70509100208 92.8 48239083231065960 91.3
3400759600 70509101508 92.8 48239084943193960 91.3
3400838600 70509116308 92.8 48239094194419560 91.3
3401626200 70509125608 92.8 48239103113287528 91.3
3401858800 70509138408 92.8 48239119334335336 91.3
3401874700 70509145008 92.8 48239123781342056 91.3
3402018700 70509148208 92.8 48239126460740456 91.3
3402204700 70509155808 92.8 48239136096422760 91.3
3402356500 70509159308 92.8 48239138361967464 91.3
3402365500 70509159708 92.8 48239138476041064 91.3
3402755700 70509162308 92.8 48239140115874664 91.3
3403196500 70509170008 92.8 48239151746671464 91.3
3403545200 70509170408 92.8 48239152291029864 91.3
3403811900 70509324208 92.8 48239260073845608 91.3
3403906800 70509329908 92.8 48239264122286952 91.3
3404381900 70509334608 92.8 48239265924526952 91.3
3404894800 70509357608 92.8 48239282266519400 91.3
3405039600 70509373608 92.8 48239299356578664 91.3
3405132900 70509375608 92.8 48239300188885864 91.3
3405144000 70510141908 92.8 48239946588672872 91.3
3405189000 70510144308 92.8 48239947962266472 91.3
3405295800 70510181308 92.8 48239986610738024 91.3
3405448400 70510220008 92.8 48240012760357736 91.3
3405749900 70510223208 92.8 48240016553029992 91.3
3405800300 70510228608 92.8 48240020438700392 91.3
3406021300 70510229308 92.8 48240020663365992 91.3
3406335000 70510229408 92.8 48240020689580392 91.3
3406435800 70510237608 92.8 48240028187332456 91.3
3406749300 70510244508 92.8 48240033447825256 91.3
3406818400 70510249308 92.8 48240044693627752 91.3
3407229400 70510962108 92.8 48240854046188392 91.3
3408010700 70511427608 92.8 48241241735111528 91.3
3408233000 70511430008 92.8 48241244242753896 91.3
3408396800 70511441408 92.8 48241260924686696 91.3
3408594500 70511452408 92.8 48241266787666280 91.3
3408610900 70511452508 92.8 48241266893266984 91.3
3408925000 70511455208 92.8 48241269443572008 91.3
3409145300 70511540608 92.8 48241330911047976 91.3
3409239600 70511548108 92.8 48241335400878376 91.3
3409636400 70511549208 92.8 48241335865979176 91.3
3410149200 70511556608 92.8 48241347335851304 91.3
3410168100 70511611808 92.8 48241394157604136 91.3
3410385100 70511650208 92.8 48241414107252008 91.3
3410469600 70511674808 92.8 48241427791278376 91.3
3410819900 70511676308 92.8 48241430463111208 91.3
3411049000 70511712408 92.8 48241454917675048 91.3
3411278300 70511712608 92.8 48241455561361448 91.3
3411794600 70511719908 92.8 48241468960937000 91.3
3412110000 70511902708 92.8 48241652135892008 91.3
3412188100 70511907008 92.8 48241656719080488 91.3
3412405400 70511911208 92.8 48241659177216296 91.3
3412599400 70511999708 92.8 48241738037184808 91.3
3412661700 70512013008 92.8 48241744796655400 91.3
3413200800 70512125908 92.8 48241815521681192 91.3
3413528700 70512130908 92.8 48241817440657192 91.3
3413569300 70512620208 92.8 48242212130758440 91.3
3413573000 70512622808 92.8 48242213092908840 91.3
3413690000 70512625808 92.8 48242216266104360 91.3
3413794000 70512639308 92.8 48242237550603816 91.3
3413976900 70512665008 92.8 48242258613485096 91.3
3414332500 70512697308 92.8 48242288992804392 91.3
3414625800 70512700508 92.8 48242290961805096 91.3
3414687900 70512756708 92.8 48242333525839656 91.3
3414820000 70512761108 92.8 48242335932444456 91.3
3415146300 70512825708 92.8 48242365479356200 91.3
3415456000 70512871608 92.8 48242408641460008 91.3
3415475600 70512874208 92.8 48242409410804136 91.3
3415968400 70512877208 92.8 48242410683226536 91.3
3416978500 70512878408 92.8 48242411096717736 91.3
3417471900 70512879208 92.8 48242412265154728 91.3
3417619200 70512925208 92.8 48242444868454568 91.3
3417703800 70512958308 92.8 48242467837898920 91.3
3417747400 70512960408 92.8 48242468548350120 91.3
3417787600 70513018308 92.8 48242536350355624 91.3
3417854500 70513020008 92.8 48242537262534824 91.3
3419094600 70513049308 92.8 48242557532627112 91.3
3419195800 70513051408 92.8 48242559767199912 91.3
3420260200 70513055708 92.8 48242562063827112 91.3
3420497200 70513066008 92.8 48242570667202728 91.3
3421194800 70513067308 92.8 48242571495413928 91.3
3421257300 70513072908 92.8 48242574937024168 91.3
3421639900 70513080608 92.8 48242584679888552 91.3
3421735200 70513127208 92.8 48242636927768232 91.3
3421986900 70513149308 92.8 48242684506080936 91.3
3423367600 70513155308 92.8 48242687261460136 91.3
3423373300 70513162108 92.8 48242691591751336 91.3
3423741200 70513202008 92.8 48242728892184232 91.3
3423989100 70513207008 92.8 48242731225529256 91.3
3424513300 70513211108 92.8 48242734989387176 91.3
3424643100 70513322308 92.8 48242853719041448 91.3
3424691700 70513323908 92.8 48242854587188648 91.3
3425056700 70513331208 92.8 48242858346576296 91.3
3425241100 70513346708 92.8 48242876003297704 91.3
3425763400 70513349108 92.8 48242877345556904 91.3
3426155000 70513353508 92.8 48242879849646504 91.3
3426554100 70513477008 92.8 48242975864695208 91.3
3427249800 70513479008 92.8 48242978102544808 91.3
3427417900 70513554208 92.8 48243065251424680 91.3
3428037900 70513558508 92.8 48243067192533160 91.3
3428091200 70513558808 92.8 48243067412488360 91.3
3428350900 70513561208 92.8 48243068801441960 91.3
3428590500 70513631708 92.8 48243149551845544 91.3
3428927200 70513634108 92.8 48243151189835944 91.3
3429063600 70513634708 92.8 48243151724159144 91.3
3429378900 70513671608 92.8 48243192632889512 91.3
3429466100 70513805308 92.8 48243294807363752 91.3
3429894500 70513833708 92.8 48243320890175656 91.3
3430040000 70513854008 92.8 48243340443316392 91.3
3430180600 70513859808 92.8 48243353629412520 91.3
3430309400 70513863308 92.8 48243364080766120 91.3
3430623400 70513878108 92.8 48243395861163176 91.3
3431112100 70513885608 92.8 48243399414033576 91.3
3431247800 70513909408 92.8 48243408453930152 91.3
3431377000 70513920308 92.8 48243416967346344 91.3
3431532100 70513929108 92.8 48243420905855144 91.3
3431729800 70513966708 92.8 48243479822678184 91.3
3431911500 70513971208 92.8 48243482457020584 91.3
3432031100 70513981908 92.8 48243486520252584 91.3
3432242600 70513983308 92.8 48243489387526056 91.3
3432862500 70513986208 92.8 48243490806585256 91.3
3433329200 70513987408 92.8 48243491335993256 91.3
3433611100 70513990508 92.8 48243494739769256 91.3
3434955300 70514003408 92.8 48243504091961256 91.3
3435295300 70514004608 92.8 48243504529414056 91.3
3435503000 70514009208 92.8 48243506506348456 91.3
3435670600 70515778608 92.8 48245208374556584 91.3
3436012200 70515781908 92.8 48245209967695784 91.3
3436228500 70515784408 92.8 48245212036461864 91.3
3436337100 70515785008 92.8 48245212795860264 91.3
3437052200 70515788008 92.8 48245214486484264 91.3
3437109400 70515797408 92.8 48245219322800936 91.3
3437175700 70515810408 92.8 48245243755649832 91.3
3437636100 70515832308 92.8 48245259320457000 91.3
3438093000 70515839708 92.8 48245261907490600 91.3
3438172700 70515861208 92.8 48245271228553000 91.3
3438672000 70515863708 92.8 48245273268090536 91.3
3438947300 70516331508 92.8 48245725418288808 91.3
3439495900 70516458708 92.8 48245812094998184 91.3
3441103200 70516460108 92.8 48245814533177768 91.3
3442328200 70516463708 92.8 48245816672953000 91.3
3443716800 70516471008 92.8 48245823141732520 91.3
3443957800 70516512108 92.8 48245844441393320 91.3
3446430200 70516512808 92.8 48245844762686440 91.3
3450187500 70516520708 92.8 48245851638764520 91.3
3451775400 70517319708 92.8 48246623206282216 91.3
3453094300 70517323108 92.8 48246626379789288 91.3
3454564200 70517326108 92.8 48246632252660712 91.3
3454923000 70517420608 92.8 48246689085967336 91.3
3457225100 70517429108 92.8 48246693527055336 91.3
3457317600 70517452808 92.8 48246711030901736 91.3
3457432800 70517531808 92.8 48246821233429480 91.3
3458019800 70517533708 92.8 48246821881826280 91.3
3458488900 70517535608 92.8 48246824231814120 91.3
3458498100 70517546708 92.8 48246829217465320 91.3
3458875100 70517549908 92.8 48246834243559400 91.3
3459296800 70517563108 92.8 48246839627956200 91.3
3460030600 70517569208 92.8 48246843370427112 91.3
3460363800 70517643108 92.8 48246917517390568 91.3
3461139400 70517644708 92.8 48246919639229672 91.3
3461892800 70518599508 92.8 48250313709085928 91.3
3462813700 70518625808 92.8 48250336384111848 91.3
3463319400 70518658308 92.8 48250373543187688 91.3
3463329800 70518698108 92.8 48250425022723304 91.3
3463529100 70518698408 92.8 48250425057948904 91.3
3463585800 70518710608 92.8 48250437898598632 91.3
3463801200 70518713908 92.8 48250440679987432 91.3
3463855400 70518789508 92.8 48250499750263016 91.3
3463902400 70518789808 92.8 48250500008515816 91.3
3463905400 70518795008 92.8 48250502282111208 91.3
3464193300 70518798008 92.8 48250503438207208 91.3
3464264900 70518841708 92.8 48250552996362472 91.3
3464352600 70518842508 92.8 48250553448560872 91.3
3464511800 70518865608 92.8 48250567910033640 91.3
3464646200 70518880908 92.8 48250578160820456 91.3
3465062800 70518886308 92.8 48250581032090856 91.3
3465264400 70518886408 92.8 48250581036596456 91.3
3465763900 70518895908 92.8 48250591028278504 91.3
3466451700 70518925408 92.8 48250607538802920 91.3
3467713000 70518929108 92.8 48250609407807720 91.3
3467760300 70518931808 92.8 48250610369548520 91.3
3467786100 70518953108 92.8 48250628232339688 91.3
3467900700 70518960908 92.8 48250633414803688 91.3
3467971700 70518993408 92.8 48250655398252776 91.3
3468771300 70519040408 92.8 48250686017730792 91.3
3469762200 70519080308 92.8 48250707032475880 91.3
3469963600 70519082308 92.8 48250707603253480 91.3
3470196100 70519084608 92.8 48250708957186280 91.3
3470267600 70519208908 92.8 48250835133892840 91.3
3470789100 70519221408 92.8 48250840108280040 91.3
3471141300 70519233108 92.8 48250847848288488 91.3
3471342500 70519234208 92.8 48250848524790888 91.3
3471408700 70519234508 92.8 48250848612445288 91.3
3471566100 70519241508 92.8 48250853559166568 91.3
3471656600 70519245208 92.8 48250855683352168 91.3
3471739000 70519260808 92.8 48250869090338408 91.3
3472048600 70519277408 92.8 48250877387550824 91.3
3472575800 70519280708 92.8 48250879323934824 91.3
3473154300 70519286108 92.8 48250885896158312 91.3
3473196900 70519288808 92.8 48250887573675112 91.3
3475090700 70519294208 92.8 48250889884684648 91.3
3475098100 70519300108 92.8 48250894464012648 91.3
3475241100 70519314308 92.8 48250903818457448 91.3
3475341900 70519323008 92.8 48250915969446248 91.3
3475616300 70519325008 92.8 48250917001843048 91.3
3476161600 70519330108 92.8 48250919600722792 91.3
3476402300 70519380008 92.8 48250994815284072 91.3
3476683600 70519396408 92.8 48251004103794536 91.3
3476980500 70519396808 92.8 48251004215000936 91.3
3477323700 70519399108 92.8 48251007192360808 91.3
3477477500 70519680308 92.8 48251246384588648 91.3
3477580700 70519684008 92.8 48251248272639848 91.3
3478014900 70519687708 92.8 48251250803391080 91.3
3478290500 70520818308 92.8 48252932095261288 91.3
3478574500 70520819308 92.8 48252932551350888 91.3
3478650400 70525734608 92.8 48263185619753576 91.4
3478720900 70525771608 92.8 48263239479048808 91.4
3479215800 70525774808 92.8 48263241842616424 91.4
3479319900 70525776508 92.8 48263243275857384 91.4
3479326800 70525782708 92.8 48263245541150184 91.4
3479927000 70525788708 92.8 48263250188266984 91.4
3479933000 70525795908 92.8 48263257162860008 91.4
3480060900 70525800108 92.8 48263263047398888 91.4
3480120200 70525807208 92.8 48263267437848552 91.4
3480142700 70525861008 92.8 48263313588574184 91.4
3480471400 70525862608 92.8 48263317576786408 91.4
3480747200 70525864908 92.8 48263318174188008 91.4
3481317100 70525948608 92.8 48263360839815656 91.4
3481647100 70525951008 92.8 48263362354926056 91.4
3482367700 70525966408 92.8 48263373162631656 91.4
3482517900 70525969108 92.8 48263374745694440 91.4
3482612600 70525983108 92.8 48263385003338984 91.4
3482833500 70525987508 92.8 48263386763594984 91.4
3482955200 70525997808 92.8 48263393271812840 91.4
3483076900 70525997908 92.8 48263393298027240 91.4
3483216000 70526007808 92.8 48263398296953064 91.4
3483370200 70526014108 92.8 48263402978066664 91.4
3483408400 70526014808 92.8 48263403256389864 91.4
3483493700 70526594108 92.9 48263564222587112 91.4
3483652600 70526594208 92.9 48263564234055912 91.4
3483712300 70526596408 92.9 48263568442491112 91.4
3483859700 70526598608 92.9 48263569691566312 91.4
3483917900 70526600408 92.9 48263576891554024 91.4
3484280900 70526601508 92.9 48263577285384424 91.4
3484721400 70526609508 92.9 48263582352546024 91.4
3484842400 70526609708 92.9 48263582364014824 91.4
3484862500 70526614508 92.9 48263586979797224 91.4
3485339700 70526614608 92.9 48263586991061224 91.4
3485417000 70526626208 92.9 48263591457339624 91.4
3485581900 70526631108 92.9 48263594317576424 91.4
3485988400 70526634708 92.9 48263595224226024 91.4
3486149200 70526635308 92.9 48263595271330024 91.4
3486899700 70526636108 92.9 48263597147912424 91.4
3486934300 70526648808 92.9 48263612170002664 91.4
3487018000 70526655808 92.9 48263615562105064 91.4
3487889000 70526762708 92.9 48263707837792488 91.4
3487910400 70526939308 92.9 48263812594041064 91.4
3488000700 70526944508 92.9 48263817649932520 91.4
3488161700 70526976408 92.9 48263839979020520 91.4
3488637500 70526986208 92.9 48263851749742824 91.4
3488702600 70526987308 92.9 48263853324859624 91.4
3488793700 70527052908 92.9 48263902090959080 91.4
3488823500 70527056108 92.9 48263908413954280 91.4
3488944700 70527058008 92.9 48263909572917480 91.4
3488958700 70527060208 92.9 48263910596507880 91.4
3489046700 70527071608 92.9 48263916064136424 91.4
3489360500 70527168608 92.9 48263988721245416 91.4
3489372900 70527176308 92.9 48263992827515624 91.4
3489643200 70527294308 92.9 48264105488241384 91.4
3489758000 70527303008 92.9 48264116350588648 91.4
3490290100 70527306408 92.9 48264120546403048 91.4
3490671000 70527313808 92.9 48264125091596008 91.4
3490840400 70527330208 92.9 48264132204255976 91.4
3490874600 70527336808 92.9 48264136811686632 91.4
3491527300 70527338208 92.9 48264140039735016 91.4
3491553100 70527344308 92.9 48264143372475624 91.4
3491967700 70527449808 92.9 48264233641606376 91.4
3492071700 70527452608 92.9 48264234503609576 91.4
3492371800 70527583608 92.9 48264340950129896 91.4
3492714300 70527589208 92.9 48264344298609896 91.4
3493617100 70527590308 92.9 48264344489688296 91.4
3494089000 70527611808 92.9 48264351090940136 91.4
3494368600 70527615008 92.9 48264355783175400 91.4
3494774000 70527667308 92.9 48264389493318888 91.4
3495166300 70527672208 92.9 48264391982454760 91.4
3495222100 70527680508 92.9 48264398229297128 91.4
3495249700 70527690208 92.9 48264418303035368 91.4
3496324400 70527690308 92.9 48264418319624168 91.4
3496823700 70527698808 92.9 48264424628488168 91.4
3497389000 70527702108 92.9 48264425712494568 91.4
3497479800 70527883208 92.9 48264675626199016 91.4
3500526100 70527900708 92.9 48264683950856168 91.4
3500561000 70527919908 92.9 48264705650984936 91.4
3501171700 70527971808 92.9 48264748077471720 91.4
3502081400 70528038908 92.9 48264783520860136 91.4
3502205400 70528044108 92.9 48264785992591336 91.4
3502690900 70528046508 92.9 48264786870568936 91.4
3502833700 70528050508 92.9 48264788841564136 91.4
3503249000 70528079108 92.9 48264813648207848 91.4
3503955800 70528081008 92.9 48264814677737448 91.4
3505424700 70533376108 92.9 48270461606051816 91.4
3505909400 70533379608 92.9 48270464824953320 91.4
3508515200 70533394908 92.9 48270481190568424 91.4
3509210200 70533399508 92.9 48270484254564840 91.4
3510641000 70533400808 92.9 48270485940820968 91.4
3511346100 70533408608 92.9 48270494672507880 91.4
3511909100 70533415708 92.9 48270498321210600 91.4
3511928900 70533416008 92.9 48270498928237800 91.4
3512048600 70533417908 92.9 48270503018298600 91.4
3512501000 70533419908 92.9 48270504517772264 91.4
3512794100 70536568008 92.9 48274664267260904 91.4
3513043800 70536570208 92.9 48274666130857960 91.4
3513410000 70536572608 92.9 48274667242307560 91.4
3513602400 70536580808 92.9 48274670819958760 91.4
3513714400 70536591208 92.9 48274695373414376 91.4
3513826300 70536593108 92.9 48274696911135848 91.4
3514064900 70536611608 92.9 48274705029407848 91.4
3514790900 70536652808 92.9 48274721595023464 91.4
3514991700 70536668208 92.9 48274751953832040 91.4
3515137700 70536677408 92.9 48274763127441512 91.4
3515587800 70536677508 92.9 48274763213457512 91.4
3516437600 70536679808 92.9 48274764246263912 91.4
3516601300 70536682608 92.9 48274766014587112 91.4
3517155100 70536685208 92.9 48274767243387112 91.4
3517344600 70536687608 92.9 48274768892436712 91.4
3517574500 70536694108 92.9 48274773295676648 91.4
3517847700 70536698908 92.9 48274775322991848 91.4
3518105900 70536719308 92.9 48274798289849576 91.4
3518391400 70536727808 92.9 48274802219756776 91.4
3520853500 70536856608 92.9 48275056590007528 91.4
3521137900 70536859008 92.9 48275058480311528 91.4
3522582200 70536881408 92.9 48275076398824680 91.4
3523517800 70536885808 92.9 48275085379139816 91.4
3523902100 70536892208 92.9 48275090941185256 91.4
3524527200 70536895208 92.9 48275094094490856 91.4
3524872600 70536900108 92.9 48275095233383656 91.4
3527331700 70536908108 92.9 48275100323115240 91.4
3528295500 70536908308 92.9 48275100356292840 91.4
3528470200 70536940008 92.9 48275130361383144 91.4
3529324500 70536942008 92.9 48275131203725544 91.4
3529717000 70536950508 92.9 48275135028570344 91.4
3530402500 70536950708 92.9 48275135092467944 91.4
3530481800 70536952408 92.9 48275136078375144 91.4
3530745100 70536957208 92.9 48275137700186344 91.4
3531079400 70536958808 92.9 48275138226727144 91.4
3532272300 70536963108 92.9 48275141835303144 91.4
3533117500 70536965408 92.9 48275144319858920 91.4
3533241200 70536976208 92.9 48275157247906024 91.4
3533371200 70536986408 92.9 48275169673698536 91.4
3533372900 70536988608 92.9 48275170406063336 91.4
3534487700 70536992608 92.9 48275172480482536 91.4
3535004500 70537051708 92.9 48275290328243432 91.4
3535437200 70537053608 92.9 48275291550899432 91.4
3535987100 70537061008 92.9 48275300934784232 91.4
3536293500 70537066308 92.9 48275305190528232 91.4
3536699800 70537069008 92.9 48275306205926632 91.4
3537134100 70537083708 92.9 48275316170674408 91.4
3538017700 70537142508 92.9 48275379581149416 91.4
3538154900 70537163008 92.9 48275406365978856 91.4
3538234100 70537184608 92.9 48275416731521256 91.4
3538505300 70537194708 92.9 48275436535472360 91.4
3538691600 70538960108 92.9 48277228042379496 91.4
3539377100 70538964208 92.9 48277234810776296 91.4
3539694200 70538971608 92.9 48277239713258728 91.4
3539993300 70538979908 92.9 48277243000298728 91.4
3540032000 70538982108 92.9 48277244323921128 91.4
3540622500 70538985608 92.9 48277245770833128 91.4
3540839100 70538990908 92.9 48277247880493032 91.4
3541446000 70539006708 92.9 48277264735186920 91.4
3541997900 70539009808 92.9 48277265718841320 91.4
3542044000 70539178608 92.9 48277375704395752 91.4
3542314900 70539204308 92.9 48277391418014696 91.4
3542545300 70539205708 92.9 48277391576120296 91.4
3542742100 70539207908 92.9 48277392896670696 91.4
3542950700 70539261008 92.9 48277435522509800 91.4
3543161600 70539263808 92.9 48277437134318056 91.4
3543218000 70539264308 92.9 48277437328673256 91.4
3543333800 70539265608 92.9 48277438844602856 91.4
3543543300 70539266408 92.9 48277439866145256 91.4
3543678100 70539269808 92.9 48277441720814056 91.4
3543787700 70539270808 92.9 48277442745633256 91.4
3543886700 70539270908 92.9 48277442851237560 91.4
3543917300 70539770008 92.9 48277899123912376 91.4
3544025800 70539776108 92.9 48277902174203576 91.4
3544177200 70539776908 92.9 48277902231137976 91.4
3545123200 70539808408 92.9 48277930493882040 91.4
3545921900 70539813708 92.9 48277935258963640 91.4
3546009400 70539823008 92.9 48277939552800440 91.4
3546026000 70539824208 92.9 48277941072798264 91.4
3546089300 70539856108 92.9 48277974822036024 91.4
3546151800 70539875508 92.9 48277994853642808 91.4
3546978700 70539877608 92.9 48277995500401208 91.4
3546981000 70539880108 92.9 48277997309616312 91.4
3548292600 70539881008 92.9 48277999565974200 91.4
3549040100 70539915208 92.9 48278011473410744 91.4
3549244500 70539917808 92.9 48278013101570744 91.4
3549381300 70539920808 92.9 48278015586004664 91.4
3549511400 70539925608 92.9 48278022017093304 91.4
3549604500 70539931008 92.9 48278027565330104 91.4
3550111500 70539932708 92.9 48278028055621304 91.4
3551129800 70539934108 92.9 48278031382920376 91.4
3551324100 70539955108 92.9 48278046245736632 91.4
3552021400 70539955608 92.9 48278047285711032 91.4
3552101900 70539959008 92.9 48278050056245432 91.4
3552382900 70542140908 92.9 48279978977202360 91.4
3552470300 70542143508 92.9 48279980213375160 91.4
3553480000 70542145608 92.9 48279981236555960 91.4
3553801300 70542145808 92.9 48279981764170168 91.4
3554131100 70542149608 92.9 48279983746838968 91.4
3554233300 70542179708 92.9 48280022269645240 91.4
3554582200 70542187208 92.9 48280027932979640 91.4
3554987200 70542190708 92.9 48280034114490296 91.4
3555071000 70542191408 92.9 48280034292871096 91.4
3555342800 70542196808 92.9 48280038889219000 91.4
3556942000 70542208008 92.9 48280044990637496 91.4
3557705800 70542213908 92.9 48280050937917880 91.4
3558562000 70542237208 92.9 48280078195364280 91.4
3558707600 70542244308 92.9 48280080259748280 91.4
3559287400 70542255608 92.9 48280095337654712 91.4
3560204400 70542264008 92.9 48280100579517368 91.4
3561012800 70542268508 92.9 48280103590293944 91.4
3561293600 70542312908 92.9 48280141553418680 91.4
3561334900 70542314908 92.9 48280142752932280 91.4
3561460800 70542374408 92.9 48280176915950008 91.4
3562282800 70542388408 92.9 48280200502133176 91.4
3563040200 70542389008 92.9 48280200692801976 91.4
3563436800 70542389508 92.9 48280200761819576 91.4
3563839300 70542657608 92.9 48280411954397624 91.4
3564093800 70542662608 92.9 48280413614916024 91.4
3564170000 70542663708 92.9 48280416511887544 91.4
3564234300 70542667408 92.9 48280420974479544 91.4
3564416100 70542681808 92.9 48280435948122296 91.4
3564819600 70542685108 92.9 48280439753288888 91.4
3565261600 70542687908 92.9 48280443053845688 91.4
3565306800 70542767708 92.9 48280519501794488 91.4
3565731500 70542839208 92.9 48280564981988536 91.4
3565880800 70542841108 92.9 48280565938404536 91.4
3566044600 70542841508 92.9 48280567182154936 91.4
3566140800 70543190608 92.9 48280834065652920 91.4
3566190600 70543198608 92.9 48280843940289720 91.4
3566511300 70543243008 92.9 48280883866229944 91.4
3567175700 70543246608 92.9 48280884924021944 91.4
3567243200 70543249808 92.9 48280886033013944 91.4
3567281600 70543261308 92.9 48280893249633976 91.4
3567939500 70543287008 92.9 48280902798383800 91.4
3567941600 70543289308 92.9 48280904147923640 91.4
3570161700 70543291808 92.9 48280906335292856 91.4
3570634300 70543293808 92.9 48280912865340856 91.4
3571093800 70543339308 92.9 48280940676103608 91.4
3571761800 70544707508 92.9 48281658543422904 91.4
3572148300 70544710608 92.9 48281659800280504 91.4
3572699700 70544787208 92.9 48281728852434360 91.4
3573015100 70544789608 92.9 48281730701368760 91.4
3573085000 70544803508 92.9 48281736667944888 91.4
3573213800 70544809408 92.9 48281740231055288 91.4
3573843000 70544810008 92.9 48281740979394488 91.4
3574001600 70544812808 92.9 48281743056570552 91.4
3574002700 70544819808 92.9 48281746389690552 91.4
3574125600 70544820808 92.9 48281747735973944 91.4
3574525500 70544913508 92.9 48281831984672824 91.4
3575157300 70544927008 92.9 48281845873258552 91.4
3575440600 70544927708 92.9 48281846426832952 91.4
3575447300 70544958608 92.9 48281877477361720 91.4
3576182500 70544975208 92.9 48281886430312504 91.4
3576292400 70544976708 92.9 48281886622210104 91.4
3576362000 70544977808 92.9 48281886787074104 91.4
3576379000 70544990008 92.9 48281914490464312 91.4
3576681800 70544990108 92.9 48281914493126712 91.4
3576996900 70544999908 92.9 48281924178323512 91.4
3577172700 70545588008 92.9 48284025907095608 91.4
3577243000 70545588308 92.9 48284026094487608 91.4
3577304800 70545590008 92.9 48284026767870008 91.4
3577315100 70545603408 92.9 48284041711121464 91.4
3577540300 70545604908 92.9 48284041887863864 91.4
3577549500 70545605708 92.9 48284041928823864 91.4
3577675100 70545684508 92.9 48284079458300984 91.4
3578090400 70545686308 92.9 48284080729475640 91.4
3578408800 70545686908 92.9 48284081232669240 91.4
3578493300 70545688408 92.9 48284081531062840 91.4
3578958000 70545775608 92.9 48284098631992888 91.4
3579156200 70545777408 92.9 48284102042144824 91.4
3579867400 70545778608 92.9 48284102442733624 91.4
3579941400 70545780008 92.9 48284103125536824 91.4
3580117100 70545780508 92.9 48284103870189624 91.4
3580490900 70545785608 92.9 48284109679604792 91.4
3580805300 70545794708 92.9 48284120155262008 91.4
3580896300 70545796308 92.9 48284121056791608 91.4
3581105600 70545818308 92.9 48284139569507384 91.4
3581225300 70545822808 92.9 48284143523990584 91.4
3581372500 70545824708 92.9 48284144123030584 91.4
3581373000 70545826008 92.9 48284144866044984 91.4
3581554800 70545836408 92.9 48284149738730040 91.4
3581813800 70547150008 92.9 48285059065803320 91.4
3581837900 70547174208 92.9 48285086439551544 91.4
3581841600 70547180008 92.9 48285090490085944 91.4
3581871600 70547184008 92.9 48285092527641144 91.4
3581896500 70547189308 92.9 48285096374604344 91.4
3582093500 70547194208 92.9 48285103441652280 91.4
3582100700 70547195508 92.9 48285104110733880 91.4
3582763000 70547197408 92.9 48285105692404280 91.4
3582885800 70547221708 92.9 48285125026574904 91.4
3583022800 70547305108 92.9 48285194081677880 91.4
3583215500 70547315408 92.9 48285206768068152 91.4
3583266700 70547316108 92.9 48285207044138552 91.4
3583298100 70547319208 92.9 48285208495556152 91.4
3583322600 70547601108 92.9 48285468624913976 91.4
3583373200 70547602708 92.9 48285469743941176 91.4
3584115100 70547604208 92.9 48285471688312376 91.4
3584165300 70547646908 92.9 48285496646555192 91.4
3584200100 70547651308 92.9 48285499079091000 91.4
3584379900 70547652908 92.9 48285499556684600 91.4
3585078000 70547653108 92.9 48285499879780216 91.4
3585250700 70547654008 92.9 48285501142577016 91.4
3585570300 70547658208 92.9 48285503944036216 91.4
3585580900 70547702708 92.9 48285551888056184 91.4
3585814300 70547704708 92.9 48285553557836408 91.4
3585820500 70547767208 92.9 48285600228536952 91.4
3586148000 70547768208 92.9 48285601522589176 91.4
3586158600 70547768808 92.9 48285602114665976 91.4
3586354700 70547799808 92.9 48285668627471864 91.4
3586431900 70547800508 92.9 48285669728506744 91.4
3586559900 70547881908 92.9 48285710400271224 91.4
3586741600 70547883508 92.9 48285712133903224 91.4
3586789000 70547885408 92.9 48285713447900024 91.4
3586835800 70547887008 92.9 48285713647375224 91.4
3586958800 70547887408 92.9 48285713758172024 91.4
3587087800 70547890208 92.9 48285714677279608 91.4
3587653700 70547895708 92.9 48285718521783928 91.4
3587863900 70547899308 92.9 48285719766763128 91.4
3588093100 70548040408 92.9 48285849809184376 91.4
3588175600 70548042908 92.9 48285850903129208 91.4
3588737000 70548046108 92.9 48285853488934008 91.4
3588773900 70549151608 92.9 48286765752872056 91.4
3589042600 70549155508 92.9 48286766817832056 91.4
3589080000 70549157908 92.9 48286767560027256 91.4
3589209100 70549164608 92.9 48286770138513016 91.4
3589469200 70549175708 92.9 48286779248017016 91.4
3589572500 70549180508 92.9 48286788214092408 91.4
3589875600 70549180808 92.9 48286788530899320 91.4
3589939200 70549187508 92.9 48286793059027320 91.4
3590269900 70549187708 92.9 48286793500576120 91.4
3590276000 70549193208 92.9 48286796195460216 91.4
3590341600 70549193808 92.9 48286797050984888 91.4
3590470300 70549197808 92.9 48286798899100088 91.4
3590577300 70549201008 92.9 48286799926786488 91.4
3590703700 70549205608 92.9 48286801872181688 91.4
3590785700 70549210808 92.9 48286803351861688 91.4
3590791600 70549216908 92.9 48286805307292088 91.4
3590949800 70549220908 92.9 48286806975183288 91.4
3591031500 70549221108 92.9 48286807017167288 91.4
3591125200 70549245808 92.9 48286828922030520 91.4
3591160500 70550080108 92.9 48287786921445816 91.4
3591178000 70550081408 92.9 48287788627286968 91.4
3591202000 70550097608 92.9 48287800102447032 91.4
3591252200 70550214308 92.9 48288224944515000 91.4
3591506500 70550216208 92.9 48288226366031800 91.4
3591604200 70550221608 92.9 48288230067752632 91.4
3591944400 70550223208 92.9 48288231201730232 91.4
3592019900 70550229808 92.9 48288234228969400 91.4
3592207000 70550232708 92.9 48288236546524600 91.4
3592479200 70550236508 92.9 48288237445596600 91.4
3593211800 70550236608 92.9 48288237663708600 91.4
3593213000 70550239108 92.9 48288239005558200 91.4
3593518900 70550241908 92.9 48288243531843000 91.4
3593668400 70550249608 92.9 48288247418947000 91.4
3593968400 70550257708 92.9 48288254737505720 91.4
3594341000 70550260508 92.9 48288256323272120 91.4
3594442800 70550333008 92.9 48288304360037816 91.4
3594494000 70550335408 92.9 48288305472716216 91.4
3594576700 70550336608 92.9 48288305950144696 91.4
3594714500 70550338208 92.9 48288306563930296 91.4
3594849500 70550341708 92.9 48288311265809592 91.4
3595091500 70550342408 92.9 48288311739921592 91.4
3595163000 70554729808 92.9 48297267664237752 91.4
3595180800 70554736308 92.9 48297272522279096 91.4
3595419000 70554747408 92.9 48297286152762552 91.4
3595868600 70554762808 92.9 48297302971185336 91.4
3595916900 70554766908 92.9 48297306377596856 91.4
3596070800 70554788508 92.9 48297327979808696 91.4
3596479000 70554833808 92.9 48297366238005176 91.4
3596486000 70554842808 92.9 48297376883535800 91.4
3596582800 70554848208 92.9 48297383138179000 91.4
3596936900 70554929708 92.9 48297570539354040 91.4
3597008900 70554964608 92.9 48297595232296888 91.4
3597040700 70554998508 92.9 48297636985585592 91.4
3597137200 70555002708 92.9 48297641513296312 91.4
3597197200 70555003708 92.9 48297642293465144 91.4
3597631500 70555029308 92.9 48297671941738552 91.4
3597811300 70555058108 92.9 48297715092299832 91.4
3597924500 70555073508 92.9 48297730334194744 91.4
3598087900 70555079908 92.9 48297750690989112 91.4
3598219000 70555082008 92.9 48297751575847224 91.4
3598304100 70555093908 92.9 48297761741783352 91.4
3598507200 70555097408 92.9 48297763216957752 91.4
3598900700 70555204908 92.9 48297842013700408 91.4
3599040100 70555205508 92.9 48297842650501944 91.4
3599326600 70555224108 92.9 48297857490420536 91.4
3599499500 70555313908 92.9 48298095113175864 91.4
3599716700 70555327108 92.9 48298113121624888 91.4
3599764300 70555335008 92.9 48298117720366904 91.4
3599865200 70555335908 92.9 48298118425698104 91.4
3600235100 70555351308 92.9 48298128049786680 91.4
3600815500 70555353208 92.9 48298128735047480 91.4
3600983100 70555355408 92.9 48298129447341880 91.4
3601386300 70555455808 92.9 48298201628979000 91.4
3601507900 70555456008 92.9 48298206943996728 91.4
3601850400 70555461008 92.9 48298213535075128 91.4
3602077600 70555465908 92.9 48298217051286328 91.4
3602098200 70555470808 92.9 48298221289827128 91.4
3602302300 70555471608 92.9 48298223629257528 91.4
3602618700 70555471908 92.9 48298224401685624 91.4
3602756800 70555504008 92.9 48298236109582456 91.4
3602769800 70555509108 92.9 48298239400021624 91.4
3603008700 70555542108 92.9 48298287597731448 91.4
3603183000 70555547608 92.9 48298292881366648 91.4
3603222300 70555548308 92.9 48298294280775288 91.4
3603506100 70555567008 92.9 48298332128859768 91.4
3603680900 70555569608 92.9 48298336163575160 91.4
3603684500 70555577208 92.9 48298346178028920 91.4
3603751500 70555594508 92.9 48298362678394232 91.4
3604920300 70555599008 92.9 48298367433591672 91.4
3605166000 70555613908 92.9 48298372576857976 91.4
3605203200 70555628808 92.9 48298380804634488 91.4
3605424100 70555631908 92.9 48298382131124088 91.4
3605511500 70555675208 92.9 48298425828140920 91.4
3605934200 70555676608 92.9 48298426722297720 91.4
3606013700 70555677308 92.9 48298427603674808 91.4
3606175300 70555683008 92.9 48298430877320888 91.4
3606217500 70555687208 92.9 48298435611758264 91.4
3606484700 70555687308 92.9 48298435717347064 91.4
3606540300 70555694708 92.9 48298438381385464 91.4
3606557700 70555767008 92.9 48298481621878520 91.4
3606660500 70555855908 92.9 48298558979213048 91.4
3606693000 70555858208 92.9 48298561998033400 91.4
3607028900 70555859008 92.9 48298562963255800 91.4
3607491000 70555861708 92.9 48298564350161400 91.4
3607865400 70555951108 92.9 48298690258162168 91.4
3607914800 70555959608 92.9 48298694489864440 91.4
3608963500 70555966408 92.9 48298698144315640 91.4
3609272900 70555967608 92.9 48298698480597240 91.4
3609581900 70555971008 92.9 48298704616452856 91.4
3609722400 70555971408 92.9 48298705180472056 91.4
3610095600 70555977308 92.9 48298707643806456 91.4
3610247500 70555978308 92.9 48298708827397624 91.4
3610299400 70555997108 92.9 48298718172385784 91.4
3610442400 70556004008 92.9 48298722971043320 91.4
3610563100 70556007808 92.9 48298724389488120 91.4
3610623200 70556049208 92.9 48298767817709048 91.4
3610721800 70556052108 92.9 48298770136891896 91.4
3611057300 70556066408 92.9 48298780943352312 91.4
3611091000 70556071308 92.9 48298786886475768 91.4
3611210300 70556077008 92.9 48298790708043768 91.4
3611494000 70556091708 92.9 48298803473203192 91.4
3611617200 70556095408 92.9 48298806433184248 91.4
3611715400 70556120508 92.9 48298826108258808 91.4
3612029900 70556180708 92.9 48298880587246072 91.4
3612276800 70556184108 92.9 48298882399119736 91.4
3612571800 70556894308 92.9 48299077220051320 91.4
3612623900 70556894508 92.9 48299077640710520 91.4
3612804200 70556894608 92.9 48299077771782520 91.4
3612978500 70556904308 92.9 48299081106776184 91.4
3613266300 70556906508 92.9 48299082009124984 91.4
3613707100 70556911108 92.9 48299085027467384 91.4
3613766300 70556916508 92.9 48299088914069624 91.4
3613903200 70556924108 92.9 48299092334680440 91.4
3614027900 70557908808 92.9 48300564904483192 91.4
3614083800 70557909708 92.9 48300566305489400 91.4
3614210600 70557911608 92.9 48300567109329400 91.4
3614669700 70557927608 92.9 48300579236899320 91.4
3614822200 70557928408 92.9 48300579499452920 91.4
3614848000 70557935508 92.9 48300585869761528 91.4
3614902100 70558001908 92.9 48300633537989624 91.4
3615387700 70558031808 92.9 48300664527186936 91.4
3615504800 70558037608 92.9 48300665526815736 91.4
3615785500 70558063008 92.9 48300682121497592 91.4
3616091000 70558084208 92.9 48300695058154488 91.4
3616216500 70558085208 92.9 48300695374365688 91.4
3616952200 70558086208 92.9 48300695979754488 91.4
3617106400 70558111508 92.9 48300719433788408 91.4
3617211600 70558133108 92.9 48300739410512888 91.4
3617684400 70558139608 92.9 48300742610717688 91.4
3617883800 70558150108 92.9 48300757067603960 91.4
3617952700 70558152108 92.9 48300758131261944 91.4
3618069600 70558153208 92.9 48300759221298936 91.4
3618355800 70558158408 92.9 48300761055282936 91.4
3618688100 70558158608 92.9 48300761366783736 91.4
3618725800 70558161508 92.9 48300764690698232 91.4
3618931400 70558161608 92.9 48300764796296728 91.4
3619105400 70558168408 92.9 48300775661275672 91.4
3619107700 70558246508 92.9 48300839031138840 91.4
3619471100 70558246808 92.9 48300839485180440 91.4
3619941800 70558258108 92.9 48300848244643352 91.4
3620145400 70558364608 92.9 48300941041907224 91.4
3620262600 70558366008 92.9 48300941853913624 91.4
3620454900 70558368308 92.9 48300942776128024 91.4
3620458800 70558372008 92.9 48300943846412824 91.4
3620627500 70558372508 92.9 48300944283046424 91.4
3621244600 70558374308 92.9 48300945539494424 91.4
3621377300 70558375808 92.9 48300945952576024 91.4
3621963800 70558378408 92.9 48300946820108824 91.4
3622065700 70558382408 92.9 48300948099289624 91.4
3622732200 70558394608 92.9 48300956628331032 91.4
3622826200 70558398308 92.9 48300959933928728 91.4
3623078300 70558399408 92.9 48300960117839128 91.4
3623143900 70558400508 92.9 48300960387765528 91.4
3623206700 70558402508 92.9 48300961733711128 91.4
3623339800 70558403608 92.9 48300962725277016 91.4
3623859600 70558424008 92.9 48300992379977048 91.4
3623950300 70558446708 92.9 48301005226837336 91.4
3625134400 70558454408 92.9 48301014691737944 91.4
3625507200 70558551308 92.9 48301351109390680 91.4
3626285100 70558553108 92.9 48301351789736280 91.4
3626944200 70558554808 92.9 48301352477454680 91.4
3627136600 70558565908 92.9 48301359092198232 91.4
3627414300 70558566008 92.9 48301359237196632 91.4
3627546900 70558567308 92.9 48301359847091032 91.4
3627556400 70558569608 92.9 48301361473664216 91.4
3627695300 70558576308 92.9 48301384035275992 91.4
3627804400 70558590508 92.9 48301392486375640 91.4
3627967800 70558590608 92.9 48301392646324440 91.4
3628168400 70558591308 92.9 48301392856039640 91.4
3628217500 70558610408 92.9 48301407509055704 91.4
3628256000 70558616408 92.9 48301412637635288 91.4
3628291700 70558618908 92.9 48301413558825688 91.4
3628383300 70558624108 92.9 48301416120094936 91.4
3628390200 70558626008 92.9 48301416827269336 91.4
3628437600 70558631008 92.9 48301423151509208 91.4
3628747600 70558633808 92.9 48301428048018136 91.4
3628887800 70558634508 92.9 48301428119288536 91.4
3629122500 70558648408 92.9 48301436384601816 91.4
3629263500 70558666208 92.9 48301455734941400 91.4
3629676800 70558682308 92.9 48301467448955608 91.4
3629971800 70558716008 92.9 48301484254188248 91.4
3630006000 70558716908 92.9 48301485424415448 91.4
3630075700 70558718408 92.9 48301486502938712 91.4
3630268400 70558720408 92.9 48301487397914712 91.4
3630733300 70558720608 92.9 48301488006375512 91.4
3630770700 70558722008 92.9 48301488301492312 91.4
3631704400 70558779808 92.9 48301543371622488 91.4
3631818100 70558784708 92.9 48301546940617048 91.4
3632425000 70558813308 92.9 48301559861100888 91.4
3632555000 70558813508 92.9 48301559953465688 91.4
3632641100 70558813608 92.9 48301559961248088 91.4
3632868300 70558872108 92.9 48301632465428824 91.4
3632910200 70558873008 92.9 48301632730440024 91.4
3632950200 70558880108 92.9 48301635092398424 91.4
3633448000 70558923408 92.9 48301665196360024 91.4
3633680000 70558948908 92.9 48301683132299608 91.4
3633850400 70558951208 92.9 48301684904230488 91.4
3633866900 70558953708 92.9 48301686032064088 91.4
3633938700 70558955608 92.9 48301689582528344 91.4
3634089500 70558959708 92.9 48301695002651480 91.4
3634118300 70558992308 92.9 48301720006382424 91.4
3634342100 70559033908 92.9 48301753928624984 91.4
3634668100 70559036408 92.9 48301755517053784 91.4
3634731800 70559067308 92.9 48301788543652696 91.4
3634738000 70559069108 92.9 48301789057700696 91.4
3634738800 70559070708 92.9 48301790049342296 91.4
3635027100 70559073408 92.9 48301791268107096 91.4
3635036500 70559140008 92.9 48301840824046424 91.4
3635084300 70559167808 92.9 48301854466359128 91.4
3635313300 70559168408 92.9 48301854869405528 91.4
3635469500 70559169608 92.9 48301855140765528 91.4
3635524100 70559279208 92.9 48301990837870424 91.4
3635540700 70559292308 92.9 48301998245266264 91.4
3635546800 70559293408 92.9 48301999580522712 91.4
3636390000 70559293608 92.9 48301999691038616 91.4
3636411300 70559294808 92.9 48302001768325016 91.4
3636566900 70559299308 92.9 48302005548733336 91.4
3636689800 70559300308 92.9 48302005721379736 91.4
3636924400 70559300408 92.9 48302005835862936 91.4
3637268900 70559304808 92.9 48302008778219416 91.4
3637532300 70559309408 92.9 48302022175119256 91.4
3637581200 70559310108 92.9 48302022676469656 91.4
3638370300 70559313308 92.9 48302024210750616 91.4
3638559200 70559333008 92.9 48302032326965912 91.4
3638707900 70559412508 92.9 48302092586007192 91.4
3638747400 70559414208 92.9 48302093259594392 91.4
3638865800 70559417108 92.9 48302095090834200 91.4
3638883900 70559419308 92.9 48302097275640600 91.4
3638899000 70559675808 92.9 48302418620832536 91.4
3638901300 70559677008 92.9 48302419300973336 91.4
3639082200 70559677208 92.9 48302419512164936 91.4
3639152600 70559678008 92.9 48302420748542536 91.4
3639266100 70559713008 92.9 48302460392198728 91.4
3639583200 70559714308 92.9 48302460740973128 91.4
3639603700 70559723508 92.9 48302466013860936 91.4
3640584000 70559725008 92.9 48302466836747336 91.4
3641146900 70559725508 92.9 48302467012260936 91.4
3641296700 70559726808 92.9 48302467751998536 91.4
3641317000 70559731408 92.9 48302469736975688 91.4
3641523600 70559732608 92.9 48302470328233288 91.4
3641799000 70559733508 92.9 48302470639938888 91.4
3642197500 70559763108 92.9 48302501893870920 91.4
3642224800 70559764108 92.9 48302502441506120 91.4
3642799400 70559765008 92.9 48302503646344520 91.4
3642831800 70559800708 92.9 48302538078381384 91.4
3643121400 70559803308 92.9 48302543666758984 91.4
3643168000 70559819708 92.9 48302552189166408 91.4
3643240300 70559825008 92.9 48302555386259784 91.4
3643295700 70559828408 92.9 48302558417152328 91.4
3643582600 70559830508 92.9 48302559628182088 91.4
3643701500 70559830908 92.9 48302561011941960 91.4
3643966700 70559837008 92.9 48302563577881160 91.4
3644559500 70559839008 92.9 48302565372338760 91.4
3644633200 70559879608 92.9 48302590210828872 91.4
3644837700 70559880708 92.9 48302591091673672 91.4
3644932800 70559882808 92.9 48302593637747272 91.4
3645030100 70559884708 92.9 48302595417181000 91.4
3645082500 70559891008 92.9 48302598849424200 91.4
3645296800 70559892908 92.9 48302601815149384 91.4
3645462900 70559895108 92.9 48302603706190408 91.4
3645491300 70559896008 92.9 48302603765992008 91.4
3645584800 70559914708 92.9 48302616045818440 91.4
3645591900 70559975208 92.9 48302666030969416 91.4
3645608000 70559979208 92.9 48302669025151304 91.4
3645658100 70560021008 92.9 48302711299443016 91.4
3645834600 70560028908 92.9 48302715857834312 91.4
3645838600 70560031008 92.9 48302716605149512 91.4
3646196500 70560046208 92.9 48302730181583176 91.4
3646368700 70560050808 92.9 48302732561095496 91.4
3646375600 70560053908 92.9 48302735641854792 91.4
3646381600 70560065008 92.9 48302744517865288 91.4
3646477400 70560066408 92.9 48302745543708488 91.4
3647105400 70560077908 92.9 48302754244194120 91.4
3647108000 70560079508 92.9 48302755208597320 91.4
3647219200 70560108508 92.9 48302778040285000 91.4
3647286500 70560115508 92.9 48302780184435144 91.4
3647474900 70560152508 92.9 48302804454635976 91.4
3647620000 70560160208 92.9 48302811933157832 91.4
3647686700 70560160708 92.9 48302812616568712 91.4
3648095300 70560169308 92.9 48302819407175048 91.4
3648117000 70560170108 92.9 48302820143226248 91.4
3648315600 70560350708 92.9 48302943265037704 91.4
3648406600 70560404008 92.9 48302991453748616 91.4
3648533000 70560414708 92.9 48303006651129224 91.4
3648759700 70560435008 92.9 48303020885318024 91.4
3648840100 70560438808 92.9 48303023902368136 91.4
3649128500 70560444008 92.9 48303027625610120 91.4
3649380600 70560454108 92.9 48303040268637064 91.4
3649585800 70560458708 92.9 48303046361110920 91.4
3650156700 70560461308 92.9 48303046668310920 91.4
3651542400 70560462108 92.9 48303047125014920 91.4
3651962800 70560464108 92.9 48303047823997320 91.4
3652335800 70560567208 92.9 48303113367669128 91.4
3652565500 70560578208 92.9 48303123001126280 91.4
3652569100 70560581408 92.9 48303130130903432 91.4
3653244400 70560581708 92.9 48303130145853832 91.4
3653496100 70560581908 92.9 48303130357029128 91.4
3653588800 70560583008 92.9 48303131211683848 91.4
3653590600 70560591208 92.9 48303134044682248 91.4
3653608400 70560591708 92.9 48303134333800328 91.4
3653847400 70560591908 92.9 48303134861420424 91.4
3653959100 70560596608 92.9 48303137295010696 91.4
3654098200 70560606008 92.9 48303149095008136 91.4
3654124900 70560614608 92.9 48303160465719176 91.4
3654298500 70560620208 92.9 48303163306909576 91.4
3654453300 70560634908 92.9 48303176057283464 91.4
3654620500 70560636108 92.9 48303176374109064 91.4
3654693200 70560639308 92.9 48303184005432200 91.4
3654728300 70560652408 92.9 48303194103155592 91.4
3654788600 70560667408 92.9 48303210749741960 91.4
3654793200 70560674108 92.9 48303214885316488 91.4
3654866200 70560675608 92.9 48303216405643144 91.4
3654971800 70560730608 92.9 48303259335905160 91.4
3655030000 70560738408 92.9 48303267755041672 91.4
3655090500 70564421508 92.9 48307149129622408 91.4
3655236700 70564426108 92.9 48307150856496008 91.4
3655392800 70564427008 92.9 48307152402121608 91.4
3655522800 70564464208 92.9 48307188011729800 91.4
3655553000 70564465208 92.9 48307188507550600 91.4
3655616000 70564482508 92.9 48307209371460488 91.4
3655652100 70564496408 92.9 48307218495945608 91.4
3655801200 70564497608 92.9 48307219076348808 91.4
3655841200 70564526008 92.9 48307242526788488 91.4
3655847800 70564536708 92.9 48307252013933448 91.4
3656236500 70564537208 92.9 48307252738925448 91.4
3656353200 70564543808 92.9 48307258221924744 91.4
3656371900 70564553408 92.9 48307270065333640 91.4
3656474000 70564572108 92.9 48307287553877384 91.4
3656634500 70564573008 92.9 48307293500294024 91.4
3656675600 70565431708 92.9 48308245207860104 91.4
3656887500 70565435008 92.9 48308249904867720 91.4
3657131400 70565440808 92.9 48308254901905288 91.4
3657436800 70565440908 92.9 48308254995703688 91.4
3657634700 70565441008 92.9 48308255000618888 91.4
3657659300 70565453508 92.9 48308264269849480 91.4
3657696500 70565461608 92.9 48308279311269768 91.4
3658154900 70565488508 92.9 48308293923563400 91.4
3658355500 70565489808 92.9 48308296896131720 91.4
3658559600 70565490808 92.9 48308298107943560 91.4
3658699900 70565493508 92.9 48308303931841160 91.4
3658837700 70565495708 92.9 48308305188289160 91.4
3659058700 70565496308 92.9 48308305267751560 91.4
3659375500 70565497708 92.9 48308307933659784 91.4
3659683700 70565499908 92.9 48308308456923784 91.4
3659733700 70565612108 92.9 48308408710832776 91.4
3659737000 70565620908 92.9 48308411327357576 91.4
3659910900 70565623708 92.9 48308413466325000 91.4
3659941500 70566975508 92.9 48309678311125000 91.4
3660168100 70566977008 92.9 48309679576789000 91.4
3660220100 70568900108 92.9 48312009928159240 91.4
3660360500 70568901508 92.9 48312011733266440 91.4
3660385500 70568920208 92.9 48312016966526472 91.4
3660498400 70568920408 92.9 48312017147979272 91.4
3660581700 70568936008 92.9 48312036868132360 91.4
3660647300 70568939808 92.9 48312038777953800 91.4
3660746300 70568951108 92.9 48312058641229320 91.4
3660750300 70568953108 92.9 48312059743667720 91.4
3660840300 70568977808 92.9 48312074280369672 91.4
3660951300 70568981008 92.9 48312075503025672 91.4
3661086900 70568981208 92.9 48312075801009672 91.4
3661155800 70568995208 92.9 48312079673875976 91.4
3661227000 70568998208 92.9 48312081102151176 91.4
3661735800 70569013408 92.9 48312110988332552 91.4
3662078800 70569040408 92.9 48312133649761800 91.4
3662132000 70569078408 92.9 48312176460162568 91.4
3662153700 70569107108 92.9 48312195228136968 91.4
3662240600 70569109208 92.9 48312196304909704 91.4
3662241900 70569110308 92.9 48312199733798792 91.4
3662267400 70569114708 92.9 48312202740672392 91.4
3662320500 70569115708 92.9 48312203128563592 91.4
3662740800 70569117508 92.9 48312205095257992 91.4
3662747800 70569118808 92.9 48312205966477192 91.4
3662998400 70569188508 92.9 48312243636893576 91.4
3663033700 70569188708 92.9 48312243848064376 91.4
3663083700 70569194208 92.9 48312248834051448 91.4
3663142500 70569195908 92.9 48312249556995448 91.4
3663159900 70569200108 92.9 48312250748521848 91.4
3663292700 70569210008 92.9 48312258034648440 91.4
3663496300 70569211708 92.9 48312258639832440 91.4
3663543800 70569213908 92.9 48312261031614840 91.4
3663825300 70569256208 92.9 48312307146455416 91.4
3664113100 70569263808 92.9 48312316938257784 91.4
3664121500 70569283708 92.9 48312323725562744 91.4
3664133300 70569284608 92.9 48312323858068344 91.4
3664310800 70569325208 92.9 48312350961349496 91.4
3664354600 70569331408 92.9 48312357035842936 91.4
3664665500 70569340508 92.9 48312374075493752 91.4
3664805600 70569356208 92.9 48312410703441272 91.4
3664908400 70569371308 92.9 48312417756213624 91.4
3664952600 70569379308 92.9 48312422533890424 91.4
3665012500 70569380508 92.9 48312422650831224 91.4
3665067200 70569383808 92.9 48312424430133624 91.4
3665093200 70569423508 92.9 48312453739493752 91.4
3665225500 70569563808 92.9 48312950441752952 91.4
3665301200 70569564808 92.9 48312951427831544 91.4
3665456900 70569569508 92.9 48312955375231736 91.4
3665542400 70569611308 92.9 48312985820801784 91.4
3665658400 70569618008 92.9 48312994382943992 91.4
3665717700 70569621708 92.9 48312997918650104 91.4
3665772500 70569622008 92.9 48312998083309304 91.4
3665986400 70569633708 92.9 48313005141947128 91.4
3666053100 70569650508 92.9 48313022001361656 91.4
3666339900 70569652808 92.9 48313022731883256 91.4
3666505500 70569654508 92.9 48313024048747256 91.4
3666754200 70569656408 92.9 48313028271198712 91.4
3666840500 70569657408 92.9 48313029020202104 91.4
3666869200 70569659008 92.9 48313032346610808 91.4
3666879200 70569661508 92.9 48313034824324728 91.4
3666936000 70569671908 92.9 48313041954416248 91.4
3666941600 70569686508 92.9 48313052835352184 91.4
3666951700 70569690808 92.9 48313054984728184 91.4
3666967400 70569691608 92.9 48313055179083384 91.4
3667227700 70569693008 92.9 48313056535021944 91.4
3667259800 70569694608 92.9 48313057305889144 91.4
3667306900 70569699708 92.9 48313060340001144 91.4
3667326800 70569723008 92.9 48313089366532472 91.4
3667630900 70569723908 92.9 48313090570142072 91.4
3667678900 70569730108 92.9 48313099475114360 91.4
3667706300 70570546908 92.9 48313615792167288 91.4
3667879300 70570560008 92.9 48313628791361912 91.4
3667995700 70570574308 92.9 48313636134848376 91.4
3668127300 70570576208 92.9 48313637740215416 91.4
3668220500 70570577908 92.9 48313638856170616 91.4
3668435600 70570588808 92.9 48313649999180920 91.4
3668460800 70570588908 92.9 48313650011878520 91.4
3668848600 70570609408 92.9 48313663949196408 91.4
3668898500 70570610608 92.9 48313664863014008 91.4
3669269900 70570614308 92.9 48313666626546808 91.4
3669683300 70570653508 92.9 48313686244715640 91.4
3669802600 70570654808 92.9 48313686884101240 91.4
3669882400 70570655808 92.9 48313687159966840 91.4
3669950800 70570661108 92.9 48313689272478840 91.4
3670118600 70570699508 92.9 48313740521966712 91.4
3670217000 70570703108 92.9 48313741637512312 91.4
3670229600 70570710108 92.9 48313744718886520 91.4
3670289900 70570720108 92.9 48313749414529656 91.4
3670303300 70570733308 92.9 48313754738609784 91.4
3670838100 70570758908 92.9 48313800493661816 91.4
3671139900 70570782908 92.9 48313814258170488 91.4
3671518600 70570789908 92.9 48313822623366776 91.4
3671788600 70570793608 92.9 48313825694547576 91.4
3672282100 70570800608 92.9 48313831439224952 91.4
3672355500 70570831708 92.9 48313844625101944 91.4
3672355800 70570833508 92.9 48313845438362744 91.4
3672413500 70570833908 92.9 48313845457613944 91.4
3672443600 70570857908 92.9 48313862463779960 91.4
3672445200 70571317308 92.9 48313907483939960 91.4
3672523500 70571327408 92.9 48313916489610360 91.4
3672546200 70571329208 92.9 48313917486986360 91.4
3672597700 70571338508 92.9 48313928968692856 91.4
3672761100 70571345408 92.9 48313932330899064 91.4
3673014000 70571350808 92.9 48313944814748280 91.4
3673197900 70571352408 92.9 48313944975925880 91.4
3673489100 70571355908 92.9 48313949658677880 91.4
3673637600 70571415408 92.9 48314002171589240 91.4
3673646200 70571417108 92.9 48314004384043640 91.4
3673665800 70571418508 92.9 48314005165355640 91.4
3673688500 70571421708 92.9 48314006830524792 91.4
3673693000 70571423708 92.9 48314009085108600 91.4
3674144800 70571425308 92.9 48314010390469624 91.4
3674153500 70571442108 92.9 48314033806957560 91.4
3674160100 70571442608 92.9 48314037427002360 91.4
3674198700 70571455208 92.9 48314067807546360 91.4
3674384700 70571461308 92.9 48314070894723832 91.4
3674443200 70571480408 92.9 48314088400485112 91.4
3674574500 70571482508 92.9 48314089559653112 91.4
3674588900 70571486208 92.9 48314093056817912 91.4
3674727900 70571489908 92.9 48314098241689336 91.4
3674813900 70571491008 92.9 48314098456729336 91.4
3675002100 70571492108 92.9 48314099345356536 91.4
3675164200 70571497808 92.9 48314102511193336 91.4
3675188600 70571551108 92.9 48314295500737784 91.5
3675215700 70571551208 92.9 48314295654337784 91.5
3675445400 70571610508 92.9 48314363470351608 91.5
3675971400 70571615908 92.9 48314374781582584 91.5
3675983500 70571616208 92.9 48314375414799160 91.5
3676270100 70571645508 92.9 48314398691814200 91.5
3676310300 70571649908 92.9 48314404168985400 91.5
3676447000 70571657508 92.9 48314407172560696 91.5
3676467700 70571658908 92.9 48314409360515896 91.5
3676630600 70571762608 92.9 48314725134263096 91.5
3676647900 70571768008 92.9 48314727214576952 91.5
3676735300 70571770408 92.9 48314728208880952 91.5
3676959800 70571771708 92.9 48314729131095352 91.5
3676970000 70571783808 92.9 48314736976533816 91.5
3677402200 70571784908 92.9 48314738402965816 91.5
3677796100 70571786208 92.9 48314738599164216 91.5
3677801300 70571787208 92.9 48314738823420216 91.5
3677843800 70571816708 92.9 48314830760319288 91.5
3678092200 70571818408 92.9 48314832914286392 91.5
3678094100 70571851108 92.9 48314865717724984 91.5
3678260200 70572100808 92.9 48315074212218680 91.5
3678531100 70572119108 92.9 48315087836575544 91.5
3678620200 70572121008 92.9 48315089307653944 91.5
3678707600 70572121608 92.9 48315090347423544 91.5
3678718100 70572126908 92.9 48315094830961464 91.5
3678802100 70572134308 92.9 48315100247119160 91.5
3678950400 70572266508 92.9 48315149567026488 91.5
3678963900 70572268208 92.9 48315150121342776 91.5
3679084500 70572269108 92.9 48315150690277176 91.5
3679183100 70572275308 92.9 48315155703746872 91.5
3679195200 70572278208 92.9 48315156591554872 91.5
3679294800 70572889408 92.9 48315677483348280 91.5
3679334200 70572896908 92.9 48315680848599608 91.5
3679605100 70572906208 92.9 48315687140564536 91.5
3679612400 70572907408 92.9 48315687736122936 91.5
3679787700 70572938408 92.9 48315720173276728 91.5
3679920200 70572938608 92.9 48315720790134328 91.5
3680121200 70572939608 92.9 48315722158320952 91.5
3680156600 70573000908 92.9 48315772781911352 91.5
3680242300 70573001308 92.9 48315773789732152 91.5
3680246900 70573004308 92.9 48315777491137592 91.5
3680266900 70573005208 92.9 48315777909134392 91.5
3680348600 70573014108 92.9 48315793579248696 91.5
3680361400 70573025508 92.9 48315800199804984 91.5
3680406600 70573026708 92.9 48315801486181432 91.5
3680711900 70573028408 92.9 48315801756722232 91.5
3680830500 70573101408 92.9 48316026974004280 91.5
3680836200 70573102108 92.9 48316027266458680 91.5
3680888500 70573104208 92.9 48316028459009080 91.5
3681365200 70573107608 92.9 48316029140993080 91.5
3681486500 70573108608 92.9 48316029486022168 91.5
3681566100 70573116408 92.9 48316032199994648 91.5
3681714400 70573121808 92.9 48316036448639000 91.5
3681757300 70573122208 92.9 48316037589906200 91.5
3681889300 70573137808 92.9 48316055903025944 91.5
3682113800 70573140508 92.9 48316060002507544 91.5
3682495100 70573142608 92.9 48316060916325144 91.5
3682809900 70573157508 92.9 48316079445492504 91.5
3682929500 70573161108 92.9 48316086953510680 91.5
3683060300 70573173708 92.9 48316110657748760 91.5
3683229400 70573178308 92.9 48316114875744536 91.5
3683424400 70573182108 92.9 48316117278867736 91.5
3683447900 70573187908 92.9 48316122152068888 91.5
3683540300 70573198908 92.9 48316131654367000 91.5
3683729600 70573242108 92.9 48316173900474136 91.5
3683731600 70573245708 92.9 48316174573651736 91.5
3683773800 70573247908 92.9 48316175439136536 91.5
3684109500 70573250808 92.9 48316175877818136 91.5
3684275000 70573259508 92.9 48316185857016600 91.5
3684374900 70573261508 92.9 48316186325599000 91.5
3684445000 70573266308 92.9 48316190346812440 91.5
3684489900 70573267008 92.9 48316191128738840 91.5
3684799900 70573285908 92.9 48316201482270744 91.5
3684995000 70573287708 92.9 48316205445355544 91.5
3685009100 70573291408 92.9 48316208991347224 91.5
3685026800 70573294608 92.9 48316212214694424 91.5
3685781200 70573350608 92.9 48316284591874584 91.5
3686142800 70573356308 92.9 48316290315010584 91.5
3686301400 70573370208 92.9 48316298727439384 91.5
3686485600 70573384308 92.9 48316310285896728 91.5
3686615800 70573389008 92.9 48316311793019928 91.5
3686646100 70573459408 92.9 48316360780016664 91.5
3686756700 70573463108 92.9 48316364574515736 91.5
3687296600 70573515108 92.9 48316391748094488 91.5
3687393300 70573617508 92.9 48316499657148952 91.5
3687743000 70573628008 92.9 48316504876847640 91.5
3687757000 70573630808 92.9 48316506025980440 91.5
3687912200 70573631008 92.9 48316506690966040 91.5
3687971600 70573640308 92.9 48316518130139672 91.5
3688011300 70573642708 92.9 48316519209845272 91.5
3688021900 70573643708 92.9 48316519910466072 91.5
3688119000 70573652908 92.9 48316526372063256 91.5
3688179300 70573662108 92.9 48316534445550616 91.5
3688204800 70573663108 92.9 48316534950587416 91.5
3688422800 70573665208 92.9 48316535742344216 91.5
3688567000 70573680808 92.9 48316544332178456 91.5
3688667400 70573682008 92.9 48316544713311256 91.5
3688752100 70573718308 92.9 48316582850454552 91.5
3688862100 70573739908 92.9 48316596447959064 91.5
3689029700 70573742608 92.9 48316601976378392 91.5
3689085000 70573770008 92.9 48316617800552472 91.5
3689356400 70573807108 92.9 48316653687308312 91.5
3689779500 70573816808 92.9 48316663702004760 91.5
3689792700 70576623108 92.9 48322565296923672 91.5
3690167300 70576623808 92.9 48322565466907672 91.5
3690217100 70576919808 92.9 48322895022777368 91.5
3690290700 70576946008 92.9 48322914638189592 91.5
3690458100 70576955608 92.9 48322918698144792 91.5
3690485300 70576960208 92.9 48322924708009496 91.5
3690560700 70576961908 92.9 48322925403305496 91.5
3690905700 70576962308 92.9 48322925422966296 91.5
3690933500 70576976508 92.9 48322943050108440 91.5
3691004100 70577014908 92.9 48322962385638936 91.5
3691151600 70577035608 92.9 48322974937856536 91.5
3691200900 70577037108 92.9 48322975450266136 91.5
3691279200 70577055808 92.9 48322985053862424 91.5
3691305900 70577062508 92.9 48323002804181528 91.5
3691712500 70577063608 92.9 48323003144354328 91.5
3691722900 70577067508 92.9 48323007900248600 91.5
3691870300 70577067608 92.9 48323007902911000 91.5
3692202600 70577094408 92.9 48323030420486680 91.5
3692211300 70577109708 92.9 48323038002504216 91.5
3692569400 70577113108 92.9 48323039106376216 91.5
3692667600 70577181308 92.9 48323093085323800 91.5
3692749400 70577198408 92.9 48323106466723352 91.5
3692976300 70577198808 92.9 48323107080713752 91.5
3693074300 70577663308 92.9 48323191885674008 91.5
3693410300 70577686608 92.9 48323208959968792 91.5
3693509700 70577709408 92.9 48323218105797144 91.5
3693744900 70577710408 92.9 48323218583390744 91.5
3693844300 70577724508 92.9 48323228278401560 91.5
3693902800 70577725208 92.9 48323231460379160 91.5
3693974000 70577732608 92.9 48323235916951576 91.5
3694107500 70577753008 92.9 48323288525656088 91.5
3694423400 70577765908 92.9 48323298211311640 91.5
3694656400 70577768208 92.9 48323299076386840 91.5
3694672900 70577770408 92.9 48323300383830040 91.5
3694710500 70577786208 92.9 48323344326848536 91.5
3694949600 70577790608 92.9 48323345851789336 91.5
3694983700 70577794008 92.9 48323346928422936 91.5
3695036500 70577796208 92.9 48323347604467736 91.5
3695048700 70577803108 92.9 48323351969984536 91.5
3695138900 70577821108 92.9 48323369303396376 91.5
3695384000 70577839508 92.9 48323394296860696 91.5
3695482200 70577847808 92.9 48323399893521432 91.5
3695619800 70577862108 92.9 48323417862769688 91.5
3696108600 70577862908 92.9 48323418263471384 91.5
3696234600 70577864908 92.9 48323420912086296 91.5
3696294100 70577878708 92.9 48323430237542680 91.5
3696447000 70577881508 92.9 48323431964211480 91.5
3696531900 70577888508 92.9 48323436561437976 91.5
3696597300 70577891308 92.9 48323442772835096 91.5
3696777300 70577894508 92.9 48323444341603096 91.5
3697165700 70577894908 92.9 48323444376419096 91.5
3697237700 70577895108 92.9 48323444391164696 91.5
3697325800 70577896308 92.9 48323444623612696 91.5
3697399700 70577897508 92.9 48323446947068696 91.5
3697500900 70577901908 92.9 48323448411593496 91.5
3697521200 70578063108 92.9 48323575589739288 91.5
3698061500 70578065508 92.9 48323577335997720 91.5
3698095900 70578067008 92.9 48323578214384920 91.5
3698252900 70578071008 92.9 48323583101748504 91.5
3698353300 70578106408 92.9 48323595524574488 91.5
3698355200 70578106908 92.9 48323595670801688 91.5
3698427500 70578115708 92.9 48323602844784408 91.5
3698440800 70578118008 92.9 48323603673405208 91.5
3698663500 70578118308 92.9 48323603688765208 91.5
3698727500 70578121008 92.9 48323605100246808 91.5
3698747000 70578121108 92.9 48323605414819608 91.5
3698828500 70578123808 92.9 48323606619658008 91.5
3698979000 70578124408 92.9 48323606987888408 91.5
3699047700 70578142108 92.9 48323626717206296 91.5
3699195700 70578178208 92.9 48323660728495896 91.5
3699469600 70578179408 92.9 48323661608931096 91.5
3699705900 70578182708 92.9 48323662734102296 91.5
3699749200 70578248808 92.9 48323709696245528 91.5
3700292800 70578254908 92.9 48323714543688472 91.5
3700457500 70578258208 92.9 48323715541678872 91.5
3700511500 70578262908 92.9 48323721244993816 91.5
3700766700 70578298008 92.9 48323766708095256 91.5
3700837300 70578329308 92.9 48323786653876504 91.5
3701353900 70578343608 92.9 48323794723604248 91.5
3701558700 70578349508 92.9 48323799448749848 91.5
3701662900 70578353508 92.9 48323802077153048 91.5
3701691700 70578381108 92.9 48323821024249624 91.5
3701800500 70578386408 92.9 48323823329563928 91.5
3701840600 70578390708 92.9 48323826382312728 91.5
3701863700 70578390808 92.9 48323826383336728 91.5
3701918900 70578391008 92.9 48323826891375320 91.5
3702224400 70578427808 92.9 48323840692315864 91.5
3702668700 70578431208 92.9 48323842497423064 91.5
3702848700 70578432308 92.9 48323843061237464 91.5
3702938300 70578433808 92.9 48323844454821720 91.5
3702956500 70578438008 92.9 48323846194188120 91.5
3702988400 70578479308 92.9 48323867612897112 91.5
3703038400 70578540108 92.9 48323908115619672 91.5
3703039700 70578540608 92.9 48323908491222872 91.5
3703252400 70578543008 92.9 48323910722928472 91.5
3703323500 70578547008 92.9 48323913704406872 91.5
3703470300 70578570408 92.9 48323936878804824 91.5
3704131500 70578579508 92.9 48323943013675864 91.5
3704437000 70578582708 92.9 48323947337315160 91.5
3704441500 70578585008 92.9 48323947674825560 91.5
3704622700 70578592608 92.9 48323953870025560 91.5
3705165800 70578613808 92.9 48323966639595352 91.5
3705526100 70578615108 92.9 48323968005201752 91.5
3705628000 70578617508 92.9 48323968782008152 91.5
3705945100 70578619408 92.9 48323969326571352 91.5
3706119300 70578631908 92.9 48323974701852504 91.5
3706217000 70578633008 92.9 48323975328950104 91.5
3706503500 70578656208 92.9 48323992643366744 91.5
3706602600 70578657008 92.9 48323994813853528 91.5
3706653700 70578660308 92.9 48323996096720728 91.5
3706749200 70578698508 92.9 48324030476873560 91.5
3706757100 70578750408 92.9 48324065676472152 91.5
3706768500 70578846008 92.9 48324144434548568 91.5
3706801700 70578905108 92.9 48324163674611544 91.5
3706841200 70578923608 92.9 48324180997562200 91.5
3707164800 70578936508 92.9 48324187296186200 91.5
3707210200 70578941308 92.9 48324191998866264 91.5
3707399200 70578946808 92.9 48324194399216472 91.5
3707470400 70578948408 92.9 48324197958992984 91.5
3707993600 70578967508 92.9 48324208882450520 91.5
3708226200 70578970008 92.9 48324209789919320 91.5
3708371700 70578973408 92.9 48324212093509720 91.5
3708477900 70578977508 92.9 48324218490785368 91.5
3708525900 70578998308 92.9 48324232078836312 91.5
3708627200 70579001008 92.9 48324235029385560 91.5
3708638500 70579001408 92.9 48324235556745560 91.5
3708713200 70579003908 92.9 48324236945903960 91.5
3708713900 70579005708 92.9 48324238773067736 91.5
3708980600 70579007008 92.9 48324239268888536 91.5
3709805600 70579012408 92.9 48324252484659160 91.5
3709866000 70579013508 92.9 48324253492684760 91.5
3710331100 70579020408 92.9 48324256539185880 91.5
3710489700 70579020908 92.9 48324256731493080 91.5
3710636500 70579033408 92.9 48324263414237912 91.5
3711073200 70579034408 92.9 48324263755434712 91.5
3711117100 70579061308 92.9 48324310052969176 91.5
3711292700 70579068208 92.9 48324315248931544 91.5
3711731100 70579069208 92.9 48324316419819480 91.5
3712135100 70579173808 92.9 48324433261619160 91.5
3712165100 70579179708 92.9 48324441110192088 91.5
3712407300 70579182308 92.9 48324445287623640 91.5
3712894500 70579183608 92.9 48324446653844440 91.5
3713603900 70579191208 92.9 48324460545578968 91.5
3713645400 70579193708 92.9 48324461507934168 91.5
3713935300 70579236308 92.9 48324498301712344 91.5
3714077300 70579272908 92.9 48324512350854104 91.5
3714077700 70579281108 92.9 48324520054872024 91.5
3714195400 70579287508 92.9 48324524377449944 91.5
3714217700 70579298408 92.9 48324528715523544 91.5
3714286100 70579299508 92.9 48324531137283544 91.5
3714511900 70579301908 92.9 48324531964265944 91.5
3714648700 70579303508 92.9 48324533221178328 91.5
3714723900 70579380208 92.9 48324582787501016 91.5
3714773200 70579382708 92.9 48324584284384216 91.5
3714779400 70579388808 92.9 48324586559302616 91.5
3714992500 70579394408 92.9 48324589607647192 91.5
3715122200 70579395308 92.9 48324590215083992 91.5
3715723600 70579415708 92.9 48324613065971672 91.5
3716288500 70579417408 92.9 48324614068262872 91.5
3717315000 70579419008 92.9 48324614591117272 91.5
3717538000 70579419308 92.9 48324614676314072 91.5
3717861400 70579422908 92.9 48324617569774040 91.5
3717989900 70579423908 92.9 48324617878612440 91.5
3718194700 70579444708 92.9 48324633845304792 91.5
3718199400 70579497808 92.9 48324684505595352 91.5
3718200500 70579513708 92.9 48324697837051352 91.5
3718267500 70582574208 92.9 48328014922816984 91.5
3718458200 70582575508 92.9 48328015248858584 91.5
3718947200 70582599008 92.9 48328043136773592 91.5
3718969600 70582621408 92.9 48328079998295512 91.5
3719133600 70582631108 92.9 48328095555802584 91.5
3719153700 70582634908 92.9 48328098500826584 91.5
3719216900 70582636808 92.9 48328101742621144 91.5
3719550400 70582653208 92.9 48328109207544280 91.5
3719634200 70582653408 92.9 48328109554680280 91.5
3719821600 70582657408 92.9 48328111458296280 91.5
3720032600 70582661708 92.9 48328114821112280 91.5
3720108500 70582662108 92.9 48328115394757080 91.5
3720140500 70583469608 92.9 48329363100582360 91.5
3720186700 70583470108 92.9 48329363346137560 91.5
3721456800 70583496908 92.9 48329377414598104 91.5
3721819000 70583499308 92.9 48329378092690904 91.5
3722081500 70583500408 92.9 48329378333740504 91.5
3722313900 70583502508 92.9 48329378989305304 91.5
3722424600 70583505708 92.9 48329382288633304 91.5
3722481300 70583520408 92.9 48329407097769432 91.5
3722700600 70583524908 92.9 48329410036508120 91.5
3722814000 70583744708 92.9 48329584261342680 91.5
3723297000 70583748108 92.9 48329588474283480 91.5
3723318400 70583751508 92.9 48329590682727128 91.5
3723414700 70583753208 92.9 48329591361434328 91.5
3723453900 70583762708 92.9 48329596224615128 91.5
3723483700 70583764508 92.9 48329599371367128 91.5
3723494100 70583769008 92.9 48329608571431640 91.5
3723985000 70583771408 92.9 48329610613492440 91.5
3724107300 70583772508 92.9 48329610731252440 91.5
3724192600 70583774008 92.9 48329612023152600 91.5
3724288600 70583775008 92.9 48329612332195800 91.5
3724431400 70583781108 92.9 48329621866131416 91.5
3724718700 70583784508 92.9 48329623689465816 91.5
3725023700 70583784608 92.9 48329623989907416 91.5
3725206000 70583903408 92.9 48329713191579608 91.5
3725235700 70583904308 92.9 48329713352552408 91.5
3725301400 70583970308 92.9 48329765363826648 91.5
3725367600 70583971208 92.9 48329766077759448 91.5
3725405700 70583989808 92.9 48329776606872536 91.5
3725407800 70584054908 92.9 48329824892609496 91.5
3726344700 70584058508 92.9 48329828065575896 91.5
3726899100 70584068208 92.9 48329834196336600 91.5
3726908500 70584069308 92.9 48329834594367608 91.5
3726967300 70584071908 92.9 48329836230809976 91.5
3727102200 70584126808 92.9 48329872843139448 91.5
3727143000 70584130608 92.9 48329873866320248 91.5
3727204400 70584131608 92.9 48329873986947448 91.5
3727213800 70584140308 92.9 48329881095526776 91.5
3727227100 70584141008 92.9 48329881366477176 91.5
3727316800 70584146708 92.9 48329882767309176 91.5
3727335300 70584147608 92.9 48329883730483576 91.5
3727356800 70584149808 92.9 48329884356761976 91.5
3727672000 70584152008 92.9 48329886794905976 91.5
3727895900 70584174308 92.9 48329922152188280 91.5
3728066200 70584191608 92.9 48329936144924024 91.5
3728125400 70584192608 92.9 48329936464207224 91.5
3728392900 70584198108 92.9 48329939188047224 91.5
3728415100 70584221308 92.9 48329953849417080 91.5
3728747800 70584224708 92.9 48329959514312568 91.5
3728953700 70584227008 92.9 48329962173435768 91.5
3729118100 70584249508 92.9 48330027358302072 91.5
3729211600 70584274208 92.9 48330059631333240 91.5
3729256900 70584297508 92.9 48330072548735864 91.5
3729485200 70584300008 92.9 48330073918233464 91.5
3729846200 70584303808 92.9 48330080505011064 91.5
3730484100 70584303908 92.9 48330080628505464 91.5
3730769700 70584338008 92.9 48330102989448056 91.5
3730816300 70584368308 92.9 48330128602659704 91.5
3730869200 70584373508 92.9 48330136821130104 91.5
3730955400 70586098608 92.9 48331989786125176 91.5
3730997900 70586099508 92.9 48331990851556344 91.5
3731190300 70586102608 92.9 48331994454563576 91.5
3731199000 70586103308 92.9 48331995213036088 91.5
3731602500 70586104008 92.9 48331996082161080 91.5
3731694400 70586115508 92.9 48332007137288632 91.5
3731778800 70586117408 92.9 48332011567849400 91.5
3731791300 70586145808 92.9 48332022856884152 91.5
3731970500 70586146008 92.9 48332023263207352 91.5
3732202900 70586147808 92.9 48332023879860152 91.5
3732824400 70586151408 92.9 48332028033963448 91.5
3733064600 70586155408 92.9 48332035468481464 91.5
3733413700 70586157208 92.9 48332036319220664 91.5
3733417000 70586159808 92.9 48332037090292664 91.5
3733544200 70586160708 92.9 48332038117836984 91.5
3733804900 70586186008 92.9 48332068202080440 91.5
3734365800 70586189608 92.9 48332070940666040 91.5
3734392100 70586191508 92.9 48332071863085240 91.5
3734565100 70586193308 92.9 48332072873568440 91.5
3734689700 70586202508 92.9 48332076324858040 91.5
3734846100 70586202808 92.9 48332076340218040 91.5
3735164000 70586203808 92.9 48332077047392440 91.5
3735261800 70586283208 92.9 48332163367815352 91.5
3735444200 70586286908 92.9 48332164990445752 91.5
3735551900 70586289708 92.9 48332165852244152 91.5
3736114300 70586290408 92.9 48332166117050552 91.5
3736212200 70586292508 92.9 48332169486624952 91.5
3736223800 70586293108 92.9 48332169607456952 91.5
3736361400 70586294708 92.9 48332169961556152 91.5
3736851800 70586302508 92.9 48332177392289976 91.5
3736897200 70586319708 92.9 48332198955847864 91.5
3737069300 70586325008 92.9 48332203501588664 91.5
3737132600 70586340308 92.9 48332224683446456 91.5
3737369300 70586356908 92.9 48332238768579768 91.5
3737663400 70586357408 92.9 48332238829200568 91.5
3738413900 70586393208 92.9 48332267054374072 91.5
3738427700 70587250308 92.9 48333159543676088 91.5
3738573800 70587262308 92.9 48333182079065272 91.5
3738725800 70587263808 92.9 48333182950284472 91.5
3738780200 70587264808 92.9 48333183158361272 91.5
3738894600 70587266608 92.9 48333185470663864 91.5
3738901700 70587295108 92.9 48333201841800376 91.5
3739031000 70587333108 92.9 48333237889934520 91.5
3739110900 70587334208 92.9 48333238410945720 91.5
3739160100 70587344908 92.9 48333251793305784 91.5
3739207500 70587356908 92.9 48333261664061624 91.5
3739210100 70587361708 92.9 48333267023677624 91.5
3739221300 70587365908 92.9 48333273681650872 91.5
3739294200 70587377708 92.9 48333315832091832 91.5
3739565900 70587424408 92.9 48333337412652216 91.5
3739597300 70587540808 92.9 48333451991534776 91.5
3739963700 70587541808 92.9 48333452347477176 91.5
3740074600 70587562808 92.9 48333468024222904 91.5
3740271400 70587563508 92.9 48333468622238776 91.5
3740308000 70587573308 92.9 48333483060380728 91.5
3740308700 70587580308 92.9 48333485463299128 91.5
3740753300 70587580808 92.9 48333485907305528 91.5
3740853000 70587610108 92.9 48333509969382456 91.5
3740956100 70587612708 92.9 48333512922343480 91.5
3741218300 70587650108 92.9 48333564784666680 91.5
3741278800 70587657808 92.9 48333572621985336 91.5
3741322900 70587663308 92.9 48333575482222136 91.5
3741578600 70587691808 92.9 48333601719565880 91.5
3742040800 70587751308 92.9 48333675655986744 91.5
3742662900 70587777108 92.9 48333690637697592 91.5
3742674000 70587778608 92.9 48333691961524792 91.5
3742799100 70587779508 92.9 48333692202779192 91.5
3742988500 70587780608 92.9 48333692810420792 91.5
3743180500 70587782608 92.9 48333693373825592 91.5
3743316300 70587853208 92.9 48333722129609272 91.5
3743637000 70587875808 92.9 48333744834617912 91.5
3743682100 70587881708 92.9 48333750599328312 91.5
3744051500 70587883308 92.9 48333751129350712 91.5
3744107700 70587932208 92.9 48333802042225208 91.5
3744521300 70587932808 92.9 48333802679153208 91.5
3744748000 70587935308 92.9 48333805475287608 91.5
3744817500 70587942908 92.9 48333818012119608 91.5
3745200400 70587978808 92.9 48333842057284152 91.5
3745538900 70587985208 92.9 48333847609158712 91.5
3745610800 70588035108 92.9 48333919342570552 91.5
3745865100 70588039908 92.9 48333924475268152 91.5
3745943300 70588918008 92.9 48334541860957240 91.5
3745948500 70588919108 92.9 48334542248643640 91.5
3746039000 70588927308 92.9 48334550931385400 91.5
3746398700 70588939008 92.9 48334560510901304 91.5
3746733400 70588939708 92.9 48334560848616504 91.5
3747077500 70588941508 92.9 48334562196610104 91.5
3747140700 70588942808 92.9 48334562796661304 91.5
3747188700 70589018608 92.9 48334655628208696 91.5
3747557600 70589021008 92.9 48334657072663096 91.5
3747608900 70589022808 92.9 48334657903536696 91.5
3747653800 70589042108 92.9 48334675381326392 91.5
3747687200 70589718008 92.9 48335267481915960 91.5
3747798600 70589944608 92.9 48335517839823416 91.5
3748106700 70589973808 92.9 48335544358976056 91.5
3748434200 70589984808 92.9 48335554195929656 91.5
3748512200 70589992208 92.9 48335560948288056 91.5
3748634400 70589994508 92.9 48335562728000056 91.5
3748873100 70589995308 92.9 48335562975398456 91.5
3749156300 70589996908 92.9 48335563480844856 91.5
3749323400 70589998708 92.9 48335564351040056 91.5
3749335400 70590004208 92.9 48335571400665656 91.5
3749514600 70591756908 92.9 48337120511404600 91.5
3749682300 70591770008 92.9 48337131825651256 91.5
3749774300 70591772008 92.9 48337133790598584 91.5
3749795300 70591849708 92.9 48337187075118520 91.5
3749802200 70591887608 92.9 48337223400613304 91.5
3749898200 70591959008 92.9 48337249984146872 91.5
3750211600 70591961208 92.9 48337251935071672 91.5
3750260800 70591994808 92.9 48337278859607480 91.5
3750272200 70592013708 92.9 48337294698109368 91.5
3750330000 70592020708 92.9 48337301643696568 91.5
3750357300 70592021808 92.9 48337301824330168 91.5
3750362200 70592038708 92.9 48337306800965560 91.5
3751046500 70592045008 92.9 48337312599686584 91.5
3751202500 70592055108 92.9 48337320089790904 91.5
3751657600 70592059208 92.9 48337322857867704 91.5
3751810600 70592059708 92.9 48337323849304504 91.5
3751864400 70592061608 92.9 48337324713150904 91.5
3751890800 70592063008 92.9 48337328121637304 91.5
3751909500 70592071808 92.9 48337333805559224 91.5
3751934700 70592120908 92.9 48337370868637112 91.5
3752214500 70592152008 92.9 48337409700511160 91.5
3752278200 70592155308 92.9 48337411470611896 91.5
3752403600 70592155408 92.9 48337411496826296 91.5
3752521000 70592164008 92.9 48337418320924088 91.5
3752679900 70592179008 92.9 48337437601004984 91.5
3752789600 70592181708 92.9 48337439260499384 91.5
3752911400 70592192208 92.9 48337449039621560 91.5
3753164500 70592203908 92.9 48337456051768760 91.5
3753396300 70592336708 92.9 48337568728329656 91.5
3753537700 70592340908 92.9 48337578623446456 91.5
3753656000 70592342008 92.9 48337579083017656 91.5
3753744100 70592343408 92.9 48337580836720056 91.5
3753947400 70592344508 92.9 48337581392137656 91.5
3754281300 70592345108 92.9 48337581483888056 91.5
3754353900 70592386208 92.9 48337618377452984 91.5
3754807100 70592387008 92.9 48337618529414584 91.5
3755009500 70592414608 92.9 48337625758351800 91.5
3755213700 70592441308 92.9 48337659746490808 91.5
3755244900 70592443308 92.9 48337660784007608 91.5
3755319200 70592445508 92.9 48337661826644408 91.5
3755468900 70592446708 92.9 48337662659831608 91.5
3755774300 70592486508 92.9 48337683150135096 91.5
3755860600 70592486908 92.9 48337683196624696 91.5
3755875700 70592502908 92.9 48337690863242040 91.5
3755897500 70592507308 92.9 48337693452362808 91.5
3756018100 70592542308 92.9 48337712114166840 91.5
3756232200 70592543408 92.9 48337712324906040 91.5
3756788000 70592559808 92.9 48337732701350968 91.5
3757032800 70592570508 92.9 48337748501466168 91.5
3757652700 70592577008 92.9 48337750683814968 91.5
3757857900 70592578008 92.9 48337751662632760 91.5
3757893700 70592580508 92.9 48337753174269496 91.5
3758212500 70592629508 92.9 48337806112333368 91.5
3758453000 70592633908 92.9 48337811145759288 91.5
3758584800 70592634308 92.9 48337811184056888 91.5
3758673800 70592635708 92.9 48337811472415288 91.5
3758722600 70592637308 92.9 48337812630968888 91.5
3758925000 70592657808 92.9 48337843696906808 91.5
3759051800 70592661808 92.9 48337844534773176 91.5
3759104400 70592662508 92.9 48337844705985976 91.5
3759147700 70592662608 92.9 48337844717249976 91.5
3759447500 70592664808 92.9 48337845540136376 91.5
3759498200 70592669608 92.9 48337854795579832 91.5
3759577500 70592672008 92.9 48337856505864632 91.5
3759858100 70592672408 92.9 48337856716399032 91.5
3760185400 70592673108 92.9 48337856808559032 91.5
3760273800 70592673808 92.9 48337857063535032 91.5
3760449000 70592676808 92.9 48337858461909432 91.5
3760643000 70592740308 92.9 48337894166057400 91.5
3761396300 70592741608 92.9 48337894533878200 91.5
3762189800 70592742308 92.9 48337894786601400 91.5
3762281000 70592754608 92.9 48337909368479160 91.5
3762632500 70592787608 92.9 48337939217464760 91.5
3762688000 70592878208 92.9 48338001444859320 91.5
3762919200 70593522408 92.9 48340261604027832 91.5
3763225000 70593523108 92.9 48340261855317432 91.5
3764096800 70593528608 92.9 48340268270503352 91.5
3764192000 70593543108 92.9 48340277863121336 91.5
3764304600 70593553008 92.9 48340285182719416 91.5
3764635700 70593557208 92.9 48340294847688120 91.5
3764883000 70593558608 92.9 48340295060475320 91.5
3765742800 70593559808 92.9 48340301079185848 91.5
3765790200 70593563208 92.9 48340303181048248 91.5
3767369500 70593566008 92.9 48340306089423544 91.5
3767851800 70593566708 92.9 48340306333340344 91.5
3768217300 70593567308 92.9 48340306778780344 91.5
3770641100 70593612208 92.9 48340335618357944 91.5
3770926300 70593615708 92.9 48340340723325112 91.5
3771273600 70593650108 92.9 48340378463574200 91.5
3771443900 70593651508 92.9 48340381885942456 91.5
3772535600 70593652708 92.9 48340382169105144 91.5
3773297000 70593667508 92.9 48340398634517240 91.5
3775294200 70593670908 92.9 48340400485294840 91.5
3775324600 70593678208 92.9 48340405345813240 91.5
3775760900 70593679408 92.9 48340406718298104 91.5
3777637300 70593679508 92.9 48340406823899904 91.5
3778259500 70593682908 92.9 48340411258434304 91.5
3779412100 70593698308 92.9 48340422660878080 91.5
3781145800 70593701708 92.9 48340425398849280 91.5
3781336100 70593716508 92.9 48340455282274048 91.5
3781546900 70593717308 92.9 48340455667123648 91.5
3782325500 70597586208 92.9 48348596581025216 91.5
3782936900 70597588108 92.9 48348599045178816 91.5
3783073300 70597591408 92.9 48348602086310592 91.5
3783418900 70597674208 92.9 48348778546823872 91.5
3783481200 70597676508 92.9 48348779360699072 91.5
3783704900 70597689008 92.9 48348791440884416 91.5
3784259200 70597690108 92.9 48348791689511616 91.5
3784506000 70597701908 92.9 48348804350589632 91.5
3784608300 70597712408 92.9 48348818802969280 91.5
3784893600 70597714408 92.9 48348819931212480 91.5
3785066600 70597726808 92.9 48348826779488448 91.5
3785855500 70597727508 92.9 48348828184416448 91.5
3786043700 70597729608 92.9 48348830350866368 91.5
3786739400 70597730308 92.9 48348831049848768 91.5
3787062200 70597732208 92.9 48348833132956992 91.5
3787607500 70597738008 92.9 48348837932119872 91.5
3787818300 70597772508 92.9 48348862786471744 91.5
3788268900 70597773608 92.9 48348863112922944 91.5
3789025100 70597784708 92.9 48348872855925568 91.5
3789187800 70597891908 92.9 48348955966083904 91.5
3789873800 70597892208 92.9 48348956231914304 91.5
3790323400 70597894708 92.9 48348960099692096 91.5
3790336100 70597899308 92.9 48348962439516224 91.5
3791222500 70597899808 92.9 48348963257913024 91.5
3791254400 70597900508 92.9 48348963478277824 91.5
3791954900 70597931008 92.9 48348989648666304 91.5
3792055700 70597931808 92.9 48348989957299904 91.5
3792664000 70597934708 92.9 48348993057493184 91.5
3793368200 70597936908 92.9 48348993767739584 91.5
3794244600 70597962208 92.9 48349003429377216 91.5
3794516000 70597982108 92.9 48349039651919040 91.5
3794629400 70597985808 92.9 48349048100045504 91.5
3794670200 70597987308 92.9 48349048678400704 91.5
3794763800 70597994508 92.9 48349056102810304 91.5
3794786900 70597996408 92.9 48349057446707904 91.5
3795320700 70598032808 92.9 48349126452708032 91.5
3796204800 70598036108 92.9 48349127563189952 91.5
3796250900 70598050408 92.9 48349136357617344 91.5
3796365900 70598118008 92.9 48349284214353600 91.5
3796484900 70598121608 92.9 48349287285944000 91.5
3797300600 70598122408 92.9 48349287492177600 91.5
3798108900 70598123108 92.9 48349287913246400 91.5
3798253400 70598123808 92.9 48349288046571200 91.5
3798571200 70598132008 92.9 48349299209811648 91.5
3799224600 70598139308 92.9 48349306042941120 91.5
3799665200 70598141208 92.9 48349306730417600 91.5
3800021200 70598143408 92.9 48349307688062400 91.5
3800188400 70598167608 92.9 48349318150693312 91.5
3800540200 70598172708 92.9 48349322159348416 91.5
3800576000 70598174708 92.9 48349324010135744 91.5
3800598800 70598175708 92.9 48349325034321536 91.5
3800940800 70598216408 92.9 48349459942028928 91.5
3801142500 70598217208 92.9 48349460004288128 91.5
3801277100 70598308708 92.9 48349570894927488 91.5
3801606900 70598309108 92.9 48349571004495488 91.5
3802067000 70598309908 92.9 48349571547958784 91.5
3802284200 70598310508 92.9 48349572355689984 91.5
3802354200 70598311108 92.9 48349572469763584 91.5
3802530600 70598313508 92.9 48349573473693184 91.5
3803165000 70598321808 92.9 48349578635944960 91.5
3803337400 70598323108 92.9 48349580714050560 91.5
3803917400 70598325108 92.9 48349581873151744 91.5
3804351800 70598365108 92.9 48349721034309376 91.5
3804540300 70598371108 92.9 48349722363499264 91.5
3804565200 70598372208 92.9 48349722721284864 91.5
3807121000 70598406308 92.9 48349746847054592 91.5
3807238200 70598409708 92.9 48349749479470336 91.5
3807280900 70598772008 92.9 48349824709383424 91.5
3807633600 70599445908 92.9 48350570421114112 91.5
3808386600 70599473708 92.9 48350670788883712 91.5
3808795300 70599487808 92.9 48350675093628160 91.5
3808800900 70599488608 92.9 48350675892348160 91.5
3808914100 70600042308 92.9 48351111671325952 91.5
3808940000 70600047408 92.9 48351114301517312 91.5
3809155700 70600068008 92.9 48351161517682176 91.5
3810015100 70600075108 92.9 48351166557939200 91.5
3810145700 70600265808 92.9 48351266923161088 91.5
3810253700 70600286508 92.9 48351277378099712 91.5
3810464300 70600288908 92.9 48351281004145408 91.5
3810604500 70600290008 92.9 48351282060708608 91.5
3811201800 70600297708 92.9 48351284707748608 91.5
3811373700 70600300208 92.9 48351287722110720 91.5
3812217100 70600301408 92.9 48351288393649920 91.5
3812306900 70600304008 92.9 48351291931855360 91.5
3812495300 70600306008 92.9 48351292765596160 91.5
3813156400 70600319608 92.9 48351303371698688 91.5
3813313100 70600320008 92.9 48351303450751488 91.5
3813471300 70600338108 92.9 48351322407969280 91.5
3813712100 70600343008 92.9 48351326940740608 91.5
3815976300 70600344008 92.9 48351327202884608 91.5
3816034200 70600344408 92.9 48351327297911808 91.5
3816801300 70600347508 92.9 48351328087825408 91.5
3816891600 70600364208 92.9 48351345197203456 91.5
3817935700 70600387208 92.9 48351363947167744 91.5
3818239300 70600397408 92.9 48351367999626240 91.5
3818812100 70600399208 92.9 48351369293552640 91.5
3819465400 70600401708 92.9 48351370317552640 91.5
3820366500 70600401808 92.9 48351370471562240 91.5
3821328300 70600413408 92.9 48351376702846976 91.5
3822564500 70600429008 92.9 48351389442906112 91.5
3823724600 70600436608 92.9 48351398965851136 91.5
3824946900 70600618108 92.9 48351491561976832 91.5
3825569400 70600651908 92.9 48351500802755584 91.5
3825738600 70600655108 92.9 48351501953899264 91.5
3826357600 70600659108 92.9 48351507712912128 91.5
3826458300 70600660208 92.9 48351508298640128 91.5
3826646200 70600660608 92.9 48351508461660928 91.5
3826737900 70600667608 92.9 48351515012571904 91.5
3827120600 70600687708 92.9 48351527962321664 91.5
3827123900 70600688808 92.9 48351528402846464 91.5
3827150900 70600689708 92.9 48351529554232064 91.5
3827152100 70600690708 92.9 48351530235396864 91.5
3827326600 70600705408 92.9 48351542186889984 91.5
3827403400 70600707308 92.9 48351542782243584 91.5
3827747400 70600709208 92.9 48351543520957184 91.5
3827840200 70600710008 92.9 48351544147645184 91.5
3828621800 70600721408 92.9 48351552051848960 91.5
3831046300 70600806908 92.9 48351604859725568 91.5
3831083600 70600808208 92.9 48351605279360768 91.5
3835326900 70600808808 92.9 48351605435623168 91.5
3835360000 70600864808 92.9 48351673204545280 91.5
3837642400 70600865908 92.9 48351674907326464 91.5
3837840000 70600868008 92.9 48351675695396864 91.5
3838068800 70600875008 92.9 48351680896042496 91.5
3838434100 70600876608 92.9 48351682366878592 91.5
3839068800 70600878408 92.9 48351683721016192 91.5
3839634200 70600889008 92.9 48351690045205376 91.5
3839972600 70600891108 92.9 48351690771972288 91.5
3840905600 70600921208 92.9 48351713114226880 91.5
3841141400 70600921908 92.9 48351713255948480 91.5
3842672700 70600929808 92.9 48351718524018880 91.5
3842913700 70600931008 92.9 48351720325234880 91.5
3844675600 70600932008 92.9 48351720425586880 91.5
3846078600 70600932408 92.9 48351720447090880 91.5
3846750500 70600933408 92.9 48351721260146880 91.5
3849509900 70600998608 92.9 48351945369215168 91.5
3849943100 70600998908 92.9 48351945643647168 91.5
3852665000 70600999908 92.9 48351945871179968 91.5
3852748900 70603637308 93.0 48355234446426304 91.5
3853030100 70603637808 93.0 48355234897191104 91.5
3853238700 70603642508 93.0 48355238718058432 91.5
3854273900 70603662908 93.0 48355306772942784 91.5
3855958200 70603704808 93.0 48355345904218048 91.5
3856429100 70603706708 93.0 48355346706393344 91.5
3857527600 70603708908 93.0 48355347642738944 91.5
3858123300 70603709008 93.0 48355348264921344 91.5
3858210900 70605410008 93.0 48356902424553728 91.5
3858213000 70605413808 93.0 48356905595231488 91.5
3858303700 70605437908 93.0 48356930445143296 91.5
3858652100 70605440908 93.0 48356933328511488 91.5
3859582400 70605441208 93.0 48356933575295488 91.5
3859895600 70605451108 93.0 48356943171568128 91.5
3860297800 70605505108 93.0 48356980718436864 91.5
3861128500 70605511108 93.0 48356983831474688 91.5
3861226900 70605511508 93.0 48356983993266688 91.5
3861884000 70605522508 93.0 48356996982692352 91.5
3861968700 70605524708 93.0 48356998553098752 91.5
3862522000 70605525308 93.0 48356998583818752 91.5
3862743000 70605532908 93.0 48357003032587776 91.5
3863161800 70605533908 93.0 48357003369278976 91.5
3863411900 70605545608 93.0 48357015145757184 91.5
3864332600 70605550808 93.0 48357022375079936 91.5
3864485500 70605553108 93.0 48357023727988736 91.5
3864831600 70605561008 93.0 48357026056155136 91.5
3866009400 70605570508 93.0 48357038888174592 91.5
3866357200 70605588108 93.0 48357048878436352 91.5
3866722900 70605588408 93.0 48357049122967552 91.5
3867292100 70605616808 93.0 48357082716741632 91.5
3867413800 70605618908 93.0 48357086801682432 91.5
3867490500 70605619208 93.0 48357087134892032 91.5
3867796900 70605619808 93.0 48357087243026432 91.5
3868274300 70605620508 93.0 48357087386591232 91.5
3868310000 70605698108 93.0 48357110523543552 91.5
3868451700 70605698708 93.0 48357110673866752 91.5
3868464400 70605699808 93.0 48357111112343552 91.5
3869643000 70605886908 93.0 48357267488563200 91.5
3869921100 70605914008 93.0 48357281937516544 91.5
3870231500 70605914808 93.0 48357282502150144 91.5
3870686500 70605938508 93.0 48357308174598144 91.5
3870847500 70605938608 93.0 48357308368134144 91.5
3870875600 70605939108 93.0 48357308446367744 91.5
3871130300 70605941808 93.0 48357309809311744 91.5
3871141700 70605980808 93.0 48357365663653888 91.5
3871156200 70606050808 93.0 48357486696783872 91.5
3871181800 70606204408 93.0 48357525134573568 91.5
3871294000 70606206208 93.0 48357525685895168 91.5
3872621400 70606207208 93.0 48357525979578368 91.5
3872635200 70606208608 93.0 48357526366240768 91.5
3872663500 70606209508 93.0 48357526534381568 91.5
3873194900 70606244608 93.0 48357545679265792 91.5
3873361100 70606245008 93.0 48357545820987392 91.5
3873726400 70606245508 93.0 48357546595131392 91.5
3873736900 70606247008 93.0 48357547122491392 91.5
3873755200 70606254508 93.0 48357550104101376 91.5
3874272000 70606255208 93.0 48357550633918976 91.5
3874490900 70606256008 93.0 48357551166398976 91.5
3874804100 70606292208 93.0 48357582557295104 91.5
3875711900 70606294408 93.0 48357585002811904 91.5
3875833700 70606297808 93.0 48357588401357568 91.5
3876064600 70606337808 93.0 48357657790022400 91.5
3876682900 70606366408 93.0 48357756656452352 91.5
3876928900 70606371708 93.0 48357767606901504 91.5
3877777200 70606372308 93.0 48357767632911104 91.5
3877785500 70606372608 93.0 48357767746165504 91.5
3878006000 70606380308 93.0 48357775782107904 91.5
3878230400 70606390408 93.0 48357781331263232 91.5
3878252500 70606395208 93.0 48357783500914432 91.5
3878410700 70606395608 93.0 48357784072101632 91.5
3878926400 70606410708 93.0 48357804413093632 91.5
3879013100 70606449708 93.0 48357837082355456 91.5
3879106100 70606454108 93.0 48357838026195776 91.5
3879263000 70606457308 93.0 48357840415441216 91.5
3879936900 70606516408 93.0 48357879794057536 91.5
3880166800 70606532808 93.0 48357886280100160 91.5
3880836800 70606538308 93.0 48357892781864256 91.5
3880951100 70606546308 93.0 48357902201662784 91.5
3880958400 70606568708 93.0 48357921885502784 91.5
3881113000 70606573608 93.0 48357926924399936 91.5
3881451900 70606594208 93.0 48357990309025088 91.5
3881516400 70606595408 93.0 48357997068088128 91.5
3881835900 70606606708 93.0 48358003441450304 91.5
3881841700 70606608708 93.0 48358005004688704 91.5
3882197500 70606614508 93.0 48358006995083072 91.5
3882708800 70606737408 93.0 48358361055977280 91.5
3882717200 70606743708 93.0 48358363393564480 91.5
3882768200 70606745208 93.0 48358365624041280 91.5
3883024600 70606750408 93.0 48358367719488448 91.5
3883315100 70606753108 93.0 48358368593751232 91.5
3883486400 70606760008 93.0 48358379570425024 91.5
3883605000 70606852708 93.0 48358458348219584 91.5
3883605800 70606863208 93.0 48358459258555584 91.5
3883696300 70606868308 93.0 48358465832745152 91.5
3884399200 70606869108 93.0 48358466655221952 91.5
3884686000 70606872208 93.0 48358469490268352 91.5
3884845700 70606874508 93.0 48358470456514752 91.5
3885070700 70607445608 93.0 48358593098971328 91.5
3885177500 70607446308 93.0 48358593397569728 91.5
3885315800 70607450508 93.0 48358596920608960 91.5
3885464000 70607451208 93.0 48358597285152960 91.5
3885588100 70607451408 93.0 48358597295392960 91.5
3885662700 70607454508 93.0 48358599872596160 91.5
3886044400 70607454908 93.0 48358599888775360 91.5
3886054000 70607458008 93.0 48358602877570752 91.5
3886189200 70607458308 93.0 48358602982223552 91.5
3886427000 70607482008 93.0 48358616991544000 91.5
3886469200 70607482208 93.0 48358617005265600 91.5
3886555400 70607515708 93.0 48358663527031488 91.5
3886730400 70607516008 93.0 48358664037188288 91.5
3886896700 70607522708 93.0 48358673597606592 91.5
3886949600 70607523408 93.0 48358673876134592 91.5
3887648700 70607530508 93.0 48358675930747072 91.5
3888350700 70607533308 93.0 48358677276715456 91.5
3888575100 70607534208 93.0 48358678281373632 91.5
3888602300 70607536008 93.0 48358682126254784 91.5
3888690500 70607540708 93.0 48358685721057984 91.5
3888934900 70607541508 93.0 48358686207253184 91.5
3888989300 70607618608 93.0 48358748842576576 91.5
3889184100 70607619808 93.0 48358749916752576 91.5
3889186000 70607620508 93.0 48358751254941632 91.5
3889237400 70607622708 93.0 48358754014416832 91.5
3889527200 70607633608 93.0 48358761445588928 91.5
3889600000 70607634408 93.0 48358761881403328 91.5
3889628500 70607636008 93.0 48358764063979200 91.5
3889767000 70607636708 93.0 48358764729705088 91.5
3889803300 70607647608 93.0 48358776353023616 91.5
3889923300 70607650708 93.0 48358777358386816 91.5
3890012300 70607651308 93.0 48358778305996416 91.5
3890382700 70607658108 93.0 48358779363488512 91.5
3890499700 70607660708 93.0 48358781388346112 91.5
3890511500 70607672908 93.0 48358798362815232 91.5
3890549500 70607674108 93.0 48358799151090432 91.5
3890659300 70607679008 93.0 48358802525580032 91.5
3891188700 70607685508 93.0 48358811792280320 91.5
3891437600 70607688508 93.0 48358813996165888 91.5
3891671200 70607689408 93.0 48358814618962688 91.5
3892036700 70607698908 93.0 48358823172549888 91.5
3892207500 70607723008 93.0 48358833798451456 91.5
3892303100 70607733608 93.0 48358839518242048 91.5
3892317800 70607740608 93.0 48358843535803648 91.5
3892445700 70607741408 93.0 48358843775010048 91.5
3892461800 70607747408 93.0 48358852446514432 91.5
3892568600 70607750908 93.0 48358855146202112 91.5
3893294900 70607751808 93.0 48358855598195712 91.5
3893397100 70607760308 93.0 48358863359210496 91.5
3893636900 70607760608 93.0 48358863374570496 91.5
3893887600 70607766208 93.0 48358866502382592 91.5
3894376600 70607766908 93.0 48358866652705792 91.5
3894494700 70607768208 93.0 48358867401320064 91.5
3894671200 70607772008 93.0 48358877830192768 91.5
3894887500 70607772208 93.0 48358877878525568 91.5
3895181200 70607775108 93.0 48358881135664768 91.5
3895406200 70607850008 93.0 48359131812388480 91.5
3895582600 70607852408 93.0 48359135729338240 91.5
3895821400 70607866208 93.0 48359187861190528 91.5
3895874000 70607866808 93.0 48359188032608128 91.5
3896488700 70608101808 93.0 48359384054830976 91.5
3896504100 70608102408 93.0 48359384154158976 91.5
3896560400 70608153208 93.0 48359418649663360 91.5
3896571400 70609298608 93.0 48360612176877440 91.5
3896666100 70609300008 93.0 48360614427808384 91.5
3896781300 70609300808 93.0 48360615275680384 91.5
3897920100 70609303708 93.0 48360617669177984 91.5
3898165400 70609305508 93.0 48360618478250304 91.5
3898187700 70609308408 93.0 48360621642615104 91.5
3898237700 70609308808 93.0 48360621666576704 91.5
3899736200 70609312708 93.0 48360622738295104 91.5
3900047100 70609313908 93.0 48360623583299904 91.5
3900677800 70609329208 93.0 48360636467994944 91.5
3900754100 70610315208 93.0 48362109282771264 91.5
3900840300 70610323308 93.0 48362111582817088 91.5
3901337200 70610325008 93.0 48362114296614208 91.5
3901580600 70610325308 93.0 48362114307263808 91.5
3901644800 70610325408 93.0 48362114638835008 91.5
3901649200 70610340308 93.0 48362133987638592 91.5
3901733700 70610341108 93.0 48362134614531392 91.5
3901965700 70610342508 93.0 48362135635868992 91.5
3902071200 70610342608 93.0 48362136000822592 91.5
3902152300 70610397208 93.0 48362172989627712 91.5
3902167100 70610400808 93.0 48362178428706112 91.5
3902217200 70610404508 93.0 48362185732223808 91.5
3902978500 70610404708 93.0 48362186033689408 91.5
3902984500 70610475608 93.0 48362341067551552 91.5
3903003700 70610477208 93.0 48362346497004352 91.5
3903026800 70610478208 93.0 48362347067904576 91.5
3903069200 70610485508 93.0 48362353860896320 91.5
3903418700 70610528908 93.0 48362363888411200 91.5
3903522500 70610530308 93.0 48362370705636416 91.5
3903554300 70610530908 93.0 48362371445988416 91.5
3903571600 70610532208 93.0 48362373083691584 91.5
3903625800 70610535308 93.0 48362374789285312 91.5
3903834900 70610538708 93.0 48362378293822912 91.5
3903885000 70610562408 93.0 48362450033255872 91.5
3903975700 70610566408 93.0 48362454793422272 91.5
3903979400 70610580308 93.0 48362474209734080 91.5
3903993100 70610588908 93.0 48362484450792896 91.5
3904155500 70610590108 93.0 48362485883778496 91.5
3904660300 70610590708 93.0 48362486173775296 91.5
3904797900 70610595308 93.0 48362487639399232 91.5
3904913600 70610598808 93.0 48362488358157248 91.5
3905219800 70610604008 93.0 48362494560209856 91.5
3905239000 70610622508 93.0 48362556510374848 91.5
3905503100 70610667508 93.0 48362589908227008 91.5
3905831400 70610684908 93.0 48362615440180160 91.5
3905879900 70610685508 93.0 48362615544423360 91.5
3906093300 70614675908 93.0 48366825695028160 91.5
3906131500 70614682708 93.0 48366830257504192 91.5
3906135200 70614703908 93.0 48366841301836736 91.5
3906202300 70614711508 93.0 48366852895095744 91.5
3906463700 70614711708 93.0 48366852967594944 91.5
3907159000 70614729808 93.0 48366866374168512 91.5
3907436300 70614735408 93.0 48366868982520768 91.5
3907673100 70614762108 93.0 48366890049283008 91.5
3907802300 70614923708 93.0 48367001227690944 91.5
3908022900 70614949108 93.0 48367087939904448 91.6
3908065800 70614950108 93.0 48367088124019648 91.6
3908191500 70614950908 93.0 48367088224166848 91.6
3908232200 70614988308 93.0 48367129285260224 91.6
3908250800 70614994508 93.0 48367136451787712 91.6
3908353700 70614995308 93.0 48367137535179712 91.6
3908403700 70614996408 93.0 48367137699838912 91.6
3908703100 70615014508 93.0 48367155878237120 91.6
3908785100 70615014608 93.0 48367155883357120 91.6
3908833400 70615026208 93.0 48367174990171072 91.6
3908887400 70615027008 93.0 48367175249447872 91.6
3908901400 70615031608 93.0 48367176691832128 91.6
3908926400 70615034008 93.0 48367177952785728 91.6
3909027000 70615047108 93.0 48367193889465664 91.6
3909052100 70615049608 93.0 48367196681910848 91.6
3909134300 70615057108 93.0 48367206732692032 91.6
3909205300 70615057508 93.0 48367206891412032 91.6
3909300100 70615058908 93.0 48367207188167232 91.6
3909391900 70615060108 93.0 48367207793196608 91.6
3909462700 70615061108 93.0 48367208231878208 91.6
3909536000 70615061708 93.0 48367208676760320 91.6
3910044200 70615062008 93.0 48367208931326720 91.6
3910190400 70615062708 93.0 48367209003211520 91.6
3910276700 70615075808 93.0 48367219997304576 91.6
3910288600 70615076508 93.0 48367220461176576 91.6
3910321200 70615989408 93.0 48367756175673088 91.6
3910350800 70616009308 93.0 48367821178169088 91.6
3910450100 70616047008 93.0 48367845121349376 91.6
3910466200 70616581208 93.0 48368289504909056 91.6
3910499800 70616581808 93.0 48368289939904256 91.6
3910652300 70616582308 93.0 48368290139584256 91.6
3910700400 70616582608 93.0 48368290215974656 91.6
3910798000 70616583108 93.0 48368290318169856 91.6
3911130400 70616587808 93.0 48368295779560704 91.6
3911171000 70616589708 93.0 48368297711986304 91.6
3911200900 70616630208 93.0 48368315931209344 91.6
3911254300 70616630608 93.0 48368316214242944 91.6
3911425700 70616640208 93.0 48368323949294720 91.6
3911760300 70616649208 93.0 48368332083837056 91.6
3911918900 70616741808 93.0 48368438226245760 91.6
3912040400 70616742008 93.0 48368438256965760 91.6
3912473600 70616792708 93.0 48368497703647360 91.6
3912552300 70616793608 93.0 48368497859909760 91.6
3912704500 70616793808 93.0 48368497873631360 91.6
3912948900 70616794108 93.0 48368498089943056 91.6
3913288600 70616796108 93.0 48368500117872656 91.6
3913578400 70616797108 93.0 48368500937786000 91.6
3913811700 70616804108 93.0 48368506139828880 91.6
3913829900 70616805208 93.0 48368506816283280 91.6
3913869100 70616809108 93.0 48368510130271120 91.6
3914439000 70616849708 93.0 48368544224768912 91.6
3914624100 70616850008 93.0 48368544291738512 91.6
3914710200 70616855908 93.0 48368549405595536 91.6
3914928600 70616911808 93.0 48368599762868112 91.6
3915184400 70616932508 93.0 48368616707261328 91.6
3915231600 70616932908 93.0 48368617229910928 91.6
3915320800 70616944208 93.0 48368645582926736 91.6
3915401600 70616945508 93.0 48368646741605136 91.6
3915411500 70616946908 93.0 48368650861736976 91.6
3915638000 70616947308 93.0 48368651237340176 91.6
3915698800 70616951008 93.0 48368654740444176 91.6
3915744400 70616951608 93.0 48368654868853776 91.6
3915751000 70616952308 93.0 48368660824358928 91.6
3915752300 70616969508 93.0 48368675076691984 91.6
3916105300 70616971608 93.0 48368676690106384 91.6
3916130400 70616974408 93.0 48368682536563216 91.6
3916181300 70616976608 93.0 48368685698379280 91.6
3916223100 70616976708 93.0 48368685725208080 91.6
3916240000 70617001508 93.0 48368707496904208 91.6
3916346100 70617001808 93.0 48368707543598608 91.6
3916813400 70617006808 93.0 48368712075391504 91.6
3916826700 70617011008 93.0 48368716489650704 91.6
3916883400 70617012508 93.0 48368717390361104 91.6
3916955700 70617013508 93.0 48368717440332304 91.6
3917001800 70617013608 93.0 48368717451801104 91.6
3917148900 70617038308 93.0 48368734977157648 91.6
3917202100 70617042208 93.0 48368743316204048 91.6
3917203600 70617047908 93.0 48368745285449744 91.6
3917380800 70617048508 93.0 48368745363683344 91.6
3917383200 70617059008 93.0 48368754276227088 91.6
3917673400 70617061608 93.0 48368756630607888 91.6
3917691800 70617066608 93.0 48368757669478480 91.6
3917827200 70617067608 93.0 48368757932281280 91.6
3917992300 70617076908 93.0 48368790096467392 91.6
3918037100 70617085208 93.0 48368801779352000 91.6
3918061700 70617175408 93.0 48368869328843200 91.6
3918162600 70617223308 93.0 48368911447261632 91.6
3918190300 70617225708 93.0 48368912877789632 91.6
3918217900 70617226408 93.0 48368913632272832 91.6
3918483400 70617227208 93.0 48368913811677632 91.6
3918934400 70617235608 93.0 48368916573909952 91.6
3919030700 70617255208 93.0 48368923808182720 91.6
3919067700 70617275808 93.0 48368948372804032 91.6
3919352200 70617276208 93.0 48368948802064832 91.6
3919375300 70617277008 93.0 48368949249387936 91.6
3919623400 70617277408 93.0 48368949453368736 91.6
3919716600 70617277608 93.0 48368949463813536 91.6
3919724000 70617282908 93.0 48368952682986144 91.6
3919769500 70617283108 93.0 48368953277014176 91.6
3919844800 70617286008 93.0 48368954692944672 91.6
3919932700 70617286208 93.0 48368954744554272 91.6
3919937500 70617287308 93.0 48368955012023072 91.6
3920020700 70617290308 93.0 48368959066703392 91.6
3920043300 70617314208 93.0 48368971453690400 91.6
3920090500 70617318308 93.0 48368974420876576 91.6
3920181900 70617322108 93.0 48368981621770016 91.6
3920220200 70617322708 93.0 48368982246212512 91.6
3920292200 70617329308 93.0 48368984590070688 91.6
3920325600 70617374608 93.0 48369088610210720 91.6
3920383000 70617375908 93.0 48369089331721120 91.6
3920396800 70617380908 93.0 48369093756919712 91.6
3920673400 70617382408 93.0 48369093956394912 91.6
3920750700 70617383008 93.0 48369094037700512 91.6
3920795200 70617383308 93.0 48369094107946912 91.6
3921055700 70617387608 93.0 48369098899980192 91.6
3921197500 70617388908 93.0 48369100098060192 91.6
3921224000 70617401908 93.0 48369112945101728 91.6
3921228500 70617407208 93.0 48369118302128544 91.6
3921364500 70617738708 93.0 48369165449607584 91.6
3921371800 70617740908 93.0 48369166065850784 91.6
3921397300 70617745508 93.0 48369170369771424 91.6
3921401200 70617747108 93.0 48369171273758624 91.6
3921524400 70617754608 93.0 48369177210120608 91.6
3921526000 70617756308 93.0 48369177795848608 91.6
3921647500 70617759408 93.0 48369180150415776 91.6
3921897700 70617760308 93.0 48369180334121376 91.6
3921981200 70617787808 93.0 48369216020832672 91.6
3922028300 70617791208 93.0 48369216932672480 91.6
3922186000 70617798208 93.0 48369218677235168 91.6
3922345500 70617806308 93.0 48369235217948128 91.6
3922421600 70617808008 93.0 48369236429340128 91.6
3922610500 70617813308 93.0 48369238822040032 91.6
3922636600 70617817008 93.0 48369247645028832 91.6
3922786800 70617817508 93.0 48369247868465632 91.6
3922823800 70617818908 93.0 48369248738251232 91.6
3922983800 70617930108 93.0 48369328695103968 91.6
3923046800 70617944708 93.0 48369339020704224 91.6
3923194400 70617945408 93.0 48369339299846624 91.6
3923397700 70617947108 93.0 48369340227795424 91.6
3923421600 70617957608 93.0 48369351897769440 91.6
3923439800 70617958208 93.0 48369352138819040 91.6
3923642600 70617959108 93.0 48369352620713440 91.6
3923712100 70617967608 93.0 48369355093126880 91.6
3923773700 70617968908 93.0 48369356767768032 91.6
3924297500 70617969408 93.0 48369357021515232 91.6
3924422300 70618011408 93.0 48369414930492896 91.6
3924428000 70618014108 93.0 48369419480689120 91.6
3924431700 70618014308 93.0 48369420122737120 91.6
3924458900 70618017108 93.0 48369423197499872 91.6
3924535500 70618019408 93.0 48369425399099872 91.6
3924626000 70618020408 93.0 48369426111599072 91.6
3924703200 70618020708 93.0 48369426210107872 91.6
3924986200 70618024008 93.0 48369428231991008 91.6
3924986500 70618024408 93.0 48369428252471008 91.6
3925010400 70618024708 93.0 48369428330704608 91.6
3925036500 70618033208 93.0 48369431747769824 91.6
3925043600 70618400708 93.0 48369953226241504 91.6
3925104500 70618404308 93.0 48369958891733984 91.6
3925323900 70618405508 93.0 48369960580265568 91.6
3925487900 70618405708 93.0 48369960762332768 91.6
3925627500 70618406508 93.0 48369961672054368 91.6
3925718200 70618406808 93.0 48369961685775968 91.6
3925722000 70618409908 93.0 48369962899482592 91.6
3925869000 70618412408 93.0 48369963997005792 91.6
3925985700 70618412908 93.0 48369964416026592 91.6
3926015200 70618414108 93.0 48369965491412960 91.6
3926071400 70618421908 93.0 48369967748222944 91.6
3926092500 70618431308 93.0 48369971979982560 91.6
3926104800 70618455308 93.0 48369986223077088 91.6
3926254300 70618456808 93.0 48369986748184288 91.6
3926263200 70618458408 93.0 48369987643160288 91.6
3926277800 70618467608 93.0 48370003235142368 91.6
3926404700 70618470908 93.0 48370004234622048 91.6
3926551400 70618473308 93.0 48370009508413536 91.6
3926732200 70618473908 93.0 48370009621258336 91.6
3927100300 70618491008 93.0 48370056074801248 91.6
3927183900 70618508408 93.0 48370063657244768 91.6
3927225600 70618508808 93.0 48370063678339168 91.6
3927340500 70618510108 93.0 48370066243049568 91.6
3927418500 70618510308 93.0 48370066259433568 91.6
3927545500 70618535708 93.0 48370080887688288 91.6
3927680200 70618550008 93.0 48370097400891488 91.6
3927771800 70618550408 93.0 48370097691502688 91.6
3927834200 70618561108 93.0 48370117244823648 91.6
3928037200 70618573408 93.0 48370122444639840 91.6
3928244300 70618616508 93.0 48370155464371808 91.6
3928506100 70618617408 93.0 48370155737984608 91.6
3928623500 70618617508 93.0 48370155743104608 91.6
3928677100 70618623908 93.0 48370159724539488 91.6
3929094400 70618650208 93.0 48370183387487840 91.6
3929127400 70618650408 93.0 48370183397932640 91.6
3929183600 70618663808 93.0 48370209984058976 91.6
3929443500 70618664808 93.0 48370210395502176 91.6
3929703500 70618669108 93.0 48370213534030432 91.6
3929708100 70618669508 93.0 48370213818702432 91.6
3929720500 70618674908 93.0 48370220160550496 91.6
3929732500 70618680508 93.0 48370224685993568 91.6
3929772900 70618711508 93.0 48370256532635232 91.6
3929827700 70618717008 93.0 48370258473796704 91.6
3929868400 70618743608 93.0 48370284436595808 91.6
3930165400 70618744208 93.0 48370284467315808 91.6
3930224600 70618748808 93.0 48370290367122528 91.6
3930252600 70618759208 93.0 48370300483223648 91.6
3930456100 70618760808 93.0 48370301726564448 91.6
3931061200 70618779208 93.0 48370311778202720 91.6
3931067200 70618842908 93.0 48370427405898848 91.6
3931086300 70618850308 93.0 48370430651384416 91.6
3931198500 70618855908 93.0 48370431860306528 91.6
3931209700 70618858208 93.0 48370434432019552 91.6
3931384100 70618858308 93.0 48370434436729952 91.6
3931391400 70618870908 93.0 48370443023305824 91.6
3931545200 70618872808 93.0 48370443190217824 91.6
3931684300 70618873508 93.0 48370443513597024 91.6
3931841900 70618874808 93.0 48370445881699424 91.6
3932190900 70618877508 93.0 48370446313827424 91.6
3932271600 70618878108 93.0 48370446602185824 91.6
3932611300 70618879208 93.0 48370447607753824 91.6
3932688800 70618883908 93.0 48370454797092448 91.6
3932881100 70618884208 93.0 48370454923044448 91.6
3932909800 70618889708 93.0 48370457631319648 91.6
3932926000 70618890708 93.0 48370459358888288 91.6
3933022800 70618925208 93.0 48370479936168288 91.6
3933043200 70618925808 93.0 48370480087105888 91.6
3933397300 70618926108 93.0 48370480106357088 91.6
3933823700 70618927608 93.0 48370483153526880 91.6
3934140200 70618928608 93.0 48370484398752992 91.6
3934362500 70618956108 93.0 48370506900475104 91.6
3934368500 70618991608 93.0 48370532141665504 91.6
3934921400 70618996508 93.0 48370538732953824 91.6
3935094200 70618999208 93.0 48370539412685024 91.6
3935353100 70619000608 93.0 48370540229017824 91.6
3935451300 70619040908 93.0 48370576356610272 91.6
3935493600 70619044808 93.0 48370591690801376 91.6
3935559000 70619045908 93.0 48370592128458976 91.6
3935634200 70619046208 93.0 48370592212631776 91.6
3935683100 70619071608 93.0 48370622059735264 91.6
3935921600 70619089908 93.0 48370624404878048 91.6
3936085000 70619090308 93.0 48370624424743648 91.6
3936090500 70619093408 93.0 48370627586705120 91.6
3936323400 70619093508 93.0 48370627597969120 91.6
3936386500 70619099308 93.0 48370634029770464 91.6
3936403800 70620288108 93.0 48371930345875168 91.6
3936480000 70620288308 93.0 48371930354886368 91.6
3936588600 70620291008 93.0 48371933040428768 91.6
3936624000 70620292408 93.0 48371933603628768 91.6
3936703500 70620292708 93.0 48371933803923168 91.6
3936971600 70623000808 93.0 48377656689510112 91.6
3937134000 70623004708 93.0 48377657721632416 91.6
3937156800 70623032908 93.0 48377662608582304 91.6
3937196100 70623046708 93.0 48377672176785056 91.6
3937234400 70623054408 93.0 48377683863488160 91.6
3937279900 70623064408 93.0 48377687280639392 91.6
3937373800 70623065308 93.0 48377687624703392 91.6
3937494300 70623090508 93.0 48377738865335712 91.6
3937552600 70623106808 93.0 48377752845278624 91.6
3937679500 70623107308 93.0 48377753312517024 91.6
3937880300 70623115008 93.0 48377759537749920 91.6
3938652100 70623128808 93.0 48377790891573152 91.6
3938699200 70623140608 93.0 48377805087681440 91.6
3939489400 70623141508 93.0 48377805159345840 91.6
3939720000 70623219908 93.0 48377868433239728 91.6
3939849100 70623220608 93.0 48377868616535728 91.6
3939863100 70623221808 93.0 48377869084708528 91.6
3939880900 70623236908 93.0 48377900261017264 91.6
3939996100 70623237208 93.0 48377900661401264 91.6
3940505500 70623262608 93.0 48377922628394672 91.6
3940511500 70623262808 93.0 48377922707242672 91.6
3940569200 70623265508 93.0 48377925294941872 91.6
3940590400 70623267908 93.0 48377926738372272 91.6
3940705100 70623268408 93.0 48377928065885872 91.6
3941004800 70623272008 93.0 48377929566596016 91.6
3941274900 70623275008 93.0 48377932145885104 91.6
3941422800 70623276708 93.0 48377933427493808 91.6
3941539300 70623277708 93.0 48377933914508208 91.6
3941642400 70623279808 93.0 48377937232666032 91.6
3941856700 70623286108 93.0 48377939231160112 91.6
3941889800 70623288508 93.0 48377939878108848 91.6
3942322800 70623291908 93.0 48377941405563312 91.6
3943421200 70623305208 93.0 48377952490338736 91.6
3943781500 70623327808 93.0 48377980831678896 91.6
3944189900 70623338508 93.0 48377986677681072 91.6
3944207300 70623383908 93.0 48378015917843376 91.6
3944497500 70623388808 93.0 48378023786974128 91.6
3944604800 70623408608 93.0 48378035490201520 91.6
3944826800 70623418408 93.0 48378051748044720 91.6
3945223800 70623419008 93.0 48378051868262320 91.6
3945456400 70623420108 93.0 48378053551054384 91.6
3945476600 70623421408 93.0 48378053662055984 91.6
3945647000 70623422108 93.0 48378053968027184 91.6
3945701000 70623429308 93.0 48378062665391664 91.6
3946092100 70623447308 93.0 48378078765519408 91.6
3946200300 70623451508 93.0 48378083113590320 91.6
3946354700 70623465508 93.0 48378092501178928 91.6
3946512100 70623466108 93.0 48378092943751728 91.6
3946614300 70623473408 93.0 48378104100162096 91.6
3946931500 70623508108 93.0 48378169309956656 91.6
3947665200 70623508508 93.0 48378169555921456 91.6
3947683200 70623509208 93.0 48378170069150256 91.6
3947922400 70623510108 93.0 48378170171550256 91.6
3948106400 70623512108 93.0 48378170827115056 91.6
3948333100 70623512208 93.0 48378170832235056 91.6
3948350800 70623592808 93.0 48378184272679472 91.6
3948781200 70623594108 93.0 48378185081844272 91.6
3948897300 70623599008 93.0 48378189223282480 91.6
3948901500 70623643908 93.0 48378343006553904 91.6
3948999600 70623650108 93.0 48378351274442544 91.6
3949099800 70623655508 93.0 48378355687429424 91.6
3949883700 70623742908 93.0 48378642159637808 91.6
3949937700 70623905708 93.0 48378689548461360 91.6
3949974800 70624436008 93.0 48379282868544816 91.6
3950064600 70624441308 93.0 48379286461251888 91.6
3950170100 70624441508 93.0 48379286522896688 91.6
3950270200 70624442208 93.0 48379286630211888 91.6
3951666800 70624442708 93.0 48379286992912688 91.6
3951802300 70624471208 93.0 48379304450289968 91.6
3951804200 70624472308 93.0 48379304789029168 91.6
3951829200 70624475808 93.0 48379309425183536 91.6
3951966700 70624476108 93.0 48379309823519536 91.6
3951994000 70624489208 93.0 48379319358126896 91.6
3952088100 70624492008 93.0 48379331051230000 91.6
3952303200 70624492108 93.0 48379331138679600 91.6
3952966800 70624494108 93.0 48379332888490800 91.6
3953104300 70624494508 93.0 48379332901393200 91.6
3953369200 70624497808 93.0 48379335215135024 91.6
3953616900 70624498308 93.0 48379335592171824 91.6
3953893600 70624502508 93.0 48379338324348976 91.6
3954321600 70624524808 93.0 48379362922373168 91.6
3954500200 70624525808 93.0 48379364655871408 91.6
3954596600 70624535608 93.0 48379383314482608 91.6
3954610400 70624538508 93.0 48379385274418608 91.6
3954883700 70624553908 93.0 48379399359653296 91.6
3955735900 70624556908 93.0 48379406124712880 91.6
3956021200 70624560308 93.0 48379410425079728 91.6
3956149100 70624561908 93.0 48379411108702128 91.6
3956737400 70624562408 93.0 48379411491063728 91.6
3957338700 70624562608 93.0 48379411594692528 91.6
3957367600 70624572308 93.0 48379421497966512 91.6
3957600700 70624572808 93.0 48379421653819312 91.6
3957718700 70624573808 93.0 48379424297787312 91.6
3957827300 70624606808 93.0 48379438929804208 91.6
3957937900 70624607308 93.0 48379439036505008 91.6
3957953200 70624732908 93.0 48379597315251120 91.6
3958276200 70624733008 93.0 48379597317913520 91.6
3959092800 70624733608 93.0 48379597655219120 91.6
3959269400 70624738608 93.0 48379600757037232 91.6
3960448700 70624741308 93.0 48379603457827760 91.6
3960745600 70624741808 93.0 48379603506979760 91.6
3960762500 70624742708 93.0 48379604094141360 91.6
3960783700 70624745108 93.0 48379605415920560 91.6
3960955300 70624755608 93.0 48379611595942320 91.6
3961378500 70624755908 93.0 48379612547762992 91.6
3961419900 70624760608 93.0 48379615446844976 91.6
3961482900 70624764208 93.0 48379619470234160 91.6
3961501200 70624768008 93.0 48379621868032560 91.6
3962360500 70624799808 93.0 48379654146134576 91.6
3962503600 70624800408 93.0 48379654384112176 91.6
3962757500 70624812408 93.0 48379662085274672 91.6
3962957900 70624812908 93.0 48379662370151472 91.6
3963123800 70624818708 93.0 48379665762049072 91.6
3963381500 70624819008 93.0 48379665784167472 91.6
3963493500 70624819208 93.0 48379665797889072 91.6
3963563200 70624829608 93.0 48379675078300720 91.6
3963866300 70624846808 93.0 48379679757406256 91.6
3963944200 70624849708 93.0 48379681298731056 91.6
3963978100 70624855808 93.0 48379686996729904 91.6
3964084300 70624857308 93.0 48379688249696304 91.6
3964521800 70624879808 93.0 48379718330921008 91.6
3964755600 70624889508 93.0 48379726414172208 91.6
3964999800 70624903308 93.0 48379737101310000 91.6
3965244200 70624903908 93.0 48379737407895600 91.6
3965287500 70624925408 93.0 48379746906273840 91.6
3965561300 70624926808 93.0 48379747233953840 91.6
3965684800 70624930508 93.0 48379748860179504 91.6
3965792200 70624930908 93.0 48379748888237104 91.6
3966368700 70625001908 93.0 48379793402475568 91.6
3966412300 70625010708 93.0 48379811239531568 91.6
3966502400 70625015808 93.0 48379828467717168 91.6
3966608700 70625016608 93.0 48379828607595568 91.6
3966990700 70625021708 93.0 48379832129439024 91.6
3967088400 70625045908 93.0 48379854710347056 91.6
3967104800 70625051108 93.0 48379858018276656 91.6
3967625000 70625051308 93.0 48379858073777456 91.6
3967640400 70625052008 93.0 48379858238231856 91.6
3967762800 70625059208 93.0 48379865462407984 91.6
3967815600 70625059508 93.0 48379865605972784 91.6
3967983600 70625110508 93.0 48379936505619248 91.6
3968188600 70625110908 93.0 48379936994476848 91.6
3968272100 70625121708 93.0 48379942935929648 91.6
3968313900 70625122408 93.0 48379943869304368 91.6
3968370200 70625124908 93.0 48379947120256560 91.6
3968408600 70625129808 93.0 48379951151632944 91.6
3968520300 70625130508 93.0 48379951568196144 91.6
3968521400 70625131008 93.0 48379952623568048 91.6
3968539400 70625131508 93.0 48379952736617648 91.6
3968686700 70627613308 93.0 48382605982024880 91.6
3968696400 70627684808 93.0 48382634334839984 91.6
3968870400 70627691108 93.0 48382640134586032 91.6
3969067800 70627692108 93.0 48382640726867632 91.6
3969067900 70627727008 93.0 48382668578082480 91.6
3969122300 70627728108 93.0 48382669315157680 91.6
3969215300 70627734108 93.0 48382681159133872 91.6
3969258100 70627735308 93.0 48382681347754672 91.6
3969426400 70627735508 93.0 48382681561565872 91.6
3969647500 70627755908 93.0 48382708996483760 91.6
3969674100 70627759008 93.0 48382713357463728 91.6
3969763600 70627759108 93.0 48382713362583728 91.6
3969910600 70627763608 93.0 48382716743217328 91.6
3970059400 70627764808 93.0 48382718889652144 91.6
3970262000 70627767908 93.0 48382722316210864 91.6
3970842900 70627769808 93.0 48382724288230064 91.6
3970896000 70627781408 93.0 48382729686758064 91.6
3970948900 70627781508 93.0 48382729807999664 91.6
3971210100 70627792708 93.0 48382737347298480 91.6
3971308700 70627805108 93.0 48382747990549680 91.6
3971444800 70627826308 93.0 48382760693762224 91.6
3971745700 70627826808 93.0 48382760796571824 91.6
3971819000 70627827008 93.0 48382761102543024 91.6
3971917000 70627827708 93.0 48382761537947824 91.6
3971940400 70627854308 93.0 48382773163913392 91.6
3972213600 70627854408 93.0 48382773169033392 91.6
3972353200 70627855108 93.0 48382773406966096 91.6
3972495200 70627856508 93.0 48382775605577040 91.6
3972545800 70627857008 93.0 48382775891273040 91.6
3972712900 70627859208 93.0 48382777775540304 91.6
3972719900 70627861708 93.0 48382778061645904 91.6
3972910400 70627862708 93.0 48382779259111504 91.6
3973069500 70627862908 93.0 48382779349223504 91.6
3973236300 70627863308 93.0 48382780006768912 91.6
3973342400 70627871308 93.0 48382786357199632 91.6
3973447000 70627896908 93.0 48382800834078480 91.6
3973685200 70627958008 93.0 48382996811163408 91.6
3974170500 70627966308 93.0 48383003415151888 91.6
3974514800 70627977708 93.0 48383023287733520 91.6
3974973200 70627980608 93.0 48383024694709520 91.6
3974986300 70627981508 93.0 48383026570034064 91.6
3975084700 70627981608 93.0 48383026577611664 91.6
3975234400 70627991608 93.0 48383038953280400 91.6
3975264200 70628001708 93.0 48383053096278928 91.6
3975737100 70628004408 93.0 48383056221526928 91.6
3975931300 70628005008 93.0 48383056485309328 91.6
3976033800 70628005208 93.0 48383056696501936 91.6
3976071000 70628014308 93.0 48383062968590512 91.6
3976171000 70628014708 93.0 48383063642792112 91.6
3976238200 70628015208 93.0 48383063688872112 91.6
3976529000 70628017508 93.0 48383064716558512 91.6
3976603100 70628021108 93.0 48383065872449712 91.6
3976613600 70628049108 93.0 48383093965379760 91.6
3976767000 70628049408 93.0 48383093989136560 91.6
3977066400 70628049508 93.0 48383093992003760 91.6
3977187500 70628066708 93.0 48383119461775536 91.6
3977283200 70628107808 93.0 48383167449397424 91.6
3977365700 70628109408 93.0 48383169658575024 91.6
3977435000 70628111508 93.0 48383172500488368 91.6
3977541500 70628112108 93.0 48383173277089968 91.6
3977570800 70628588208 93.0 48383301021262000 91.6
3977766700 70628593508 93.0 48383305592337584 91.6
3977777800 70628603908 93.0 48383314582576304 91.6
3977809000 70628608808 93.0 48383320506052784 91.6
3977834800 70628628308 93.0 48383354520637616 91.6
3978359400 70628629008 93.0 48383354646589616 91.6
3978804600 70628630608 93.0 48383355451658416 91.6
3978845900 70628631108 93.0 48383358429860016 91.6
3979151400 70628633808 93.0 48383360769580976 91.6
3979394800 70629837508 93.0 48384794549936048 91.6
3979894600 70629837608 93.0 48384794569596848 91.6
3979941500 70629862208 93.0 48384799749074864 91.6
3980025300 70629863508 93.0 48384800908948656 91.6
3980834900 70629879308 93.0 48384825042951344 91.6
3980948400 70629885408 93.0 48384833952314544 91.6
3980954400 70629889108 93.0 48384835331232944 91.6
3981036700 70629892208 93.0 48384840060474544 91.6
3981131100 70629895208 93.0 48384842171420592 91.6
3981273500 70629920708 93.0 48384857004867504 91.6
3981664800 70629921408 93.0 48384857051561904 91.6
3982583500 70629940108 93.0 48384872576835504 91.6
3982617500 70629941208 93.0 48384873168912304 91.6
3983130300 70629943008 93.0 48384874536771504 91.6
3983204200 70629961508 93.0 48384883971766192 91.6
3983303500 70629972808 93.0 48384891441580464 91.6
3983489300 70630016808 93.0 48384913242356144 91.6
3983505500 70630017008 93.0 48384913484839344 91.6
3983662200 70630027208 93.0 48384918458486704 91.6
3984104300 70630027508 93.0 48384918520336304 91.6
3984195600 70630031808 93.0 48384921793654704 91.6
3984352100 70630032508 93.0 48384922291196304 91.6
3984459900 70630045708 93.0 48384937825650064 91.6
3984523800 70630045808 93.0 48384937876645264 91.6
3984631800 70630485508 93.0 48385417625822608 91.6
3984753300 70630507108 93.0 48385433374870928 91.6
3985022700 70630507508 93.0 48385434097200528 91.6
3985040500 70630543108 93.0 48385462294998416 91.6
3985749300 70630562408 93.0 48385472818200976 91.6
3985930500 70630608108 93.0 48385503015094672 91.6
3985966600 70630613008 93.0 48385506931158416 91.6
3986033600 70630643108 93.0 48385544103918992 91.6
3986328100 70630643208 93.0 48385544109038992 91.6
3986792100 70630646908 93.0 48385553684693392 91.6
3987591000 70630666108 93.0 48385569810796944 91.6
3987875200 70630669308 93.0 48385571518720400 91.6
3987913300 70630669408 93.0 48385571632794000 91.6
3987943000 70630670508 93.0 48385572732481168 91.6
3988172900 70630723508 93.0 48385631124622992 91.6
3988676900 70630723908 93.0 48385631291534992 91.6
3988915000 70630726308 93.0 48385633506744464 91.6
3989263700 70630729608 93.0 48385638319039632 91.6
3989694500 70630732908 93.0 48385647571133584 91.6
3989906200 70630746208 93.0 48385660055226512 91.6
3990112600 70630746608 93.0 48385660447828112 91.6
3990157700 70630751808 93.0 48385664484756624 91.6
3990370700 70630753408 93.0 48385665279995024 91.6
3990861700 70630753508 93.0 48385665316654224 91.6
3991320500 70630753908 93.0 48385666113326224 91.6
3991797000 70630764908 93.0 48385670715873424 91.6
3991845800 70630765208 93.0 48385670904210832 91.6
3992741600 70630766508 93.0 48385671504684432 91.6
3992822900 70630770508 93.0 48385672960198032 91.6
3993752400 70630786108 93.0 48385682034064784 91.6
3993810900 70630801908 93.0 48385686888857488 91.6
3993881600 70630803608 93.0 48385688117862288 91.6
3993933400 70630804308 93.0 48385688201011088 91.6
3995923800 70630805108 93.0 48385688748646288 91.6
3996005300 70630805608 93.0 48385689189501968 91.6
3996261200 70630805708 93.0 48385689206090768 91.6
3996410700 70630807208 93.0 48385689346173968 91.6
3996868100 70630807408 93.0 48385689570839568 91.6
3997171400 70631235408 93.0 48386020998384656 91.6
3997177500 70631236408 93.0 48386022962826256 91.6
3997273800 70631236708 93.0 48386022982282256 91.6
3997776200 70631237208 93.0 48386023213911056 91.6
3997814100 70631288808 93.0 48386066143050768 91.6
3999086000 70631289508 93.0 48386066249751568 91.6
3999514300 70631289908 93.0 48386066359729168 91.6
4000204500 70631291008 93.0 48386066632317968 91.6
4000317400 70631293208 93.0 48386067029834768 91.6
4000532000 70631295008 93.0 48386067475889168 91.6
4000791200 70631297108 93.0 48386068316388368 91.6
4001503600 70631298608 93.0 48386068568087568 91.6
4001949200 70631300508 93.0 48386069541207888 91.6
4002201800 70631300608 93.0 48386069668388688 91.6
4002330000 70631301908 93.0 48386070953303888 91.6
4002581000 70631302408 93.0 48386071511793488 91.6
4002648900 70631324008 93.0 48386093090840400 91.6
4002846600 70631373208 93.0 48386133703864144 91.6
4002945300 70631396708 93.0 48386146999722832 91.6
4003230600 70631400508 93.0 48386148500066384 91.6
4003502000 70631401108 93.0 48386148612326984 91.6
4003624800 70631431708 93.0 48386163139166792 91.6
4003660400 70631433508 93.0 48386166149231176 91.6
4003665500 70631434808 93.0 48386166900437576 91.6
4004435900 70631434908 93.0 48386166925423176 91.6
4004455400 70631449408 93.0 48386178029326920 91.6
4004931400 70631452508 93.0 48386179160642120 91.6
4005489000 70631457208 93.0 48386182050571336 91.6
4005914000 70631459508 93.0 48386183023166536 91.6
4006341500 70631459808 93.0 48386183300260936 91.6
4006425300 70631460608 93.0 48386184503256136 91.6
4006590400 70631479008 93.0 48386195376303176 91.6
4006697300 70631544008 93.0 48386228592327752 91.6
4006791300 70631545408 93.0 48386230818830920 91.6
4006792100 70631555108 93.0 48386234927281224 91.6
4007071700 70631556408 93.0 48386235829630024 91.6
4007176000 70631557108 93.0 48386235865470024 91.6
4007770200 70631576008 93.0 48386272374252616 91.6
4008095400 70631599908 93.0 48386282434714696 91.6
4008348700 70631640208 93.0 48386311779777608 91.6
4008436200 70631642408 93.0 48386320166591048 91.6
4008484400 70631680408 93.0 48386342123158088 91.6
4008549500 70631683408 93.0 48386343390665288 91.6
4008660700 70631684708 93.0 48386343753980488 91.6
4008666900 70631696208 93.0 48386351578525256 91.6
4008746600 70631700908 93.0 48386353835451464 91.6
4008784200 70631702508 93.0 48386354390308552 91.6
4008825000 70631724608 93.0 48386367428011720 91.6
4009096100 70631725008 93.0 48386367448491720 91.6
4009123900 70631725108 93.0 48386367520376520 91.6
4009306000 70631800708 93.0 48386436040632008 91.6
4009309400 70631804208 93.0 48386439262024392 91.6
4009407700 70631812208 93.0 48386449985123016 91.6
4009451200 70631836308 93.0 48386466844606152 91.6
4009464400 70631838808 93.0 48386467838295752 91.6
4009499000 70631847408 93.0 48386473474341064 91.6
4009631100 70631850308 93.0 48386476507280072 91.6
4009704000 70631883008 93.0 48386498126385864 91.6
4009715200 70631883708 93.0 48386499123147464 91.6
4009909800 70631884208 93.0 48386499153253064 91.6
4010372800 70631884308 93.0 48386499204657864 91.6
4010422100 70631884808 93.0 48386499711537864 91.6
4010455500 70631924008 93.0 48386526949034696 91.6
4010458000 70631924308 93.0 48386527163179192 91.6
4010770900 70631925108 93.0 48386527577694392 91.6
4011103900 70631938208 93.0 48386538908813496 91.6
4011193700 70631980108 93.0 48386583460808888 91.6
4011225200 70631981308 93.0 48386583728892088 91.6
4011316500 70632033708 93.0 48386597490818232 91.6
4011463800 70632043208 93.0 48386601334342840 91.6
4011481000 70632060108 93.0 48386616358065336 91.6
4011523600 70632060508 93.0 48386616519652536 91.6
4011672000 70632061308 93.0 48386616943588536 91.6
4011912700 70632061808 93.0 48386617236452536 91.6
4012281500 70632085408 93.0 48386624816889528 91.6
4012412200 70632087608 93.0 48386625942265528 91.6
4012505400 70632138508 93.0 48386660155193016 91.6
4012555100 70632146508 93.0 48386667368985784 91.6
4012639700 70632147608 93.0 48386668256384184 91.6
4012646600 70632148308 93.0 48386668618880184 91.6
4012926600 70632149908 93.0 48386669279564984 91.6
4013110100 70632151608 93.0 48386670289152568 91.6
4013189800 70632153908 93.0 48386675833671224 91.6
4013387400 70632201208 93.0 48386692008740408 91.6
4013562100 70632236008 93.0 48386723203608120 91.6
4013746100 70632243808 93.0 48386733987293752 91.6
4013757000 70632244208 93.0 48386734057540152 91.6
4013819600 70632244608 93.0 48386735073962552 91.6
4013991800 70632249808 93.0 48386739992991288 91.6
4013997600 70632251808 93.0 48386741972548024 91.6
4014386100 70632255508 93.0 48386744839338424 91.6
4014445900 70632257308 93.0 48386746035984824 91.6
4014522700 70632273308 93.0 48386759298075064 91.6
4014765500 70632273708 93.0 48386759430171064 91.6
4015062900 70632274808 93.0 48386761266324408 91.6
4015192200 70632276308 93.0 48386762346523192 91.6
4015206900 70632293408 93.0 48386788584659512 91.6
4015247800 70632293808 93.0 48386788612102712 91.6
4015317500 70632296608 93.0 48386789334841912 91.6
4015511400 70632300308 93.0 48386794518062648 91.6
4015752900 70632305008 93.0 48386804399493688 91.6
4015960300 70632305608 93.0 48386804575621688 91.6
4015998500 70632306208 93.0 48386805080044088 91.6
4016119600 70632306408 93.0 48386805356524088 91.6
4016714900 70632306708 93.0 48386805396664888 91.6
4016743200 70632307008 93.0 48386805516677688 91.6
4016780900 70632307708 93.0 48386805897605688 91.6
4016831300 70632308208 93.0 48386806106501688 91.6
4016984300 70632308608 93.0 48386806300652088 91.6
4016991900 70632312508 93.0 48386815126474296 91.6
4017003100 70632314408 93.0 48386816124055096 91.6
4017056400 70632318908 93.0 48386824012131896 91.6
4017105400 70632319508 93.0 48386824336535096 91.6
4017223000 70632324208 93.0 48386838180481592 91.6
4017283400 70632324708 93.0 48386838265883192 91.6
4017287600 70632327508 93.0 48386839982218424 91.6
4017315500 70633000008 93.0 48387816423726264 91.6
4017396600 70633002108 93.0 48387818564933688 91.6
4017464500 70633017808 93.0 48387838744602680 91.6
4017490300 70633026608 93.0 48387845557647416 91.6
4017590700 70633037308 93.0 48387862180400184 91.6
4017752900 70633039808 93.0 48387864180110392 91.6
4017804700 70633050808 93.0 48387889818360888 91.6
4017840300 70633051808 93.0 48387890688146488 91.6
4017942000 70633058708 93.0 48387896715291192 91.6
4018194600 70633067608 93.0 48387899900023864 91.6
4018317200 70633085408 93.0 48387909943339064 91.6
4018462700 70633086008 93.0 48387910482577464 91.6
4018689200 70633087308 93.0 48387910899959864 91.6
4018893200 70633088708 93.0 48387912515831864 91.6
4019231500 70633096908 93.0 48387916738193976 91.6
4019337800 70633117208 93.0 48387934226524728 91.6
4019511300 70633119608 93.0 48387935473551928 91.6
4019614200 70633130608 93.0 48387940513921080 91.6
4019646000 70633130908 93.0 48387940810266680 91.6
4019693800 70633132708 93.0 48387942430711352 91.6
4019871500 70633137908 93.0 48387945946752056 91.6
4019886800 70633138408 93.0 48387946228352056 91.6
4019969700 70633147908 93.0 48387960406894648 91.6
4020040600 70633199208 93.0 48388021906282552 91.6
4020075800 70633208108 93.0 48388029483882552 91.6
4020158100 70633208408 93.0 48388029618640952 91.6
4020183900 70633214508 93.0 48388036095440952 91.6
4020224200 70633214708 93.0 48388036185962552 91.6
4020493200 70633215408 93.0 48388036337924152 91.6
4020565200 70633216308 93.0 48388036706564152 91.6
4020723700 70633216608 93.0 48388036916893752 91.6
4020942200 70633219508 93.0 48388038330013752 91.6
4020990400 70633219708 93.0 48388038385719352 91.6
4021094800 70633220608 93.0 48388038715367160 91.6
4021208800 70633271408 93.0 48388074810449656 91.6
4021236700 70633272108 93.0 48388074902404856 91.6
4021321500 70633273008 93.0 48388075155332856 91.6
4021363100 70633281308 93.0 48388082375535352 91.6
4021431200 70633281508 93.0 48388082590697448 91.6
4021470100 70633282408 93.0 48388083206701160 91.6
4021539500 70633282508 93.0 48388083211821160 91.6
4021585400 70633283608 93.0 48388084398432360 91.6
4021845900 70633284708 93.0 48388084641325160 91.6
4021900200 70633288008 93.0 48388091880385640 91.6
4022016000 70633291108 93.0 48388097238158440 91.6
4022176400 70633889208 93.0 48388441160207464 91.6
4022362300 70633890608 93.0 48388443027626216 91.6
4022371100 70633899108 93.0 48388463558772968 91.6
4022609600 70633899408 93.0 48388464719655912 91.6
4022698300 70633901708 93.0 48388468464638440 91.6
4022797700 70633919708 93.0 48388485615658472 91.6
4022872500 70633921508 93.0 48388487138141672 91.6
4023037600 70633924008 93.0 48388488706773352 91.6
4023082900 70633925608 93.0 48388490014421352 91.6
4023092800 70634546008 93.0 48389129688052072 91.6
4023357800 70634546208 93.0 48389129698292072 91.6
4023430100 70634547608 93.0 48389129944052072 91.6
4023787600 70634549008 93.0 48389131331289704 91.6
4023803000 70634574208 93.0 48389142688982632 91.6
4024112000 70634575808 93.0 48389144364451432 91.6
4024203100 70634577708 93.0 48389144963491432 91.6
4024213400 70634578608 93.0 48389145672700392 91.6
4024298600 70634583208 93.0 48389147928510440 91.6
4024366800 70634593008 93.0 48389166225389544 91.6
4024575700 70634660708 93.0 48389207781513192 91.6
4024626700 70634661408 93.0 48389208782370792 91.6
4024629500 70634685008 93.0 48389216368276456 91.6
4024824100 70634716108 93.0 48389248548490216 91.6
4025190900 70634758908 93.0 48389286235524072 91.6
4025423000 70634759808 93.0 48389286567221768 91.6
4025475800 70634760808 93.0 48389287642131336 91.6
4025518300 70634762108 93.0 48389288813769096 91.6
4025525100 70635258008 93.0 48389735519531400 91.6
4025749300 70635273508 93.0 48389748974786952 91.6
4025762700 70635280808 93.0 48389758907822472 91.6
4025777100 70635281008 93.0 48389758930350472 91.6
4025860000 70635286308 93.0 48389762512824200 91.6
4025886200 70635290008 93.0 48389768938833800 91.6
4025934300 70635312008 93.0 48389792317009800 91.6
4025956400 70635313208 93.0 48389793878405000 91.6
4026061200 70635314008 93.0 48389794099793800 91.6
4026248500 70635314308 93.0 48389794465157000 91.6
4026253300 70635359008 93.0 48389831227502472 91.6
4026289500 70635363108 93.0 48389833335918472 91.6
4026403300 70635363708 93.0 48389833356603272 91.6
4026411400 70635364908 93.0 48389834200584072 91.6
4026444500 70635365408 93.0 48389834287419272 91.6
4026566000 70635375708 93.0 48389843312620424 91.6
4026662400 70635376708 93.0 48389844015620488 91.6
4027022500 70635440308 93.0 48389890970440072 91.6
4027279700 70635443108 93.0 48389895687109512 91.6
4027327400 70635443408 93.0 48389895904851512 91.6
4027381700 70635476108 93.0 48389925296899640 91.6
4027406200 70635477808 93.0 48389927177136312 91.6
4027439800 70635478008 93.0 48389927257417912 91.6
4027454800 70635479608 93.0 48389927615408312 91.6
4027503800 70635479708 93.0 48389927620733112 91.6
4027556000 70635481808 93.0 48389929001285048 91.6
4027708400 70635606508 93.0 48390026654029240 91.6
4027817600 70635610708 93.0 48390029331379640 91.6
4027835800 70635624508 93.0 48390047211742648 91.6
4028079200 70635671008 93.0 48390070589939128 91.6
4028120200 70635675208 93.0 48390073147686328 91.6
4028173700 70635681208 93.0 48390083050908088 91.6
4028218300 70635683008 93.0 48390084032719288 91.6
4028224400 70635695008 93.0 48390088030263480 91.6
4028698100 70635700708 93.0 48390092903118520 91.6
4028775200 70635701508 93.0 48390093015963320 91.6
4028943700 70635702408 93.0 48390093364328120 91.6
4029283600 70635723408 93.0 48390119133886136 91.6
4029360600 70635724208 93.0 48390120648177336 91.6
4029365900 70635724408 93.0 48390120669886136 91.6
4029457400 70635730208 93.0 48390122693310136 91.6
4029621400 70635731108 93.0 48390122902615736 91.6
4029859700 70635731508 93.0 48390123487524536 91.6
4029924000 70635732408 93.0 48390123838346936 91.6
4030043100 70635789308 93.0 48390159907575480 91.6
4030053200 70635789508 93.0 48390159912900280 91.6
4030075100 70635803908 93.0 48390168834051768 91.6
4030078000 70635804208 93.0 48390168970653368 91.6
4030225400 70635804808 93.0 48390170435178168 91.6
4030343500 70635805508 93.0 48390171067190968 91.6
4030425700 70635809108 93.0 48390175676674744 91.6
4030539400 70635812308 93.0 48390181806269624 91.6
4030598600 70635816808 93.0 48390186977362616 91.6
4030635200 70635825908 93.0 48390190501970616 91.6
4030665700 70635826208 93.0 48390190715372216 91.6
4031011200 70635828408 93.0 48390191861842616 91.6
4031018700 70635829308 93.0 48390192667525816 91.6
4031335700 70635829608 93.0 48390192703570616 91.6
4031489900 70635831608 93.0 48390195586459064 91.6
4031588300 70638285508 93.0 48395286822446520 91.6
4031656600 70638286208 93.0 48395286995912120 91.6
4031663100 70638289208 93.0 48395288197473720 91.6
4031954900 70638297308 93.0 48395301299982776 91.6
4031981200 70638300808 93.0 48395303974814136 91.6
4032186800 70638302908 93.0 48395306169008568 91.6
4032190400 70638303708 93.0 48395306269565368 91.6
4032193900 70638345508 93.0 48395348337058232 91.6
4032461000 70638354108 93.0 48395353619725240 91.6
4032473000 70638358208 93.0 48395357665529784 91.6
4032754600 70638358508 93.0 48395357707718584 91.6
4033133300 70638363408 93.0 48395359531872184 91.6
4033139800 70638365108 93.0 48395360752108344 91.6
4033142900 70638408308 93.0 48395393538589496 91.6
4033154500 70638412408 93.0 48395400187677496 91.6
4034144600 70638414808 93.0 48395403346922296 91.6
4034395600 70638540508 93.0 48395430188032824 91.6
4034416700 70638560108 93.0 48395436753862968 91.6
4034502700 70638568108 93.0 48395444570472760 91.6
4034597700 70638621108 93.0 48395523965149496 91.6
4034641500 70638663608 93.0 48395562148954424 91.6
4035352800 70638664808 93.0 48395562754957624 91.6
4035607100 70638671108 93.0 48395570885236536 91.6
4035627800 70638671508 93.0 48395570999310136 91.6
4035772400 70638682508 93.0 48395578400167736 91.6
4036091400 70638706108 93.0 48395598290698040 91.6
4036258000 70638706908 93.0 48395598384906040 91.6
4036424700 70638707608 93.0 48395599213731640 91.6
4036646800 70638741308 93.0 48395635442646840 91.6
4036797100 70638836208 93.0 48395701636960056 91.6
4036810400 70638836908 93.0 48395701904019256 91.6
4037763700 70638838808 93.0 48395704204013880 91.6
4037838400 70638848408 93.0 48395711459005752 91.6
4038575900 70638849108 93.0 48395711597040952 91.6
4038967300 70638918808 93.0 48395756822275384 91.6
4039774800 70638919808 93.0 48395757080576376 91.6
4040002900 70638920408 93.0 48395757295616376 91.6
4040501800 70638924508 93.0 48395767347693944 91.6
4040747800 70638925208 93.0 48395767550036344 91.6
4040813900 70638926008 93.0 48395768747663224 91.6
4041394100 70638926408 93.0 48395768768348024 91.6
4042160900 70638942908 93.0 48395781566267256 91.6
4042175900 70638943508 93.0 48395781661704056 91.6
4042221500 70638943608 93.0 48395781667028856 91.6
4042913900 70638946708 93.0 48395785272498552 91.6
4042993200 70638959808 93.0 48395793134172024 91.6
4044324400 70638963208 93.0 48395795048437624 91.6
4044748100 70638969108 93.0 48395800345709944 91.6
4045843600 70638970608 93.0 48395802252809080 91.6
4045935000 70638971308 93.0 48395802474402680 91.6
4047174700 70639028208 93.0 48395832879770488 91.6
4047343100 70639038508 93.0 48395848804112248 91.6
4047563000 70639038908 93.0 48395848978397048 91.6
4048221000 70639040008 93.0 48395850067246712 91.6
4049713000 70639047308 93.0 48395862172700280 91.6
4050042800 70639053308 93.0 48395865763987064 91.6
4051268100 70639458708 93.0 48396205712162424 91.6
4051321400 70639459208 93.0 48396205915119224 91.6
4051485400 70639464608 93.0 48396226891443832 91.6
4051500600 70639465208 93.0 48396228066586232 91.6
4052164000 70639472108 93.0 48396233364762232 91.6
4052707600 70639472908 93.0 48396233471463032 91.6
4053127500 70639474908 93.0 48396234820071032 91.6
4053818200 70639479708 93.0 48396237380480632 91.6
4054924000 70639746408 93.0 48396454671543928 91.6
4055256600 70639820708 93.0 48396508436029048 91.6
4055657800 70639821708 93.0 48396509982473848 91.6
4056086100 70639822108 93.0 48396510176829048 91.6
4056800800 70639831108 93.0 48396518874591864 91.6
4057649700 70639833208 93.0 48396520329277048 91.6
4057861100 70639834408 93.0 48396521368432248 91.6
4058271200 70639842908 93.0 48396528368291448 91.6
4058539000 70640271908 93.0 48398043943472760 91.6
4059300800 70640273108 93.0 48398044272381560 91.6
4059326900 70640273208 93.0 48398044301053560 91.6
4059692500 70640275408 93.0 48398047889763960 91.6
4059745700 70640275808 93.0 48398048068963960 91.6
4060015400 70640291908 93.0 48398078874941048 91.6
4060208800 70640296008 93.0 48398081381627000 91.6
4060636900 70640298408 93.0 48398087572193400 91.6
4061042200 70640303808 93.0 48398092498067576 91.6
4061290900 70640304708 93.0 48398092861177976 91.6
4061337300 70640337108 93.0 48398123074445432 91.6
4062244400 70640338708 93.0 48398123622490232 91.6
4062551100 70640369408 93.0 48398145801672824 91.6
4062801200 70640369708 93.0 48398145817032824 91.6
4063115500 70640374208 93.0 48398152611139704 91.6
4063320100 70640375908 93.0 48398153211818104 91.6
4063330100 70640399308 93.0 48398175387111544 91.6
4064963600 70640399808 93.0 48398175605223544 91.6
4065102000 70640400508 93.0 48398175771930744 91.6
4065124200 70640401008 93.0 48398176048205944 91.6
4065154900 70640403908 93.0 48398178256760440 91.6
4065947600 70640404708 93.0 48398179372715640 91.6
4067785700 70640472008 93.0 48398228216282744 91.6
4067939400 70640472508 93.0 48398228439309944 91.6
4068060200 70640473408 93.0 48398231432115832 91.6
4068585300 70640474308 93.0 48398231666816632 91.6
4068635000 70640475808 93.0 48398232660506232 91.6
4068718000 70640478708 93.0 48398235192161400 91.6
4068837000 70640478908 93.0 48398235362555000 91.6
4069663700 70640480108 93.0 48398236400846008 91.6
4069758700 70640509308 93.0 48398258507377848 91.6
4070057900 70640511008 93.0 48398259096997048 91.6
4070165100 70640511708 93.0 48398259413822648 91.6
4070926100 70640521208 93.0 48398266779721400 91.6
4071971200 70640523108 93.0 48398268648726200 91.6
4072092400 70640524708 93.0 48398269432086200 91.6
4072474200 70640525508 93.0 48398269687062200 91.6
4072591300 70640536008 93.0 48398273985950904 91.6
4072593300 70640552608 93.0 48398327176004792 91.6
4073988600 70640553208 93.0 48398327610180792 91.6
4076545300 70640573108 93.0 48398339410812088 91.6
4077101400 70640573408 93.0 48398339558268088 91.6
4077594600 70640628408 93.0 48398381314063544 91.6
4078321700 70640644208 93.0 48398403323307192 91.6
4078792300 70642107508 93.0 48399730105001144 91.6
4079257200 70642112608 93.0 48399735609108664 91.6
4080686900 70642113808 93.0 48399735861627064 91.6
4081506900 70642115008 93.0 48399736550779064 91.6
4082615200 70642115508 93.0 48399736727931064 91.6
4083205800 70642124908 93.0 48399743663360184 91.6
4083571200 70642150908 93.0 48399768653863096 91.6
4083767600 70642156808 93.0 48399774334006456 91.6
4083960000 70642157408 93.0 48399774542902456 91.6
4084670600 70642158208 93.0 48399774914000056 91.6
4085413800 70642185408 93.0 48399783635806392 91.6
4086108800 70642205008 93.0 48399809216854200 91.6
4087073300 70642205608 93.0 48399809426979000 91.6
4088023800 70642206508 93.0 48399809500911800 91.6
4088044600 70642208008 93.0 48399810102614200 91.6
4088457200 70642209108 93.0 48399810591881400 91.6
4089047600 70642209508 93.0 48399811195427000 91.6
4089202800 70642217008 93.0 48399816687548600 91.6
4089528000 70642217408 93.0 48399816745097400 91.6
4090501100 70642217508 93.0 48399816753699000 91.6
4091474000 70642217808 93.0 48399816768444600 91.6
4091542300 70642223008 93.0 48399819217647800 91.6
4091547000 70642227608 93.0 48399822082390200 91.6
4091580400 70642231508 93.0 48399827885323448 91.6
4092688900 70642236308 93.0 48399830820213944 91.6
4092704500 70642279908 93.0 48399893577454776 91.6
4092847100 70642280108 93.0 48399893663265976 91.6
4093177300 70642283008 93.0 48399894346478776 91.6
4093529900 70642331808 93.0 48399964822893752 91.6
4093996900 70642332908 93.0 48399966296224952 91.6
4094576800 70642380008 93.0 48399994842016952 91.6
4095700900 70642380308 93.0 48399994857376952 91.6
4095708900 70642381808 93.0 48399996677315768 91.6
4095754500 70642398208 93.0 48400016343633080 91.6
4095956400 70642398408 93.0 48400016353873080 91.6
4096798600 70642411808 93.0 48400030422145208 91.6
4097073200 70642414108 93.0 48400032561076408 91.6
4097489900 70642416708 93.0 48400033899034808 91.6
4098063900 70642476408 93.0 48400049459878072 91.6
4098173700 70642490308 93.0 48400062356837560 91.6
4099141100 70642490708 93.0 48400062380799160 91.6
4099389500 70642504608 93.0 48400072475375800 91.6
4100295400 70642504708 93.0 48400072485411000 91.6
4100639100 70642506308 93.0 48400075274377400 91.6
4101313900 70642512308 93.0 48400083505019576 91.6
4101980300 70642530308 93.0 48400093993866936 91.6
4102440900 70642533108 93.0 48400096007870136 91.6
4103561400 70642535508 93.0 48400097643320376 91.6
4104074600 70642548908 93.0 48400108896476216 91.6
4104208800 70642550108 93.0 48400109519887416 91.6
4104596600 70642568708 93.0 48400141217098808 91.6
4104858500 70642568908 93.0 48400141842967608 91.6
4105264300 70642569208 93.0 48400141943934008 91.6
4105303000 70642569908 93.0 48400143126371000 91.6
4105703800 70642574408 93.0 48400148293065400 91.6
4105728000 70642576508 93.0 48400149899516600 91.6
4106783900 70642578008 93.0 48400151407269048 91.6
4107360000 70642578408 93.0 48400151540593848 91.6
4107366100 70642611008 93.0 48400179565753528 91.6
4107621900 70642617308 93.0 48400185250182328 91.6
4108017700 70642625008 93.0 48400191393363640 91.6
4108418300 70642627708 93.0 48400192863622840 91.6
4108547600 70642648108 93.0 48400208097010360 91.6
4108584800 70642649108 93.0 48400209801765560 91.6
4108664800 70642649508 93.0 48400209858904760 91.6
4109270400 70642652708 93.0 48400211190104760 91.6
4109333200 70642653308 93.0 48400211400434360 91.6
4109587600 70642653708 93.0 48400211425215160 91.6
4109755900 70642654108 93.0 48400211862667960 91.6
4110049900 70642674208 93.0 48400223311785656 91.6
4110342400 70642675308 93.0 48400224689065656 91.6
4110823400 70642718908 93.0 48400292588261048 91.6
4111043800 70642756708 93.0 48400337867239096 91.6
4111356500 70642757408 93.0 48400338051968696 91.6
4111456900 70642758608 93.0 48400338265370296 91.6
4111667800 70642813408 93.0 48400399029399224 91.6
4111807300 70642813608 93.0 48400399039844024 91.6
4111849400 70642825908 93.0 48400411640948408 91.6
4111940900 70642892708 93.0 48400427462931128 91.6
4112187800 70642916108 93.0 48400449417681592 91.6
4112513000 70642919308 93.0 48400455123276472 91.6
4112883500 70642919408 93.0 48400455128396472 91.6
4113679900 70642924608 93.0 48400460547199672 91.6
4113683300 70642926308 93.0 48400461058175672 91.6
4113887500 70642944108 93.0 48400481854747320 91.6
4114327000 70642946508 93.0 48400485211116984 91.6
4114718700 70642946608 93.0 48400485288736184 91.6
4114874800 70642947808 93.0 48400485651846584 91.6
4115408600 70642954208 93.0 48400491967264184 91.6
4115665900 70642954408 93.0 48400492051641784 91.6
4115867700 70642954908 93.0 48400492252140984 91.6
4116302000 70642960208 93.0 48400494781625784 91.6
4116524300 70642963808 93.0 48400496141497784 91.6
4117186700 70643003808 93.0 48400507327038904 91.6
4117221600 70643005408 93.0 48400509353248440 91.6
4117365400 70643006408 93.0 48400509656352440 91.6
4117681100 70643007008 93.0 48400509791315640 91.6
4117922900 70643007208 93.0 48400509873235640 91.6
4118263600 70643111008 93.0 48400567414982328 91.6
4118403600 70643178708 93.0 48400639726732984 91.6
4118514400 70643184808 93.0 48400644986133176 91.6
4118705100 70643228808 93.0 48400666703446712 91.6
4118729500 70643229908 93.0 48400667430281912 91.6
4118758700 70643230908 93.0 48400667623613112 91.6
4119390600 70643231208 93.0 48400667731542712 91.6
4119407200 70643236708 93.0 48400674575730872 91.6
4119487500 70643236808 93.0 48400674580850872 91.6
4119716000 70643239308 93.0 48400675432614072 91.6
4119759000 70643245308 93.0 48400681525661368 91.6
4120120000 70643251208 93.0 48400687955100856 91.6
4120810100 70643376708 93.0 48400883911853240 91.6
4120955700 70643377308 93.0 48400884008314040 91.6
4121239100 70643379508 93.0 48400887557907640 91.6
4121782500 70643383408 93.0 48400890899488696 91.6
4122025100 70643383608 93.0 48400890962362296 91.6
4122176900 70643384008 93.0 48400891037933496 91.6
4122266200 70643406208 93.0 48400912133238712 91.6
4122273000 70643590408 93.0 48401538501291960 91.6
4122290000 70643591608 93.0 48401539073298360 91.6
4122385700 70643637208 93.0 48401561365706680 91.6
4122620900 70643666008 93.0 48401588236312504 91.6
4123073300 70643666308 93.0 48401588554776504 91.6
4123556800 70643667808 93.0 48401589458558904 91.6
4123611700 70643668208 93.0 48401589875736504 91.6
4124087500 70643671808 93.0 48401590814744504 91.6
4124129900 70643672408 93.0 48401590882328504 91.6
4124144000 70643672708 93.0 48401591001726904 91.6
4124221200 70643679408 93.0 48401608273141688 91.6
4124263200 70643692808 93.0 48401624549658552 91.6
4124398000 70643693908 93.0 48401625037901752 91.6
4124410800 70643695908 93.0 48401627386752952 91.6
4124516900 70643696308 93.0 48401627585204152 91.6
4125565500 70643709808 93.0 48401670288011192 91.6
4126256400 70643710308 93.0 48401670402084792 91.6
4126741600 70643712908 93.0 48401673099915192 91.6
4126766800 70643713008 93.0 48401673105035192 91.6
4126767100 70643713608 93.0 48401673785790392 91.6
4126939900 70643714808 93.0 48401674006564792 91.6
4126980600 70643751708 93.0 48401706680491960 91.6
4127046300 70643780108 93.0 48401750091878328 91.6
4127291500 70643780408 93.0 48401750107238328 91.6
4127507000 70643780708 93.0 48401750125260728 91.6
4127531000 70643786008 93.0 48401753650483128 91.6
4127624800 70643786108 93.0 48401753661747128 91.6
4127825700 70643794108 93.0 48401763643595704 91.6
4127905300 70643795208 93.0 48401764595710904 91.6
4127938000 70643796008 93.0 48401764796210104 91.6
4128282100 70643804508 93.0 48401794303783864 91.6
4128308500 70643810108 93.0 48401805016005560 91.6
4128585500 70643824408 93.0 48401821340673976 91.6
4128589400 70643831108 93.0 48401827368453048 91.6
4128633300 70643833208 93.0 48401831406753976 91.6
4128687300 70643833908 93.0 48401831639611576 91.6
4128748600 70643834008 93.0 48401831644526776 91.6
4130070500 70643834708 93.0 48401832302958776 91.6
4130136900 70643835008 93.0 48401832468846776 91.6
4130174600 70643835608 93.0 48401832851413176 91.6
4130573900 70643841608 93.0 48401838506145976 91.6
4131136600 70643844108 93.0 48401839523071800 91.6
4131241000 70643860808 93.0 48401844914610488 91.6
4131313000 70643871208 93.0 48401848145521464 91.6
4131328200 70643871408 93.0 48401848252631864 91.6
4131417000 70646844708 93.0 48404999202278200 91.6
4131442400 70646852008 93.0 48405003119869240 91.6
4131455700 70646853108 93.0 48405003800829240 91.6
4131575600 70646855508 93.0 48405006856854840 91.6
4131764600 70646876208 93.0 48405038838211896 91.6
4131968900 70647273008 93.0 48405145292186936 91.6
4132564900 70647283708 93.0 48405159146910008 91.6
4132703900 70647301308 93.0 48405168329403704 91.6
4132709900 70647316808 93.0 48405197897399608 91.6
4132872000 70647322008 93.0 48405204528414008 91.6
4133259500 70647327908 93.0 48405211708660024 91.6
4133828300 70647328308 93.0 48405211885197624 91.6
4134067700 70647329008 93.0 48405212517824824 91.6
4134172100 70647388408 93.0 48405272193915192 91.6
4134729300 70647388608 93.0 48405272212142392 91.6
4135057100 70647389108 93.0 48405272430868792 91.6
4135352600 70647517308 93.0 48405349907093816 91.6
4135356300 70647519908 93.0 48405357851695416 91.6
4135425100 70647529808 93.0 48405364896174904 91.6
4135767400 70647531408 93.0 48405365995131704 91.6
4135786600 70647531808 93.0 48405366074798904 91.6
4135795400 70647558008 93.0 48405389505045304 91.6
4135839900 70647560908 93.0 48405397780194104 91.6
4135946800 70647561808 93.0 48405399202912312 91.6
4136165600 70647562308 93.0 48405399889606712 91.6
4136653000 70648450908 93.0 48406308289411128 91.6
4136680300 70648461808 93.0 48406314229141048 91.6
4136735000 70648472608 93.0 48406320234106424 91.6
4137071300 70648475308 93.0 48406333031648824 91.6
4137353300 70648475508 93.0 48406333080391224 91.6
4137464100 70648478008 93.0 48406336295178808 91.6
4137606600 70648478608 93.0 48406336389591608 91.6
4137810100 70648479008 93.0 48406346956295736 91.6
4138184000 70648494508 93.0 48406362514407992 91.6
4138440600 70648496408 93.0 48406363411137016 91.6
4138844100 70648502808 93.0 48406373572005368 91.6
4138881700 70648521208 93.0 48406396645524984 91.6
4139251200 70648521308 93.0 48406396645934584 91.6
4139582000 70648521508 93.0 48406396815099384 91.6
4140170900 70648619708 93.0 48406483572049400 91.6
4140273400 70648620408 93.0 48406483991684600 91.6
4140324300 70648621408 93.0 48406486847017976 91.6
4140410900 70648633608 93.0 48406500723540984 91.6
4140480200 70648647308 93.0 48406520026848248 91.6
4140824600 70648647708 93.0 48406520092384248 91.6
4141373800 70648658608 93.0 48406532265482232 91.6
4142615200 70648658808 93.0 48406532282685432 91.6
4142615700 70648687408 93.0 48406557303085048 91.6
4143106900 70648687808 93.0 48406557540857848 91.6
4143270500 70648706808 93.0 48406571345112056 91.6
4143401500 70648719208 93.0 48406577915498488 91.6
4143671100 70648727508 93.0 48406587762234360 91.6
4144119100 70648727708 93.0 48406587769402360 91.6
4144252500 70648728308 93.0 48406588560544760 91.6
4145146400 70648731608 93.0 48406593205399032 91.6
4145242700 70648731808 93.0 48406593234275832 91.6
4145664800 70648733408 93.0 48406594290519224 91.6
4145700700 70648736808 93.0 48406597914068152 91.6
4146581700 70648771508 93.0 48406665078637752 91.6
4146743800 70648774708 93.0 48406670339208376 91.6
4147299400 70648778808 93.0 48406674746504376 91.6
4147473400 70648779308 93.0 48406674835797176 91.6
4147588000 70648819608 93.0 48406697337173176 91.6
4148215500 70648824008 93.0 48406702275522744 91.6
4149084400 70650715908 93.0 48409015393284280 91.6
4149107000 70650721208 93.0 48409020041538744 91.6
4149275600 70650741408 93.0 48409039954214072 91.6
4149637400 70650741908 93.0 48409040105151672 91.6
4149654500 70650742108 93.0 48409040327154872 91.6
4149791600 70650742508 93.0 48409040543833272 91.6
4150301100 70650742708 93.0 48409040585407672 91.6
4150386700 70650759308 93.0 48409053429037240 91.6
4150669600 70650760508 93.0 48409054179435256 91.6
4150682200 70650760608 93.0 48409054184555256 91.6
4151041000 70650761208 93.0 48409054271595256 91.6
4151188600 70650789008 93.0 48409126777979640 91.6
4151382000 70650797108 93.0 48409134082721528 91.6
4151574800 70650815108 93.0 48409149978711800 91.6
4151739000 70650815508 93.0 48409150319089400 91.6
4151828300 70650826808 93.0 48409160125652728 91.6
4152156800 70650828008 93.0 48409161673531128 91.6
4152282200 70650829608 93.0 48409163857518328 91.6
4152488200 70650902408 93.0 48409433810689784 91.6
4152805000 70650911908 93.0 48409437990982136 91.6
4153223900 70650912008 93.0 48409437996102136 91.6
4153284500 70650922908 93.0 48409449503795704 91.6
4153305900 70650931308 93.0 48409453034503928 91.6
4153353000 70650932608 93.0 48409453534420728 91.6
4153434200 70650933008 93.0 48409453972262936 91.6
4154244500 70651333408 93.0 48409880692035608 91.6
4154276800 70651341808 93.0 48409909896671256 91.6
4154563700 70651342908 93.0 48409910267768856 91.6
4154945000 70651343208 93.0 48409910283128856 91.6
4155209500 70651343908 93.0 48409911017041944 91.6
4156174300 70651347508 93.0 48409921150750744 91.6
4156297200 70651385408 93.0 48409941005277208 91.6
4156722400 70651408308 93.0 48409967085277208 91.6
4156796000 70651408908 93.0 48409967322640408 91.6
4156839000 70651410408 93.0 48409968394563608 91.6
4157156500 70651411208 93.0 48409968783274008 91.6
4157318200 70651411408 93.0 48409968794538008 91.6
4157396000 70651496208 93.0 48410132762005528 91.6
4157452300 70651497708 93.0 48410133051797528 91.6
4157463100 70651516308 93.0 48410147170960408 91.6
4157478500 70651516808 93.0 48410147527546904 91.6
4158399800 70651593508 93.0 48410209931593752 91.6
4158867000 70651593708 93.0 48410209941833752 91.6
4159918200 70651596608 93.0 48410211032803352 91.6
4160192600 70651597208 93.0 48410211062908952 91.6
4161034400 70651600708 93.0 48410213720078104 91.6
4161382000 70651614808 93.0 48410230960162584 91.6
4161437300 70651615308 93.0 48410231091234584 91.6
4161783000 70651618508 93.0 48410232658773784 91.6
4162277400 70651618908 93.0 48410232849032984 91.6
4162507600 70651619408 93.0 48410233244296984 91.6
4162668500 70651661308 93.0 48410383842027288 91.6
4162894900 70651661808 93.0 48410384295659288 91.6
4162942800 70651668408 93.0 48410390929137944 91.6
4163482500 70651668708 93.0 48410390982795544 91.6
4163820400 70651680808 93.0 48410399619695896 91.6
4163835000 70651683508 93.0 48410401366658712 91.6
4163865200 70651684208 93.0 48410401416220312 91.6
4164142200 70651702808 93.0 48410409798122648 91.6
4164296400 70651704308 93.0 48410410145053848 91.6
4165157800 70651705408 93.0 48410410709687448 91.6
4166259200 70651707408 93.0 48410416653293720 91.6
4166290300 70651724408 93.0 48410442150867096 91.6
4167043700 70651724508 93.0 48410442152505496 91.6
4167220600 70651724808 93.0 48410442175647896 91.6
4167277600 70651725108 93.0 48410442403180696 91.6
4167532200 70651732808 93.0 48410447156527256 91.6
4168121300 70651734308 93.0 48410448742088856 91.6
4168143200 70651736908 93.0 48410449635016856 91.6
4168366300 70651738808 93.0 48410451326255256 91.6
4168706600 70651740008 93.0 48410452152008856 91.6
4168710300 70651740208 93.0 48410452189692056 91.6
4169295300 70651740808 93.0 48410452875157656 91.6
4169329400 70651741108 93.0 48410453065212056 91.6
4170997300 70651741508 93.0 48410453135253656 91.6
4171568200 70651762808 93.0 48410524994732184 91.6
4171761500 70652561408 93.0 48411057934270616 91.6
4171975700 70652561508 93.0 48411057950654616 91.6
4172254800 70652564608 93.0 48411062718035608 91.6
4172330000 70652581208 93.0 48411074192107160 91.6
4172469800 70652585008 93.0 48411077727546008 91.6
4172478300 70652588808 93.0 48411079304959896 91.6
4172826800 70652687408 93.0 48411152032266136 91.6
4174351600 70652687908 93.0 48411152058070936 91.6
4174501100 70652705508 93.0 48411173102167960 91.6
4174782700 70652706108 93.0 48411173155620760 91.6
4175000700 70652706208 93.0 48411173160740760 91.6
4175409500 70652730108 93.0 48411191163639704 91.6
4175748100 70652731608 93.0 48411191763703704 91.6
4175931200 70652731708 93.0 48411191768823704 91.6
4176423100 70652732108 93.0 48411191857706904 91.6
4176672300 70652752008 93.0 48411244929742744 91.6
4176932400 70652758008 93.0 48411261785179032 91.6
4177306500 70652758308 93.0 48411261790708632 91.6
4177832100 70652758908 93.0 48411262115316632 91.6
4178274000 70652768508 93.0 48411272534716312 91.6
4178354100 70652768708 93.0 48411273021116312 91.6
4179868600 70652769108 93.0 48411273389346712 91.6
4180170500 70652783708 93.0 48411289760860056 91.6
4180913800 70652783908 93.0 48411289787893656 91.6
4181160300 70652784208 93.0 48411290089768856 91.6
4181301600 70652798308 93.0 48411314065168280 91.6
4181464200 70652807708 93.0 48411319402703256 91.6
4181494300 70652852608 93.0 48411338016694680 91.6
4182234800 70652854308 93.0 48411338734109080 91.6
4182830600 70652872708 93.0 48411345873526168 91.6
4184122800 70652873108 93.0 48411346032246168 91.6
4184167300 70652873308 93.0 48411346037980568 91.6
4185630600 70652874408 93.0 48411346896789400 91.6
4186429200 70652875008 93.0 48411347295125400 91.6
4187093900 70652883608 93.0 48411371433854872 91.6
4187236800 70652921408 93.0 48411388051308440 91.6
4188315900 70652922708 93.0 48411388713017240 91.6
4191175600 70653542408 93.0 48412308929814424 91.6
4191277500 70653602108 93.0 48412327341057944 91.6
4191325100 70653614208 93.0 48412333794459544 91.6
4191351100 70653615008 93.0 48412334128693144 91.6
4192014100 70653618308 93.0 48412335956533144 91.6
4192182600 70653618608 93.0 48412336184680344 91.6
4192452400 70653618808 93.0 48412336268238744 91.6
4193080900 70653619308 93.0 48412336433717144 91.6
4194869100 70653657808 93.0 48412372974153624 91.6
4194902400 70653674708 93.0 48412391099238296 91.6
4195107700 70653677908 93.0 48412393959355544 91.6
4195472700 70653678208 93.0 48412393978811544 91.6
4196003500 70653679508 93.0 48412394659157144 91.6
4196385700 70653693408 93.0 48412403303744664 91.6
4197853700 70653737208 93.0 48412426113023128 91.6
4198629200 70653738308 93.0 48412426525285528 91.6
4198946300 70653742108 93.0 48412431356754072 91.6
4199082900 70653743208 93.0 48412432074987672 91.6
4200271000 70653743308 93.0 48412432080107672 91.6
4200881000 70653757608 93.0 48412448079723672 91.6
4200999900 70653758708 93.0 48412449011154072 91.6
4201083900 70653759008 93.0 48412449172536472 91.6
4201168900 70653773508 93.0 48412464303466648 91.6
4201238300 70653774008 93.0 48412464473041048 91.6
4201395300 70653775208 93.0 48412466075601048 91.6
4201513900 70653775408 93.0 48412466359658648 91.6
4201530600 70653795008 93.0 48412490433835160 91.6
4201709800 70653797308 93.0 48412491025482840 91.6
4201726400 70653797808 93.0 48412491051082840 91.6
4201781700 70653798408 93.0 48412491301758040 91.6
4201846500 70653808008 93.0 48412500635022424 91.6
4201884400 70653813808 93.0 48412511358653528 91.6
4202098500 70653814108 93.0 48412511407395928 91.6
4202262700 70653828008 93.0 48412515849128536 91.6
4202574000 70653832008 93.0 48412529364787800 91.6
4202940700 70653832208 93.0 48412529396941400 91.6
4203160400 70653832308 93.0 48412529402061400 91.6
4203558900 70653835208 93.0 48412531379610200 91.6
4203691600 70653841208 93.0 48412533561306456 91.6
4203702900 70653841608 93.0 48412533608410456 91.6
4203752400 70654002308 93.0 48412635862633816 91.6
4204094500 70655075408 93.0 48413629040332120 91.6
4204282100 70655209908 93.0 48413755831135576 91.6
4204497300 70655221408 93.0 48413766592037208 91.6
4204547800 70655226208 93.0 48413770546397272 91.6
4204685600 70655226608 93.0 48413771563649176 91.6
4204751500 70655226808 93.0 48413771796097176 91.6
4205262500 70655227008 93.0 48413771849140376 91.6
4205646500 70655263308 93.0 48413795651516568 91.6
4205680500 70655272108 93.0 48413798672333464 91.6
4205689800 70655287608 93.0 48413837380422296 91.6
4206258900 70655287808 93.0 48413837600787096 91.6
4206269600 70655301408 93.0 48413847431016088 91.6
4206625000 70655304908 93.0 48413859738603160 91.6
4206668600 70655321508 93.0 48413876770541208 91.6
4206817100 70655391208 93.0 48413929204842136 91.6
4207356300 70655399408 93.0 48413957614259864 91.6
4207447700 70655402808 93.0 48413958811111064 91.6
4207776500 70655406408 93.0 48413960174836504 91.6
4207849600 70655480708 93.0 48414149683157784 91.6
4208152900 70655481908 93.0 48414150211746584 91.6
4208234300 70655483308 93.0 48414151337122584 91.6
4208561500 70655485208 93.0 48414152191548184 91.6
4208743900 70655486008 93.0 48414152864930584 91.6
4208755400 70655487408 93.0 48414153508412184 91.6
4208833800 70655488008 93.0 48414153538927384 91.6
4208852600 70655499008 93.0 48414182438628120 91.6
4209139700 70655499108 93.0 48414182757706520 91.6
4209224400 70655500908 93.0 48414183248407320 91.6
4209338200 70655501208 93.0 48414183269296920 91.6
4209388000 70655502208 93.0 48414183457508120 91.6
4209403700 70655506108 93.0 48414187501079320 91.6
4209937500 70655506608 93.0 48414187943856920 91.6
4210270900 70655511608 93.0 48414192596558104 91.6
4210386500 70656006108 93.0 48414639002886424 91.6
4210513400 70656006508 93.0 48414639539257624 91.6
4210803600 70656007908 93.0 48414642003357976 91.6
4211029900 70656008008 93.0 48414642008477976 91.6
4211792700 70656009608 93.0 48414643555537176 91.6
4211837000 70656013908 93.0 48414645107105816 91.6
4212032200 70656023208 93.0 48414672790933528 91.6
4212055300 70656024708 93.0 48414673331605528 91.6
4212295300 70656025308 93.0 48414673515106328 91.6
4212312700 70656035208 93.0 48414676925845528 91.6
4212596000 70656035608 93.0 48414677058351128 91.6
4213340300 70656039308 93.0 48414678700722328 91.6
4213632500 70656040308 93.0 48414679010379928 91.6
4213690600 70656050108 93.0 48414690301537432 91.6
4213903400 70656052208 93.0 48414692811440792 91.6
4213911600 70656068108 93.0 48414704749758104 91.6
4213919000 70656123108 93.0 48414806405482136 91.6
4214001500 70656123208 93.0 48414806525085336 91.6
4214092000 70656149908 93.0 48414853395994264 91.6
4214181100 70656250008 93.0 48414928617338520 91.6
4214235500 70656313608 93.0 48415071374767768 91.6
4214607100 70656315908 93.0 48415072769957656 91.6
4215313900 70656316508 93.0 48415072910655256 91.6
4215395300 70656316808 93.0 48415073039679256 91.6
4215530300 70656334608 93.0 48415080070364952 91.6
4215891700 70656337008 93.0 48415082030770200 91.6
4216133500 70656340608 93.0 48415084883634200 91.6
4216170100 70656348508 93.0 48415102919346200 91.6
4216369200 70656349808 93.0 48415103791589400 91.6
4216382100 70656350108 93.0 48415103839103000 91.6
4216611600 70656352008 93.0 48415105415997208 91.6
4216759200 70656352408 93.0 48415105759856408 91.6
4216867200 70656352608 93.0 48415105862051608 91.6
4217309900 70656362808 93.0 48415117018126104 91.6
4217780300 70656378508 93.0 48415134718793496 91.6
4217811400 70656379308 93.0 48415135234479896 91.6
4217833200 70656388208 93.0 48415141345711896 91.6
4218141000 70656390308 93.0 48415150785196824 91.6
4218180600 70656393908 93.0 48415157188717336 91.6
4218286500 70656394008 93.0 48415157198547736 91.6
4218330700 70656394908 93.0 48415157569030936 91.6
4218361700 70656395208 93.0 48415157649517336 91.6
4218781700 70656395408 93.0 48415158089427736 91.6
4218804300 70656395608 93.0 48415158189165336 91.6
4219135600 70656415408 93.0 48415181823415064 91.6
4219407400 70656420908 93.0 48415200383542040 91.6
4219464200 70656421008 93.0 48415200798057240 91.6
4220419700 70656421408 93.0 48415201201922840 91.6
4220596900 70656423308 93.0 48415202070070040 91.6
4220607000 70656423508 93.0 48415202335490840 91.6
4220954500 70656423908 93.0 48415204023634456 91.6
4221772400 70656426008 93.0 48415210685375000 91.6
4222355400 70656457508 93.0 48415234618579480 91.6
4222406500 70656459408 93.0 48415241374884376 91.6
4222659600 70656460408 93.0 48415243483709976 91.6
4222915700 70656466908 93.0 48415246480957976 91.6
4222944100 70656476808 93.0 48415258148209176 91.6
4223465400 70656478708 93.0 48415258865828376 91.6
4223788900 70656482808 93.0 48415261656433176 91.6
4225218700 70656483808 93.0 48415262461092376 91.6
4225371600 70656490808 93.0 48415268114109976 91.6
4225530800 70656491108 93.0 48415268683044376 91.6
4225588300 70656495708 93.0 48415272357361176 91.6
4225906100 70656495808 93.0 48415272357565976 91.6
4226383400 70656496108 93.0 48415273896483480 91.6
4226709200 70656504708 93.0 48415286452057752 91.6
4226811100 70656529208 93.0 48415350996944536 91.6
4226885600 70656531308 93.0 48415352329578136 91.6
4226943100 70657002108 93.0 48415716488095384 91.6
4227491100 70657005408 93.0 48415719821004184 91.6
4227564100 70657005608 93.0 48415719844146584 91.6
4227797900 70657011208 93.0 48415738080820632 91.6
4228139400 70657011608 93.0 48415738360782232 91.6
4228360700 70657014808 93.0 48415742428071832 91.6
4228791200 70657015008 93.0 48415742447323032 91.6
4228915200 70657015908 93.0 48415742655604632 91.6
4229036100 70657025008 93.0 48415747764750232 91.6
4229880100 70657025108 93.0 48415747924289432 91.6
4230033900 70657025208 93.0 48415747929614232 91.6
4230517000 70657025408 93.0 48415748343924632 91.6
4230546800 70657026208 93.0 48415749834254232 91.6
4230999300 70657045308 93.0 48415756622901656 91.6
4231412600 70657082608 93.0 48415841926754712 91.6
4231641200 70657090808 93.0 48415854086754712 91.6
4231820700 70657091008 93.0 48415854337020312 91.6
4232160700 70657091708 93.0 48415854909026712 91.6
4232889600 70657112208 93.0 48415881361885592 91.6
4233354700 70657120308 93.0 48415911263299992 91.6
4233568300 70657124408 93.0 48415913850538392 91.6
4233830900 70657124608 93.0 48415913884535192 91.6
4233982400 70657128608 93.0 48415914780612184 91.6
4234385900 70659763608 93.0 48421424253195864 91.7
4234676100 70659764008 93.0 48421424601970264 91.7
4234729000 70659781408 93.0 48421452102950488 91.7
4234889600 70659790708 93.0 48421458479404632 91.7
4235125300 70660089608 93.0 48421504035010136 91.7
4235336200 70660149608 93.0 48421626868749912 91.7
4236259100 70660149708 93.0 48421626873869912 91.7
4236311500 70660149908 93.0 48421627115943512 91.7
4236413400 70660150008 93.0 48421627171853912 91.7
4236522000 70660174208 93.0 48421657538098776 91.7
4236667600 70660175908 93.0 48421659486563928 91.7
4237219900 70660178208 93.0 48421662930480728 91.7
4237401600 70660178808 93.0 48421663010352728 91.7
4237600200 70660211808 93.0 48421686070464088 91.7
4238099300 70660211908 93.0 48421686106508888 91.7
4238293000 70660316608 93.0 48421759832190552 91.7
4238864100 70660318508 93.0 48421764501884504 91.7
4239302500 70660318708 93.0 48421764512124504 91.7
4239370500 70660321408 93.0 48421764842466904 91.7
4239398000 70660332308 93.0 48421781176770136 91.7
4239614700 70660332508 93.0 48421781214248536 91.7
4239695400 70660333008 93.0 48421781245582936 91.7
4239956200 70660385608 93.0 48421806062200408 91.7
4240115100 70660387008 93.0 48421806598366808 91.7
4240188000 70660387308 93.0 48421806703019608 91.7
4240344500 70660391808 93.0 48421811910059608 91.7
4240858500 70660392008 93.0 48421811989317208 91.7
4241050600 70660398208 93.0 48421817670636120 91.7
4241241900 70660398508 93.0 48421817704632920 91.7
4241373900 70660403408 93.0 48421826203711064 91.7
4241411500 70660405708 93.0 48421828589426264 91.7
4241479700 70660406408 93.0 48421828805695064 91.7
4241936500 70660407408 93.0 48421829170443864 91.7
4242481500 70660410508 93.0 48421833601718872 91.7
4242960500 70660411108 93.0 48421833831959272 91.7
4243152700 70660411908 93.0 48421833955044072 91.7
4243278700 70660419108 93.0 48421837249252072 91.7
4243332900 70660444508 93.0 48421850721603304 91.7
4243359100 70660444908 93.0 48421850765840104 91.7
4243747400 70660446508 93.0 48421851665936104 91.7
4243907900 70660475008 93.0 48421879125354216 91.7
4244097500 70660504508 93.0 48421895745196776 91.7
4244558700 70660508108 93.0 48421897053147240 91.7
4244641300 70660508708 93.0 48421897082228840 91.7
4244650000 70660509108 93.0 48421897379598440 91.7
4244740100 70660514408 93.0 48421908885474408 91.7
4245247300 70660516208 93.0 48421910203567208 91.7
4245260400 70660516408 93.0 48421910594120808 91.7
4245288900 70660519608 93.0 48421911777455208 91.7
4245606000 70660526408 93.0 48421916598882920 91.7
4245664400 70660627808 93.0 48422220144988776 91.7
4245894900 70660629708 93.0 48422220839260776 91.7
4246031000 70660630708 93.0 48422222799325032 91.7
4246155600 70660630908 93.0 48422222872233832 91.7
4246271000 70660633608 93.0 48422234264029032 91.7
4246282200 70660633708 93.0 48422234275293032 91.7
4246376000 70660641308 93.0 48422242892299112 91.7
4247046700 70660641608 93.0 48422242907659112 91.7
4247498400 70660670008 93.0 48422263975611240 91.7
4247529900 70660670108 93.0 48422263998548840 91.7
4247729200 70660745208 93.0 48422398940646248 91.7
4247946300 70660749308 93.0 48422403731694440 91.7
4247989900 70660753108 93.0 48422407549736296 91.7
4248113900 70660780308 93.0 48422428311496040 91.7
4248223200 70660781008 93.0 48422428524078440 91.7
4248389400 70660781408 93.0 48422428783764840 91.7
4248502100 70660782208 93.0 48422429846110248 91.7
4248701700 70660782608 93.0 48422430028177448 91.7
4248776900 70660783008 93.0 48422430071799848 91.7
4249065100 70660783208 93.0 48422430101291048 91.7
4249216200 70660783608 93.0 48422430121771048 91.7
4249239300 70660785308 93.0 48422431493931048 91.7
4249259700 70660829308 93.0 48422465757798440 91.7
4249340200 70660867808 93.0 48422499115991080 91.7
4249529700 70660870808 93.0 48422499979413096 91.7
4250225500 70660871308 93.0 48422500296853096 91.7
4250646900 70660878908 93.0 48422509202667112 91.7
4250754000 70660879208 93.0 48422509217822312 91.7
4250771700 70660880608 93.0 48422511397508712 91.7
4250978000 70660881108 93.0 48422512300062312 91.7
4250992500 70660881208 93.0 48422512305182312 91.7
4251001300 70660882808 93.0 48422513827675624 91.7
4251202100 70660887908 93.0 48422518902824424 91.7
4251368700 70660888208 93.0 48422519940955624 91.7
4251510500 70663160708 93.0 48424824263523816 91.7
4251826700 70663160808 93.0 48424824366947816 91.7
4251913300 70663162608 93.0 48424825711664616 91.7
4252038000 70663163408 93.0 48424826205437416 91.7
4252044800 70663165108 93.0 48424826729315816 91.7
4252161200 70663165708 93.0 48424826957667816 91.7
4252328100 70663166408 93.0 48424827140144616 91.7
4252402500 70663166708 93.0 48424827203223016 91.7
4252537800 70663167608 93.0 48424829780631016 91.7
4252621000 70663171608 93.0 48424836218314216 91.7
4252733700 70663175708 93.0 48424856996492776 91.7
4252922200 70663196708 93.0 48424868297167336 91.7
4252947400 70663197108 93.0 48424868540674536 91.7
4253098800 70663197308 93.0 48424868706152936 91.7
4253104500 70663198708 93.0 48424869454696936 91.7
4253216100 70663204108 93.0 48424877226176488 91.7
4253290100 70663204408 93.0 48424877393907688 91.7
4253589000 70663205408 93.0 48424880074819560 91.7
4253724500 70663209208 93.0 48424882318608360 91.7
4254519200 70663209808 93.0 48424882674755560 91.7
4254694700 70663210008 93.0 48424882680285160 91.7
4254770500 70663240008 93.0 48424902444990440 91.7
4255081300 70663240408 93.0 48424902569918440 91.7
4255167000 70663240708 93.0 48424902675390440 91.7
4255270000 70663241808 93.0 48424903080894440 91.7
4255301700 70663242108 93.0 48424903173873640 91.7
4255332800 70663252808 93.0 48424910230266856 91.7
4255521900 70663253008 93.0 48424910248494056 91.7
4255713000 70663305808 93.0 48424942884834280 91.7
4255841800 70663305908 93.0 48424942889954280 91.7
4255978100 70663306208 93.0 48424942979451880 91.7
4256043700 70663307608 93.0 48424944351896936 91.7
4256222300 70663307908 93.0 48424944630424936 91.7
4256243800 70663308408 93.0 48424944967730536 91.7
4256278100 70663308608 93.0 48424945081804136 91.7
4256466200 70663356008 93.0 48424992721581416 91.7
4256711500 70663395408 93.0 48425090258654568 91.7
4256728000 70663396908 93.0 48425091092190568 91.7
4256860600 70663397108 93.0 48425091221828968 91.7
4256943700 70663397608 93.0 48425091438097768 91.7
4256962100 70663443308 93.0 48425124262788456 91.7
4256994500 70663444108 93.0 48425126094088808 91.7
4257220700 70663452008 93.0 48425129254967656 91.7
4257233700 70663453508 93.0 48425129866390056 91.7
4257323700 70663454408 93.0 48425130135702056 91.7
4257416800 70663456408 93.0 48425131793191976 91.7
4257492400 70663456708 93.0 48425131930612776 91.7
4257569300 70663471708 93.0 48425144733108264 91.7
4257733300 70663475108 93.0 48425147260826152 91.7
4257822600 70663475408 93.0 48425147403571752 91.7
4257930500 70663476508 93.0 48425148053811752 91.7
4258066600 70663491308 93.0 48425154938307624 91.7
4258090400 70663505608 93.0 48425155759632744 91.7
4258244000 70663553808 93.0 48425199893287272 91.7
4258400500 70663554408 93.0 48425199965376872 91.7
4258603200 70663556408 93.0 48425201367028072 91.7
4258672800 70663556508 93.0 48425201372148072 91.7
4258673500 70663556808 93.0 48425201450176872 91.7
4258794600 70663559608 93.0 48425207921187688 91.7
4258861200 70664379108 93.0 48426226145893224 91.7
4258904100 70664379508 93.0 48426226172312424 91.7
4258937300 70664380408 93.0 48426226550373224 91.7
4258963000 70664389508 93.0 48426236460440424 91.7
4259153500 70664394708 93.0 48426249740295016 91.7
4259298500 70664395208 93.0 48426251019721960 91.7
4259476500 70664417608 93.0 48426264905568488 91.7
4259994700 70664420508 93.0 48426267052896488 91.7
4260019800 70664425208 93.0 48426280923433192 91.7
4260382500 70664446708 93.0 48426294243114216 91.7
4260396300 70664455808 93.0 48426301263643368 91.7
4260596800 70664460508 93.0 48426308350982888 91.7
4260671600 70664461008 93.0 48426309397920488 91.7
4260863400 70664474308 93.0 48426317695658728 91.7
4261016400 70664475908 93.0 48426318083869416 91.7
4261327400 70664500108 93.0 48426332189374184 91.7
4261472500 70664504508 93.0 48426338236592872 91.7
4261646200 70664505508 93.0 48426339644388072 91.7
4261843600 70664505908 93.0 48426339847754472 91.7
4262104500 70664527708 93.0 48426370544898792 91.7
4262110400 70664534008 93.0 48426373858103784 91.7
4262123800 70664537608 93.0 48426376975393768 91.7
4262295600 70664538208 93.0 48426377047073768 91.7
4262550500 70664553108 93.0 48426393241061352 91.7
4262683800 70664565208 93.0 48426412315078632 91.7
4262776700 70664565808 93.0 48426412629446632 91.7
4262786800 70664565908 93.0 48426412634771432 91.7
4262808500 70664566408 93.0 48426412773625832 91.7
4262856000 70664580408 93.0 48426430557855720 91.7
4263023300 70664581408 93.0 48426430920556520 91.7
4263047200 70664643108 93.0 48426459187615720 91.7
4263099300 70664643308 93.0 48426459359442920 91.7
4263105200 70664644808 93.0 48426459804063720 91.7
4263346800 70664645108 93.0 48426460821510120 91.7
4263517100 70664646908 93.0 48426464419731944 91.7
4263610400 70664652908 93.0 48426469689955816 91.7
4263650900 70664670608 93.0 48426475215022056 91.7
4263678100 70664670808 93.0 48426475232225256 91.7
4264082300 70664672108 93.0 48426475872225256 91.7
4264184100 70664673308 93.0 48426477962660200 91.7
4264305400 70664673608 93.0 48426478350756200 91.7
4264316000 70664674108 93.0 48426478409533800 91.7
4264805400 70664674608 93.0 48426479484938600 91.7
4264960400 70664676408 93.0 48426480385239400 91.7
4265161200 70664676708 93.0 48426480462449000 91.7
4265350900 70664677708 93.0 48426480685885800 91.7
4265442700 70664688908 93.0 48426496101458280 91.7
4265644400 70664689808 93.0 48426496271442280 91.7
4265882400 70664703508 93.0 48426516407624040 91.7
4266166200 70664709408 93.0 48426524094502760 91.7
4266283200 70664774208 93.0 48426602609268584 91.7
4266307500 70664777808 93.0 48426606401914984 91.7
4266310700 70664778408 93.0 48426606432839784 91.7
4266757600 70664778508 93.0 48426606437959784 91.7
4266804100 70664787008 93.0 48426612333349992 91.7
4266945900 70664787208 93.0 48426612457663592 91.7
4266958200 70664795308 93.0 48426623425507432 91.7
4267118100 70664795808 93.0 48426623660617832 91.7
4267291600 70665125108 93.0 48427000904052840 91.7
4267655600 70665125408 93.0 48427000950132840 91.7
4268117200 70665152708 93.0 48427015946158184 91.7
4268181400 70665153708 93.0 48427016149934184 91.7
4268504600 70665188708 93.0 48427050376032360 91.7
4268657200 70665193208 93.0 48427053354301032 91.7
4268820600 70665195408 93.0 48427054430320232 91.7
4269029700 70665226708 93.0 48427086552471144 91.7
4269126500 70665235008 93.0 48427095299145320 91.7
4269221300 70665236308 93.0 48427095888764520 91.7
4269322300 70665237908 93.0 48427133742972520 91.7
4269489200 70665239508 93.0 48427136256668264 91.7
4269500600 70665259208 93.0 48427149633136232 91.7
4269510900 70665264508 93.0 48427151481875688 91.7
4269716200 70665268108 93.0 48427152498502888 91.7
4269952400 70665268308 93.0 48427152530861288 91.7
4270036600 70665268408 93.0 48427152952868488 91.7
4270104000 70665272108 93.0 48427155668516488 91.7
4270136400 70665272508 93.0 48427156480312072 91.7
4270165600 70665272608 93.0 48427156485432072 91.7
4270230700 70665272908 93.0 48427156573086472 91.7
4270296700 70665273608 93.0 48427157391876872 91.7
4270319200 70665273708 93.0 48427157403755272 91.7
4270372000 70665276908 93.0 48427160803025672 91.7
4270569000 70665292908 93.0 48427168521475848 91.7
4270585100 70665610108 93.0 48427222277994248 91.7
4270797700 70665611008 93.0 48427222796138248 91.7
4270905000 70665613208 93.0 48427223718352648 91.7
4271063800 70665621208 93.0 48427236801062664 91.7
4271220800 70665639308 93.0 48427245571092232 91.7
4271249100 70665644908 93.0 48427254866595592 91.7
4271355200 70665648508 93.0 48427257498763016 91.7
4271425300 70665648908 93.0 48427257530916616 91.7
4271492000 70665649208 93.0 48427257646833416 91.7
4271564000 70665651508 93.0 48427262553927944 91.7
4272109100 70665651608 93.0 48427262565601544 91.7
4272158300 70665653208 93.0 48427262968033544 91.7
4272198500 70665720408 93.0 48427465333453064 91.7
4272760700 70665720608 93.0 48427465339187464 91.7
4272792500 70665720708 93.0 48427465422541064 91.7
4272928400 70665721408 93.0 48427466093670664 91.7
4273023300 70665724108 93.0 48427468478976264 91.7
4273223900 70665727108 93.0 48427470944470280 91.7
4273564500 70665727608 93.0 48427470969455880 91.7
4273770600 70665728108 93.0 48427471074108680 91.7
4273783600 70665728708 93.0 48427471127766280 91.7
4273947000 70665728908 93.0 48427471200470280 91.7
4274058400 70665730208 93.0 48427472259491080 91.7
4274060600 70665730808 93.0 48427472447907080 91.7
4274094600 70665732108 93.0 48427474113750280 91.7
4274677000 70665736108 93.0 48427487463056648 91.7
4274762600 70665736808 93.0 48427487576720648 91.7
4274811100 70665738108 93.0 48427489472349448 91.7
4274862500 70665740208 93.0 48427493060142344 91.7
4275025000 70665748008 93.0 48427497963772168 91.7
4275204500 70665748408 93.0 48427498275272968 91.7
4275277600 70665750908 93.0 48427500811329800 91.7
4275294100 70665789008 93.0 48427513613976840 91.7
4275602300 70665789708 93.0 48427513701016840 91.7
4275686600 70665791408 93.0 48427514808777736 91.7
4275875800 70665840308 93.0 48427558792637448 91.7
4275954400 70665853108 93.0 48427571419786248 91.7
4276248500 70665887208 93.0 48427611699538952 91.7
4276259000 70665887508 93.0 48427612016340040 91.7
4276263800 70665888008 93.0 48427612443861032 91.7
4276334700 70665895108 93.0 48427620745968168 91.7
4276432800 70665895208 93.0 48427620772182568 91.7
4276472300 70665898208 93.0 48427622315145768 91.7
4276546000 70665898908 93.0 48427622978902568 91.7
4276687600 70665919808 93.0 48427636354990632 91.7
4276699900 70665923908 93.0 48427641556442664 91.7
4276913900 70665924308 93.0 48427641737281064 91.7
4277076000 70665924608 93.0 48427641830055464 91.7
4277313400 70665924908 93.0 48427642017652264 91.7
4277524400 70665955508 93.0 48427677854490152 91.7
4277635300 70665955608 93.0 48427677859814952 91.7
4277802200 70665956808 93.0 48427680040934952 91.7
4277917000 70665958708 93.0 48427680639360552 91.7
4278159300 70666429208 93.0 48427950378622504 91.7
4278261200 70666429708 93.0 48427951295512104 91.7
4278536100 70666435708 93.0 48427954497884200 91.7
4278584100 70666436408 93.0 48427954786037800 91.7
4278584800 70666436808 93.0 48427954806517800 91.7
4279064500 70666441508 93.0 48427959603592232 91.7
4279066500 70666456908 93.0 48427970189325352 91.7
4279073900 70666463908 93.0 48427975631276072 91.7
4279222200 70666474908 93.0 48427986190960680 91.7
4279283600 70666479108 93.0 48427989353179176 91.7
4279669900 70666480308 93.0 48427991308199976 91.7
4279960900 70666481308 93.0 48427991746471976 91.7
4280100600 70666483008 93.0 48427992247617576 91.7
4280278200 70666501108 93.0 48428004740528168 91.7
4280307200 70667032808 93.0 48428530646382632 91.7
4280372600 70667033408 93.0 48428530822510632 91.7
4280453200 70667034608 93.0 48428533029025832 91.7
4281030400 70667035108 93.0 48428533213755432 91.7
4281111000 70667036408 93.0 48428533688891432 91.7
4281295300 70667051508 93.0 48428546079715368 91.7
4281342000 70667051908 93.0 48428546764130152 91.7
4281434500 70667052308 93.0 48428547060066152 91.7
4281656300 70667053708 93.0 48428554858631016 91.7
4281979100 70667055608 93.0 48428555357319016 91.7
4282258900 70667055908 93.0 48428555448864616 91.7
4282280800 70667059908 93.0 48428559005411688 91.7
4282346300 70667060908 93.0 48428560436112360 91.7
4282531600 70667068808 93.0 48428572731379688 91.7
4282727200 70667069108 93.0 48428573576473704 91.7
4282959600 70667069508 93.0 48428574086835304 91.7
4283123800 70667076508 93.0 48428579525471848 91.7
4283152400 70667078708 93.0 48428580507998184 91.7
4283252900 70667078808 93.0 48428580540766184 91.7
4283701600 70667079108 93.0 48428580770961384 91.7
4283718600 70667079408 93.0 48428580820318184 91.7
4283799700 70667083508 93.0 48428585393705448 91.7
4284152700 70667083708 93.0 48428585403945448 91.7
4284203900 70667112008 93.0 48428616955810280 91.7
4284287400 70667113208 93.0 48428618225365480 91.7
4284296300 70667113308 93.0 48428618230485480 91.7
4284350400 70667113908 93.0 48428619440239080 91.7
4284360100 70667143808 93.0 48428630137967080 91.7
4284743700 70667153208 93.0 48428636404950504 91.7
4284768900 70667161008 93.0 48428641010815464 91.7
4284831100 70667168608 93.0 48428647105518568 91.7
4284879800 70667168808 93.0 48428647161633768 91.7
4285507000 70667170208 93.0 48428649067092968 91.7
4285527400 70667170508 93.0 48428649168878568 91.7
4285698300 70667170608 93.0 48428649273121768 91.7
4285728300 70667173108 93.0 48428651269215464 91.7
4285780600 70667174108 93.0 48428651875013864 91.7
4286012400 70667174208 93.0 48428651880133864 91.7
4286050400 70667175308 93.0 48428652149650664 91.7
4286191800 70667189408 93.0 48428664537854184 91.7
4286216300 70667190108 93.0 48428664796311784 91.7
4286525300 70667190208 93.0 48428664796516584 91.7
4286763600 70667204108 93.0 48428674743427304 91.7
4286858900 70667218308 93.0 48428686100323560 91.7
4287729900 70667219108 93.0 48428686392982760 91.7
4288046200 70667222508 93.0 48428689712530152 91.7
4288161500 70667223008 93.0 48428690231902952 91.7
4288747500 70667243208 93.0 48428711399834344 91.7
4289737100 70667246508 93.0 48428712971818984 91.7
4289851500 70667246608 93.0 48428713239697384 91.7
4290110700 70667294208 93.0 48428763743180776 91.7
4290341200 70667296708 93.0 48428765280409576 91.7
4290345200 70667299008 93.0 48428766602172136 91.7
4290573600 70667299208 93.0 48428766617532136 91.7
4290855500 70667300308 93.0 48428766893807336 91.7
4290880100 70667304708 93.0 48428768342982120 91.7
4291384900 70667306208 93.0 48428768920357416 91.7
4291411200 70667306508 93.0 48428769001458216 91.7
4291768300 70667307008 93.0 48428769136421416 91.7
4291871800 70667307808 93.0 48428769236978216 91.7
4292349200 70667311308 93.0 48428772801679912 91.7
4292388200 70667312908 93.0 48428773590364712 91.7
4292418000 70667316108 93.0 48428776477245480 91.7
4292429300 70667334808 93.0 48428796768862248 91.7
4292552500 70667337508 93.0 48428799805823784 91.7
4292625900 70667338208 93.0 48428800301644584 91.7
4292707400 70667338408 93.0 48428800324786984 91.7
4293096500 70667361708 93.0 48428815053759272 91.7
4293280000 70667377708 93.0 48428818861583656 91.7
4293597300 70667419908 93.0 48428851030742312 91.7
4294663200 70667420408 93.0 48428851760035112 91.7
4294679600 70667420708 93.0 48428852393174504 91.7
4294683800 70667422108 93.0 48428852833699304 91.7
4295030700 70667426608 93.0 48428855471318504 91.7
4295092300 70667441908 93.0 48428865265445352 91.7
4295093900 70667442108 93.0 48428865275890152 91.7
4295419000 70667443408 93.0 48428865760242152 91.7
4295736800 70667444008 93.0 48428865890699752 91.7
4295891600 70667483308 93.0 48428918362098152 91.7
4295977800 70667493408 93.0 48428933853701608 91.7
4296283100 70667501108 93.0 48428938612337640 91.7
4296407700 70667501308 93.0 48428938622782440 91.7
4296679300 70667502708 93.0 48428938998795240 91.7
4297401900 70667532908 93.0 48428974272150504 91.7
4297621200 70667533208 93.0 48428974299184104 91.7
4297712300 70668404908 93.0 48429712060742632 91.7
4297984400 70668595208 93.0 48429919833586664 91.7
4298038800 70668596608 93.0 48429921967968232 91.7
4298909200 70668616508 93.0 48429929674179560 91.7
4298916400 70668628708 93.0 48429937580851176 91.7
4298978800 70668629008 93.0 48429937897676776 91.7
4299090700 70668683008 93.0 48429971849506792 91.7
4299099400 70668684508 93.0 48429975097839592 91.7
4299109200 70668686308 93.0 48429977443874024 91.7
4299165200 70668686908 93.0 48429977635976424 91.7
4299459200 70668687508 93.0 48429977748616424 91.7
4299560600 70668695208 93.0 48430000308456680 91.7
4299727700 70668709008 93.0 48430015109570792 91.7
4300153500 70668716808 93.0 48430024107036904 91.7
4300277200 70668721308 93.0 48430026950070504 91.7
4300482500 70668721408 93.0 48430026955190504 91.7
4300609100 70668721708 93.0 48430027075612904 91.7
4300916000 70668722808 93.0 48430029309161704 91.7
4301584400 70668839008 93.0 48430106851160296 91.7
4301644400 70668866708 93.0 48430122393263336 91.7
4301805300 70668873508 93.0 48430124870091240 91.7
4302189800 70668876408 93.0 48430126064167912 91.7
4302282300 70668948608 93.0 48430232946150376 91.7
4302593200 70668950308 93.0 48430233681177576 91.7
4302785100 70668950408 93.0 48430233683839976 91.7
4302846200 70668950608 93.0 48430233697561576 91.7
4302861100 70668952908 93.0 48430235321215976 91.7
4302970200 70668954008 93.0 48430235753343976 91.7
4303155300 70668954408 93.0 48430235837311976 91.7
4303315200 70668971608 93.0 48430242415770600 91.7
4303351800 70668971808 93.0 48430242506906600 91.7
4303410000 70668975608 93.0 48430245744945384 91.7
4303536800 70669029408 93.0 48430313005537512 91.7
4304065200 70669036408 93.0 48430317283604712 91.7
4304332200 70669036708 93.0 48430317318625512 91.7
4304821500 70669037308 93.0 48430317511342312 91.7
4305911400 70669433208 93.0 48430623010814184 91.7
4306281700 70669438208 93.0 48430624963582184 91.7
4306443400 70669438508 93.0 48430625457354984 91.7
4306527900 70669441608 93.0 48430626566961384 91.7
4306568700 70669462808 93.0 48430655541577960 91.7
4306634500 70669463408 93.0 48430655773411560 91.7
4306793000 70669463608 93.0 48430655804541160 91.7
4307102500 70669469508 93.0 48430658615634408 91.7
4307147400 70669471608 93.0 48430662615378408 91.7
4307200000 70669471708 93.0 48430662620498408 91.7
4308450600 70669472008 93.0 48430662651423208 91.7
4308623800 70669476008 93.0 48430663787568744 91.7
4308641200 70669477008 93.0 48430664025751144 91.7
4308784000 70669477208 93.0 48430664045411944 91.7
4308865700 70669491508 93.0 48430674699648616 91.7
4309006300 70669491608 93.0 48430674876595816 91.7
4309387500 70669493608 93.0 48430675632717416 91.7
4309539700 70669498908 93.0 48430679085591912 91.7
4309717600 70669500608 93.0 48430679865675112 91.7
4309929000 70669504108 93.0 48430682116222312 91.7
4309930500 70669505308 93.0 48430682678807912 91.7
4309934000 70669506908 93.0 48430683148209512 91.7
4310257900 70669527508 93.0 48430710862544232 91.7
4310746400 70669528508 93.0 48430711198006632 91.7
4310801800 70669528908 93.0 48430711801757032 91.7
4311008000 70669529308 93.0 48430712585526632 91.7
4311381200 70669529408 93.0 48430712590032232 91.7
4311474900 70669533708 93.0 48430717441379176 91.7
4311816400 70669533808 93.0 48430717595388776 91.7
4311820400 70669534208 93.0 48430717991062376 91.7
4311993600 70669536708 93.0 48430721340566376 91.7
4312089900 70669561708 93.0 48430748483433320 91.7
4312173500 70669563308 93.0 48430748853302120 91.7
4312764000 70669563908 93.0 48430748919452520 91.7
4313063600 70669564308 93.0 48430749270684520 91.7
4313575300 70669574208 93.0 48430753033711208 91.7
4313772200 70669574608 93.0 48430753128533608 91.7
4313833700 70669584408 93.0 48430762335186536 91.7
4314009800 70669584708 93.0 48430762416287336 91.7
4314106500 70669586808 93.0 48430762916613736 91.7
4314164700 70669587308 93.0 48430763287506536 91.7
4314291800 70669605608 93.0 48430773543302760 91.7
4314349300 70669605908 93.0 48430773558662760 91.7
4314473100 70669630608 93.0 48430783950925416 91.7
4314777600 70669640308 93.0 48430790725095016 91.7
4314897400 70669641208 93.0 48430791139405416 91.7
4315173100 70669650408 93.0 48430797883198056 91.7
4315310300 70669659408 93.0 48430813729393256 91.7
4315536600 70669660408 93.0 48430814130186856 91.7
4315620100 70669663208 93.0 48430814607985256 91.7
4315804600 70669668808 93.0 48430820770826856 91.7
4316030800 70669670408 93.0 48430821553777256 91.7
4316223800 70669688508 93.0 48430835621775976 91.7
4316542400 70669702408 93.0 48430842881115752 91.7
4316936400 70669709008 93.0 48430845223509608 91.7
4317488400 70669731608 93.0 48430851684063848 91.7
4317660300 70669759108 93.0 48430867965247080 91.7
4317787800 70669760908 93.0 48430868452728296 91.7
4317952400 70669761508 93.0 48430868980702696 91.7
4318001900 70669761908 93.0 48430869149457896 91.7
4318044400 70669775208 93.0 48430876135610856 91.7
4318128100 70669820008 93.0 48430909228116456 91.7
4318380600 70669820408 93.0 48430909833300456 91.7
4318675100 70669832008 93.0 48430925289900520 91.7
4318918500 70669843208 93.0 48430939407174120 91.7
4319571000 70669845108 93.0 48430940948908520 91.7
4319923500 70669846208 93.0 48430941092678120 91.7
4320132600 70669877708 93.0 48430954407663080 91.7
4320218800 70669882208 93.0 48430960076277736 91.7
4320269000 70669889408 93.0 48430967996969960 91.7
4321338100 70669900108 93.0 48430974569438184 91.7
4321648000 70669905708 93.0 48430979524114920 91.7
4321678300 70669907508 93.0 48430980143634920 91.7
4321721700 70669907808 93.0 48430980360518120 91.7
4322241300 70669909208 93.0 48430983442348520 91.7
4322659400 70669910708 93.0 48430983704902120 91.7
4322801000 70669911908 93.0 48430984505260520 91.7
4323678100 70669914408 93.0 48430986309555688 91.7
4323716500 70669914608 93.0 48430986383283688 91.7
4323755200 70669914708 93.0 48430986392499688 91.7
4324051300 70669914908 93.0 48430986402739688 91.7
4324410600 70669936408 93.0 48431009502098920 91.7
4324549300 70669937608 93.0 48431010091103720 91.7
4324954400 70669937708 93.0 48431010111788520 91.7
4325695500 70669938408 93.0 48431012645636328 91.7
4325853600 70669948408 93.0 48431017794503400 91.7
4326095300 70669949008 93.0 48431018784506600 91.7
4326180100 70669949308 93.0 48431018977018600 91.7
4326477500 70669949908 93.0 48431019094983400 91.7
4326511500 70669967608 93.0 48431041462938344 91.7
4326851300 70669977708 93.0 48431048157397224 91.7
4327231400 70669978608 93.0 48431048348270824 91.7
4327316800 70669980808 93.0 48431058551453928 91.7
4328011300 70669982108 93.0 48431059149674728 91.7
4328647400 70670036608 93.0 48431121987508456 91.7
4328809600 70670140908 93.0 48431241621223656 91.7
4329400100 70670159508 93.0 48431261935571176 91.7
4330273500 70670159608 93.0 48431261936185576 91.7
4330276700 70670169308 93.0 48431270804210920 91.7
4330546100 70670169808 93.0 48431270957810920 91.7
4330818600 70670172208 93.0 48431272531698920 91.7
4331456100 70670172808 93.0 48431272619967720 91.7
4331529400 70670180908 93.0 48431279682128616 91.7
4331619800 70670189008 93.0 48431287440655592 91.7
4332035300 70670189708 93.0 48431287729013992 91.7
4332679900 70670196808 93.0 48431292259699944 91.7
4333050400 70670201408 93.0 48431295066359528 91.7
4333701900 70670201808 93.0 48431295168964328 91.7
4333838100 70670214108 93.0 48431300115906792 91.7
4333869100 70670214508 93.0 48431300459765992 91.7
4334168800 70670214808 93.0 48431300803829992 91.7
4334336800 70670225808 93.0 48431308841140968 91.7
4334399400 70670226808 93.0 48431309636379368 91.7
4334654100 70670227008 93.0 48431309730587368 91.7
4335271300 70670406908 93.0 48431944581227240 91.7
4335290300 70670408108 93.0 48431945859793640 91.7
4335339400 70670409608 93.0 48431948647431144 91.7
4335799000 70670410008 93.0 48431948978797544 91.7
4336830000 70670410408 93.0 48431949372013544 91.7
4336916400 70670425508 93.0 48431959923665896 91.7
4338569400 70670495008 93.0 48432067067808744 91.7
4339759900 70670495108 93.0 48432067072928744 91.7
4339812900 70670496108 93.0 48432067349613544 91.7
4340591200 70670496608 93.0 48432068066823144 91.7
4340603100 70670498508 93.0 48432069515168744 91.7
4340999200 70670498708 93.0 48432069675936744 91.7
4341179500 70670499008 93.0 48432069774035944 91.7
4341532000 70670499308 93.0 48432069815200744 91.7
4342007300 70670499508 93.0 48432069918010344 91.7
4342171000 70670499608 93.0 48432070424685544 91.7
4343068500 70670567008 93.0 48432105353554920 91.7
4343168100 70670569408 93.0 48432111338503144 91.7
4343177700 70670569808 93.0 48432111383354344 91.7
4343573300 70670571308 93.0 48432112344071144 91.7
4343783500 70670572508 93.0 48432113347591144 91.7
4344189100 70670572708 93.0 48432113376467944 91.7
4344713500 70670573008 93.0 48432113535802344 91.7
4344922900 70670585308 93.0 48432129198906344 91.7
4344946600 70670585908 93.0 48432129666874344 91.7
4344988900 70670586308 93.0 48432129796717544 91.7
4345736100 70670598308 93.0 48432137477902824 91.7
4345830100 70670609008 93.0 48432151928772072 91.7
4346006000 70670609108 93.0 48432151933892072 91.7
4346176800 70670609708 93.0 48432151999018472 91.7
4346431100 70670610308 93.0 48432152213034472 91.7
4347517000 70670614608 93.0 48432155483690472 91.7
4347525600 70670616808 93.0 48432156065117672 91.7
4347588100 70670626208 93.0 48432163272895976 91.7
4349263700 70670627308 93.0 48432163672460776 91.7
4349451400 70670631708 93.0 48432178988369384 91.7
4349966800 70670632208 93.0 48432179008439784 91.7
4350149500 70670632808 93.0 48432179120260584 91.7
4351041100 70670675308 93.0 48432324914628072 91.7
4351122000 70670676608 93.0 48432325414544872 91.7
4351185100 70670677108 93.0 48432325742634472 91.7
4351693700 70670746208 93.0 48432424375879144 91.7
4351805800 70670746808 93.0 48432425143059944 91.7
4352090200 70670746908 93.0 48432425177466344 91.7
4352305600 70670747408 93.0 48432425483027944 91.7
4352404500 70670757208 93.0 48432434108872168 91.7
4352857600 70670757508 93.0 48432434154747368 91.7
4353027400 70670758808 93.0 48432436505032168 91.7
4353352000 70670760008 93.0 48432437155067368 91.7
4353591500 70670760408 93.0 48432437745300968 91.7
4354048800 70670771208 93.0 48432449134433768 91.7
4354428300 70670771408 93.0 48432449478497768 91.7
4354530400 70670772208 93.0 48432449812731368 91.7
4354920300 70670772608 93.0 48432453720110568 91.7
4355470000 70670788308 93.0 48432497947723240 91.7
4355524900 70670788408 93.0 48432497952843240 91.7
4356249600 70670789408 93.0 48432499113649640 91.7
4356350100 70670809908 93.0 48432512099176936 91.7
4356432200 70670830808 93.0 48432539713999336 91.7
4357652800 70670831108 93.0 48432539846914536 91.7
4357804000 70670831408 93.0 48432539866780136 91.7
4357849000 70670833308 93.0 48432540619215336 91.7
4357949800 70670836008 93.0 48432541704860136 91.7
4357996600 70670858208 93.0 48432567057598952 91.7
4358840300 70670858708 93.0 48432567094053352 91.7
4359560600 70670859708 93.0 48432567192152552 91.7
4360475300 70670860208 93.0 48432567349234152 91.7
4360618300 70670878008 93.0 48432587769145832 91.7
4360810300 70671019908 93.0 48432706055326184 91.7
4361092000 70671029008 93.0 48432711141021160 91.7
4361203500 70671037808 93.0 48432726513326568 91.7
4361333100 70671038908 93.0 48432727178107368 91.7
4361334700 70671039208 93.0 48432727193672168 91.7
4361484700 70671040808 93.0 48432728210708968 91.7
4362130100 70672816908 93.0 48436425309329896 91.7
4362361100 70672820708 93.0 48436428442360296 91.7
4362641700 70672830208 93.0 48436436548753896 91.7
4363582500 70673313208 93.0 48437149304265192 91.7
4364965800 70673412508 93.0 48437265353021928 91.7
4365478200 70673422708 93.0 48437277098931688 91.7
4365667400 70673457208 93.0 48437292520696296 91.7
4366267200 70673457308 93.0 48437292521105896 91.7
4366309300 70673457608 93.0 48437292536465896 91.7
4366427500 70673526508 93.0 48437336732498408 91.7
4366520800 70673547208 93.0 48437352787703272 91.7
4366548300 70673595208 93.0 48437376394561000 91.7
4366609900 70673596508 93.0 48437377009370600 91.7
4366644800 70673619008 93.0 48437423145956840 91.7
4366679800 70673619608 93.0 48437423569483240 91.7
4366778300 70673620108 93.0 48437423747659240 91.7
4366788100 70673621108 93.0 48437424107288040 91.7
4367669700 70673621408 93.0 48437424431076840 91.7
4367673900 70673621708 93.0 48437425428043240 91.7
4368006300 70673629908 93.0 48437429983204840 91.7
4368028300 70673630308 93.0 48437430028260840 91.7
4368296300 70673631008 93.0 48437431249688040 91.7
4368649800 70673631708 93.0 48437432285976040 91.7
4368719800 70673631808 93.0 48437432361137640 91.7
4368829700 70673696508 93.0 48437498022884840 91.7
4368836200 70673723108 93.0 48437557919749608 91.7
4368990400 70673724008 93.0 48437558200530408 91.7
4369629900 70673726708 93.0 48437559540413928 91.7
4369703100 70673745208 93.0 48437585658228200 91.7
4369778300 70673746108 93.0 48437586127834600 91.7
4369832700 70673788308 93.0 48437619462958568 91.7
4370114700 70673794208 93.0 48437624513745384 91.7
4370566000 70673794908 93.0 48437624693559784 91.7
4370595700 70673797708 93.0 48437627521028584 91.7
4371098600 70673798008 93.0 48437627586154984 91.7
4371150300 70673799608 93.0 48437628600529384 91.7
4371300000 70673799808 93.0 48437628911825384 91.7
4371828600 70673809908 93.0 48437637676550632 91.7
4371914900 70673812308 93.0 48437638558624232 91.7
4371944300 70673812408 93.0 48437638570093032 91.7
4372309600 70673816308 93.0 48437639937337832 91.7
4372524800 70673817808 93.0 48437640433363432 91.7
4372681000 70673820808 93.0 48437644299782632 91.7
4372852100 70673821508 93.0 48437644440070632 91.7
4373013500 70673822008 93.0 48437644629510632 91.7
4373174000 70673826208 93.0 48437646703620072 91.7
4373348100 70673859808 93.0 48437661890594792 91.7
4373599500 70673860108 93.0 48437661969852392 91.7
4373944100 70673876308 93.0 48437675684874216 91.7
4373960200 70673876808 93.0 48437676186429416 91.7
4374217500 70673877708 93.0 48437676576368616 91.7
4374246100 70673878208 93.0 48437676658493416 91.7
4374896700 70673897108 93.0 48437687126968296 91.7
4374919500 70673897208 93.0 48437687132088296 91.7
4375333700 70673897908 93.0 48437687180011496 91.7
4375435100 70673898108 93.0 48437687536158696 91.7
4375490500 70673898208 93.0 48437687564216296 91.7
4375506100 70673901708 93.0 48437692596152296 91.7
4375872800 70673901808 93.0 48437692612741096 91.7
4375921200 70673901908 93.0 48437692785182696 91.7
4376142400 70673902308 93.0 48437693432760296 91.7
4376166300 70673902908 93.0 48437693600286696 91.7
4376307900 70673904208 93.0 48437694471915496 91.7
4376410200 70673910908 93.0 48437701498193896 91.7
4376502800 70673911108 93.0 48437701542430696 91.7
4376895200 70673911608 93.0 48437701815633896 91.7
4377251300 70673916308 93.0 48437706872705000 91.7
4377344800 70673917608 93.0 48437707857553384 91.7
4377436500 70673918008 93.0 48437708045559784 91.7
4378061800 70673918108 93.0 48437708187895784 91.7
4378324800 70673918908 93.0 48437708560222184 91.7
4378509900 70673931308 93.0 48437715361265128 91.7
4378646000 70673933508 93.0 48437716296996328 91.7
4378847000 70673934608 93.0 48437716713969128 91.7
4379027400 70674373508 93.0 48438077229635048 91.7
4379117500 70674375408 93.0 48438078976579048 91.7
4379238700 70674386108 93.0 48438088908513768 91.7
4379374200 70674387608 93.0 48438091492884968 91.7
4379474900 70674393608 93.0 48438105747988968 91.7
4379681400 70674394308 93.0 48438106415022568 91.7
4379801900 70674400608 93.0 48438109443604968 91.7
4379864500 70674403908 93.0 48438113196360168 91.7
4380145500 70674406108 93.0 48438114325012968 91.7
4380174600 70674413108 93.0 48438118571283432 91.7
4380307400 70674494708 93.0 48438406256825320 91.7
4380771100 70674495708 93.0 48438406450566120 91.7
4381088200 70674495908 93.0 48438406553785320 91.7
4381107400 70674496108 93.0 48438406907270120 91.7
4382008300 70674502008 93.0 48438416865560552 91.7
4382520400 70674521308 93.0 48438447555854312 91.7
4382751300 70674529708 93.0 48438453336539112 91.7
4383411500 70674533408 93.0 48438457332606440 91.7
4384176900 70674533608 93.0 48438457363531240 91.7
4384220200 70674534308 93.0 48438457678718440 91.7
4384404200 70674535308 93.0 48438458639230440 91.7
4384593900 70674535608 93.0 48438458887243240 91.7
4385109200 70674603508 93.0 48438521064170984 91.7
4385178000 70674617308 93.0 48438539585672680 91.7
4385877700 70674630308 93.0 48438546184123880 91.7
4386009600 70674638708 93.0 48438565713602024 91.7
4386821400 70674639708 93.0 48438566396814824 91.7
4387047500 70674645608 93.0 48438569288590824 91.7
4387525000 70674652108 93.0 48438574355138024 91.7
4388016100 70674655308 93.0 48438575326709224 91.7
4388031900 70674662408 93.0 48438591956430312 91.7
4388312600 70674700908 93.0 48438619075728872 91.7
4388526600 70674702508 93.0 48438620522594280 91.7
4388621700 70674702808 93.0 48438620623560680 91.7
4388796900 70674706908 93.0 48438622543151080 91.7
4389053900 70674730908 93.0 48438637444360168 91.7
4389295700 70674763008 93.0 48438663251177448 91.7
4389398000 70674765608 93.0 48438674953859048 91.7
4389483000 70674784508 93.0 48438688239106024 91.7
4389925600 70674785508 93.0 48438688747010024 91.7
4390508100 70674786108 93.0 48438689133467624 91.7
4390903700 70674787808 93.0 48438689876277224 91.7
4391528600 70674812108 93.0 48438697599112168 91.7
4392185000 70674814008 93.0 48438699680699368 91.7
4392471000 70674867908 93.0 48438763511276520 91.7
4392534200 70674879908 93.0 48438771790564840 91.7
4393134100 70674906708 93.0 48438841846975976 91.7
4395799400 70674907408 93.0 48438842058739176 91.7
4396102200 70674911808 93.0 48438845036121576 91.7
4396192800 70674913408 93.0 48438845520063976 91.7
4396320700 70675078308 93.0 48438974011051496 91.7
4396394200 70675079108 93.0 48438974780977704 91.7
4397124100 70675079708 93.0 48438975093297704 91.7
4397525000 70675080508 93.0 48438975511499304 91.7
4397800500 70675109908 93.0 48438989752021544 91.7
4397929800 70675110808 93.0 48438990745096744 91.7
4398609100 70675122008 93.0 48439011237476904 91.7
4399493900 70675124508 93.0 48439012436580904 91.7
4399514700 70675128208 93.0 48439014909950504 91.7
4399794400 70675129308 93.0 48439015807179304 91.7
4400419600 70675133508 93.0 48439020100196904 91.7
4400874800 70675135608 93.0 48439021248920104 91.7
4401057400 70675135908 93.0 48439021271652904 91.7
4401933700 70675139608 93.0 48439030375060008 91.7
4402465300 70675139808 93.0 48439030535623208 91.7
4402616300 70675141208 93.0 48439031280890408 91.7
4402754700 70675141308 93.0 48439031386487408 91.7
4402957800 70675141508 93.0 48439031576746608 91.7
4403375100 70675147508 93.0 48439033871121008 91.7
4403498300 70675149208 93.0 48439034454186608 91.7
4403560800 70675149908 93.0 48439034741930608 91.7
4403658500 70675180808 93.0 48439046947769968 91.7
4403689100 70675181608 93.0 48439048390235248 91.7
4403692600 70675183308 93.0 48439049470145648 91.7
4404716600 70675183508 93.0 48439049489396848 91.7
4404747200 70675187908 93.0 48439053590669424 91.7
4405040200 70675217708 93.0 48439082853814384 91.7
4405189600 70675218308 93.0 48439083035676784 91.7
4405995400 70675218908 93.0 48439083381583984 91.7
4407124000 70675231908 93.0 48439096273979504 91.7
4407194700 70675233408 93.0 48439097226094704 91.7
4407470400 70675234108 93.0 48439097796667504 91.7
4408530300 70675281808 93.0 48439106912318576 91.7
4408637200 70675282008 93.0 48439107121624176 91.7
4408955400 70675282108 93.0 48439107138212976 91.7
4409010100 70675282308 93.0 48439107148657776 91.7
4409021200 70675360508 93.0 48439247565108336 91.7
4409192400 70675360808 93.0 48439247642932336 91.7
4409213000 70675362608 93.0 48439250280346736 91.7
4409364700 70675376308 93.0 48439263233537136 91.7
4409430300 70675376408 93.0 48439263250125936 91.7
4409664200 70675390508 93.0 48439266644232816 91.7
4410288800 70675391308 93.0 48439267677039216 91.7
4410786500 70675392208 93.0 48439268024994416 91.7
4411030400 70675394208 93.0 48439270010325616 91.7
4411228600 70675471508 93.0 48439350351071856 91.7
4411946500 70675510708 93.0 48439381974837872 91.7
4411967700 70675511008 93.0 48439383017474672 91.7
4412087800 70675511708 93.0 48439383142402672 91.7
4412159200 70675512708 93.0 48439384261839472 91.7
4412439600 70675512908 93.0 48439384362805872 91.7
4412983800 70675514608 93.0 48439385233205872 91.7
4413114500 70675776008 93.0 48439430394567280 91.7
4413619200 70675778708 93.0 48439433312762480 91.7
4413710100 70675779908 93.0 48439434028333680 91.7
4413792200 70676099208 93.0 48439494580222576 91.7
4413796900 70676139808 93.0 48439590510475888 91.7
4414012000 70676140108 93.0 48439590615333488 91.7
4414053100 70676140408 93.0 48439590853106288 91.7
4414253300 70678114408 93.0 48441738979138160 91.7
4414254000 70678119208 93.0 48441743635061360 91.7
4414401400 70678138608 93.0 48441817170901616 91.7
4414406600 70678138808 93.0 48441817196706416 91.7
4414484500 70678176608 93.0 48441839677792880 91.7
4414799000 70678176908 93.0 48441839764832880 91.7
4415246400 70678177208 93.0 48441839800672880 91.7
4415642800 70678180008 93.0 48441840409748080 91.7
4415846700 70678242308 93.0 48441852868331120 91.7
4415988700 70678259208 93.0 48441881526277744 91.7
4416158100 70678259708 93.0 48441881657759344 91.7
4416531300 70678267908 93.0 48441907478990448 91.7
4416610100 70678270008 93.0 48441911563521648 91.7
4417338300 70678273908 93.0 48441913109966448 91.7
4417516100 70678293208 93.0 48441945284730480 91.7
4417591800 70678295608 93.0 48441946444717680 91.7
4418079800 70678297508 93.0 48441948535725680 91.7
4418215300 70678300608 93.0 48441951316941424 91.7
4418275400 70678301108 93.0 48441951710976624 91.7
4418343200 70678301408 93.0 48441951858023024 91.7
4418353700 70678309508 93.0 48441971532057200 91.7
4418368300 70678313408 93.0 48441973707033200 91.7
4418586300 70678313708 93.0 48441973908556400 91.7
4418619600 70678317108 93.0 48441976378034800 91.7
4418760900 70678317308 93.0 48441976588364400 91.7
4418791000 70678319108 93.0 48441977991244400 91.7
4418903500 70678319908 93.0 48441979350297200 91.7
4418979800 70678320108 93.0 48441979431602800 91.7
4419236500 70678320408 93.0 48441979626162800 91.7
4419265300 70678320608 93.0 48441979631692400 91.7
4419473900 70678323008 93.0 48441980633369200 91.7
4419697900 70678323408 93.0 48441980746828400 91.7
4420111900 70678324308 93.0 48441981014706800 91.7
4420194700 70678326508 93.0 48441983923890800 91.7
4420304700 70678335308 93.0 48441989848627312 91.7
4420437200 70678340308 93.0 48441993377740912 91.7
4420653600 70678342008 93.0 48441993939712112 91.7
4420819100 70678345208 93.0 48441997290035312 91.7
4420932100 70678346008 93.0 48441998047180912 91.7
4421079800 70678351608 93.0 48442001124216688 91.7
4421245500 70678356008 93.0 48442003387256688 91.7
4421459000 70678356408 93.0 48442003426987888 91.7
4421720900 70678357108 93.0 48442004636127088 91.7
4421888100 70678358008 93.0 48442005594386288 91.7
4421895200 70678359708 93.0 48442007686623088 91.7
4422879500 70678361308 93.0 48442009166098288 91.7
4423526600 70678361808 93.0 48442009262354288 91.7
4423719100 70678367008 93.0 48442017683730288 91.7
4424033600 70678369008 93.0 48442018694656688 91.7
4424493200 70678415008 93.1 48442158132556464 91.7
4424878400 70678415308 93.1 48442158225535664 91.7
4425538600 70678418508 93.1 48442159800242864 91.7
4425615700 70678418808 93.1 48442159912678064 91.7
4427149500 70678422508 93.1 48442162132095664 91.7
4427919500 70678422708 93.1 48442162137420464 91.7
4428403200 70678443908 93.1 48442177447489200 91.7
4428726300 70678446708 93.1 48442182090714800 91.7
4429238700 70678449608 93.1 48442183116967600 91.7
4429440700 70678453108 93.1 48442184573095600 91.7
4429568400 70678453208 93.1 48442184599310000 91.7
4429599200 70678453308 93.1 48442184685326000 91.7
4430456600 70678455008 93.1 48442187187271088 91.7
4433696800 70678457608 93.1 48442187985376688 91.7
4434501500 70678468708 93.1 48442193274851760 91.7
4435630600 70679215008 93.1 48442905036378544 91.7
4436019900 70679215608 93.1 48442905675149744 91.7
4436959600 70679219108 93.1 48442907533300144 91.7
4438768700 70679219408 93.1 48442907658637744 91.7
4440566000 70679219908 93.1 48442907953959344 91.7
4441021400 70679222208 93.1 48442910370599344 91.7
4441427400 70679222608 93.1 48442910798221744 91.7
4442470800 70679222908 93.1 48442910872973744 91.7
4442602000 70680537708 93.1 48443993644413360 91.7
4442683500 70680537908 93.1 48443993674109360 91.7
4443625000 70680538608 93.1 48443993919050160 91.7
4443833700 70680542908 93.1 48443996066787760 91.7
4444131900 70680543808 93.1 48443996177789360 91.7
4444693600 70680546608 93.1 48443996550291376 91.7
4444836600 70680547808 93.1 48443997053280176 91.7
4444911400 70680590608 93.1 48444032618524592 91.7
4444936800 70680592008 93.1 48444033720758192 91.7
4445472100 70680592108 93.1 48444033936617392 91.7
4445931400 70680592208 93.1 48444033941737392 91.7
4445956900 70680592908 93.1 48444034129538992 91.7
4446164600 70680595508 93.1 48444037226210224 91.7
4446499800 70680596308 93.1 48444037278639024 91.7
4446747100 70680597908 93.1 48444038208021424 91.7
4446788400 70680602308 93.1 48444043145022896 91.7
4446912700 70680621808 93.1 48444053164475824 91.7
4447274800 70680622108 93.1 48444053269538224 91.7
4448195600 70680624608 93.1 48444054696584624 91.7
4448626200 70680624808 93.1 48444055025903024 91.7
4448775100 70680625908 93.1 48444055660987824 91.7
4448780100 70680626008 93.1 48444055661397424 91.7
4449129900 70680626208 93.1 48444055696418224 91.7
4449343800 70680626608 93.1 48444055736354224 91.7
4449469900 70680629108 93.1 48444056433288624 91.7
4450112200 70680631408 93.1 48444056848623024 91.7
4450216000 70680631508 93.1 48444056853743024 91.7
4450356600 70680633308 93.1 48444057295087024 91.7
4451041400 70680634108 93.1 48444057398101424 91.7
4451150700 70680634208 93.1 48444057401173424 91.7
4451799400 70680635308 93.1 48444058078242224 91.7
4451885100 70680637508 93.1 48444059310559792 91.7
4451906100 70680637808 93.1 48444059325919792 91.7
4452085600 70680639708 93.1 48444060355244592 91.7
4453365600 70680640408 93.1 48444060926226992 91.7
4454492000 70680642008 93.1 48444062282207792 91.7
4454653500 70680644608 93.1 48444063873298992 91.7
4455343300 70680644808 93.1 48444063883743792 91.7
4455541600 70680644908 93.1 48444063896850992 91.7
4455640000 70680647108 93.1 48444065910854192 91.7
4455729600 70680648708 93.1 48444066508012272 91.7
4455878500 70680679508 93.1 48444077394439920 91.7
4456643400 70681048108 93.1 48444599213666032 91.7
4456659000 70681069708 93.1 48444610246489840 91.7
4457048000 70681080108 93.1 48444634253328112 91.7
4457246600 70681089508 93.1 48444639609195248 91.7
4457277000 70681089708 93.1 48444639619435248 91.7
4458178700 70681090008 93.1 48444639680465648 91.7
4458898800 70681090508 93.1 48444639819115248 91.7
4459961300 70681091308 93.1 48444640890219248 91.7
4460716800 70681093308 93.1 48444641615211248 91.7
4460815900 70681094208 93.1 48444642359184944 91.7
4461654500 70681107908 93.1 48444658797285936 91.7
4461684000 70681110308 93.1 48444661223551536 91.7
4461697600 70681564408 93.1 48445147444671024 91.7
4461940300 70681590308 93.1 48445201525252656 91.7
4462528500 70681611908 93.1 48445207886200880 91.7
4462676900 70681641608 93.1 48445233898719280 91.7
4462691400 70681641808 93.1 48445233908959280 91.7
4463097000 70681675608 93.1 48445257656434736 91.7
4463136500 70681852608 93.1 48445407563972656 91.7
4463590100 70681853008 93.1 48445407640567856 91.7
4463738300 70681855408 93.1 48445411326967856 91.7
4463923200 70681855808 93.1 48445411502891056 91.7
4464944700 70681855908 93.1 48445411735953456 91.7
4465337800 70681883608 93.1 48445441105121328 91.7
4465388400 70681883808 93.1 48445441250324528 91.7
4465588200 70681884308 93.1 48445441473146928 91.7
4465703900 70681884408 93.1 48445441763143728 91.7
4466341100 70681885208 93.1 48445441864314928 91.7
4466597600 70681887608 93.1 48445444305121328 91.7
4466619400 70681894608 93.1 48445448081612336 91.7
4466944700 70681896108 93.1 48445448678809136 91.7
4466956500 70681904708 93.1 48445465103904304 91.7
4467166600 70681905608 93.1 48445465417248304 91.7
4467465000 70681906208 93.1 48445465743494704 91.7
4467554300 70681906808 93.1 48445465955257904 91.7
4467737200 70681907208 93.1 48445466021203504 91.7
4467848600 70681930308 93.1 48445510846258736 91.7
4468041400 70681932108 93.1 48445511612620336 91.7
4468069400 70681932208 93.1 48445511648869936 91.7
4468467300 70681932508 93.1 48445511711333936 91.7
4468522500 70681934308 93.1 48445512611225136 91.7
4468581000 70681934808 93.1 48445512881765936 91.7
4468631500 70681935108 93.1 48445513193881136 91.7
4468652400 70681935908 93.1 48445513393970736 91.7
4468943700 70681938308 93.1 48445518909029936 91.7
4469241800 70681938408 93.1 48445519227903536 91.7
4469321400 70681938508 93.1 48445519233023536 91.7
4469399400 70681939408 93.1 48445519266405936 91.7
4469458400 70681939508 93.1 48445519275826736 91.7
4469490300 70681940608 93.1 48445519715327536 91.7
4470690500 70681942608 93.1 48445520777654448 91.7
4470998700 70681944108 93.1 48445521546268848 91.7
4471091600 70681944508 93.1 48445521629417648 91.7
4471353700 70681944808 93.1 48445521827459248 91.7
4471771800 70681947008 93.1 48445523964956848 91.7
4472017700 70681947408 93.1 48445524267241648 91.7
4472084500 70681947808 93.1 48445524285468848 91.7
4472683100 70681969608 93.1 48445564982005936 91.7
4472710300 70681971608 93.1 48445565833154736 91.7
4472753700 70681975408 93.1 48445567569039536 91.7
4472923500 70681976408 93.1 48445567887298736 91.7
4473026800 70681976608 93.1 48445567892828336 91.7
4473122700 70681979308 93.1 48445572103516336 91.7
4473145500 70681979808 93.1 48445572322447536 91.7
4473208000 70681980608 93.1 48445572668354736 91.7
4473418900 70681981308 93.1 48445572931113136 91.7
4474156400 70681981808 93.1 48445573876674736 91.7
4474849000 70681983208 93.1 48445574446837936 91.7
4475117400 70681983708 93.1 48445574549033136 91.7
4475527400 70681984008 93.1 48445574564393136 91.7
4475543600 70681987708 93.1 48445576777774256 91.7
4475609400 70681989408 93.1 48445577515054256 91.7
4475737900 70681989608 93.1 48445577525294256 91.7
4476027500 70682002008 93.1 48445627405141168 91.7
4476320800 70682007108 93.1 48445630273143984 91.7
4476458200 70682007608 93.1 48445630791902384 91.7
4476619300 70682009308 93.1 48445631233246384 91.7
4476802900 70682009708 93.1 48445631443985584 91.7
4476895500 70682016008 93.1 48445634539937200 91.7
4476906800 70682019808 93.1 48445640648687024 91.7
4477032000 70682020008 93.1 48445640658927024 91.7
4477180900 70682020208 93.1 48445640743714224 91.7
4477404700 70682024008 93.1 48445643311496624 91.7
4477417600 70682033508 93.1 48445652911019440 91.7
4478207700 70682590708 93.1 48446018315310512 91.7
4478447400 70682597508 93.1 48446019406280112 91.7
4478825600 70682597608 93.1 48446019577288112 91.7
4478960800 70682602208 93.1 48446024915548080 91.7
4478996800 70682602508 93.1 48446025549813680 91.7
4479655100 70682612208 93.1 48446035299716016 91.7
4479823800 70682701808 93.1 48446132546988976 91.7
4479832900 70682702908 93.1 48446132702715184 91.7
4480721400 70682715708 93.1 48446154534219056 91.7
4481008500 70682716508 93.1 48446155219275056 91.7
4481011500 70682720108 93.1 48446158223713072 91.7
4481059200 70682720808 93.1 48446158435066672 91.7
4481117100 70682724008 93.1 48446162111185200 91.7
4481162000 70682727208 93.1 48446163687326000 91.7
4481188700 70682884408 93.1 48446283621318960 91.7
4481217400 70682888708 93.1 48446285804501296 91.7
4481344800 70682890408 93.1 48446286472558896 91.7
4481461200 70682891108 93.1 48446286956296496 91.7
4481611400 70682891608 93.1 48446287202670896 91.7
4481740600 70682941808 93.1 48446319668670768 91.7
4481781600 70682943508 93.1 48446320425611568 91.7
4481791000 70682946908 93.1 48446322173784368 91.7
4481865300 70682947108 93.1 48446322211877168 91.7
4482512900 70682948908 93.1 48446323139416368 91.7
4483267000 70682950608 93.1 48446323996299568 91.7
4483686700 70682952008 93.1 48446325462099760 91.7
4484873900 70682963808 93.1 48446345497274160 91.7
4484969500 70683015308 93.1 48446353478294832 91.7
4485300400 70683015608 93.1 48446353495088432 91.7
4485332700 70683016008 93.1 48446353738390832 91.7
4485745300 70683016108 93.1 48446353755184432 91.7
4486229600 70683016908 93.1 48446354423037232 91.7
4486727300 70683017608 93.1 48446354800893232 91.7
4487035800 70683017708 93.1 48446355038870832 91.7
4487352400 70683018308 93.1 48446355082083632 91.7
4487570400 70683018408 93.1 48446355087203632 91.7
4488441500 70683019308 93.1 48446355509723728 91.7
4488830400 70683022208 93.1 48446358876021328 91.7
4489076800 70683048908 93.1 48446379892367952 91.7
4489360500 70683122708 93.1 48446486556787280 91.7
4490069900 70683123208 93.1 48446486624166480 91.7
4490812900 70683131208 93.1 48446497011848784 91.7
4491131800 70683132908 93.1 48446498585122384 91.7
4491160000 70683133208 93.1 48446498929800784 91.7
4491322100 70683133708 93.1 48446499009263184 91.7
4491504200 70683138108 93.1 48446500198653008 91.7
4491562500 70683174608 93.1 48446536005307472 91.7
4491790900 70683174708 93.1 48446536010427472 91.7
4492388100 70683177208 93.1 48446539374881872 91.7
4492455100 70683177308 93.1 48446539593198672 91.7
4492684100 70683177508 93.1 48446539641531472 91.7
4493130700 70683221808 93.1 48446582095617104 91.7
4493169800 70683223508 93.1 48446583709031504 91.7
4493492100 70683227108 93.1 48446586454989904 91.7
4493920800 70683229108 93.1 48446587417754704 91.7
4494109400 70683231708 93.1 48446591523994704 91.7
4495215000 70683232508 93.1 48446591826074704 91.7
4495445200 70683233308 93.1 48446592079617104 91.7
4495767300 70683233508 93.1 48446592208845904 91.7
4495827000 70683239608 93.1 48446594518580304 91.7
4496060400 70683247208 93.1 48446604922905680 91.7
4496295200 70683364208 93.1 48446748296340560 91.7
4496308500 70683364308 93.1 48446748301665360 91.7
4496730700 70683382808 93.1 48446759741094992 91.7
4496870800 70683383008 93.1 48446759793318992 91.7
4497091800 70683383108 93.1 48446759798438992 91.7
4497250300 70683385108 93.1 48446760601459792 91.7
4497256800 70683387108 93.1 48446762081344592 91.7
4497638800 70683387908 93.1 48446762359872592 91.7
4497767500 70683391808 93.1 48446767247971920 91.7
4497804200 70683418508 93.1 48446774894936656 91.7
4497981700 70683426508 93.1 48446783836818000 91.7
4497995500 70683433208 93.1 48446785314875088 91.7
4498104000 70683434008 93.1 48446786761669200 91.7
4498663200 70683434308 93.1 48446786977938000 91.7
4499106300 70683593008 93.1 48446868890565200 91.7
4499597500 70683593108 93.1 48446868895890000 91.7
4500030500 70683594008 93.1 48446869114411600 91.7
4500235300 70683594308 93.1 48446869142059600 91.7
4500376500 70683594508 93.1 48446869152299600 91.7
4500715900 70683595408 93.1 48446869378603600 91.7
4501735700 70683595508 93.1 48446869383723600 91.7
4502149300 70683595608 93.1 48446869423250000 91.7
4502154800 70683601308 93.1 48446879310946896 91.7
4502241800 70683867508 93.1 48447099175248464 91.7
4502832200 70683870508 93.1 48447100572598864 91.7
4503394700 70683886708 93.1 48447139634504272 91.7
4503766200 70683897808 93.1 48447144903498320 91.7
4504136600 70683898408 93.1 48447145012042320 91.7
4504575500 70683898608 93.1 48447145022282320 91.7
4504699200 70683898708 93.1 48447145031703120 91.7
4504836000 70683901108 93.1 48447147358231120 91.7
4504941600 70683902608 93.1 48447149222320720 91.7
4505148800 70683903108 93.1 48447149847984720 91.7
4505317700 70683903208 93.1 48447149853104720 91.7
4505790800 70683907508 93.1 48447151527549520 91.7
4506754700 70685527308 93.1 48449212207061584 91.7
4507162500 70685527508 93.1 48449212288162384 91.7
4507815200 70685527808 93.1 48449212601915984 91.7
4507826800 70685527908 93.1 48449212665403984 91.7
4507883800 70685530608 93.1 48449213699029584 91.7
4507998100 70685530808 93.1 48449213739989584 91.7
4508147600 70685531108 93.1 48449213910587984 91.7
4508223900 70685531408 93.1 48449214122965584 91.7
4509085300 70685531608 93.1 48449214194031184 91.7
4509248500 70685532908 93.1 48449214717295184 91.7
4509699900 70685533008 93.1 48449214870690384 91.7
4509834500 70685556908 93.1 48449232233566800 91.7
4510004900 70685557508 93.1 48449232520901200 91.7
4510101500 70685557808 93.1 48449232637842000 91.7
4510337500 70685558008 93.1 48449232743109200 91.7
4510725900 70685558608 93.1 48449233203499600 91.7
4510728400 70685560008 93.1 48449236428075600 91.7
4510954700 70685560108 93.1 48449236741624400 91.7
4510962900 70685561608 93.1 48449238142866000 91.7
4511237600 70685563508 93.1 48449238735966800 91.7
4511370100 70685568608 93.1 48449241026654800 91.7
4511478600 70685570208 93.1 48449243393733200 91.7
4511515600 70685570308 93.1 48449243394142800 91.7
4512016600 70685570908 93.1 48449243509854800 91.7
4512216300 70685622508 93.1 48449300099633744 91.7
4512552700 70685622908 93.1 48449300259377744 91.7
4512861100 70685624608 93.1 48449304113256272 91.7
4512926800 70685625708 93.1 48449307630215504 91.7
4513340400 70685649308 93.1 48449326024280400 91.7
4513618700 70685649508 93.1 48449326038002000 91.7
4513777800 70685649908 93.1 48449326264510800 91.7
4513902400 70685650208 93.1 48449326402955600 91.7
4514030600 70685658108 93.1 48449327943787344 91.7
4514211800 70685658208 93.1 48449328036152144 91.7
4514463500 70685658808 93.1 48449328530744144 91.7
4514894800 70685717208 93.1 48449402390520656 91.7
4515567600 70685717708 93.1 48449402473464656 91.7
4516045200 70685730608 93.1 48449403550636880 91.7
4516188800 70685730908 93.1 48449404152748880 91.7
4516194500 70685731908 93.1 48449410939001680 91.7
4516391200 70685732108 93.1 48449410949241680 91.7
4516567200 70685733708 93.1 48449411765779280 91.7
4516897300 70685733808 93.1 48449411770899280 91.7
4517087500 70685734508 93.1 48449412001913680 91.7
4517358600 70685734908 93.1 48449412129094480 91.7
4518024300 70685774408 93.1 48449427817046864 91.7
4518026200 70685774508 93.1 48449427817456464 91.7
4518031700 70685774608 93.1 48449427885245264 91.7
4518139900 70685774808 93.1 48449427895485264 91.7
4518266600 70685775208 93.1 48449427930915664 91.7
4519446600 70685778108 93.1 48449429352022864 91.7
4519484900 70685778308 93.1 48449429365744464 91.7
4519691900 70685790108 93.1 48449442928298832 91.7
4520067600 70685790808 93.1 48449443081489232 91.7
4520220500 70685791508 93.1 48449443348958032 91.7
4520238900 70685810908 93.1 48449459314844496 91.7
4520241900 70685811108 93.1 48449459325084496 91.7
4520286800 70685812708 93.1 48449460650140496 91.7
4520381100 70685817708 93.1 48449477603884880 91.7
4520742400 70685849908 93.1 48449516131368784 91.7
4520786600 70685853008 93.1 48449518155689680 91.7
4521291100 70685855908 93.1 48449521011914704 91.7
4521508300 70685856008 93.1 48449521018468304 91.7
4521698500 70685856808 93.1 48449521378301904 91.7
4521798700 70685858808 93.1 48449524444772304 91.7
4521911800 70685859308 93.1 48449524944074704 91.7
4521995600 70685861908 93.1 48449525925885904 91.7
4522417700 70685865608 93.1 48449527370135504 91.7
4522570800 70685877108 93.1 48449536338458576 91.7
4522641600 70685877208 93.1 48449536356685776 91.7
4522897600 70685878108 93.1 48449536633165776 91.7
4523252700 70685883708 93.1 48449541719401424 91.7
4523620000 70685884308 93.1 48449542227715024 91.7
4523845800 70685886308 93.1 48449544130716624 91.7
4523901700 70685887508 93.1 48449544511644624 91.7
4523909300 70685887808 93.1 48449544643535824 91.7
4523944200 70685889708 93.1 48449546238927824 91.7
4524001600 70685892008 93.1 48449552330730448 91.7
4524208200 70685892608 93.1 48449552362064848 91.7
4524324100 70685893508 93.1 48449553495520720 91.7
4524547300 70685893908 93.1 48449554345440720 91.7
4524646800 70685894208 93.1 48449554433095120 91.7
4524744200 70685895808 93.1 48449561185670096 91.7
4524750900 70685897108 93.1 48449561484268496 91.7
4525140200 70685897708 93.1 48449561840006096 91.7
4525319000 70685950508 93.1 48449625101022160 91.7
4525378300 70685951208 93.1 48449626503697360 91.7
4525440500 70685951508 93.1 48449626679620560 91.7
4525568600 70686010408 93.1 48449693553857488 91.7
4525671500 70686419608 93.1 48450029887820752 91.7
4525733100 70686421408 93.1 48450032286438352 91.7
4527016500 70686422108 93.1 48450032515404752 91.7
4527149000 70686425708 93.1 48450037769958352 91.7
4527251100 70686425908 93.1 48450037853926352 91.7
4527985600 70686426208 93.1 48450038238214352 91.7
4528179000 70686426308 93.1 48450038255007952 91.7
4528504000 70686433208 93.1 48450062771140816 91.7
4528506200 70686433808 93.1 48450063206340816 91.7
4528596300 70686434408 93.1 48450063282321616 91.7
4528604200 70686435308 93.1 48450063796984016 91.7
4528728100 70686436508 93.1 48450064015778720 91.7
4528881900 70686459108 93.1 48450084702174112 91.7
4529293400 70686460708 93.1 48450085279914912 91.7
4529297900 70686461008 93.1 48450085293841312 91.7
4529485800 70686461108 93.1 48450085298346912 91.7
4529715900 70688503808 93.1 48454340444396448 91.7
4529810500 70688505208 93.1 48454341153004448 91.7
4530133000 70688539308 93.1 48454358968419232 91.7
4530366500 70688540308 93.1 48454359292617632 91.7
4530402200 70688545608 93.1 48454364177712032 91.7
4530755400 70688546308 93.1 48454366320329632 91.7
4531020800 70688546508 93.1 48454366360470432 91.7
4531241200 70688547208 93.1 48454367421539232 91.7
4531427500 70688574408 93.1 48454392577299360 91.7
4531610700 70688574508 93.1 48454392593888160 91.7
4531804300 70688576608 93.1 48454393762495008 91.7
4532277500 70688577008 93.1 48454393955416608 91.7
4532318800 70688577608 93.1 48454394081573408 91.7
4532547300 70688578108 93.1 48454394296818208 91.7
4532704700 70688578908 93.1 48454395152267808 91.7
4532732200 70688581708 93.1 48454396971528608 91.7
4532827400 70688584008 93.1 48454398182257568 91.7
4533199500 70688626708 93.1 48454479758308256 91.7
4533666700 70688627808 93.1 48454480338506656 91.7
4534133600 70688628808 93.1 48454482529252256 91.7
4534304200 70688631908 93.1 48454492317220768 91.7
4534664700 70688633708 93.1 48454498990765984 91.7
4534708200 70688634108 93.1 48454499042580384 91.7
4535306200 70688644508 93.1 48454500680980384 91.7
4535315100 70688645308 93.1 48454500926330784 91.7
4535324700 70688645808 93.1 48454501363373984 91.7
4536198700 70688767908 93.1 48454579050772384 91.7
4536411100 70688768108 93.1 48454579223623584 91.7
4537901900 70688778708 93.1 48454585521150368 91.7
4537904400 70688778808 93.1 48454585541425568 91.7
4537974600 70688779208 93.1 48454585729431968 91.7
4538953300 70688781108 93.1 48454586721892768 91.7
4539105500 70688781508 93.1 48454586781899168 91.7
4539292600 70688783008 93.1 48454587415537824 91.7
4540266300 70688784708 93.1 48454588402704608 91.7
4540637000 70688848308 93.1 48454654010904800 91.7
4540745800 70688848908 93.1 48454654041010400 91.7
4540936800 70688854908 93.1 48454675999541472 91.7
4540943600 70688855308 93.1 48454676127746272 91.7
4541094100 70689320008 93.1 48455130907216096 91.7
4541519600 70689330208 93.1 48455141989994720 91.7
4541637100 70689330908 93.1 48455142751031520 91.7
4542427100 70689331408 93.1 48455143418884320 91.7
4543318100 70689335708 93.1 48455157777493216 91.7
4543486400 70689336008 93.1 48455157820910816 91.7
4544456400 70689541108 93.1 48455183980166368 91.7
4544524000 70689542108 93.1 48455184103865568 91.7
4544771600 70689546408 93.1 48455188469827296 91.7
4544954700 70689558408 93.1 48455203398057696 91.7
4545229600 70689558708 93.1 48455204664148960 91.7
4545621300 70689560808 93.1 48455207946068960 91.7
4545876600 70689561308 93.1 48455208533025760 91.7
4546016200 70689623208 93.1 48455288666235872 91.7
4546400900 70689623408 93.1 48455288675247072 91.7
4547152600 70689625008 93.1 48455289429320672 91.7
4548745900 70689628408 93.1 48455291880885472 91.7
4548779300 70689628608 93.1 48455292358274272 91.7
4548799000 70689629108 93.1 48455292412546272 91.7
4548949800 70689629808 93.1 48455292753743072 91.7
4549027000 70689647508 93.1 48455354679172320 91.7
4549495300 70689929008 93.1 48456322292718816 91.7
4550743000 70689929308 93.1 48456322561211616 91.7
4551553900 70689929708 93.1 48456323229064416 91.7
4551828500 70689930908 93.1 48456323671432416 91.7
4552379500 70689935008 93.1 48456330049974496 91.7
4553227600 70689944808 93.1 48456336162122976 91.7
4553447800 70689945708 93.1 48456336292375776 91.7
4554179900 70689945808 93.1 48456336714408672 91.7
4555614300 70689946408 93.1 48456336767451872 91.7
4556367300 70689946608 93.1 48456336911631072 91.7
4556576600 70689953408 93.1 48456339991568864 91.7
4556592200 70689962108 93.1 48456346379473376 91.7
4556938100 70689962208 93.1 48456346451767776 91.7
4557080100 70689963108 93.1 48456346773918176 91.7
4557228200 70689966608 93.1 48456354884308448 91.7
4557340700 70690554808 93.1 48456999720930784 91.7
4557424100 70690560608 93.1 48457004271301088 91.7
4557740600 70690561308 93.1 48457004718993888 91.7
4558471500 70690561808 93.1 48457004887339488 91.7
4558906600 70690562108 93.1 48457005068177888 91.7
4559063000 70690566308 93.1 48457009454155232 91.7
4559203600 70690566908 93.1 48457010156619232 91.7
4559367100 70690570108 93.1 48457021557252576 91.7
4559771000 70690572008 93.1 48457024428432096 91.7
4560189900 70690586108 93.1 48457033530160864 91.7
4560229600 70690587008 93.1 48457034616420064 91.7
4560403400 70690587108 93.1 48457034633008864 91.7
4561169700 70690587708 93.1 48457036744424288 91.7
4561414500 70690587908 93.1 48457036860545888 91.7
4561601700 70690589408 93.1 48457038792095456 91.7
4562179900 70690590508 93.1 48457039429967328 91.7
4562688400 70690655108 93.1 48457125551685088 91.7
4562910200 70690655308 93.1 48457125679480288 91.7
4563028800 70690655508 93.1 48457125755256288 91.7
4563890900 70690657608 93.1 48457133420926432 91.7
4564142800 70690668808 93.1 48457144525508064 91.7
4564671800 70690669008 93.1 48457144573840864 91.7
4566167200 70690669208 93.1 48457145621188064 91.7
4566778500 70690670308 93.1 48457145938423264 91.7
4566898000 70690672108 93.1 48457146750250464 91.7
4566983500 70690672208 93.1 48457147521117664 91.7
4567079200 70690733308 93.1 48457207554346464 91.7
4567284000 70690756508 93.1 48457240351684064 91.7
4567689100 70690759208 93.1 48457241567991264 91.7
4568332100 70690795908 93.1 48457285527655904 91.7
4568764900 70690796008 93.1 48457285532980704 91.7
4568793700 70690796108 93.1 48457285572916704 91.7
4568809700 70690807808 93.1 48457293154816480 91.7
4568963900 70690807908 93.1 48457293181030880 91.7
4569080000 70690808508 93.1 48457293425152480 91.7
4569641800 70690808808 93.1 48457293441946080 91.7
4569736200 70690809208 93.1 48457293599846880 91.7
4569997800 70690813808 93.1 48457295300014560 91.7
4570937400 70691102608 93.1 48457640458531296 91.7
4572489900 70691111908 93.1 48457641633783264 91.7
4572838800 70691112108 93.1 48457641744375264 91.7
4573149200 70691112608 93.1 48457642101341664 91.7
4573253400 70691113008 93.1 48457642124484064 91.7
4574401300 70691116108 93.1 48457643763088864 91.7
4574761000 70691144808 93.1 48457743053585888 91.7
4574972100 70691145108 93.1 48457743105605088 91.7
4576887200 70691171608 93.1 48457760286528992 91.7
4577626100 70691176108 93.1 48457764291468000 91.7
4577837300 70693001008 93.1 48459719067687648 91.7
4577893800 70693021308 93.1 48459742050433760 91.7
4579269300 70693022908 93.1 48459745566398176 91.7
4579635400 70693024708 93.1 48459746201687776 91.7
4580213500 70693025208 93.1 48459746781066976 91.7
4580232000 70693057108 93.1 48459760808763104 91.7
4580841000 70693057408 93.1 48459761061281504 91.7
4580912800 70693057608 93.1 48459761494548096 91.7
4581196700 70693088008 93.1 48459779812408960 91.7
4581279200 70693119408 93.1 48459828063817344 91.7
4581317600 70693157608 93.1 48459857572777600 91.7
4581448300 70693164808 93.1 48459864762188928 91.7
4581857900 70693165908 93.1 48459867017557376 91.7
4582561400 70693166808 93.1 48459868306816640 91.7
4582689600 70693197308 93.1 48459924433366656 91.7
4583246300 70693197808 93.1 48459924577341056 91.7
4584090700 70693237608 93.1 48460027642785408 91.7
4584735000 70693240508 93.1 48460035990890624 91.7
4585243300 70693240908 93.1 48460036092061824 91.7
4586080800 70693296508 93.1 48460096123558016 91.7
4586234800 70693300908 93.1 48460108195167360 91.7
4586631400 70693309008 93.1 48460110661267072 91.7
4587359800 70693309308 93.1 48460110978061280 91.7
4587491600 70693309608 93.1 48460110991987680 91.7
4587503100 70693311808 93.1 48460111720895904 91.7
4589784800 70693311908 93.1 48460111776396704 91.7
4589970300 70693317608 93.1 48460116807513504 91.7
4590033400 70693385508 93.1 48460173399692704 91.7
4590167500 70693385608 93.1 48460173404812704 91.7
4590409700 70693392108 93.1 48460177128326048 91.7
4590653800 70693398908 93.1 48460188241996704 91.7
4591377000 70693399508 93.1 48460188433484704 91.7
4591770600 70693400208 93.1 48460188469324704 91.7
4592011400 70693458208 93.1 48460256325188512 91.7
4592167700 70693464808 93.1 48460260102029984 91.7
4592232500 70693468508 93.1 48460266338924192 91.7
4592346800 70693468608 93.1 48460266355512992 91.7
4592594900 70693469108 93.1 48460267442796192 91.7
4593167800 70693469408 93.1 48460267627525792 91.7
4593680500 70693473308 93.1 48460268761708192 91.7
4594065600 70693476508 93.1 48460270339692192 91.7
4594249600 70693623508 93.1 48460416868128416 91.7
4595228700 70693624208 93.1 48460417886264288 91.7
4595415900 70693624308 93.1 48460417891384288 91.7
4595688300 70693624708 93.1 48460417945041888 91.7
4595943500 70693625508 93.1 48460418309176288 91.7
4596043600 70693625608 93.1 48460418901662688 91.7
4596472000 70693625708 93.1 48460418906782688 91.7
4596760600 70693626008 93.1 48460418923371488 91.7
4597386900 70693626408 93.1 48460419043589088 91.7
4597410900 70693640208 93.1 48460429720048608 91.7
4597617600 70693640508 93.1 48460429891261408 91.7
4598106600 70693642708 93.1 48460431750024416 91.7
4598281400 70693643008 93.1 48460432383209632 91.7
4598327100 70693644608 93.1 48460433364816032 91.7
4598485200 70693645208 93.1 48460433726492832 91.7
4599702500 70693650108 93.1 48460436219113632 91.7
4600099800 70693650708 93.1 48460436277276832 91.7
4600108000 70693668408 93.1 48460451458051232 91.7
4600190100 70693669208 93.1 48460452240592032 91.7
4600207500 70693670808 93.1 48460459175734432 91.7
4600710700 70693670908 93.1 48460459192937632 91.7
4600757000 70693672108 93.1 48460459640220832 91.7
4600849900 70693673708 93.1 48460460109827232 91.7
4600895900 70693674708 93.1 48460463909167008 91.7
4600928600 70693674808 93.1 48460463914287008 91.7
4601057700 70693675008 93.1 48460464017301408 91.7
4601084700 70693699108 93.1 48460467665809824 91.7
4601314500 70693699408 93.1 48460467740766624 91.7
4601360600 70693699508 93.1 48460467743838624 91.7
4601502000 70693699808 93.1 48460467799544224 91.7
4602144400 70693700008 93.1 48460467854840224 91.7
4602584800 70693709908 93.1 48460488142414240 91.7
4602829000 70693723608 93.1 48460500203802016 91.7
4603063100 70693724708 93.1 48460500637978016 91.7
4603172000 70693725508 93.1 48460501205683616 91.7
4603250800 70693725608 93.1 48460501206707616 91.7
4603296800 70693725808 93.1 48460501258726816 91.7
4603337300 70693728408 93.1 48460502541886112 91.7
4603431100 70693728508 93.1 48460502775153312 91.7
4603723600 70693729208 93.1 48460503574443104 91.7
4603814800 70693729508 93.1 48460503790916704 91.7
4603873500 70693729908 93.1 48460503894135904 91.7
4604141400 70693730108 93.1 48460504057566304 91.7
4604228200 70693731208 93.1 48460507133867104 91.7
4604453000 70693732308 93.1 48460507723895904 91.7
4604551300 70693741408 93.1 48460532162921568 91.7
4604690100 70693741508 93.1 48460532242793568 91.7
4604720000 70693742108 93.1 48460532892686048 91.7
4604852200 70693743408 93.1 48460535297864928 91.7
4605005600 70693744308 93.1 48460535971452128 91.7
4605141700 70693783408 93.1 48460574288053472 91.7
4605398900 70693783608 93.1 48460574304232672 91.7
4605853900 70693783708 93.1 48460574306895072 91.7
4605889800 70693784008 93.1 48460574483227872 91.7
4605904200 70693804808 93.1 48460588446817504 91.7
4605906800 70693805008 93.1 48460588538363104 91.7
4606230600 70693810708 93.1 48460608909552864 91.7
4606283800 70693810808 93.1 48460608914672864 91.7
4606385500 70693810908 93.1 48460608940887264 91.7
4606420000 70693812108 93.1 48460609151626464 91.7
4606425300 70693813108 93.1 48460609541156064 91.7
4606830800 70693814008 93.1 48460609937034464 91.7
4607177700 70693814508 93.1 48460609964068064 91.7
4607567400 70693948808 93.1 48460689932938464 91.7
4607683800 70693950208 93.1 48460690153508064 91.7
4607696600 70693961108 93.1 48460704843607264 91.7
4607750100 70693975008 93.1 48460719262152928 91.7
4607955200 70693975708 93.1 48460719660079328 91.7
4608029500 70693975808 93.1 48460719665199328 91.7
4608246300 70693976008 93.1 48460719679330528 91.7
4608483100 70693979408 93.1 48460722893461728 91.7
4608765100 70693992408 93.1 48460729441380064 91.7
4609012400 70693992908 93.1 48460730152036064 91.7
4609113600 70694017008 93.1 48460760786083552 91.7
4609190100 70694019608 93.1 48460762804280288 91.7
4609275000 70694020108 93.1 48460762881080288 91.7
4609668900 70694020908 93.1 48460763071134688 91.7
4610106300 70694021908 93.1 48460763135032288 91.7
4610409300 70694022108 93.1 48460763145272288 91.7
4610685900 70694022808 93.1 48460763683077088 91.7
4610749500 70694023708 93.1 48460764969630688 91.7
4610796900 70694024508 93.1 48460765260446688 91.7
4610826800 70694027208 93.1 48460768333880288 91.7
4611004000 70694032308 93.1 48460774271072736 91.7
4611069000 70694076408 93.1 48460810302736864 91.7
4611170800 70694079308 93.1 48460816185533920 91.7
4611199300 70694081108 93.1 48460818232707808 91.7
4611251000 70694081508 93.1 48460818253187808 91.7
4611348100 70694082308 93.1 48460820588112608 91.7
4611366600 70694427308 93.1 48461056425011936 91.7
4611412900 70694427508 93.1 48461056453069536 91.7
4611858300 70694429508 93.1 48461057650944736 91.7
4611888900 70694431208 93.1 48461058542234336 91.7
4612087100 70694433108 93.1 48461059215821536 91.7
4612290800 70694436208 93.1 48461062977619936 91.7
4612362900 70694440708 93.1 48461069359538656 91.7
4612416100 70694458808 93.1 48461089619474912 91.7
4612472600 70694461808 93.1 48461090761304416 91.7
4612599400 70694462108 93.1 48461090909784416 91.7
4612629800 70694462308 93.1 48461090988837216 91.7
4612635500 70694462508 93.1 48461090999282016 91.7
4612638100 70694463208 93.1 48461091831589216 91.7
4612656900 70694463708 93.1 48461092005464416 91.7
4612843300 70694466608 93.1 48461101786958176 91.7
4612984700 70694467108 93.1 48461101897959776 91.7
4613170700 70694467208 93.1 48461101900622176 91.7
4613244800 70694472208 93.1 48461105718436192 91.7
4613387200 70694472308 93.1 48461105718640992 91.7
4613472000 70694474508 93.1 48461106878786144 91.7
4613613900 70694475608 93.1 48461107376859744 91.7
4613778900 70694475908 93.1 48461107461646944 91.7
4613913300 70694476008 93.1 48461107466766944 91.7
4614008400 70694476208 93.1 48461107511413344 91.7
4614024600 70694477108 93.1 48461111309738080 91.7
4614227300 70694479108 93.1 48461111840784480 91.7
4614455800 70694479708 93.1 48461112136720480 91.7
4614556100 70694480708 93.1 48461112459690080 91.7
4614654900 70694482508 93.1 48461114196394080 91.7
4614858200 70694482808 93.1 48461115106115680 91.7
4614867400 70694486308 93.1 48461117258515040 91.7
4614907900 70694488308 93.1 48461124145464928 91.7
4614969900 70694489008 93.1 48461124301727328 91.7
4615041400 70694501908 93.1 48461133456471648 91.7
4615102900 70694502208 93.1 48461133609252448 91.7
4615169500 70694504608 93.1 48461135129073248 91.7
4615213300 70694505708 93.1 48461135639230048 91.7
4615217500 70694507108 93.1 48461136863319648 91.7
4615704100 70694507508 93.1 48461137226020448 91.7
4615723900 70694507708 93.1 48461137488574048 91.7
4615739900 70694508608 93.1 48461138068567648 91.7
4615885400 70694509408 93.1 48461138236298848 91.7
4616025800 70694511708 93.1 48461144246580320 91.7
4616212700 70694513208 93.1 48461144854631520 91.7
4616288300 70694513508 93.1 48461144948429920 91.7
4616365900 70694514708 93.1 48461146635162720 91.7
4616490200 70694517008 93.1 48461149106689120 91.7
4616571800 70694517408 93.1 48461149166900320 91.7
4616575400 70694518108 93.1 48461149508478912 91.7
4616604000 70694518708 93.1 48461149854181312 91.7
4616625400 70694519008 93.1 48461150329522112 91.7
4616691300 70694525908 93.1 48461154720024512 91.7
4616761000 70694526908 93.1 48461155253118912 91.7
4616802400 70694527008 93.1 48461155258238912 91.7
4617288900 70694528308 93.1 48461155833726912 91.7
4617304600 70694528408 93.1 48461156001867712 91.7
4617389200 70694528908 93.1 48461156985317312 91.7
4617425800 70694531108 93.1 48461157755797312 91.7
4617607300 70694548808 93.1 48461160087536704 91.7
4617691500 70694549008 93.1 48461160405181504 91.7
4617786600 70694549108 93.1 48461160827213600 91.7
4617804500 70694549408 93.1 48461160913639200 91.7
4617898100 70694591708 93.1 48461189745940256 91.7
4617963000 70694591808 93.1 48461189860833056 91.7
4618068600 70694591908 93.1 48461189866157856 91.7
4618467300 70694592108 93.1 48461189965076256 91.7
4618487800 70694592408 93.1 48461190240122656 91.7
4618513500 70694593808 93.1 48461194007418656 91.7
4618640900 70694594208 93.1 48461194094663456 91.7
4618730000 70694600008 93.1 48461195634349856 91.7
4618737900 70694617008 93.1 48461218352432928 91.7
4618885000 70694617208 93.1 48461218375165728 91.7
4618960000 70694620208 93.1 48461222557619232 91.7
4619137500 70694620408 93.1 48461222569702432 91.7
4619481700 70694620608 93.1 48461222934246432 91.7
4619596900 70694622408 93.1 48461223669888032 91.7
4619599400 70694623508 93.1 48461224421522144 91.7
4619649000 70694623708 93.1 48461224434219744 91.7
4619785900 70694643908 93.1 48461242746112736 91.7
4620210500 70694644108 93.1 48461242765978336 91.7
4620217700 70694649008 93.1 48461247721700064 91.7
4620437000 70694672408 93.1 48461267228893920 91.7
4620586400 70694672808 93.1 48461267574391520 91.7
4620681300 70694674108 93.1 48461274568564448 91.7
4620776500 70694675908 93.1 48461275188084448 91.7
4620901400 70694676008 93.1 48461275199348448 91.7
4621335900 70694677808 93.1 48461275921473248 91.7
4621511200 70694679308 93.1 48461276966977248 91.7
4621822000 70694679808 93.1 48461277183041248 91.7
4621848500 70694680208 93.1 48461277312065248 91.7
4621920700 70694680908 93.1 48461277335617248 91.7
4621972300 70694681108 93.1 48461277510311648 91.7
4622458800 70694681208 93.1 48461277512974048 91.7
4622543200 70694804308 93.1 48461378340093664 91.7
4622550300 70694805008 93.1 48461378706276064 91.7
4622610600 70694814408 93.1 48461400558436064 91.7
4622640200 70694815008 93.1 48461401141501664 91.7
4622688700 70694861908 93.1 48461422835488480 91.7
4622809100 70694870808 93.1 48461435760971488 91.7
4622867600 70694872308 93.1 48461436026392288 91.7
4623292800 70694877408 93.1 48461437379182048 91.7
4623537700 70695218308 93.1 48461695365742048 91.7
4623570100 70695219708 93.1 48461695584058848 91.7
4623655300 70695222408 93.1 48461697952980448 91.7
4623852400 70695225008 93.1 48461699231956448 91.7
4623854900 70695226808 93.1 48461701785812448 91.7
4624298800 70695239808 93.1 48461706487628768 91.7
4625383400 70695240308 93.1 48461706574463968 91.7
4625703200 70695246008 93.1 48461710449386976 91.7
4625837600 70695247308 93.1 48461710934558176 91.7
4625968200 70695254908 93.1 48461713726279392 91.7
4625978500 70695255008 93.1 48461713831872896 91.7
4626040400 70695255808 93.1 48461713966016896 91.7
4626177600 70695256208 93.1 48461714262976896 91.7
4626311700 70695300908 93.1 48461753209334144 91.7
4626528500 70695302508 93.1 48461753396316544 91.7
4626798000 70695303208 93.1 48461753618319744 91.7
4626822000 70695304508 93.1 48461754991503744 91.7
4626871700 70695304908 93.1 48461755009116544 91.7
4626958700 70695323108 93.1 48461769136100736 91.7
4627121100 70695324708 93.1 48461770835326336 91.7
4627158300 70695325008 93.1 48461770896766336 91.7
4627227600 70695325508 93.1 48461771146212736 91.7
4627269000 70695357508 93.1 48461803371105664 91.7
4627620000 70695357608 93.1 48461803376225664 91.7
4627704000 70695359708 93.1 48461803969531264 91.7
4627763800 70695359808 93.1 48461804058824064 91.7
4628295800 70695360608 93.1 48461804825314944 91.7
4628512000 70695360808 93.1 48461804894537344 91.7
4628687000 70695422708 93.1 48461844882622080 91.7
4628694800 70695423508 93.1 48461845007140480 91.7
4628733800 70695423808 93.1 48461845022500480 91.7
4629343400 70695424208 93.1 48461845198218880 91.7
4629761500 70695426108 93.1 48461846694897280 91.7
4630138800 70695427308 93.1 48461847327684864 91.7
4630167100 70695427708 93.1 48461847354104064 91.7
4630237000 70695430208 93.1 48461848315025664 91.7
4630661000 70695430508 93.1 48461848411896064 91.7
4630695500 70695430808 93.1 48461848654993664 91.7
4631321800 70695437808 93.1 48461850031163520 91.7
4631404600 70695439508 93.1 48461851632085120 91.7
4631454200 70695439808 93.1 48461851892181120 91.7
4631830000 70695440208 93.1 48461852315297920 91.7
4632098700 70695440608 93.1 48461852668782720 91.7
4632124800 70695441808 93.1 48461853340117120 91.7
4632161500 70695706308 93.1 48462125673719936 91.7
4632396200 70695710508 93.1 48462132368631936 91.7
4632677800 70695711108 93.1 48462133158135936 91.7
4632740800 70695738008 93.1 48462173971605632 91.7
4632751900 70695738108 93.1 48462173976930432 91.7
4632944700 70695740908 93.1 48462176671484032 91.7
4633081100 70695741408 93.1 48462176764872832 91.7
4633144900 70695749008 93.1 48462182199786624 91.7
4633545900 70695759808 93.1 48462198242166912 91.7
4633687600 70695759908 93.1 48462198268381312 91.7
4633721600 70695761908 93.1 48462200806922368 91.7
4633822500 70695762108 93.1 48462200818186368 91.7
4633834600 70695762808 93.1 48462201155491968 91.7
4633902600 70695763408 93.1 48462201913866368 91.7
4634312000 70695764708 93.1 48462202823178368 91.7
4634525900 70696140708 93.1 48462776408602752 91.7
4634720600 70696141308 93.1 48462776979585152 91.7
4634811200 70696142408 93.1 48462777973069952 91.7
4635786400 70696156908 93.1 48462789841595520 91.7
4635925200 70696166708 93.1 48462795491567744 91.7
4636010400 70696167908 93.1 48462797303023744 91.7
4636542500 70696168508 93.1 48462797645039744 91.7
4636680900 70696168808 93.1 48462797699311744 91.7
4636709100 70696169608 93.1 48462799516092544 91.7
4636915000 70696170708 93.1 48462799868758144 91.7
4637261900 70696170808 93.1 48462799873878144 91.7
4637489300 70696171308 93.1 48462800676898944 91.7
4637645800 70696176708 93.1 48462810682738816 91.7
4637708900 70696178908 93.1 48462811640588416 91.7
4637724100 70696181008 93.1 48462815360370816 91.7
4637747400 70696181308 93.1 48462815462975616 91.7
4638355300 70696182308 93.1 48462816373311616 91.7
4638374000 70696182508 93.1 48462816544524416 91.7
4638646900 70696182708 93.1 48462816611698816 91.7
4638765500 70696184508 93.1 48462817369049216 91.7
4638820100 70696184608 93.1 48462817407551616 91.7
4638839600 70696186508 93.1 48462819334924416 91.7
4638906100 70696186708 93.1 48462819715033216 91.7
4639148200 70696188208 93.1 48462820446169216 91.7
4639179900 70696188308 93.1 48462820451084416 91.7
4639633100 70696189208 93.1 48462820815833216 91.7
4639643100 70696194408 93.1 48462837971519616 91.7
4639654200 70696285108 93.1 48462914855905408 91.7
4639859100 70696292008 93.1 48462916581349632 91.7
4640178900 70696294708 93.1 48462918104632064 91.7
4640309900 70696297408 93.1 48462920070220672 91.7
4640360900 70696297708 93.1 48462920152550272 91.7
4640375300 70696317508 93.1 48462940951939968 91.7
4640554000 70696319308 93.1 48462942405610368 91.7
4640715400 70696319408 93.1 48462942485277568 91.7
4640719500 70696319508 93.1 48462942793296768 91.7
4640773000 70696320208 93.1 48462943183645568 91.7
4640831400 70696320808 93.1 48462943707933568 91.7
4640858300 70696325008 93.1 48462945563831168 91.7
4640938000 70696325108 93.1 48462945568951168 91.7
4641330900 70696333308 93.1 48462961104156544 91.7
4641409500 70696333508 93.1 48462961155766144 91.7
4642114300 70696334208 93.1 48462961428559744 91.7
4642199400 70696334408 93.1 48462961528092544 91.7
4642389600 70696334808 93.1 48462962021567040 91.7
4642425100 70696335008 93.1 48462962031807040 91.7
4642493400 70696335508 93.1 48462962565106240 91.7
4642612400 70696338408 93.1 48462966737558080 91.7
4642742200 70696338808 93.1 48462967356463680 91.7
4642776800 70696339108 93.1 48462967411145280 91.7
4642778100 70696340108 93.1 48462968825289280 91.7
4642817500 70696344808 93.1 48462971963275072 91.7
4642981200 70696345108 93.1 48462972203300672 91.7
4643123400 70696345208 93.1 48462972259211072 91.7
4643402200 70696345608 93.1 48462972316759872 91.7
4643525200 70696349908 93.1 48462975342065472 91.7
4643876200 70696350008 93.1 48462975656843072 91.7
4644003300 70696350408 93.1 48462976833828672 91.7
4644057800 70696350508 93.1 48462976916772672 91.7
4644130900 70696351308 93.1 48462977224382272 91.7
4644288500 70696351908 93.1 48462977268004672 91.7
4644332900 70696352408 93.1 48462977486731072 91.7
4644440900 70696359508 93.1 48462980093908288 91.7
4645094100 70696360208 93.1 48462980585649472 91.7
4645412800 70696362308 93.1 48462981679895872 91.7
4645426400 70696362408 93.1 48462981685015872 91.7
4645525300 70696362608 93.1 48462982033727968 91.7
4645528500 70696363008 93.1 48462982093734368 91.7
4646153700 70696363208 93.1 48462982675366368 91.7
4646305100 70696363308 93.1 48462982680486368 91.7
4646688000 70696363408 93.1 48462983073497568 91.7
4646893400 70696365108 93.1 48462984072511968 91.7
4647042900 70696368408 93.1 48462985974164320 91.7
4647217700 70696410408 93.1 48463015252181856 91.7
4647321600 70696411008 93.1 48463015313007456 91.7
4647343100 70696420008 93.1 48463018781825888 91.7
4647535500 70696422708 93.1 48463020343835488 91.7
4647660600 70696423608 93.1 48463021005953888 91.7
4647846100 70696433308 93.1 48463029341047136 91.7
4647847500 70696433908 93.1 48463029928413536 91.7
4648236400 70696434708 93.1 48463030489155936 91.7
4648369600 70696435308 93.1 48463030694979936 91.7
4648432200 70696435408 93.1 48463030697642336 91.7
4648556100 70696435608 93.1 48463030859639136 91.7
4648748200 70696435708 93.1 48463030862301536 91.7
4648790300 70696435808 93.1 48463030941354336 91.7
4648853100 70696437308 93.1 48463031874888224 91.7
4649142400 70696437608 93.1 48463033355182624 91.7
4649262600 70696438308 93.1 48463033819259424 91.7
4649345800 70696439308 93.1 48463034098811424 91.7
4649364500 70696439608 93.1 48463034147963424 91.7
4649469600 70696439708 93.1 48463034422600224 91.7
4649726100 70696440108 93.1 48463034803937824 91.7
4649936200 70696440308 93.1 48463034992763424 91.7
4650051200 70696440508 93.1 48463035625595424 91.7
4650074600 70696441008 93.1 48463035909243424 91.7
4650092500 70696441108 93.1 48463036133704224 91.7
4650318600 70696442008 93.1 48463036611502624 91.7
4650382700 70696443808 93.1 48463038090363424 91.7
4650470300 70696444208 93.1 48463038960273824 91.7
4650519200 70696445408 93.1 48463040761080224 91.7
4650668300 70696460008 93.1 48463048487300000 91.7
4650710100 70696460308 93.1 48463048515767200 91.7
4650860600 70696468808 93.1 48463051545988000 91.7
4651135200 70696498308 93.1 48463066956994464 91.7
4651244800 70696508908 93.1 48463069295515296 91.7
4651323700 70696509008 93.1 48463069449320096 91.7
4651432300 70696509608 93.1 48463069639579296 91.7
4651647300 70696515708 93.1 48463072308109728 91.7
4651996200 70696526708 93.1 48463081421848992 91.7
4652169700 70696528808 93.1 48463081963954592 91.7
4652178700 70696529108 93.1 48463082132709792 91.7
4652384400 70696529308 93.1 48463082145612192 91.7
4652404700 70696530608 93.1 48463082516300192 91.7
4652424700 70696532208 93.1 48463083758616992 91.7
4652796100 70696534708 93.1 48463087098904992 91.7
4652870100 70696536008 93.1 48463087840485792 91.7
4652913400 70696536508 93.1 48463088160178592 91.7
4653773200 70696536908 93.1 48463088674636192 91.7
4654062600 70696537108 93.1 48463088760856992 91.7
4654568500 70696539608 93.1 48463089748402592 91.7
4654616500 70696539908 93.1 48463089914085792 91.7
4654705000 70696540008 93.1 48463089919205792 91.7
4654812000 70696540108 93.1 48463089921868192 91.7
4654971700 70696541608 93.1 48463092045439392 91.7
4654984200 70696542408 93.1 48463093288370592 91.7
4655432300 70696548508 93.1 48463097673240992 91.7
4655548500 70696549608 93.1 48463098237874592 91.7
4655901000 70696550408 93.1 48463098871730592 91.7
4656033100 70696615508 93.1 48463169272344992 91.7
4656088300 70696631008 93.1 48463189280309664 91.7
4656113300 70696632308 93.1 48463189552898464 91.7
4656612800 70696637208 93.1 48463193467650464 91.7
4657008600 70696637508 93.1 48463193970639264 91.7
4657373600 70696637608 93.1 48463193981903264 91.7
4657780100 70696639008 93.1 48463194641154464 91.7
4657897400 70696675108 93.1 48463218968463776 91.7
4657944200 70696927508 93.1 48464119241738656 91.7
4658644700 70696944008 93.1 48464131839509920 91.7
4658747300 70696944208 93.1 48464131854869920 91.7
4658778500 70696944608 93.1 48464131997205920 91.7
4658804900 70696946008 93.1 48464132633314720 91.7
4658846800 70696946308 93.1 48464132643964320 91.7
4659092500 70696947008 93.1 48464132817839520 91.7
4659146300 70697022508 93.1 48464187646195104 91.7
4659312900 70697026308 93.1 48464189996684704 91.7
4659730600 70697030408 93.1 48464196348893088 91.7
4660274300 70697030508 93.1 48464196589737888 91.7
4660337700 70697034808 93.1 48464202146132896 91.7
4660657600 70697036108 93.1 48464204971553696 91.7
4660875300 70697067808 93.1 48464242644038560 91.7
4661037800 70697126708 93.1 48464304559715232 91.7
4661337600 70697128108 93.1 48464306581296032 91.7
4661626300 70697139508 93.1 48464312016903072 91.7
4661860600 70697145808 93.1 48464314612128672 91.7
4661896600 70697145908 93.1 48464314617043872 91.7
4662080900 70697146708 93.1 48464314944519072 91.7
4662128800 70697147508 93.1 48464315066579872 91.7
4662281300 70697148208 93.1 48464315331795872 91.7
4662498300 70697149008 93.1 48464316301933472 91.7
4662698400 70697149208 93.1 48464316337568672 91.7
4662935500 70697415508 93.1 48464410656627616 91.7
4663288200 70697417208 93.1 48464411134835616 91.7
4663485700 70697417708 93.1 48464411292326816 91.7
4663671200 70697417908 93.1 48464411297651616 91.7
4663935400 70697418508 93.1 48464411579866016 91.7
4663959200 70697418808 93.1 48464411588262816 91.7
4664085300 70697419908 93.1 48464411791014816 91.7
4664686300 70697424808 93.1 48464414625242016 91.7
4665049500 70697425108 93.1 48464414786624416 91.7
4665203500 70697425308 93.1 48464415497690016 91.7
4665411900 70697429008 93.1 48464420457115040 91.7
4666121500 70697429608 93.1 48464420675636640 91.7
4666195800 70697430308 93.1 48464420847668640 91.7
4666214800 70697630908 93.1 48464574302965152 91.7
4666393500 70697633708 93.1 48464579289138592 91.7
4666453100 70697634008 93.1 48464579318834592 91.7
4666497200 70697638608 93.1 48464582739813792 91.7
4666508500 70697648608 93.1 48464586959909024 91.7
4666547900 70697648808 93.1 48464587041009824 91.7
4666593100 70697653808 93.1 48464594666958496 91.7
4666986500 70697654708 93.1 48464596457729696 91.7
4666991000 70697655308 93.1 48464596848897696 91.7
4667078800 70697655808 93.1 48464597048168096 91.7
4667110200 70697655908 93.1 48464597154049696 91.7
4667511200 70697656508 93.1 48464597964033696 91.7
4667645800 70697657508 93.1 48464598645812896 91.7
4667815500 70698926008 93.1 48467246670098080 91.7
4667829200 70698926108 93.1 48467246675218080 91.7
4668073500 70698926808 93.1 48467247920811680 91.7
4668311900 70698928008 93.1 48467248336306464 91.7
4668458100 70698928708 93.1 48467248430104864 91.7
4668583900 70698929308 93.1 48467249003340064 91.7
4668811600 70698929608 93.1 48467249124991264 91.7
4668941700 70698929708 93.1 48467249131544864 91.7
4668973100 70698930408 93.1 48467249424204064 91.7
4668983500 70698932508 93.1 48467253996978464 91.7
4668983900 70698933408 93.1 48467255170687264 91.7
4669025700 70698935808 93.1 48467256823013664 91.7
4669042300 70698936908 93.1 48467257816908064 91.7
4669068900 70698937008 93.1 48467257921765664 91.7
4669082100 70698938908 93.1 48467258874495264 91.7
4669098100 70698939108 93.1 48467258968498464 91.7
4669144300 70698940708 93.1 48467260253413664 91.7
4669581700 70698940908 93.1 48467260330008864 91.7
4669921800 70698941808 93.1 48467260604031264 91.7
4669934200 70698981408 93.1 48467331967754528 91.7
4670065000 70698982808 93.1 48467333692460832 91.7
4670269600 70698983708 93.1 48467334665056032 91.7
4670358000 70698983808 93.1 48467334676320032 91.7
4670432200 70698984108 93.1 48467334962835232 91.7
4670470000 70698985108 93.1 48467335187091232 91.7
4671509800 70698987408 93.1 48467336385580832 91.7
4672386200 70698989008 93.1 48467340496326432 91.7
4672389800 70698989608 93.1 48467340745158432 91.7
4672440800 70699002008 93.1 48467347497497888 91.7
4672441900 70699002608 93.1 48467347799987488 91.7
4672449600 70699003508 93.1 48467348250957088 91.7
4672474400 70699033808 93.1 48467426773955872 91.7
4672552700 70699035308 93.1 48467428360233504 91.7
4672689700 70699035808 93.1 48467428805878304 91.7
4672735900 70699037508 93.1 48467430142607904 91.7
4672748600 70699037708 93.1 48467430205891104 91.7
4672785800 70699077508 93.1 48467468781343264 91.7
4673040000 70699077908 93.1 48467468832133664 91.7
4673123000 70699078308 93.1 48467469010514464 91.7
4673135800 70699079708 93.1 48467469701509664 91.7
4673140400 70699080008 93.1 48467469782405664 91.7
4673407000 70699080108 93.1 48467469808620064 91.7
4673534300 70699080408 93.1 48467469999698464 91.7
4673693800 70699080508 93.1 48467470016287264 91.7
4674247200 70699082508 93.1 48467473931194400 91.7
4674496000 70699082608 93.1 48467473937748000 91.7
4674920200 70699084208 93.1 48467477298106400 91.7
4675005000 70699084708 93.1 48467477484474400 91.7
4675177800 70699087408 93.1 48467478852538400 91.7
4675224100 70699538008 93.1 48467892339216416 91.7
4675238600 70699539108 93.1 48467893224566816 91.7
4675695900 70699539908 93.1 48467893534019616 91.7
4675752900 70699540108 93.1 48467893827907616 91.7
4675781500 70699540708 93.1 48467894404010016 91.7
4676388300 70699541208 93.1 48467894503952416 91.7
4676417300 70699598208 93.1 48467943107317792 91.7
4676614300 70699598508 93.1 48467943138242592 91.7
4677127400 70699602108 93.1 48467945010114592 91.7
4677327900 70699607208 93.1 48467947754164768 91.7
4677386600 70699624008 93.1 48467957294492192 91.7
4677397600 70699744108 93.1 48468060111006240 91.7
4677415600 70699744308 93.1 48468060448107040 91.7
4677423600 70701418708 93.1 48469777329170976 91.7
4677454600 70701418808 93.1 48469777355590176 91.7
4677867200 70701419508 93.1 48469778244422176 91.7
4677917100 70701422308 93.1 48469779842886176 91.7
4678056700 70701422608 93.1 48469779858860576 91.7
4678099200 70701422908 93.1 48469780105234976 91.7
4678295000 70701423008 93.1 48469780291807776 91.7
4678449900 70701423208 93.1 48469780456876576 91.7
4678586700 70701472408 93.1 48469805976302112 91.7
4678609900 70701474308 93.1 48469806782394912 91.7
4678748000 70702390408 93.1 48470630688993824 91.7
4678879700 70702390808 93.1 48470631585403424 91.7
4678893800 70702400908 93.1 48470642317692448 91.7
4679049600 70702403508 93.1 48470644347651104 91.7
4679156300 70702405708 93.1 48470652473461792 91.7
4679182900 70702410308 93.1 48470653839089824 91.7
4679242300 70702411608 93.1 48470656721248672 91.7
4679279200 70702422008 93.1 48470675005610400 91.7
4679535900 70702424008 93.1 48470677827549600 91.7
4679634700 70702425208 93.1 48470679869815200 91.7
4679669300 70702428908 93.1 48470681288055200 91.7
4679896000 70702559808 93.1 48470740117023136 91.7
4679902300 70702561208 93.1 48470740262635936 91.7
4680003100 70702561508 93.1 48470740322437536 91.7
4680018800 70702603808 93.1 48470773367951776 91.7
4680151400 70702603908 93.1 48470773379215776 91.7
4680263700 70702604508 93.1 48470773467074976 91.7
4680295500 70702604808 93.1 48470773490831776 91.7
4680798400 70702605808 93.1 48470779707174816 91.7
4680937200 70702606208 93.1 48470785283721120 91.7
4681328500 70702608508 93.1 48470786502485920 91.7
4681418900 70702609908 93.1 48470791571024288 91.7
4681461400 70702610208 93.1 48470791657654688 91.7
4682811600 70702611008 93.1 48470791956048288 91.7
4682925600 70702612008 93.1 48470792556521888 91.7
4683108300 70702612208 93.1 48470792606288288 91.7
4683109500 70702614208 93.1 48470793301174688 91.7
4683194600 70702633908 93.1 48470823787465120 91.7
4683234500 70702779208 93.1 48470984485341600 91.7
4683236600 70702779908 93.1 48470985293892000 91.7
4683605000 70702780808 93.1 48470986118826400 91.7
4683700000 70702781408 93.1 48470986312567200 91.7
4683804700 70702781608 93.1 48470986570615200 91.7
4684205800 70702782408 93.1 48470986918980000 91.7
4684482700 70702782708 93.1 48470986926967200 91.7
4684564300 70702783208 93.1 48470987107396000 91.7
4684678900 70702783608 93.1 48470987335748000 91.7
4684951700 70702783908 93.1 48470987346192800 91.7
4684996800 70702784208 93.1 48470987425860000 91.7
4685262800 70702784408 93.1 48470987436100000 91.7
4685338300 70702787008 93.1 48470988573149600 91.7
4685883700 70702787208 93.1 48470988725316000 91.7
4685919700 70702787908 93.1 48470989077162400 91.7
4686033500 70702791208 93.1 48470993298514592 91.7
4686581900 70702792908 93.1 48470995296748192 91.7
4686769500 70702793408 93.1 48470995912786592 91.7
4686776600 70702793808 93.1 48470995957842592 91.7
4686918400 70702794608 93.1 48470996332216992 91.7
4687172000 70702795008 93.1 48470996569170592 91.7
4687570000 70702795308 93.1 48470996717240992 91.7
4687748400 70702796208 93.1 48470996933509792 91.7
4688006500 70702801408 93.1 48470999417733792 91.7
4688027100 70702802508 93.1 48470999961068192 91.7
4688086400 70702805308 93.1 48471003959583392 91.7
4688368400 70702805408 93.1 48471003964703392 91.7
4689043700 70702805608 93.1 48471004248965792 91.7
4689209100 70702806008 93.1 48471004343992992 91.7
4689370000 70702806108 93.1 48471004379832992 91.7
4689742700 70702807908 93.1 48471007156362912 91.7
4690465700 70702808508 93.1 48471007381233312 91.7
4691172400 70702811108 93.1 48471012114423456 91.7
4691497600 70702811408 93.1 48471012140637856 91.7
4691658500 70702811608 93.1 48471012150468256 91.7
4691673100 70702812308 93.1 48471012209450656 91.7
4691729800 70702812608 93.1 48471012414045856 91.7
4692973700 70702814008 93.1 48471012559044256 91.7
4693031200 70702824308 93.1 48471014954387104 91.7
4693171500 70702824808 93.1 48471015275308704 91.7
4693722100 70702827208 93.1 48471016175099616 91.7
4693889300 70702827808 93.1 48471016344264416 91.7
4694935300 70702836808 93.1 48471025517892320 91.7
4699935100 70702895208 93.1 48471066802393824 91.7
4700777800 70703360708 93.1 48471558816862944 91.7
4702527100 70703361608 93.1 48471559610667744 91.7
4705934800 70703362708 93.1 48471560205970144 91.7
4706147100 70703517808 93.1 48471669203274464 91.7
4706201900 70703518508 93.1 48471669297337664 91.7
4708458100 70703519508 93.1 48471669401171264 91.7
4708681700 70703520408 93.1 48471669615801664 91.7
4708710300 70703522108 93.1 48471670767801664 91.7
4709405300 70703522908 93.1 48471672956704064 91.7
4709479200 70703537708 93.1 48471689136322880 91.7
4709712200 70703539808 93.1 48471689874626880 91.7
4710786900 70703541508 93.1 48471691038914880 91.7
4712720200 70703541808 93.1 48471691077212480 91.7
4713080500 70703542408 93.1 48471691253750080 91.7
4713141500 70703544208 93.1 48471692147906880 91.7
4713443900 70703547908 93.1 48471694239227712 91.7
4714391100 70703548008 93.1 48471694531477312 91.7
4714397500 70703548208 93.1 48471694541717312 91.7
4714981500 70703548408 93.1 48471695212642112 91.7
4716160800 70703549808 93.1 48471695875579712 91.7
4717662000 70703550908 93.1 48471696430178112 91.7
4719039200 70703553708 93.1 48471698743178304 91.7
4719215600 70703553908 93.1 48471698750551104 91.7
4719255800 70703556108 93.1 48471700390999104 91.7
4719381000 70703559708 93.1 48471703466612544 91.7
4720801000 70703560008 93.1 48471703779137344 91.7
4725522500 70703560108 93.1 48471703784257344 91.7
4727027100 70704612008 93.1 48473057197815616 91.8
4731091800 70704630708 93.1 48473081751752512 91.8
4734364300 70704631108 93.1 48473082174114304 91.8
4736745500 70704789608 93.1 48473312597969408 91.8
4739696900 70704792008 93.1 48473313317706112 91.8
4739812700 70705021108 93.1 48473363773245824 91.8
4740707400 70705023908 93.1 48473364098485536 91.8
4741056600 70705028108 93.1 48473367199317280 91.8
4741745000 70705032008 93.1 48473370654656800 91.8
4741786200 70705038508 93.1 48473376761377568 91.8
4744870700 70705038808 93.1 48473377054036768 91.8
4745049200 70705039208 93.1 48473377141691168 91.8
4745498700 70705039508 93.1 48473377178964768 91.8
4745859000 70705040508 93.1 48473377259451168 91.8
4748780600 70705045408 93.1 48473379271532832 91.8
4750396400 70705046108 93.1 48473380506681632 91.8
4750559400 70705050708 93.1 48473396462972192 91.8
4750577100 70705051208 93.1 48473397222575392 91.8
4751037900 70705051308 93.1 48473397227695392 91.8
4752212200 70705051508 93.1 48473397320264992 91.8
4752232400 70705051908 93.1 48473398138850592 91.8
4752327600 70705055008 93.1 48473400749754144 91.8
4752424200 70705057308 93.1 48473402575451680 91.8
4752443000 70705057908 93.1 48473402638734880 91.8
4752775600 70705062108 93.1 48473404609525280 91.8
4753064200 70705063108 93.1 48473405191362080 91.8
4754387900 70705064508 93.1 48473408146449184 91.8
4755303300 70705065508 93.1 48473408234513184 91.8
4755376200 70705065808 93.1 48473408341623584 91.8
4758565600 70705067708 93.1 48473409068663584 91.8
4759026400 70705067808 93.1 48473409075217184 91.8
4760311300 70705111608 93.1 48473468011721504 91.8
4762007400 70705115908 93.1 48473474111095072 91.8
4763366100 70705116908 93.1 48473474462736672 91.8
4764859000 70705117408 93.1 48473474733891872 91.8
4765792900 70705119908 93.1 48473476287095072 91.8
4765863900 70705122108 93.1 48473476914192672 91.8
4766520000 70705123308 93.1 48473478764909088 91.8
4768249900 70705124608 93.1 48473479269945888 91.8
4768346500 70705124708 93.1 48473479273632288 91.8
4768444900 70705125008 93.1 48473479326470688 91.8
4768703400 70705125308 93.1 48473479496249888 91.8
4768884700 70705138208 93.1 48473484948687392 91.8
4769012500 70705142008 93.1 48473487486978592 91.8
4769671600 70705142208 93.1 48473487547599392 91.8
4770504200 70705142608 93.1 48473487856690592 91.8
4770511000 70705143808 93.1 48473488222258592 91.8
4770820200 70705144408 93.1 48473489720165792 91.8
4770838900 70705147908 93.1 48473490879606432 91.8
4770971800 70705149008 93.1 48473491531689632 91.8
4771030000 70705149908 93.1 48473492330112928 91.8
4771558800 70705150708 93.1 48473494291892128 91.8
4771649200 70705150908 93.1 48473494388557728 91.8
4771686200 70705151108 93.1 48473494473549728 91.8
4771885000 70705153708 93.1 48473496373178144 91.8
4772407400 70705154008 93.1 48473496625491744 91.8
4772469700 70705154108 93.1 48473497047517056 91.8
4772607700 70705154208 93.1 48473497134352256 91.8
4772644200 70705155808 93.1 48473500411086720 91.8
4772915100 70705156008 93.1 48473500838010304 91.8
4772987600 70705156408 93.1 48473501202963904 91.8
4773349900 70705159008 93.1 48473502388755904 91.8
4773354300 70705159608 93.1 48473502543379904 91.8
4773610900 70705159708 93.1 48473502690016704 91.8
4773790700 70705160908 93.1 48473503968173504 91.8
4774077000 70705161908 93.1 48473505195384512 91.8
4774910100 70705162008 93.1 48473505429266112 91.8
4775110700 70705162208 93.1 48473505436638912 91.8
4775322600 70705163208 93.1 48473505774149312 91.8
4775453900 70705163408 93.1 48473505779883712 91.8
4776005300 70705164208 93.1 48473506117803712 91.8
4776101100 70705164308 93.1 48473506129067712 91.8
4776188500 70705164908 93.1 48473507264931264 91.8
4776213200 70705165108 93.1 48473507451631968 91.8
4776267500 70705165308 93.1 48473507471087968 91.8
4776379900 70705168308 93.1 48473512662720864 91.8
4776451300 70705194008 93.1 48473586101797216 91.8
4776564600 70705194408 93.1 48473586369061216 91.8
4776564700 70705218808 93.1 48473609184063840 91.8
4777044500 70705477708 93.1 48473871618503008 91.8
4777397400 70705479208 93.1 48473871843679600 91.8
4777538100 70705480408 93.1 48473874416582000 91.8
4777801400 70705481008 93.1 48473874751839600 91.8
4777891400 70705482008 93.1 48473876479373040 91.8
4778079900 70705741508 93.1 48474088312041200 91.8
4778211100 70705747008 93.1 48474091631052528 91.8
4778324200 70705750508 93.1 48474097417266928 91.8
4778555200 70705750608 93.1 48474098052966128 91.8
4778819800 70705751408 93.1 48474098560460528 91.8
4778890100 70705754208 93.1 48474099987916528 91.8
4778920400 70705754308 93.1 48474100093513928 91.8
4779186900 70705755408 93.1 48474100498241416 91.8
4779399800 70705755608 93.1 48474100508481416 91.8
4779654000 70705755708 93.1 48474100513601416 91.8
4779843600 70705761608 93.1 48474104564258696 91.8
4780246000 70705762008 93.1 48474104684599096 91.8
4780332100 70705763808 93.1 48474105292035896 91.8
4780336500 70705765108 93.1 48474106651293496 91.8
4780898900 70705765408 93.1 48474106804893496 91.8
4780904800 70705767908 93.1 48474108078954296 91.8
4781259800 70705782708 93.1 48474128683347768 91.8
4781372700 70705783208 93.1 48474130099270968 91.8
4781508000 70705784208 93.1 48474130389472568 91.8
4781611400 70705785008 93.1 48474130424083768 91.8
4781826100 70705785708 93.1 48474130622125368 91.8
4781952600 70705787008 93.1 48474131111597368 91.8
4781959200 70705799808 93.1 48474144563754296 91.8
4782129600 70705879308 93.1 48474259789141304 91.8
4782542000 70705879708 93.1 48474259932706104 91.8
4782663900 70705880008 93.1 48474259969994104 91.8
4782742600 70705880308 93.1 48474260065226104 91.8
4783044000 70705883508 93.1 48474261822614904 91.8
4783672200 70705885108 93.1 48474265188599416 91.8
4783725800 70705897908 93.1 48474274718389880 91.8
4783858800 70705924108 93.1 48474288946131576 91.8
4784227800 70705926608 93.1 48474289655353976 91.8
4784250800 70705950008 93.1 48474309784658552 91.8
4784591300 70705950108 93.1 48474309801247352 91.8
4784651700 70705951508 93.1 48474311424492152 91.8
4784806600 70705951908 93.1 48474312042988152 91.8
4784946000 70705952308 93.1 48474312121426552 91.8
4785242900 70705952408 93.1 48474312179384952 91.8
4785509200 70705952808 93.1 48474312379884152 91.8
4785760500 70705953208 93.1 48474312625234552 91.8
4785810500 70705953808 93.1 48474312677458552 91.8
4786300100 70705954708 93.1 48474313590487672 91.8
4786447900 70705954808 93.1 48474313647422072 91.8
4786481300 70705955208 93.1 48474313890110072 91.8
4786723300 70705955808 93.1 48474314029095768 91.8
4786874400 70705956008 93.1 48474314081524568 91.8
4786885400 70705957908 93.1 48474315173817048 91.8
4786989600 70705958008 93.1 48474315391929048 91.8
4787172000 70705958208 93.1 48474315502650048 91.8
4787213700 70705960108 93.1 48474317746561728 91.8
4787332300 70705960408 93.1 48474318180942528 91.8
4787377800 70705962108 93.1 48474321709032128 91.8
4787686400 70705962608 93.1 48474322446926528 91.8
4787762000 70705962808 93.1 48474322452251328 91.8
4787923900 70705962908 93.1 48474322572059328 91.8
4788117100 70705983508 93.1 48474364892254912 91.8
4788412900 70705990308 93.1 48474369700674240 91.8
4788476500 70706231308 93.1 48474558211209920 91.8
4788516500 70706240008 93.1 48474561456955328 91.8
4788600600 70706271108 93.1 48474613171625920 91.8
4788637800 70706273408 93.1 48474614571209152 91.8
4788762800 70706273608 93.1 48474614668284352 91.8
4788839600 70706275308 93.1 48474615276745152 91.8
4789392000 70706284208 93.1 48474617193877952 91.8
4789563700 70706284408 93.1 48474617268220352 91.8
4789595600 70706285908 93.1 48474617937301952 91.8
4789759400 70706286108 93.1 48474618064608952 91.8
4791470700 70706286208 93.1 48474618074848952 91.8
4791924000 70706293908 93.1 48474624190239416 91.8
4791953000 70706294008 93.1 48474624195359416 91.8
4792073100 70706294108 93.1 48474624200684216 91.8
4792139100 70706295308 93.1 48474625164063416 91.8
4792720800 70706578208 93.1 48474852323472056 91.8
4792763200 70706578508 93.1 48474852346000056 91.8
4792995700 70706579708 93.1 48474853208822456 91.8
4793359700 70706579808 93.1 48474853223158456 91.8
4793447800 70706581808 93.1 48474855558503096 91.8
4793753900 70706582108 93.1 48474855574477496 91.8
4793876800 70706582408 93.1 48474855976295096 91.8
4794271600 70706582508 93.1 48474856213248696 91.8
4794317900 70706582808 93.1 48474856285133496 91.8
4794454800 70706584608 93.1 48474857202637496 91.8
4794976900 70706584908 93.1 48474857293159096 91.8
4795193300 70706585108 93.1 48474857551411896 91.8
4795740700 70706585208 93.1 48474857556327096 91.8
4795782000 70706678008 93.1 48474973637761720 91.8
4795842800 70706681108 93.1 48474981922331320 91.8
4796023400 70706696108 93.1 48474992206043832 91.8
4796077200 70706696308 93.1 48474992236968632 91.8
4796313100 70706698808 93.1 48474995042728632 91.8
4796359400 70706699008 93.1 48474995954222904 91.8
4796510700 70706704208 93.1 48474997873608504 91.8
4796535800 70706706608 93.1 48474998339938104 91.8
4796722100 70706709808 93.1 48475006137698104 91.8
4797598500 70706710308 93.1 48475006665675992 91.8
4797781400 70706710908 93.1 48475007198360792 91.8
4798175700 70706711008 93.1 48475007203275992 91.8
4798440000 70706711108 93.1 48475007313867992 91.8
4798456100 70706711508 93.1 48475007344178392 91.8
4798591700 70706713308 93.1 48475007898723416 91.8
4798741100 70706714108 93.1 48475008850618904 91.8
4798759400 70706714408 93.1 48475009013639704 91.8
4798836900 70706715108 93.1 48475009275578904 91.8
4799278900 70706715608 93.1 48475009483041304 91.8
4799633800 70706715708 93.1 48475009485703704 91.8
4799772400 70706715808 93.1 48475009568647704 91.8
4799796500 70707133908 93.1 48475292814256664 91.8
4799918700 70707139808 93.1 48475293731023768 91.8
4800141000 70707142708 93.1 48475297632938648 91.8
4800157200 70707145108 93.1 48475300501917080 91.8
4800172200 70707145208 93.1 48475300923926488 91.8
4800452100 70707145308 93.1 48475301176444888 91.8
4800454000 70707146308 93.1 48475301581539288 91.8
4800522200 70707148208 93.1 48475302916835288 91.8
4800546800 70707148408 93.1 48475302919702488 91.8
4800731000 70707148908 93.1 48475303099721688 91.8
4800767500 70707152008 93.1 48475307082358744 91.8
4800846200 70707152108 93.1 48475307193974744 91.8
4801377900 70707153608 93.1 48475307943337944 91.8
4801680700 70707153808 93.1 48475307954601944 91.8
4801702500 70707154008 93.1 48475308055568344 91.8
4802125200 70707154308 93.1 48475308451241944 91.8
4803404900 70707155108 93.1 48475310940995544 91.8
4803551000 70707156208 93.1 48475311431696344 91.8
4804006700 70707157108 93.1 48475312142352344 91.8
4804124000 70707157408 93.1 48475312184336344 91.8
4804382100 70707158308 93.1 48475312714563544 91.8
4804577200 70707158808 93.1 48475313099587544 91.8
4805247000 70707160208 93.1 48475313668317144 91.8
4806413100 70707165808 93.1 48475317555830744 91.8
4806569500 70707166508 93.1 48475317658435544 91.8
4806577600 70707234408 93.1 48475355667783640 91.8
4806856600 70707283608 93.1 48475381680095192 91.8
4806969200 70707283708 93.1 48475381785695688 91.8
4807236200 70707284108 93.1 48475381968991688 91.8
4807568700 70707284808 93.1 48475382079583688 91.8
4807707700 70707285108 93.1 48475382695007688 91.8
4808246000 70707292608 93.1 48475397006732744 91.8
4808835800 70707293208 93.1 48475397977249416 91.8
4808844800 70707294708 93.1 48475398419412616 91.8
4808987400 70707295608 93.1 48475398821802632 91.8
4809524500 70707296008 93.1 48475399894749832 91.8
4809577900 70707296108 93.1 48475400365175432 91.8
4809961100 70707296308 93.1 48475401203012232 91.8
4810092300 70707296408 93.1 48475401214276232 91.8
4810459100 70707297508 93.1 48475401863859848 91.8
4810992400 70707299108 93.1 48475402431469064 91.8
4811291600 70707299408 93.1 48475402498438664 91.8
4811343200 70707300008 93.1 48475402579949064 91.8
4811596200 70707303908 93.1 48475404938852104 91.8
4811941400 70707304008 93.1 48475404945405704 91.8
4817118500 70707304708 93.1 48475404991280904 91.8
4817237700 70707305408 93.1 48475406556157704 91.8
4817654300 70707324408 93.1 48475421073957640 91.8
4819821100 70707324708 93.1 48475421319308040 91.8
4820405400 70707328808 93.1 48475428250149640 91.8
4821082100 70707329608 93.1 48475430933933320 91.8
4821273200 70707339608 93.1 48475439200929544 91.8
4822908600 70707340508 93.1 48475439731771144 91.8
4826095300 70707350808 93.1 48475453386907400 91.8
4826211700 70707351308 93.1 48475453647822600 91.8
4826601000 70707351908 93.1 48475454000488200 91.8
4827026500 70707352008 93.1 48475454243381000 91.8
4827154400 70707353708 93.1 48475455252310536 91.8
4827994400 70707354108 93.1 48475455345084936 91.8
4828196700 70707356508 93.1 48475456760662536 91.8
4828543400 70707362708 93.1 48475460268633864 91.8
4829251700 70707363008 93.1 48475460531392264 91.8
4829650600 70707370008 93.1 48475469448028936 91.8
4830337800 70707374208 93.1 48475475698341128 91.8
4830706400 70707397008 93.1 48475494635257096 91.8
4831018200 70707397808 93.1 48475495723769096 91.8
4831383000 70707399808 93.1 48475496494226696 91.8
4831713400 70707399908 93.1 48475496499346696 91.8
4832205500 70707402208 93.1 48475500919229704 91.8
4832331200 70707404308 93.1 48475501633981704 91.8
4832480000 70707465008 93.1 48475553037552904 91.8
4833481100 70707465308 93.1 48475553293143304 91.8
4833674000 70707467208 93.1 48475556465636872 91.8
4834215000 70707472308 93.1 48475560314921736 91.8
4834258700 70707472508 93.1 48475560327824136 91.8
4834283400 70707473208 93.1 48475561413583240 91.8
4835543800 70707473308 93.1 48475561418703240 91.8
4835671300 70707473408 93.1 48475561515368840 91.8
4835801200 70707475808 93.1 48475561866191240 91.8
4835859900 70707479408 93.1 48475567093440904 91.8
4836021300 70707479808 93.1 48475567344394808 91.8
4836645800 70707485808 93.1 48475577659288120 91.8
4836780600 70707485908 93.1 48475577679563320 91.8
4837213000 70707488108 93.1 48475578846923320 91.8
4837219800 70707488508 93.1 48475578869860920 91.8
4838568900 70707492408 93.1 48475580431839544 91.8
4838583400 70707493908 93.1 48475583005151544 91.8
4839603300 70707496808 93.1 48475584122745144 91.8
4839860500 70707497108 93.1 48475584497733944 91.8
4839913600 70707499608 93.1 48475586944479544 91.8
4840355500 70707500908 93.1 48475587428831544 91.8
4840750700 70707502308 93.1 48475588254380344 91.8
4840756100 70707502408 93.1 48475588341215544 91.8
4840902000 70707507508 93.1 48475599213996344 91.8
4841037000 70707510508 93.1 48475600343673144 91.8
4841121600 70707510808 93.1 48475600542124344 91.8
4841253300 70707511608 93.1 48475601012754744 91.8
4841425700 70707511808 93.1 48475601161644344 91.8
4841560900 70707512508 93.1 48475602470725944 91.8
4841903100 70707636408 93.1 48475733991672120 91.8
4842041800 70707637208 93.1 48475734331640120 91.8
4842768600 70707638808 93.1 48475736543242296 91.8
4843318100 70707638908 93.1 48475736777738296 91.8
4843547800 70708129708 93.1 48476318128064568 91.8
4843646000 70708129808 93.1 48476318207936568 91.8
4844627100 70708176008 93.1 48476363596900408 91.8
4844740900 70708177408 93.1 48476364219492408 91.8
4845026100 70708281908 93.1 48476423670769720 91.8
4845850700 70708284408 93.1 48476424771160120 91.8
4846160800 70708284508 93.1 48476424778328120 91.8
4846785200 70708284708 93.1 48476424864344120 91.8
4846958900 70708284908 93.1 48476425100068920 91.8
4847531600 70708285108 93.1 48476425338251320 91.8
4848075600 70708292108 93.1 48476429874059320 91.8
4848303800 70708292508 93.1 48476430175524920 91.8
4848634600 70708293008 93.1 48476430767192120 91.8
4848660400 70708293608 93.1 48476433149835320 91.8
4848671000 70708323508 93.1 48476455580526648 91.8
4848742300 70708323608 93.1 48476455580936248 91.8
4848975200 70708339308 93.1 48476492261226552 91.8
4849076700 70708340108 93.1 48476492748120056 91.8
4849932700 70708341208 93.1 48476493462667256 91.8
4850227600 70708371708 93.1 48476528458338296 91.8
4850248900 70708371808 93.1 48476528880342008 91.8
4850313400 70709523108 93.1 48477723406193656 91.8
4850558700 70709538408 93.1 48477748221565944 91.8
4850603000 70709547708 93.1 48477753991562232 91.8
4850857500 70709558708 93.1 48477758148930040 91.8
4851271100 70709560308 93.1 48477759817921528 91.8
4851417100 70709560908 93.1 48477761038995704 91.8
4851425800 70709561408 93.1 48477761222496504 91.8
4851620000 70709561508 93.1 48477761239085304 91.8
4851739400 70709822208 93.1 48478705625428216 91.8
4852024100 70709825108 93.1 48478709651743992 91.8
4852145000 70709826508 93.1 48478711005471992 91.8
4852507300 70709830008 93.1 48478713995443960 91.8
4852710600 70709830108 93.1 48478714000359160 91.8
4853034100 70709835808 93.1 48478715513989112 91.8
4853278900 70709837308 93.1 48478718494274040 91.8
4853349400 70709837508 93.1 48478718733890040 91.8
4853505200 70709837908 93.1 48478718848168440 91.8
4853619500 70709838508 93.1 48478720171995640 91.8
4853824200 70709838608 93.1 48478720179982840 91.8
4853872400 70709838808 93.1 48478720783528440 91.8
4854032400 70709843008 93.1 48478725795692024 91.8
4854219300 70709843708 93.1 48478726148562424 91.8
4854225200 70709844108 93.1 48478726248095224 91.8
4854269000 70709857208 93.1 48478733170335224 91.8
4854652900 70709859408 93.1 48478736911260664 91.8
4854792300 70709859808 93.1 48478737556995064 91.8
4854811000 70709864908 93.1 48478740818264568 91.8
4855031100 70709865108 93.1 48478740970226168 91.8
4855139500 70709872708 93.1 48478750219299320 91.8
4855204600 70709872808 93.1 48478750226876920 91.8
4855309900 70709873208 93.1 48478750462192120 91.8
4855735800 70709873408 93.1 48478750673375320 91.8
4855771300 70709874608 93.1 48478751751493208 91.8
4855935300 70709902608 93.1 48478781794324056 91.8
4855960400 70709902908 93.1 48478782878125656 91.8
4856021400 70709903408 93.1 48478782907207256 91.8
4856081200 70709906608 93.1 48478783412039256 91.8
4856290600 70709907808 93.1 48478784407776856 91.8
4856298600 70709944108 93.1 48478787608419160 91.8
4856316000 70709944408 93.1 48478788854627160 91.8
4856357600 70709945008 93.1 48478789161007960 91.8
4856551200 70709945108 93.1 48478789290031960 91.8
4856832500 70709948808 93.1 48478794151779160 91.8
4856899700 70709948908 93.1 48478794473724760 91.8
4856929100 70709949208 93.1 48478795055561560 91.8
4857032700 70709949308 93.1 48478795161142960 91.8
4857032900 70709953408 93.1 48478798776272560 91.8
4857202700 70709953508 93.1 48478798813136560 91.8
4857434400 70709954808 93.1 48478799734941360 91.8
4857457200 70709955308 93.1 48478800109110960 91.8
4857783400 70709959808 93.1 48478803685490352 91.8
4857817000 70709965808 93.1 48478806177825200 91.8
4857825700 70709966408 93.1 48478806519022000 91.8
4858044500 70709966608 93.1 48478807149601200 91.8
4858301300 70710001608 93.1 48478817301836208 91.8
4858404600 70710001908 93.1 48478817594905008 91.8
4858587400 70710002008 93.1 48478817700503312 91.8
4858928300 70710003708 93.1 48478820138992400 91.8
4859230600 70710004108 93.1 48478820159472400 91.8
4859380800 70710004208 93.1 48478820206371600 91.8
4859425700 70710004508 93.1 48478820529136400 91.8
4859447600 70710004608 93.1 48478820529546000 91.8
4859566700 70710006008 93.1 48478821965194000 91.8
4859644500 70710006708 93.1 48478822036464400 91.8
4859879900 70710006808 93.1 48478822258672400 91.8
4859938900 70710007408 93.1 48478822388846800 91.8
4860059500 70710007808 93.1 48478823194939600 91.8
4860415900 70710009508 93.1 48478825389545680 91.8
4860464500 70710013208 93.1 48478826480671952 91.8
4860531500 70710013608 93.1 48478827173267920 91.8
4860653000 70710013808 93.1 48478827326663120 91.8
4860719000 70711346908 93.1 48481601792698832 91.8
4860766000 70711354408 93.1 48481609244675536 91.8
4860863200 70711355808 93.1 48481612712758736 91.8
4861157600 70711356908 93.1 48481617150365136 91.8
4861190100 70711357108 93.1 48481617260342736 91.8
4861193800 70711358808 93.1 48481619511500752 91.8
4861347400 70711358908 93.1 48481619516620752 91.8
4861374400 70711359108 93.1 48481619636428752 91.8
4861388200 70711359308 93.1 48481619721420752 91.8
4861407000 70711360008 93.1 48481620047871952 91.8
4861433000 70711361408 93.1 48481621353369552 91.8
4861495500 70711361708 93.1 48481621667532752 91.8
4861577100 70711572208 93.1 48481762863222736 91.8
4861609800 70711573408 93.1 48481764576784336 91.8
4861651100 70711575408 93.1 48481766043971536 91.8
4861678800 70711575908 93.1 48481766143709136 91.8
4861691900 70711576008 93.1 48481766146371536 91.8
4861915500 70711579808 93.1 48481766956355536 91.8
4861928600 70711581608 93.1 48481769255030736 91.8
4861974000 70711581708 93.1 48481769259945936 91.8
4861998600 70711638408 93.1 48481819994070992 91.8
4862000500 70711639008 93.1 48481820095651792 91.8
4862101000 70711639708 93.1 48481820470230992 91.8
4862170300 70711641608 93.1 48481821476413392 91.8
4862182100 70711641908 93.1 48481821587824592 91.8
4862193400 70711642108 93.1 48481821619158992 91.8
4862413600 70711650608 93.1 48481827099402192 91.8
4862442600 70711652108 93.1 48481827626789488 91.8
4862625600 70711654708 93.1 48481829329291888 91.8
4862640900 70711654808 93.1 48481829331954288 91.8
4862923000 70711655008 93.1 48481829671717488 91.8
4863006700 70711657108 93.1 48481842090584688 91.8
4863097500 70711657408 93.1 48481842105739888 91.8
4863367300 70711657508 93.1 48481842127653488 91.8
4863416100 70711658408 93.1 48481844752517232 91.8
4863601800 70711658608 93.1 48481844963702432 91.8
4864001100 70711663108 93.1 48481847632801440 91.8
4864014800 70711666408 93.1 48481848402439840 91.8
4864270600 70711667608 93.1 48481850093641760 91.8
4864277800 70711667908 93.1 48481850202185760 91.8
4864428500 70711673108 93.1 48481860274383904 91.8
4864466000 70711674008 93.1 48481861454535968 91.8
4865046000 70711679408 93.1 48481862317767968 91.8
4865047200 70711679508 93.1 48481862320430368 91.8
4865070600 70711680708 93.1 48481864434916640 91.8
4865286800 70711680808 93.1 48481864480996640 91.8
4865574700 70711680908 93.1 48481864586591640 91.8
4865758600 70711682608 93.1 48481865431596440 91.8
4865814900 70711682708 93.1 48481865442860440 91.8
4865909000 70711692808 93.1 48481876706450840 91.8
4866031300 70711693508 93.1 48481877092089240 91.8
4866317700 70711696308 93.1 48481879695332760 91.8
4866353900 70711703108 93.1 48481884889075096 91.8
4866519600 70711704608 93.1 48481886352196120 91.8
4866770300 70711705108 93.1 48481886519927320 91.8
4866840500 70711705208 93.1 48481886525047320 91.8
4866935600 70711706508 93.1 48481889650909720 91.8
4866955500 70711706808 93.1 48481889862263320 91.8
4867366600 70711707008 93.1 48481890073425224 91.8
4867381000 70711707608 93.1 48481892605661000 91.8
4867703700 70711708708 93.1 48481892882755400 91.8
4867757400 70711708808 93.1 48481892885827400 91.8
4867835000 70711708908 93.1 48481892916137800 91.8
4867990300 70711709408 93.1 48481893357812616 91.8
4868036500 70711710408 93.1 48481893541927816 91.8
4868133200 70711710908 93.1 48481894892176776 91.8
4868181400 70711723808 93.1 48481915169111432 91.8
4868364600 70711723908 93.1 48481915254308232 91.8
4868496300 70711724208 93.1 48481915887509832 91.8
4868548800 70711724708 93.1 48481916695994824 91.8
4868599400 70711794508 93.1 48481982038852040 91.8
4868632400 70711794608 93.1 48481982043972040 91.8
4868678200 70711795008 93.1 48481983241028040 91.8
4869037900 70711795108 93.1 48481983378244040 91.8
4869559600 70711795508 93.1 48481983825936840 91.8
4869688600 70711802208 93.1 48481996537216456 91.8
4869805400 70711804208 93.1 48481999771353544 91.8
4870131300 70711805808 93.1 48482000849257672 91.8
4870481000 70711886908 93.1 48482290969920712 91.8
4870575900 70711887108 93.1 48482291190695112 91.8
4870758500 70711887608 93.1 48482291661120712 91.8
4870949600 70711889508 93.1 48482291890906312 91.8
4871181400 70711903808 93.1 48482300445150920 91.8
4871299600 70711910908 93.1 48482307800979144 91.8
4872080700 70711911008 93.1 48482307906576344 91.8
4872105700 70711931608 93.1 48482341029220312 91.8
4872269600 70711932908 93.1 48482341277847512 91.8
4872480400 70711933008 93.1 48482341280509912 91.8
4872624700 70711948308 93.1 48482360307922904 91.8
4872647800 70711948708 93.1 48482360446777304 91.8
4872866400 70711949408 93.1 48482362425964504 91.8
4872941900 70711949508 93.1 48482362430879704 91.8
4873119900 70711949708 93.1 48482362438457304 91.8
4873256600 70711949808 93.1 48482362554169304 91.8
4873458200 70711953008 93.1 48482364850591704 91.8
4873730200 70711954408 93.1 48482365957740504 91.8
4874145900 70712250108 93.1 48482594939705304 91.8
4874213400 70712251408 93.1 48482595395223704 91.8
4874329000 70712252108 93.1 48482595503153304 91.8
4874803500 70712253708 93.1 48482595881828504 91.8
4874937000 70712253908 93.1 48482595936510104 91.8
4875227100 70712259708 93.1 48482602181072024 91.8
4875799000 70712260308 93.1 48482602343683224 91.8
4875868600 70712260408 93.1 48482602449277320 91.8
4875877400 70712260508 93.1 48482602449686920 91.8
4875936400 70712263508 93.1 48482604225974280 91.8
4876235600 70712266308 93.1 48482606782492680 91.8
4876376300 70712267608 93.1 48482607326616456 91.8
4876399800 70712268108 93.1 48482607755877256 91.8
4876673700 70712287808 93.1 48482621008010120 91.8
4877101000 70712289808 93.1 48482624685343880 91.8
4877135100 70712290908 93.1 48482626875316616 91.8
4877170500 70712297108 93.1 48482629998311816 91.8
4877211100 70712303008 93.1 48482637918206344 91.8
4877505200 70712306408 93.1 48482642004079240 91.8
4878115800 70712308808 93.1 48482648687950472 91.8
4878175800 70712309608 93.1 48482649019726472 91.8
4878229500 70712309808 93.1 48482649028532872 91.8
4878471800 70712310108 93.1 48482649048808072 91.8
4878484700 70712311708 93.1 48482649974504072 91.8
4878489600 70712312308 93.1 48482651537878920 91.8
4878564600 70712328508 93.1 48482665909421960 91.8
4878603100 70712329008 93.1 48482666478183688 91.8
4878615700 70712329508 93.1 48482667322592008 91.8
4878913800 70712329608 93.1 48482667658873608 91.8
4878995200 70712329908 93.1 48482667748780808 91.8
4879426300 70712330008 93.1 48482667815955208 91.8
4879647600 70712330908 93.1 48482668766331784 91.8
4879720500 70712331008 93.1 48482668871898184 91.8
4880221200 70712331108 93.1 48482669007680584 91.8
4880308700 70712331408 93.1 48482669095744584 91.8
4880504000 70712331508 93.1 48482669160461384 91.8
4881290800 70712337308 93.1 48482671782925384 91.8
4881546100 70712338208 93.1 48482672638374984 91.8
4881673600 70712345208 93.1 48482677467115592 91.8
4881904600 70712345908 93.1 48482677545963592 91.8
4882184100 70712348608 93.1 48482678447902792 91.8
4882544600 70712348708 93.1 48482678930821192 91.8
4882728600 70712349608 93.1 48482680722400840 91.8
4882752200 70712370908 93.1 48482695872863816 91.8
4883944700 70712376608 93.1 48482707883640392 91.8
4884637300 70712376908 93.1 48482707897157192 91.8
4884898200 70712377508 93.1 48482708167697992 91.8
4884911100 70712381208 93.1 48482711994785096 91.8
4885252900 70712403808 93.1 48482726849528136 91.8
4885613000 70712419008 93.1 48482735481028936 91.8
4885902800 70712422108 93.1 48482738230264136 91.8
4885949200 70712422608 93.1 48482738336964936 91.8
4886116300 70712423208 93.1 48482744380047176 91.8
4886176600 70712426708 93.1 48482746521026376 91.8
4886209600 70712427108 93.1 48482746963695976 91.8
4886379600 70712427308 93.1 48482747109230072 91.8
4886532900 70712437508 93.1 48482758103303672 91.8
4887022200 70712439508 93.1 48482764048409592 91.8
4887305800 70712440208 93.1 48482764853273592 91.8
4887581300 70712440308 93.1 48482764855935992 91.8
4887871700 70712440408 93.1 48482764961517792 91.8
4888053000 70712440508 93.1 48482764978106592 91.8
4888240600 70712440808 93.1 48482765817834912 91.8
4888360700 70712441108 93.1 48482766003588512 91.8
4888412100 70712442408 93.1 48482766751518112 91.8
4888508500 70712442708 93.1 48482767026769312 91.8
4888851200 70712448908 93.1 48482780403810720 91.8
4888899600 70712449008 93.1 48482780466684320 91.8
4889072900 70712449608 93.1 48482780678978912 91.8
4889121800 70712451908 93.1 48482783490133856 91.8
4889286000 70712452108 93.1 48482783710293856 91.8
4889770200 70712452708 93.1 48482784683093856 91.8
4889826900 70712864808 93.1 48483191356747616 91.8
4889915400 70712874408 93.1 48483204057385824 91.8
4890025700 70712884208 93.1 48483211976641376 91.8
4890107600 70712887408 93.1 48483215630051168 91.8
4890720000 70712887508 93.1 48483215722415968 91.8
4890747900 70712887808 93.1 48483215986607968 91.8
4891091700 70712890308 93.1 48483219260424288 91.8
4891179400 70712890508 93.1 48483219307733088 91.8
4891439100 70712945808 93.1 48483285764595808 91.8
4891905200 70712946008 93.1 48483285897507504 91.8
4892335800 70712948908 93.1 48483287436169904 91.8
4892724300 70712949708 93.1 48483288158704304 91.8
4892806100 70712950708 93.1 48483290605449904 91.8
4893018200 70712952408 93.1 48483292599382704 91.8
4893028400 70712953508 93.1 48483292734868208 91.8
4893265900 70712953608 93.1 48483292755143408 91.8
4893528900 70712954208 93.1 48483292847303408 91.8
4893856900 70712954308 93.1 48483293083028208 91.8
4894304700 70712976008 93.1 48483325286894320 91.8
4894443600 70713239508 93.1 48483590114659056 91.8
4894464000 70713239608 93.1 48483590196374256 91.8
4894544600 70713240008 93.1 48483590464047856 91.8
4894717600 70713240208 93.1 48483590709398256 91.8
4894825800 70713241508 93.1 48483592373085936 91.8
4894897400 70713241808 93.1 48483592726161136 91.8
4895005100 70713242008 93.1 48483592736605936 91.8
4895026200 70713244708 93.1 48483594359441136 91.8
4895088100 70713244808 93.1 48483594363946736 91.8
4895185100 70713252908 93.1 48483601905931504 91.8
4895190700 70713253008 93.1 48483601911051504 91.8
4895200000 70713253308 93.1 48483601956312304 91.8
4895320300 70713255408 93.1 48483603413259504 91.8
4895476500 70713255608 93.1 48483603534910704 91.8
4895696400 70713256508 93.1 48483603943486704 91.8
4895698900 70713256908 93.1 48483604100363504 91.8
4895829600 70713257908 93.1 48483604710872304 91.8
4896238000 70713259408 93.1 48483605172491504 91.8
4896297500 70713276208 93.1 48483612636676336 91.8
4896626600 70713278508 93.1 48483613534314736 91.8
4896732700 70713282008 93.1 48483614001258736 91.8
4897270800 70713282208 93.1 48483614093213936 91.8
4897454500 70713282308 93.1 48483614221418736 91.8
4897460600 70713339708 93.1 48483672838627568 91.8
4897646100 70713339808 93.1 48483672981168368 91.8
4897947900 70713339908 93.1 48483673500950768 91.8
4898445300 70713340608 93.1 48483674680598768 91.8
4898689800 70713345308 93.1 48483677329291760 91.8
4898736700 70713345608 93.1 48483677353662960 91.8
4898767900 70713345808 93.1 48483677744133648 91.8
4898796700 70713346108 93.1 48483677950367248 91.8
4899112100 70713349608 93.1 48483681874540048 91.8
4899225400 70713349908 93.1 48483681977759248 91.8
4899427600 70713352408 93.1 48483682612355728 91.8
4899479100 70713352708 93.1 48483683154461328 91.8
4899771600 70713409708 93.1 48483743228830352 91.8
4899927400 70713409808 93.1 48483743313617552 91.8
4899963700 70713580408 93.1 48483986009481872 91.8
4900095800 70713581108 93.1 48483987112739472 91.8
4900185500 70713583108 93.1 48483988414038672 91.8
4900342900 70713583308 93.1 48483988528931472 91.8
4900577300 70713584008 93.1 48483988564771472 91.8
4900622000 70713584908 93.1 48483988711331072 91.8
4901141500 70713592008 93.1 48483995018255616 91.8
4901267300 70713592108 93.1 48483995239849216 91.8
4901466300 70713592308 93.1 48483995250089216 91.8
4901631900 70713593008 93.1 48483995760450816 91.8
4901777700 70713593208 93.1 48483995852201216 91.8
4902185300 70713597008 93.1 48484001108393216 91.8
4902546800 70713598708 93.1 48484002473181184 91.8
4902558400 70713963008 93.1 48484355168796672 91.8
4902580200 70713963408 93.1 48484355386908672 91.8
4902972100 70713963508 93.1 48484355522691072 91.8
4902985900 70713963808 93.1 48484355530678272 91.8
4903136500 70713967208 93.1 48484357010153472 91.8
4903206800 70713967308 93.1 48484357060329472 91.8
4903219600 70713967508 93.1 48484357425283072 91.8
4903519600 70713970108 93.1 48484362858422272 91.8
4903744600 70713983608 93.1 48484372717056000 91.8
4904466700 70713987408 93.1 48484382341632000 91.8
4904632000 70713998108 93.1 48484394623858688 91.8
4904686800 70713998608 93.1 48484394662770688 91.8
4905046200 70714004208 93.1 48484414259296256 91.8
4905060300 70714022208 93.1 48484429238560768 91.8
4905416800 70714022708 93.1 48484431348730752 91.8
4905533600 70714024708 93.1 48484432221997952 91.8
4906324600 70714036108 93.1 48484439598022016 91.8
4906989000 70714036308 93.1 48484439683014016 91.8
4907079700 70714037608 93.1 48484445943405440 91.8
4907467300 70714038708 93.1 48484447050759040 91.8
4907540400 70714040008 93.1 48484448902494720 91.8
4907588200 70714040508 93.1 48484448923998720 91.8
4908567300 70714041408 93.1 48484449511774720 91.8
4908611600 70714044408 93.1 48484455188572160 91.8
4909024000 70714044808 93.1 48484455324764160 91.8
4909504000 70714053308 93.1 48484469098594304 91.8
4909678000 70714053508 93.1 48484469211029504 91.8
4910176600 70714053708 93.1 48484469277999104 91.8
4910270900 70714055108 93.1 48484469448392704 91.8
4910874700 70714055208 93.1 48484469453512704 91.8
4910931500 70714055408 93.1 48484469780086592 91.8
4911139600 70714055508 93.1 48484469885652992 91.8
4911171900 70714194508 93.1 48484577300303872 91.8
4911207200 70714194808 93.1 48484577933505664 91.8
4911559200 70714335008 93.1 48484598463757440 91.8
4911997000 70714368608 93.1 48484649395182720 91.8
4912295100 70714372808 93.1 48484654834167936 91.8
4912619100 70714407108 93.1 48484770102808704 91.8
4912966700 70714407308 93.1 48484770630394816 91.8
4913460700 70714407408 93.1 48484770693063616 91.8
4913466900 70715210508 93.1 48486433242817472 91.8
4914067500 70715211608 93.1 48486433834484672 91.8
4914116400 70715213608 93.1 48486436793844672 91.8
4914448900 70715215108 93.1 48486437393089472 91.8
4915797200 70715217208 93.1 48486440534357952 91.8
4916473500 70715314808 93.1 48486516345018304 91.8
4916766900 70715315808 93.1 48486516805613504 91.8
4916893200 70715315908 93.1 48486516808275904 91.8
4917445200 70715316108 93.1 48486516826912704 91.8
4917570200 70715319708 93.1 48486520372819904 91.8
4917802100 70715334308 93.1 48486525591738304 91.8
4918178000 70715359408 93.1 48486542003618752 91.8
4918647100 70715481508 93.1 48486642069504960 91.8
4920808700 70715481708 93.1 48486642082407360 91.8
4921726100 70715482108 93.1 48486642614887360 91.8
4921998300 70715483908 93.1 48486643950797760 91.8
4922071300 70715484008 93.1 48486644296909760 91.8
4922409600 70715485308 93.1 48486646000812736 91.8
4922754700 70715485708 93.1 48486646130655936 91.8
4923109500 70715486008 93.1 48486646278521536 91.8
4923904500 70715530508 93.1 48486699947221696 91.8
4924372300 70715531208 93.1 48486701000473664 91.8
4924537600 70715531608 93.1 48486701340646464 91.8
4924690000 70715533208 93.1 48486702791654464 91.8
4924759800 70715533408 93.1 48486703002839072 91.8
4925471300 70715538508 93.1 48486705084626208 91.8
4926621400 70715538608 93.1 48486705088312608 91.8
4927656000 70715539708 93.1 48486705580242208 91.8
4927777300 70715544208 93.1 48486709005317408 91.8
4927917600 70715597608 93.1 48486748148319520 91.8
4928548800 70715598308 93.1 48486748402271520 91.8
4928553800 70715599208 93.1 48486748887442720 91.8
4928621200 70715599308 93.1 48486748890514720 91.8
4928825400 70715609608 93.1 48486755255565600 91.8
4929196700 70715610008 93.1 48486755622857600 91.8
4929572100 70715610208 93.1 48486755629820800 91.8
4929587400 70715610908 93.1 48486755842198400 91.8
4929917400 70715611308 93.1 48486755862678400 91.8
4930941900 70715631108 93.1 48486775228445568 91.8
4931497200 70715631908 93.1 48486776195101568 91.8
4932360800 70715632908 93.1 48486777100522368 91.8
4933413700 70715641008 93.1 48486783920362368 91.8
4933648400 70715641508 93.1 48486783958455168 91.8
4937540400 70715706508 93.1 48486841535206272 91.8
4939509700 70715707108 93.1 48486841597875072 91.8
4940783400 70715707208 93.1 48486841643340672 91.8
4940893200 70715707308 93.1 48486841648460672 91.8
4943294400 70715707508 93.1 48486841720959872 91.8
4943920000 70715710908 93.1 48486844139289216 91.8
4944046800 70715724608 93.1 48486870597493376 91.8
4944820600 70715725408 93.1 48486871095976576 91.8
4945083900 70715725508 93.1 48486871104578176 91.8
4945917900 70715839808 93.1 48487005823074944 91.8
4960415400 70715841108 93.1 48487006546018944 91.8
4960977500 70715841208 93.1 48487006998422144 91.8
4961180100 70715843208 93.1 48487008153084544 91.8
4965013600 70715845108 93.1 48487009441890944 91.8
4965145800 70716497208 93.1 48487682744992384 91.8
4965301200 70716497808 93.1 48487683060179584 91.8
4965717600 70717461108 93.1 48488692512236160 91.8
4965788100 70717461308 93.1 48488692635525760 91.8
4965960100 70717687808 93.1 48488932429259392 91.8
4967801900 70717688008 93.1 48488932439499392 91.8
4968545300 70717689608 93.1 48488933161624192 91.8
4969379700 70717690708 93.1 48488933373182592 91.8
4969550900 70717691308 93.1 48488933811864192 91.8
4969616700 70717691408 93.1 48488933881700992 91.8
4970224300 70717725208 93.1 48488970879230592 91.8
4971398500 70717725408 93.1 48488970971185792 91.8
4971469800 70717727208 93.1 48488971064164992 91.8
4972818500 70717764708 93.1 48488997548862080 91.8
4973187200 70717767108 93.1 48489003033815680 91.8
4973947400 70717770208 93.1 48489004912855680 91.8
4973977600 70717770408 93.1 48489004925348480 91.8
4974470400 70717770508 93.1 48489004937226880 91.8
4974979600 70717770608 93.1 48489005174385280 91.8
4975910900 70717773108 93.1 48489006008330880 91.8
4978847200 70717779308 93.1 48489011215507072 91.8
4984147400 70718094308 93.1 48489377083596416 91.8
4987894600 70718098808 93.1 48489379282534016 91.8
4989637700 70718117308 93.1 48489417091116672 91.8
5023269200 70718123708 93.1 48489425250553472 91.8
5023353300 70718125508 93.1 48489425677766272 91.8
5034799600 70718125608 93.1 48489425686367872 91.8
5035451300 70718126608 93.1 48489426068524672 91.8
5035564000 70718129408 93.1 48489427460140672 91.8
5035797900 70718131508 93.1 48489428849503872 91.8
5037012600 70718145908 93.1 48489481043132032 91.8
5037811700 70718169408 93.1 48489490846827136 91.8
5038804400 70718175408 93.1 48489500703834752 91.8
5039985400 70718197908 93.1 48489534512628352 91.8
5040229800 70718198108 93.1 48489534557069952 91.8
5040281400 70718198208 93.1 48489534560526152 91.8
5040384100 70718198808 93.1 48489534698970952 91.8
5041150300 70718203208 93.1 48489598663913288 91.8
5041728800 70718203608 93.1 48489598874857288 91.8
5041753000 70718203808 93.1 48489598891855688 91.8
5042336200 70718246308 93.1 48489616070070088 91.8
5042359100 70718246808 93.1 48489617627778888 91.8
5042360600 70718247108 93.1 48489617875177288 91.8
5042464100 70718262308 93.1 48489626959262536 91.8
5042669400 70718263108 93.1 48489627277112136 91.8
5042739400 70718264108 93.1 48489627521438536 91.8
5042772600 70718264208 93.1 48489627526558536 91.8
5042812800 70718517608 93.1 48489850363114312 91.8
5043103400 70718518208 93.1 48489850496234312 91.8
5043634700 70718518308 93.1 48489850504221512 91.8
5044029500 70718518408 93.1 48489850523677512 91.8
5044726300 70718518608 93.1 48489850540266312 91.8
5045005200 70718518808 93.1 48489850562384712 91.8
5045556500 70718518908 93.1 48489850883306312 91.8
5046830900 70718519008 93.1 48489850888426312 91.8
5047046400 70718522208 93.1 48489857078301512 91.8
5047053200 70718522408 93.1 48489857088541512 91.8
5047496400 70718763308 93.1 48490014042739528 91.8
5047540800 70718763408 93.1 48490014423667528 91.8
5047900400 70718764008 93.1 48490014556992328 91.8
5048424000 70718765608 93.1 48490015255974728 91.8
5048500500 70718776308 93.1 48490026876121928 91.8
5048753200 70719145608 93.1 48490253261419336 91.8
5048938900 70719152008 93.1 48490263182811976 91.8
5049067200 70719152208 93.1 48490263261250376 91.8
5049129900 70719152408 93.1 48490263435535176 91.8
5049758700 70719152608 93.1 48490263564354376 91.8
5050249300 70719152708 93.1 48490263737410376 91.8
5050280100 70719153308 93.1 48490263976411976 91.8
5050352500 70719153708 93.1 48490264996725576 91.8
5050408500 70719153908 93.1 48490265142747976 91.8
5051204300 70719154808 93.1 48490265446261576 91.8
5051964400 70719155408 93.1 48490270005519176 91.8
5052248000 70719156008 93.1 48490270226293576 91.8
5052352500 70719156208 93.1 48490270315791176 91.8
5052391200 70719246808 93.1 48490385193730888 91.8
5052883900 70719248208 93.1 48490385342689784 91.8
5053028300 70719259808 93.1 48490399445276152 91.8
5053848900 70719260908 93.1 48490400181046136 91.8
5053952000 70719670208 93.1 48490502117165944 91.8
5054028500 70719670808 93.1 48490502279162744 91.8
5054404200 70719670908 93.1 48490502284282744 91.8
5054407000 70719675208 93.1 48490502833556344 91.8
5054957800 70719675308 93.1 48490502833965944 91.8
5056005500 70719675408 93.1 48490502894381944 91.8
5056514100 70719676508 93.1 48490503409863544 91.8
5056765700 70719676608 93.1 48490503452666744 91.8
5057304100 70719677008 93.1 48490503473146744 91.8
5057902300 70719678108 93.1 48490503707847544 91.8
5058109900 70719678408 93.1 48490504186669944 91.8
5058160000 70719678508 93.1 48490504251591544 91.8
5058463900 70719678708 93.1 48490504274938744 91.8
5058842900 70719679608 93.1 48490504927021944 91.8
5060864400 70719680208 93.1 48490508989229944 91.8
5061161900 70719683308 93.1 48490511682848632 91.8
5061475200 70719698008 93.1 48490522893395832 91.8
5061532000 70719698608 93.1 48490523207968632 91.8
5062765800 70719698908 93.1 48490523327162232 91.8
5062838600 70719709108 93.1 48490532344636280 91.8
5063309000 70719711008 93.1 48490534317070456 91.8
5063658700 70719759508 93.1 48490635745458296 91.8
5063760900 70719774308 93.1 48490651250780280 91.8
5064164500 70719774708 93.1 48490651398031480 91.8
5064260100 70719774908 93.1 48490651594844280 91.8
5065585300 70719822208 93.1 48490703314692216 91.8
5067335200 70719822808 93.1 48490703845522232 91.8
5068002800 70720397108 93.1 48491511481039672 91.8
5068062300 70720397208 93.1 48491511571561272 91.8
5068401500 70720412608 93.1 48491526621258552 91.8
5069510100 70720412708 93.1 48491527015498552 91.8
5069747200 70720412808 93.1 48491527089840952 91.8
5070681500 70720413008 93.1 48491527397450552 91.8
5071355200 70720413508 93.1 48491527522378552 91.8
5071421900 70720417308 93.1 48491528076157752 91.8
5071705500 70721115308 93.1 48492992596566840 91.8
5071742700 70721117708 93.1 48492992771466040 91.8
5071872300 70721117908 93.1 48492992817546040 91.8
5072150400 70721118008 93.1 48492992828605240 91.8
5072608700 70721118208 93.1 48492993019888440 91.8
5073470700 70721120508 93.1 48492996010582840 91.8
5073616200 70721120608 93.1 48492996239139640 91.8
5074744600 70721121008 93.1 48492996537328440 91.8
5075175300 70721124408 93.1 48492998294247864 91.8
5075393300 70721124608 93.1 48492998302644664 91.8
5075707400 70721126208 93.1 48492999783849272 91.8
5077455200 70721126308 93.1 48492999788969272 91.8
5078287900 70721126408 93.1 48492999792655672 91.8
5078512300 70721267508 93.1 48493125414739256 91.8
5078731100 70721338608 93.1 48493166711291192 91.8
5078957300 70721343208 93.1 48493172870928184 91.8
5079224300 70721584208 93.1 48493353043679032 91.8
5080022900 70721584808 93.1 48493353115359032 91.8
5080027800 70721623208 93.1 48493376703944504 91.8
5080298500 70721627408 93.1 48493381444859704 91.8
5080418100 70721628108 93.1 48493388082222904 91.8
5080689300 70721628208 93.1 48493388092667704 91.8
5081058700 70722426908 93.1 48494301934909240 91.8
5081234600 70722427008 93.1 48494302026250040 91.8
5081385700 70722427708 93.1 48494303332874040 91.8
5081388600 70722438708 93.1 48494318912409400 91.8
5081439200 70722439408 93.1 48494319271028888 91.8
5081444500 70722479008 93.1 48494345142679704 91.8
5081449600 70722494908 93.1 48494360590978200 91.8
5082587500 70722495808 93.1 48494362516098200 91.8
5082886000 70722496108 93.1 48494362833128600 91.8
5082917000 70722497208 93.1 48494364071320984 91.8
5084727000 70722497408 93.1 48494364144229784 91.8
5084995200 70722498108 93.1 48494364387532184 91.8
5085405300 70722498308 93.1 48494364464536984 91.8
5085987900 70722501608 93.1 48494368345629336 91.8
5086021400 70722502208 93.1 48494368494928536 91.8
5087250000 70722502308 93.1 48494368514998936 91.8
5087518400 70722502608 93.1 48494368569680536 91.8
5088526700 70722504308 93.1 48494369115873432 91.8
5089770700 70722635008 93.1 48494831380275352 91.8
5089927100 70722635108 93.1 48494831385600152 91.8
5090843300 70722635408 93.1 48494831454822552 91.8
5091212800 70722635508 93.1 48494831658393752 91.8
5091836600 70722635908 93.1 48494832017203352 91.8
5092051700 70722636208 93.1 48494832082534552 91.8
5092416500 70722637408 93.1 48494833405138968 91.8
5092820200 70722637608 93.1 48494833415378968 91.8
5092920300 70722779408 93.1 48494996191795224 91.8
5093674300 70722779508 93.1 48494996423833624 91.8
5093700100 70722779808 93.1 48494996570675224 91.8
5094285500 70722785508 93.1 48495008973045784 91.8
5094535800 70723020508 93.1 48495383194648600 91.8
5094615000 70723020608 93.1 48495383198335000 91.8
5096266300 70723021008 93.1 48495383538917400 91.8
5096308600 70723022008 93.1 48495383739007000 91.8
5098907000 70723024508 93.1 48495389384306200 91.8
5101481800 70723064708 93.1 48495428083613208 91.8
5104399700 70723065308 93.1 48495428225744408 91.8
5106709300 70723065408 93.1 48495428230864408 91.8
5106816800 70723066108 93.1 48495428658486808 91.8
5106849000 70723066208 93.1 48495428666474008 91.8
5107056200 70723071108 93.1 48495432805496088 91.8
5107544100 70723071508 93.1 48495433152836888 91.8
5110020300 70723072708 93.1 48495433327736088 91.8
5110881200 70723073108 93.1 48495433452049688 91.8
5111390600 70723073308 93.1 48495433721771288 91.8
5112114900 70723073708 93.1 48495434183390488 91.8
5112935600 70723074208 93.1 48495435276203288 91.8
5113980200 70723075008 93.1 48495435623953688 91.8
5114013500 70723076608 93.1 48495436311672088 91.8
5114275200 70723110408 93.1 48495469413160216 91.8
5114292300 70723110908 93.1 48495469610792216 91.8
5117171800 70723115408 93.1 48495470521742616 91.8
5119926700 70723140708 93.1 48495491038100760 91.8
5120076200 70723140808 93.1 48495491122068760 91.8
5121707200 70723175208 93.1 48495552821263640 91.8
5123117200 70723175308 93.1 48495552846454040 91.8
5123223900 70723175508 93.1 48495552868162840 91.8
5123686100 70723175708 93.1 48495552882089240 91.8
5124392500 70723221508 93.1 48495577330703640 91.8
5124916400 70723221708 93.1 48495577549225240 91.8
5126288400 70723225108 93.1 48495581632322840 91.8
5126540300 70723229908 93.1 48495590578396440 91.8
5126735700 70723235808 93.1 48495591022274456 91.8
5126917000 70723236408 93.1 48495591660636056 91.8
5128401200 70723237308 93.1 48495592030709656 91.8
5128403300 70723237408 93.1 48495592035829656 91.8
5129570500 70723237708 93.1 48495592339548056 91.8
5130958100 70723238108 93.1 48495592509941656 91.8
5131116800 70723239308 93.1 48495592833320856 91.8
5131194900 70723241308 93.1 48495593633064856 91.8
5135270400 70723241408 93.1 48495593684674456 91.8
5135480800 70723241708 93.1 48495593868584856 91.8
5136035000 70723252508 93.1 48495615201953688 91.8
5136527800 70723252908 93.1 48495615222433688 91.8
5140159100 70723253608 93.1 48495615760852888 91.8
5140552800 70723254308 93.1 48495615882504088 91.8
5141950300 70723254508 93.1 48495615887828888 91.8
5142167200 70723435808 93.1 48495780841531288 91.8
5142573300 70723436708 93.1 48495781440366488 91.8
5143595300 70723439808 93.1 48495782137915288 91.8
5146891600 70723439908 93.1 48495782143035288 91.8
5147647200 70723444508 93.1 48495790789281688 91.8
5149047300 70723445908 93.1 48495792152840088 91.8
5149157000 70723446208 93.1 48495792233531288 91.8
5150743100 70723447408 93.1 48495792720340888 91.8
5151073600 70723447608 93.1 48495792775227288 91.8
5165007000 70723447708 93.1 48495792780347288 91.8
5167323400 70723447908 93.1 48495793310779288 91.8
5167977900 70723462408 93.1 48495813487880088 91.8
5169809400 70723462508 93.1 48495813493000088 91.8
5170200200 70723462708 93.1 48495813558331288 91.8
5170282100 70723463008 93.1 48495813682235288 91.8
5170697000 70723465208 93.1 48495814227003288 91.8
5171693500 70723465308 93.1 48495814232328088 91.8
5172084400 70723465508 93.1 48495814242772888 91.8
5172384400 70723465908 93.1 48495814383880088 91.8
5172398700 70723522208 93.1 48495899687307160 91.8
5172404700 70723522408 93.1 48495899793188760 91.8
5172405100 70723522708 93.1 48495900426346968 91.8
5173491000 70723522808 93.1 48495900431466968 91.8
5174388700 70723523008 93.1 48495900453585368 91.8
5174534700 70723523308 93.1 48495900859908568 91.8
5174548300 70723523408 93.1 48495900865028568 91.8
5174566200 70723523708 93.1 48495900896977368 91.8
5174670400 70723523808 93.1 48495900902097368 91.8
5176057200 70723819908 93.1 48496301650280920 91.8
5176909500 70723820308 93.1 48496301748789720 91.8
5176917300 70723821208 93.1 48496302503477720 91.8
5177363800 70723821408 93.1 48496302515560920 91.8
5177636000 70723822108 93.1 48496302775042520 91.8
5178179400 70723822608 93.1 48496303043125720 91.8
5178209600 70723823708 93.1 48496305944468440 91.8
5179552800 70723824408 93.1 48496306563783640 91.8
5179781800 70723824608 93.1 48496306574023640 91.8
5184143600 70723824808 93.1 48496306591226840 91.8
5184151700 70723824908 93.1 48496306596346840 91.8
5184369800 70723825708 93.1 48496307451182040 91.8
5184508000 70723825808 93.1 48496307563002840 91.8
5184742300 70723825908 93.1 48496307589831640 91.8
5184892600 70723826808 93.1 48496307956756632 91.8
5185476800 70723826908 93.1 48496307961876632 91.8
5185479600 70723828908 93.1 48496308395233432 91.8
5185541400 70724214208 93.1 48496452462039192 91.8
5185545200 70724214308 93.1 48496452487434392 91.8
5185552700 70724214708 93.1 48496452836003992 91.8
5185634300 70724214808 93.1 48496453016842392 91.8
5185776300 70724215208 93.1 48496453287587992 91.8
5185903400 70724215508 93.1 48496453762723992 91.8
5186182900 70724227908 93.1 48496461124314264 91.8
5186303300 70724228208 93.1 48496461304743064 91.8
5186411100 70724423208 93.1 48496601040225432 91.8
5186451800 70724424208 93.1 48496602085729432 91.8
5186577900 70724424608 93.1 48496602614318232 91.8
5187109700 70724426208 93.1 48496602982958232 91.8
5187366100 70724426308 93.1 48496603476731032 91.8
5187486700 70724426408 93.1 48496603528545432 91.8
5187503300 70724560008 93.1 48496649697440920 91.8
5187531300 70724560108 93.1 48496650178106520 91.8
5188223100 70724560308 93.1 48496650461549720 91.8
5188421400 70724560708 93.1 48496650922144920 91.8
5188462600 70724560808 93.1 48496650951226520 91.8
5188511400 70724562408 93.1 48496651480634520 91.8
5188748900 70724562908 93.1 48496651766740120 91.8
5189477900 70724563208 93.1 48496652115309720 91.8
5189518400 70724563708 93.1 48496652174292120 91.8
5189667700 70724563808 93.1 48496652224672920 91.8
5189678800 70724791308 93.1 48496792380814488 91.8
5190163300 70724804608 93.1 48496795595355288 91.8
5190165900 70724804708 93.1 48496795806398888 91.8
5190239800 70724845608 93.1 48496827899185576 91.8
5190281700 70724845908 93.1 48496827946289576 91.8
5190600800 70724846008 93.1 48496828044183976 91.8
5190651500 70724847108 93.1 48496829239396776 91.8
5190842900 70724847208 93.1 48496829244516776 91.8
5190856100 70724847508 93.1 48496829424535976 91.8
5190883100 70724890408 93.1 48496874105211304 91.8
5191005200 70724891808 93.1 48496875103406504 91.8
5191115400 70724891908 93.1 48496875108526504 91.8
5191136600 70724892108 93.1 48496875143752104 91.8
5191226300 70724892908 93.1 48496875550894504 91.8
5191410000 70724893008 93.1 48496875583252904 91.8
5191417600 70724901008 93.1 48496887125262760 91.8
5191497000 70724902208 93.1 48496888040513960 91.8
5192356300 70724902308 93.1 48496888307982760 91.8
5192616200 70724902408 93.1 48496888416526760 91.8
5193154700 70724902708 93.1 48496888447861160 91.8
5193371200 70724905108 93.1 48496889355329960 91.8
5193790000 70724905608 93.1 48496889704718760 91.8
5195033400 70724906608 93.1 48496890197672360 91.8
5195578200 70724907308 93.1 48496890712949160 91.8
5195604600 70724907508 93.1 48496890818011560 91.8
5223821500 70725618708 93.1 48498359902871976 91.8
5224081200 70725619408 93.1 48498360182833576 91.8
5224198600 70725619608 93.1 48498360312062376 91.8
5227978000 70725619708 93.1 48498360348721576 91.8
5228019500 70725620608 93.1 48498362137855144 91.8
5228229100 70725620708 93.1 48498362197247144 91.8
5235218200 70725785408 93.1 48498528617907368 91.8
5239440200 70725786308 93.1 48498528760038568 91.8
5240693400 70725798008 93.1 48498531178885800 91.8
5244024100 70725799308 93.1 48498531340063400 91.8
5244146900 70725799908 93.1 48498531497349800 91.8
5244397900 70725802608 93.1 48498535958713000 91.8
5248111100 70725950108 93.1 48499048736559784 91.8
5248405700 70725951508 93.1 48499049619247784 91.8
5267653000 70725951808 93.1 48499049676591784 91.8
5268010900 70726589308 93.1 48499627391373992 91.8
5272211600 70726590208 93.1 48499627899892392 91.8
5282025200 70727278708 93.1 48500500980118184 91.8
5285977600 70727279508 93.1 48500501865058984 91.8
5286942400 70727310808 93.1 48500511823260328 91.8
5303465900 70728279408 93.1 48501484013447848 91.8
5314217900 70728553808 93.1 48501824652602024 91.8
5320964300 70728585008 93.1 48501876463114920 91.8
5357293200 70728591508 93.1 48501881988618920 91.8
5363056100 70728712408 93.1 48502030130993832 91.8
5364466100 70728729608 93.1 48502078147267240 91.8
5364977300 70728750308 93.1 48502134036200104 91.8
5365633100 70728824308 93.1 48502171377384104 91.8
5376216500 70729187608 93.1 48502421176859304 91.8
5377309000 70729199808 93.1 48502441191432872 91.8
5379079400 70729270108 93.1 48502542571430568 91.8
5383449900 70729582208 93.1 48502802994004648 91.8
5383614200 70729582508 93.1 48502803930145448 91.8
5394707600 70729791308 93.1 48502957137781416 91.8
5397395300 70729919708 93.1 48503063517815464 91.8
5397410300 70729922108 93.1 48503065023300264 91.8
5402775600 70729929308 93.1 48503067260558248 91.8
5404750200 70729955008 93.1 48503101972540328 91.8
5404807400 70729956708 93.1 48503102276873128 91.8
5406416300 70730045808 93.1 48503129592083368 91.8
5408193200 70730048008 93.1 48503132291846056 91.8
5437151600 70730049908 93.1 48503133915705256 91.8
5444171400 70730065008 93.1 48503148787251112 91.8
5448839100 70730146408 93.1 48503240763406248 91.8
5448843000 70730147508 93.1 48503240827918248 91.8
5449451100 70730150308 93.1 48503245219035048 91.8
5471320500 70730431808 93.1 48503834751006632 91.8
5473492400 70730433708 93.1 48503836793156648 91.8
5473810700 70730436308 93.1 48503840973534248 91.8
5479141400 70730501208 93.1 48503898871211048 91.8
5481389600 70730505608 93.1 48503911078110248 91.8
5488605600 70730551708 93.1 48504083513107496 91.8
5489416700 70730560408 93.1 48504090016819240 91.8
5489908600 70730578808 93.1 48504097187686440 91.8
5491877400 70730598808 93.1 48504104859494440 91.8
5492398600 70730599108 93.1 48504106125608872 91.8
5494682600 70730603708 93.1 48504115406240680 91.8
5494748400 70730605408 93.1 48504115539188280 91.8
5512369400 70730816908 93.1 48504378463410744 91.8
5524040800 70731004708 93.1 48504572043172408 91.8
5543801200 70731107308 93.1 48504677155453496 91.8
5556407800 70731319808 93.1 48504898010954296 91.8
5558187300 70731348008 93.1 48504901792918584 91.8