# 42067476480 22655166507384832 950340 1407291800 1385053076828100 0 0
16500 24508989440 58.3 -118515327565824 -0.5
2110800 27696080384 65.8 4490076385968128 19.8
3924600 28732394560 68.3 5580864666730496 24.6
5514100 29416370752 69.9 6340782894088192 28.0
7000100 29936144640 71.2 6942812285173760 30.6
8422800 30357626048 72.2 7445975924736000 32.9
9771900 30712589824 73.0 7880384989626368 34.8
11076000 31019748416 73.7 8263218778603520 36.5
12327900 31290940128 74.4 8606536116994048 38.0
13513600 31533314816 75.0 8917527384031232 39.4
14707800 31756231504 75.5 9200994621587456 40.6
15852400 31956207008 76.0 9461830938263552 41.8
16980500 32139140320 76.4 9703036419047424 42.8
18121600 32308686624 76.8 9928912993779712 43.8
19158200 32466201120 77.2 10139954516590592 44.8
20166300 32613440624 77.5 10338204402057216 45.6
21203600 32751714416 77.9 10525481887596544 46.5
22239500 32881565824 78.2 10702270610014208 47.2
23211300 33004459728 78.5 10870347964350464 48.0
24212200 33121039328 78.7 11030355293241344 48.7
25131000 33231714032 79.0 11182183544782848 49.4
25174600 33232548732 79.0 11183190942023680 49.4
26919300 33436786428 79.5 11466371758948352 50.6
26943100 33438643028 79.5 11468232259534848 50.6
28768200 33624164932 79.9 11726969142509568 51.8
28838100 33626737932 79.9 11729365230682112 51.8
30562200 33796689340 80.3 11967982960115712 52.8
30593400 33798946340 80.3 11970239424888832 52.8
32217100 33955630148 80.7 12191714379563008 53.8
32327000 33957464548 80.7 12193517765132288 53.8
33903900 34103155348 81.1 12399448478187520 54.7
33936500 34105098848 81.1 12401338610876416 54.7
35474700 34240537344 81.4 12593965092306944 55.6
35509000 34242185344 81.4 12595551450300416 55.6
37012500 34368611448 81.7 12775854076723200 56.4
37075600 34370135648 81.7 12777306109771776 56.4
38615900 34489001248 82.0 12947039811534848 57.1
38716000 34490310348 82.0 12948333139460096 57.2
40140200 34602630156 82.3 13108854790684672 57.9
40222800 34603768556 82.3 13110014503157760 57.9
41603100 34709821452 82.5 13262073340755968 58.5
41644400 34710957952 82.5 13263215187197952 58.5
41728200 34712803952 82.5 13265089545109504 58.6
43624300 34713891652 82.5 13265972262404096 58.6
43674400 34861648852 82.9 13477950557847552 59.5
43957700 34876555852 82.9 13493858675261440 59.6
45725100 34995945644 83.2 13671498757505024 60.3
45807000 34997145444 83.2 13672331171856384 60.3
46137000 35015191044 83.2 13691900557000704 60.4
47963400 35126033844 83.5 13857713222057984 61.2
48048000 35126949944 83.5 13858422897115136 61.2
48190800 35143367144 83.5 13876289197703168 61.2
49926700 35143999544 83.5 13876658914623488 61.3
49988500 35247555048 83.8 14031175278821376 61.9
50210500 35263047548 83.8 14048002950201344 62.0
51741700 35359866644 84.1 14192365474840576 62.6
51827800 35360875144 84.1 14193241823543296 62.6
52006500 35375092444 84.1 14208879188148224 62.7
53840900 35465886844 84.3 14344271908470784 63.3
53902700 35466395144 84.3 14344814998519808 63.3
54082500 35480228444 84.3 14359685974654976 63.4
55630100 35565989844 84.5 14487685537923072 63.9
55637100 35566716544 84.5 14488722483707904 64.0
55772200 35567679544 84.5 14489343809880064 64.0
56140500 35588166344 84.6 14511627490623488 64.1
57988100 35589709644 84.6 14513276993470464 64.1
58006900 35690816444 84.8 14666936327143424 64.7
58030100 35691664344 84.8 14667703633641472 64.7
58201100 35711454344 84.9 14689149602824192 64.8
60344700 35805319640 85.1 14831993168658432 65.5
60404700 35806069740 85.1 14832792539299840 65.5
60430900 35807399540 85.1 14833994576887808 65.5
60826100 35826087240 85.2 14854067655999488 65.6
62547600 35913797736 85.4 14987925948923904 66.2
62789500 35915629636 85.4 14989950551130112 66.2
62856100 35916450636 85.4 14990801660346368 66.2
63081300 35933476536 85.4 15008650143531008 66.2
64603300 36015360736 85.6 15133737584754688 66.8
64843000 36017344436 85.6 15136435655737344 66.8
65078200 36018388136 85.6 15137119860031488 66.8
65286400 36034214236 85.7 15153528917852160 66.9
66955600 36034502736 85.7 15153886207672320 66.9
66988000 36035672236 85.7 15154745411829760 66.9
67014600 36037570236 85.7 15157251298754560 66.9
67057000 36114009036 85.8 15273680706666496 67.4
67354700 36132805436 85.9 15293004605489152 67.5
69529200 36222420428 86.1 15430014531993600 68.1
69663300 36224453628 86.1 15432757843525632 68.1
69725500 36225732728 86.1 15433897184133120 68.1
69831400 36225961328 86.1 15434195966918656 68.1
70227100 36244305328 86.2 15453306826555392 68.2
72241300 36244918228 86.2 15454267282587648 68.2
72269500 36329074932 86.4 15582945014480896 68.8
72431000 36330022932 86.4 15583657554968576 68.8
72564800 36330596232 86.4 15584099828301824 68.8
72821300 36347713832 86.4 15602624856915968 68.9
74811300 36426203128 86.6 15722402963587072 69.4
74994700 36426899828 86.6 15722971502870528 69.4
75021600 36427718428 86.6 15723966259658752 69.4
75256200 36428457728 86.6 15724549826936832 69.4
75519900 36444142228 86.6 15741066930028544 69.5
77214900 36518147828 86.8 15853782902505472 70.0
77312100 36518668928 86.8 15854654635180032 70.0
77344900 36519303128 86.8 15855064629903360 70.0
77402700 36523972228 86.8 15859645400219648 70.0
77670600 36524649628 86.8 15860159268847616 70.0
77819100 36536660628 86.9 15873194292215808 70.1
80132900 36537205828 86.9 15873589828583424 70.1
80157500 36619188532 87.0 15998284456460288 70.6
80198600 36619909832 87.1 15998725552865280 70.6
80301200 36620838932 87.1 16000071051509760 70.6
80414900 36627249732 87.1 16006386876416000 70.7
80689400 36637703532 87.1 16017323024973824 70.7
82598700 36713887228 87.3 16132568095653888 71.2
82691900 36715201628 87.3 16134745352437760 71.2
82761400 36715635628 87.3 16135163775254528 71.2
83005800 36721920728 87.3 16141039142141952 71.2
83303600 36723264928 87.3 16142295324000256 71.3
83442700 36732599828 87.3 16152261719064576 71.3
85247500 36733089228 87.3 16153013328838656 71.3
85299700 36804373628 87.5 16260869050892288 71.8
85416100 36805606328 87.5 16261874552045568 71.8
85451400 36807074128 87.5 16263804384608256 71.8
85477500 36811894728 87.5 16268670447288320 71.8
85952200 36821156028 87.5 16277905241440256 71.9
87886400 36821644028 87.5 16278487984537600 71.9
88207300 36821837328 87.5 16278674336366592 71.9
88282100 36887796728 87.7 16379478082830336 72.3
88474300 36889065328 87.7 16380140803899392 72.3
88499200 36895809928 87.7 16387021973274624 72.3
88632300 36896843128 87.7 16388198659309568 72.3
88648400 36906340728 87.7 16398057456844800 72.4
90971700 36906580028 87.7 16398264720326656 72.4
91042400 36979002628 87.9 16509212919496704 72.9
91104700 36979730028 87.9 16510056000421888 72.9
91224600 36980459528 87.9 16511038683906048 72.9
91324900 36981706028 87.9 16511681137967104 72.9
91351600 36988218728 87.9 16518010089472000 72.9
91847900 36997628228 87.9 16528084780417024 73.0
94145100 36998125328 87.9 16528535612751872 73.0
94162900 37064911728 88.1 16630452695269376 73.4
94235300 37065198828 88.1 16630925420429312 73.4
94502600 37071303128 88.1 16636855827595264 73.4
94541200 37072216128 88.1 16637535979274240 73.4
94545100 37073091028 88.1 16638491170799616 73.4
94989200 37082116128 88.1 16648282663387136 73.5
97122700 37144544528 88.3 16742642901942272 73.9
97242600 37145161328 88.3 16743037589225472 73.9
97293600 37145407828 88.3 16743317738717184 73.9
97337000 37145603928 88.3 16743466324623360 73.9
97337600 37152135828 88.3 16750051781410816 73.9
97563500 37153239128 88.3 16751164782182400 73.9
97733200 37154240428 88.3 16751772616392704 73.9
97917200 37163748928 88.3 16762274976399360 74.0
100100000 37163918628 88.3 16762499021520896 74.0
100125400 37164498228 88.3 16762991483568128 74.0
100211600 37230941528 88.5 16863396586602496 74.4
100414600 37231730428 88.5 16864038888292352 74.4
100540600 37232324528 88.5 16864873023488000 74.4
100733800 37239216328 88.5 16871816630845440 74.5
100800800 37239435228 88.5 16871979835736064 74.5
101033600 37247512528 88.5 16880160494338048 74.5
102532200 37309746328 88.7 16974693680824320 74.9
102947000 37310393128 88.7 16975494035161088 74.9
103061600 37310551928 88.7 16975644627337216 74.9
103114000 37310943328 88.7 16976096321503232 74.9
103182500 37317893528 88.7 16983215264923648 75.0
103189000 37318771228 88.7 16983749140873216 75.0
103444500 37319059828 88.7 16984065504378880 75.0
103449300 37319330328 88.7 16984402575294464 75.0
103742900 37327890328 88.7 16993146579255296 75.0
106088900 37392596728 88.9 17091102586241024 75.4
106545500 37392720628 88.9 17091266651881472 75.4
106560400 37396524228 88.9 17095132726951936 75.5
106589200 37396934428 88.9 17095784839118848 75.5
106591300 37397586228 88.9 17096568319705088 75.5
106774200 37399459728 88.9 17098619058192384 75.5
106793900 37399618228 88.9 17098881814298624 75.5
106847100 37400593528 88.9 17099465397895168 75.5
107202900 37408737028 88.9 17107884686180352 75.5
109183500 37409615228 88.9 17108377707675648 75.5
109557200 37469919928 89.1 17198877248782336 75.9
109574400 37475292828 89.1 17204152001822720 75.9
109637300 37475726028 89.1 17204638883217408 75.9
109762400 37476394528 89.1 17204950963224576 75.9
109968100 37483809728 89.1 17212366523105280 76.0
109974600 37484029228 89.1 17212563947225088 76.0
110115800 37484526428 89.1 17212864051838976 76.0
110386300 37485230628 89.1 17213706892967936 76.0
110600100 37486216628 89.1 17215427252027392 76.0
113163400 37553562932 89.3 17314670155366400 76.4
113301700 37554413732 89.3 17315203468099584 76.4
113319100 37555390232 89.3 17316465575067648 76.4
113407000 37556132832 89.3 17316819187695616 76.4
113544900 37556409132 89.3 17317031794606080 76.4
113558600 37557892532 89.3 17317885963763712 76.4
113568100 37558081732 89.3 17318168391024640 76.4
113694900 37558849932 89.3 17319440831053824 76.4
113760100 37566251732 89.3 17326779066843136 76.5
113815900 37566525632 89.3 17326996772175872 76.5
116133700 37627772132 89.4 17418418623954944 76.9
116323900 37628803432 89.4 17419044314759168 76.9
116474300 37628816532 89.4 17419060090292224 76.9
116516700 37629127832 89.4 17419476337575936 76.9
116588700 37636750032 89.5 17427239985891328 76.9
116614600 37636804232 89.5 17427291011098624 76.9
116631500 37639468232 89.5 17429265321764864 76.9
116678000 37639503632 89.5 17429305249204224 76.9
116912100 37640873832 89.5 17431355338491904 76.9
117044300 37640926932 89.5 17431394694080512 76.9
117199300 37641357532 89.5 17431673537636352 76.9
119478200 37642558232 89.5 17432522689423360 76.9
119650400 37705406832 89.6 17525636926089216 77.4
119660100 37705506532 89.6 17525667057305600 77.4
119693800 37705524532 89.6 17525687356803072 77.4
119707200 37705577632 89.6 17525740535486464 77.4
119750000 37708177832 89.6 17527501431576576 77.4
119879500 37708203332 89.6 17527537188304896 77.4
119889100 37708534532 89.6 17527998759892992 77.4
119962100 37709468332 89.6 17528688013277184 77.4
120084700 37716759432 89.7 17535875277191168 77.4
120391900 37716805532 89.7 17535931466094592 77.4
123313600 37716843632 89.7 17535972436490240 77.4
123338900 37718142832 89.7 17536883927234560 77.4
123368300 37718170532 89.7 17536915737466880 77.4
123516900 37777544332 89.8 17625195334129664 77.8
123642100 37777597432 89.8 17625235652655104 77.8
123715400 37777645132 89.8 17625275606644736 77.8
123834300 37780224232 89.8 17627173333383168 77.8
123932900 37780841132 89.8 17627571777222656 77.8
123949000 37788184732 89.8 17634473294739456 77.8
124193600 37788255332 89.8 17634535003097088 77.8
124327700 37792732032 89.8 17639107890219008 77.9
124464100 37792745732 89.8 17639129523511296 77.9
126571100 37848027232 90.0 17722803237511168 78.2
126575800 37848312232 90.0 17723058616000512 78.2
126577400 37848351332 90.0 17723110953566208 78.2
126603700 37848362432 90.0 17723127893718016 78.2
126665000 37849011732 90.0 17723707275670528 78.2
126700300 37849036132 90.0 17723729156617216 78.2
126730400 37851984132 90.0 17726495113196544 78.2
126831900 37852082932 90.0 17726552203486208 78.2
127430500 37859827132 90.0 17733697754522624 78.3
127432300 37859873632 90.0 17733725845707776 78.3
127819800 37865222832 90.0 17738954645953536 78.3
127926200 37865232532 90.0 17738964389951488 78.3
129903300 37866229332 90.0 17739530158176256 78.3
130017300 37866864532 90.0 17740420879054848 78.3
130023100 37866878332 90.0 17740441464291328 78.3
130230100 37917820832 90.1 17816949117632512 78.6
130301200 37917879332 90.1 17817005872881664 78.6
130322600 37917923232 90.1 17817049073680384 78.6
130373900 37917928832 90.1 17817057511634432 78.6
130408700 37918325732 90.1 17817548365067776 78.6
130589800 37918347732 90.1 17817568696813056 78.6
130675800 37919829232 90.1 17819692766676480 78.7
130731700 37927571732 90.2 17826914790884864 78.7
130787500 37927594332 90.2 17826944174917120 78.7
130940200 37934121232 90.2 17833940970243584 78.7
133648700 37934518532 90.2 17834276161127936 78.7
133836500 37934563732 90.2 17834330690156032 78.7
133870800 37985848332 90.3 17910688413906432 79.1
134137000 37987051632 90.3 17911783915582976 79.1
134286800 37987076132 90.3 17911805584035328 79.1
134296300 37987088932 90.3 17911828177944064 79.1
134328900 37987878632 90.3 17912712946187776 79.1
134427300 37987900832 90.3 17912742575443456 79.1
134445800 37987936432 90.3 17912774642886144 79.1
134506300 37994154032 90.3 17918888394614272 79.1
134728300 37994657732 90.3 17919224852080128 79.1
135040700 37999710432 90.3 17924014719460864 79.1
135136900 37999745032 90.3 17924059213002240 79.1
137184700 37999819532 90.3 17924108139689472 79.1
137302100 38001807332 90.3 17926385325635072 79.1
137404300 38001858132 90.3 17926427754841600 79.1
137445000 38050588232 90.5 17998432730564096 79.4
137451400 38051180332 90.5 17999185543644672 79.4
137622000 38051228232 90.5 17999242518365696 79.4
137632400 38051260732 90.5 17999266374977024 79.4
137710400 38051733232 90.5 17999609625118208 79.5
137719500 38057444732 90.5 18004861005399552 79.5
137760100 38057480532 90.5 18004895202129408 79.5
137926100 38058039532 90.5 18005316233049600 79.5
137927900 38058071832 90.5 18005343875079680 79.5
138095200 38064187632 90.5 18011620933606912 79.5
138239400 38065409332 90.5 18013426665233920 79.5
140063800 38065455232 90.5 18013478551051776 79.5
140081000 38066637732 90.5 18015250273951232 79.5
140247400 38067028932 90.5 18015704705031680 79.5
140271500 38067069732 90.5 18015742784425472 79.5
140305700 38067109032 90.5 18015756514778624 79.5
140351000 38115180032 90.6 18086395883838976 79.8
140402700 38115202932 90.6 18086413297163776 79.8
140712700 38116545932 90.6 18087567859949056 79.8
140806500 38116579032 90.6 18087595568643584 79.8
140913400 38117765032 90.6 18088445209525760 79.8
141110000 38117782532 90.6 18088468454051328 79.8
141292900 38128556832 90.6 18098932767526400 79.9
141425900 38130126732 90.6 18100838509317632 79.9
141448100 38130446432 90.6 18101105271819776 79.9
141545900 38130478632 90.6 18101133229223424 79.9
143377400 38130504832 90.6 18101162482163200 79.9
143388700 38177321232 90.8 18170977427217920 80.2
143596400 38177716632 90.8 18171293281377792 80.2
143795700 38177927132 90.8 18171476095114752 80.2
143806000 38179904832 90.8 18173889477451264 80.2
143898700 38179967032 90.8 18173936633671168 80.2
143988100 38181070632 90.8 18174605981150720 80.2
144036500 38181082132 90.8 18174618968208896 80.2
144094200 38181154732 90.8 18174661837735424 80.2
144120000 38185866632 90.8 18179199636358656 80.2
144234800 38185904532 90.8 18179223711065600 80.2
144235700 38191747932 90.8 18184978663155200 80.3
144427100 38192061132 90.8 18185459553740288 80.3
144960000 38194413132 90.8 18188106967754240 80.3
145042300 38194720132 90.8 18188339582723584 80.3
145116700 38194738132 90.8 18188351931902464 80.3
146611500 38195087832 90.8 18188727974783488 80.3
146695300 38196931932 90.8 18190005926128128 80.3
146805500 38196940932 90.8 18190015291443712 80.3
146842900 38196958632 90.8 18190034685774336 80.3
146910000 38197721432 90.8 18191022132808192 80.3
146981400 38197740332 90.8 18191050127897088 80.3
147177600 38197795232 90.8 18191102617719296 80.3
147279700 38198059432 90.8 18191301094167040 80.3
147341900 38208744732 90.8 18201781837779456 80.3
147348200 38209993232 90.8 18203546499830272 80.4
147420000 38256573232 90.9 18272714947449344 80.7
147470700 38257101932 90.9 18273453712167424 80.7
147645900 38257156732 90.9 18273500018483712 80.7
147673100 38257192132 90.9 18273536004596224 80.7
147734500 38257208232 90.9 18273562795028992 80.7
148084200 38257237032 90.9 18273584375398912 80.7
150166500 38257267032 90.9 18273609046962688 80.7
150378300 38257306732 90.9 18273637238336000 80.7
150423500 38258851332 90.9 18274728665049600 80.7
150440500 38259244932 90.9 18275213403220480 80.7
150479800 38259270532 90.9 18275231780125184 80.7
150589500 38259471532 90.9 18275414287038976 80.7
150826000 38303004432 91.1 18340071265778176 81.0
150837400 38307347032 91.1 18344350371527168 81.0
150931000 38307730032 91.1 18344563093584384 81.0
150944700 38307756732 91.1 18344596514505216 81.0
150954100 38309059132 91.1 18346073530925568 81.0
150962700 38310118032 91.1 18346887997915648 81.0
151174100 38310147932 91.1 18346911822606848 81.0
151277600 38315860532 91.1 18352630811685376 81.0
151403400 38315882232 91.1 18352642392050176 81.0
151406700 38316464032 91.1 18352969798306304 81.0
151497200 38316494532 91.1 18352986879896064 81.0
152842100 38316816732 91.1 18353479485860352 81.0
153837700 38316841132 91.1 18353504515191296 81.0
153895500 38316849032 91.1 18353510095132672 81.0
153913600 38322731032 91.1 18359268162541568 81.0
153923100 38322740032 91.1 18359277414299648 81.0
153938600 38327455932 91.1 18363763734132736 81.1
153950300 38327485232 91.1 18363802274334720 81.1
154053800 38327812732 91.1 18364000016697344 81.1
154196900 38372364632 91.2 18429633622345728 81.3
154274300 38373372132 91.2 18430696502888448 81.4
154285600 38374560532 91.2 18431764253870080 81.4
154493100 38374927532 91.2 18432086932785152 81.4
154548500 38374948832 91.2 18432103849946112 81.4
154669000 38375097032 91.2 18432291805015040 81.4
154687600 38375209732 91.2 18432387410357248 81.4
154700200 38376894732 91.2 18432798390742016 81.4
154776100 38376914132 91.2 18432820902853632 81.4
155100700 38378525932 91.2 18433711684221952 81.4
156507800 38421641732 91.3 18499553474149376 81.7
156584000 38422660132 91.3 18500382509202432 81.7
156612800 38422681532 91.3 18500400371551232 81.7
156650400 38422692732 91.3 18500411809391616 81.7
156687200 38422711532 91.3 18500430780908544 81.7
156693100 38423836732 91.3 18501431810409472 81.7
156808500 38424093532 91.3 18501763464283136 81.7
156829300 38424782232 91.3 18502184045560832 81.7
156874100 38425099832 91.3 18502437645435904 81.7
156976700 38425112632 91.3 18502449703872512 81.7
157047200 38425125032 91.3 18502462059552768 81.7
157121600 38425152732 91.3 18502494148108288 81.7
157168500 38425663232 91.3 18503170669813760 81.7
157202600 38426139832 91.3 18503756662644736 81.7
157220200 38426183632 91.3 18503765944611840 81.7
157370700 38431698732 91.4 18509170897236992 81.7
157392000 38433784732 91.4 18509544814261248 81.7
157504000 38433821032 91.4 18509574681926656 81.7
157809900 38434206232 91.4 18509933049289728 81.7
159006300 38480049432 91.5 18577751832796160 82.0
159135000 38480398832 91.5 18578023894129664 82.0
159334700 38480414632 91.5 18578037780724736 82.0
159406000 38480434832 91.5 18578047337722880 82.0
159541000 38480447832 91.5 18578062970898432 82.0
159642100 38480613932 91.5 18578235195295744 82.0
159664600 38480804632 91.5 18578473450932224 82.0
159796400 38480866232 91.5 18578515561355264 82.0
159879500 38481598632 91.5 18579342380242944 82.0
159964900 38482329532 91.5 18580188178487296 82.0
160040200 38482345132 91.5 18580199140852736 82.0
160054200 38482666232 91.5 18580505394611200 82.0
160111800 38483049032 91.5 18580796213724160 82.0
160229300 38488884932 91.5 18586118069847040 82.0
160302200 38488929332 91.5 18586158035686400 82.0
160306600 38488956632 91.5 18586183275971584 82.0
160389500 38493391232 91.5 18590502643631104 82.1
160474400 38493404132 91.5 18590513798093824 82.1
160522600 38493630332 91.5 18590745077259264 82.1
160619100 38495775832 91.5 18591546645847040 82.1
162567500 38495803232 91.5 18591565396868096 82.1
162947300 38497601532 91.5 18592779628215296 82.1
163000000 38498242732 91.5 18593174133734400 82.1
163175800 38539145432 91.6 18655682416671744 82.3
163253500 38539164332 91.6 18655694353382400 82.3
163285700 38539772032 91.6 18656234043161600 82.3
163312300 38539786032 91.6 18656239216709120 82.3
163319500 38540033732 91.6 18656454934515200 82.3
163349000 38540064732 91.6 18656475017758208 82.3
163442500 38540083532 91.6 18656498404986368 82.3
163540300 38540104932 91.6 18656512117346816 82.3
163675200 38540155932 91.6 18656542080557568 82.4
163677100 38540178332 91.6 18656557184374272 82.4
163692900 38540192632 91.6 18656569487715840 82.4
163860100 38547929132 91.6 18662176089370112 82.4
163920000 38548144932 91.6 18662609118227968 82.4
164028800 38548169032 91.6 18662636428606976 82.4
164148600 38548514832 91.6 18662992884874752 82.4
164172500 38548535732 91.6 18663005658014208 82.4
164177500 38560837432 91.7 18669933598597632 82.4
164194100 38560853232 91.7 18669955975031296 82.4
165702000 38560867632 91.7 18669973661870592 82.4
165927800 38561698932 91.7 18670780235180544 82.4
165977400 38561723732 91.7 18670807677415936 82.4
166072200 38561759132 91.7 18670833772415488 82.4
166116100 38562417132 91.7 18671727945927168 82.4
166179600 38595592632 91.7 18731864291232256 82.7
166287600 38595608832 91.7 18731870899278336 82.7
166296800 38600803132 91.8 18736867361821184 82.7
166410800 38600824832 91.8 18736885413601792 82.7
166576300 38600903232 91.8 18737003881800192 82.7
166606800 38600909132 91.8 18737008849311232 82.7
166622200 38600930332 91.8 18737016848369664 82.7
166695400 38600958932 91.8 18737040085100544 82.7
166735500 38604367332 91.8 18739646885931008 82.7
166767800 38604385332 91.8 18739664619165696 82.7
166822700 38604399132 91.8 18739677026181120 82.7
166874200 38604413732 91.8 18739697444888576 82.7
167089600 38604850032 91.8 18740001537630208 82.7
167593100 38605875832 91.8 18740642799394816 82.7
168030100 38605898232 91.8 18740663081875456 82.7
168271900 38607596632 91.8 18741005100431360 82.7
168805500 38611962532 91.8 18745249126594560 82.7
169082000 38611977432 91.8 18745256155920896 82.7
169128000 38612026732 91.8 18745289973848576 82.7
169195000 38612988032 91.8 18746007302593024 82.7
169219700 38613121832 91.8 18746210618432000 82.7
169221500 38613147732 91.8 18746230582843904 82.7
169277600 38649337632 91.9 18804355868432896 83.0
169390900 38649804832 91.9 18804821657229824 83.0
169533500 38649818832 91.9 18804831803357696 83.0
169553400 38657486232 91.9 18811112855386624 83.0
169642600 38657497032 91.9 18811118811733504 83.0
169927100 38657500332 91.9 18811123419660800 83.0
169933400 38657508532 91.9 18811130018017280 83.0
170024100 38657548832 91.9 18811162806542336 83.0
170059400 38657580832 91.9 18811200291532800 83.0
170139800 38658946532 91.9 18812414763397120 83.0
170205700 38662775832 91.9 18815259371040768 83.1
170332600 38662795432 91.9 18815275468100608 83.1
170337800 38664386332 91.9 18816513802933248 83.1
170349300 38664393232 91.9 18816520524986880 83.1
170385600 38664397932 91.9 18816527144656384 83.1
170424400 38664591432 91.9 18816759080377856 83.1
170467900 38664799332 91.9 18816889364323840 83.1
170956100 38677688532 91.9 18823888984514048 83.1
172481900 38677818632 91.9 18823988805639680 83.1
172559800 38678377532 91.9 18824712139120128 83.1
172689800 38678412932 91.9 18824733896035840 83.1
172839600 38678427732 91.9 18824752208489984 83.1
172915300 38678438832 91.9 18824764342927872 83.1
173062700 38679304532 91.9 18825864767603200 83.1
173129900 38684707232 92.0 18830172967666176 83.1
173130400 38684727932 92.0 18830194015711744 83.1
173154900 38684742932 92.0 18830212568941056 83.1
173234300 38691718832 92.0 18855845193810432 83.2
173241500 38691738332 92.0 18855854911141376 83.2
173325100 38711267332 92.0 18882730545264128 83.3
173457500 38711280932 92.0 18882739549495808 83.3
173463800 38712810332 92.0 18883189482217984 83.4
173551600 38712901932 92.0 18883289573442048 83.4
173614200 38712938032 92.0 18883323466539520 83.4
173623400 38712959232 92.0 18883339164435968 83.4
173685900 38712965432 92.0 18883341823287552 83.4
173830800 38712978032 92.0 18883357832069376 83.4
173888700 38712996132 92.0 18883370457514240 83.4
174066300 38713026732 92.0 18883394515497216 83.4
174141000 38714446432 92.0 18884353976824064 83.4
174281200 38719632932 92.0 18889287500165376 83.4
174438100 38724097632 92.1 18893628503617792 83.4
176553400 38724132832 92.1 18893656988506368 83.4
176838000 38724191832 92.1 18893674756329728 83.4
176953500 38724336432 92.1 18893884187578624 83.4
176995100 38724356732 92.1 18893899583054080 83.4
177027500 38724376332 92.1 18893918908692736 83.4
177060900 38726919632 92.1 18894737800345856 83.4
177125700 38726929832 92.1 18894746934321408 83.4
177508400 38728118232 92.1 18896369024639232 83.4
177590500 38728132132 92.1 18896384076821760 83.4
177608200 38728163632 92.1 18896401799189760 83.4
177764700 38728346932 92.1 18896564359566592 83.4
177773800 38762032132 92.1 18950715550504192 83.6
177910000 38762223132 92.1 18950850264691968 83.6
177944600 38762423832 92.1 18951065186710784 83.7
177995900 38762761032 92.1 18951415763678464 83.7
178001200 38763131732 92.1 18951868856972544 83.7
178509100 38763761132 92.1 18952303226762496 83.7
178510700 38763775732 92.1 18952316180623616 83.7
178511700 38768672732 92.2 18955932951245056 83.7
178619700 38768681532 92.2 18955945216790784 83.7
178657100 38768691132 92.2 18955958400200960 83.7
178947200 38768703132 92.2 18955968252889344 83.7
179195200 38785665032 92.2 18967174995921152 83.7
179329300 38786573932 92.2 18967816917895424 83.7
179429500 38786610532 92.2 18967836106457344 83.7
180918100 38786641832 92.2 18967856311976192 83.7
181089800 38787265432 92.2 18968298861674752 83.7
181269400 38787278532 92.2 18968307897860352 83.7
181338700 38787309832 92.2 18968332742439168 83.7
181350600 38787330432 92.2 18968344599315712 83.7
181429200 38812119332 92.3 19018698867197184 83.9
181684100 38812936232 92.3 19019658134275328 84.0
181696500 38812950232 92.3 19019663779300096 84.0
181704500 38812956032 92.3 19019670453832448 84.0
181822100 38812966832 92.3 19019683471658752 84.0
181843900 38818203232 92.3 19023445839679232 84.0
181927300 38818217032 92.3 19023458363378432 84.0
181969400 38819997532 92.3 19023920841722624 84.0
182019200 38820281432 92.3 19024179340135168 84.0
182137500 38820549932 92.3 19024389972085504 84.0
182138200 38820558532 92.3 19024399758945024 84.0
182169500 38825102432 92.3 19028634641263360 84.0
182198700 38825126832 92.3 19028648478251776 84.0
182201400 38825162932 92.3 19028673233042176 84.0
182290800 38825352932 92.3 19028951866882816 84.0
182410600 38825525332 92.3 19029138131041024 84.0
182446200 38825544032 92.3 19029156098054912 84.0
182731400 38827113132 92.3 19030553187293952 84.0
182807400 38827298132 92.3 19030847710501632 84.0
182876800 38830659332 92.3 19034651455593216 84.0
182918800 38830671932 92.3 19034663978538752 84.0
183853300 38830884332 92.3 19034952109004544 84.0
185176600 38835785032 92.3 19039481502242560 84.0
185240300 38835800632 92.3 19039495302799104 84.0
185266300 38836708032 92.3 19039619515326208 84.0
185296200 38836718932 92.3 19039628039350528 84.0
185528500 38836749232 92.3 19039653262993664 84.0
185598300 38836770432 92.3 19039669940628736 84.0
185714000 38836789832 92.3 19039687379248384 84.0
185851100 38836931632 92.3 19039895448167680 84.0
185928800 38836943732 92.3 19039908687181056 84.0
185938500 38837643232 92.3 19040391843443968 84.0
185940800 38870986732 92.4 19094128951719168 84.3
186002300 38871032432 92.4 19094181202171136 84.3
186154200 38871499232 92.4 19094729391117568 84.3
186406600 38874172732 92.4 19097124572796160 84.3
186525100 38874504732 92.4 19097505312118016 84.3
186609600 38874546332 92.4 19097534249211136 84.3
186707500 38874559832 92.4 19097539028457728 84.3
186804300 38874575832 92.4 19097547573254400 84.3
187602900 38874612432 92.4 19097568736602368 84.3
187696100 38874936632 92.4 19097928059021568 84.3
187721000 38874949432 92.4 19097943687554304 84.3
187935100 38874959432 92.4 19097954187011328 84.3
188030300 38875349132 92.4 19098283251328256 84.3
188076200 38876607332 92.4 19099585495426304 84.3
188089800 38882389232 92.4 19103969242768640 84.3
188325300 38882427232 92.4 19103995908461824 84.3
188451000 38890272632 92.4 19106795775202560 84.3
188490400 38890283132 92.4 19106805415923968 84.3
189055800 38890291532 92.4 19106812360184576 84.3
189098200 38890663932 92.4 19107204310258432 84.3
189412900 38890680332 92.4 19107213286355712 84.3
189415800 38890690632 92.4 19107223947195136 84.3
189443100 38890720332 92.4 19107247099837184 84.3
189716900 38893292932 92.5 19108904510782208 84.3
189755100 38893328432 92.5 19108923704754944 84.3
189832100 38893334532 92.5 19108927524978176 84.3
189846900 38893354532 92.5 19108946203627008 84.3
189949900 38893659532 92.5 19109161652604416 84.3
189963300 38899254232 92.5 19114324676726272 84.4
189978200 38899271732 92.5 19114339904807424 84.4
189984700 38899278532 92.5 19114346056601088 84.4
189991100 38899376032 92.5 19114462885588480 84.4
190066200 38904013932 92.5 19118905238105600 84.4
190082600 38904021832 92.5 19118908656902656 84.4
190127100 38904059732 92.5 19118959602754048 84.4
190300200 38904065032 92.5 19118964802263552 84.4
190306000 38904071932 92.5 19118976371815936 84.4
190495000 38904090232 92.5 19118987893124608 84.4
190501000 38909815932 92.5 19122716338138624 84.4
190650500 38909853632 92.5 19122747252712960 84.4
190686900 38931571232 92.5 19169758379288064 84.6
190760200 38931593032 92.5 19169789669281280 84.6
190797000 38932385532 92.5 19170263954165248 84.6
190824200 38932402332 92.5 19170274325241344 84.6
190871000 38932757932 92.5 19170526392835584 84.6
190932400 38933207532 92.5 19171010801458688 84.6
190938700 38940537732 92.6 19178008086994432 84.7
193366600 38940549132 92.6 19178019150642688 84.7
193407300 38940555032 92.6 19178025210582528 84.7
193524400 38940562432 92.6 19178029063162368 84.7
193796000 38941774132 92.6 19178814610491904 84.7
193883200 38942312132 92.6 19179433435154944 84.7
194258900 38942334532 92.6 19179446973417984 84.7
194419200 38942343632 92.6 19179460962622976 84.7
194550600 38942501032 92.6 19179586336759296 84.7
194660400 38942509832 92.6 19179591072547840 84.7
194664700 38943666032 92.6 19180810034414592 84.7
194679000 38943679132 92.6 19180819958173696 84.7
194808600 38943788432 92.6 19180930126860288 84.7
194846700 38943810532 92.6 19180953679239168 84.7
194849100 38974606532 92.6 19231174220126208 84.9
194916200 38974619132 92.6 19231182860810240 84.9
195027200 38975054632 92.6 19231721120823296 84.9
195093400 38975060832 92.6 19231727567089664 84.9
195399500 38979596132 92.7 19235880137240576 84.9
195620600 38987358832 92.7 19241764128141312 84.9
196011700 38987380632 92.7 19241777686909952 84.9
196101300 38987389632 92.7 19241786183863296 84.9
196191700 38987401432 92.7 19241802501320704 84.9
196238100 38987959232 92.7 19242445301870592 84.9
196260300 38987975332 92.7 19242465573023744 84.9
196267500 38987988532 92.7 19242477246242816 84.9
196348000 38992669332 92.7 19245954215206912 85.0
196394800 38992677132 92.7 19245958538786816 85.0
196557800 38992895532 92.7 19246266953791488 85.0
196672900 38992906032 92.7 19246275370944000 85.0
196981500 38992919632 92.7 19246285433267712 85.0
197304900 38992927732 92.7 19246292955661312 85.0
200015000 38992942732 92.7 19246301346255872 85.0
200219500 38993607732 92.7 19247214301729792 85.0
200230100 38993617832 92.7 19247224383542272 85.0
200253700 38993622432 92.7 19247225176323072 85.0
200278000 38993631832 92.7 19247237528629248 85.0
200316700 38993653832 92.7 19247251374462976 85.0
200409100 38993659632 92.7 19247254710414592 85.0
200436700 38994170832 92.7 19247740429856000 85.0
200516400 38994257632 92.7 19247785486748928 85.0
200519200 38994271732 92.7 19247799020934400 85.0
200544900 38994278532 92.7 19247803132664576 85.0
200563300 38994313032 92.7 19247823187079936 85.0
200607400 38994322632 92.7 19247831333875968 85.0
200654100 38994337332 92.7 19247849943261440 85.0
200715900 38999126632 92.7 19252196238876928 85.0
200719400 39000694432 92.7 19252874744619264 85.0
200854000 39000706232 92.7 19252880818605312 85.0
200861400 39001861132 92.7 19253550693059840 85.0
200875400 39001874432 92.7 19253565044618496 85.0
201064300 39001890132 92.7 19253581755753728 85.0
201091800 39029765532 92.8 19301902352426240 85.2
201102900 39029782232 92.8 19301912739847424 85.2
201188900 39029793532 92.8 19301923518399744 85.2
201272400 39030689032 92.8 19302596234429696 85.2
201524100 39031305432 92.8 19303217640097024 85.2
201564800 39031323932 92.8 19303243496023296 85.2
201710700 39037495632 92.8 19308846321755392 85.2
201850500 39037510132 92.8 19308854839438592 85.2
202171200 39042307232 92.8 19312406952766720 85.2
202173800 39047097932 92.8 19316738472635648 85.3
202219000 39047125632 92.8 19316762553992448 85.3
203162900 39054442332 92.8 19319215827305728 85.3
204607300 39054463632 92.8 19319227867348224 85.3
204821300 39054640232 92.8 19319348353989888 85.3
204865800 39054651932 92.8 19319357430990080 85.3
204958500 39054659532 92.8 19319362043732736 85.3
205215700 39054669832 92.8 19319367698474240 85.3
205222900 39054687732 92.8 19319381132018944 85.3
205401600 39054722432 92.8 19319404080239872 85.3
205750500 39054743932 92.8 19319417059369216 85.3
205782500 39056521432 92.8 19321741695738112 85.3
205807100 39056529532 92.8 19321749186502912 85.3
205883200 39061297532 92.9 19326118612918528 85.3
206008400 39061312332 92.9 19326123038192896 85.3
206027900 39079368332 92.9 19369130407998720 85.5
206046600 39080646532 92.9 19370124483081472 85.5
206189200 39080654832 92.9 19370131248116992 85.5
206219400 39080664832 92.9 19370136428943616 85.5
206605400 39082283132 92.9 19370384214153472 85.5
206618900 39082289332 92.9 19370386555627264 85.5
206674800 39082303232 92.9 19370399475341056 85.5
206710300 39087158632 92.9 19373988141766400 85.5
206719600 39087163832 92.9 19373991574107392 85.5
206726200 39091769632 92.9 19378439778727168 85.5
206806000 39091780432 92.9 19378449196361984 85.5
206893100 39091792732 92.9 19378457628229888 85.5
206964100 39092543632 92.9 19379211041030400 85.5
207025600 39092566232 92.9 19379226933375232 85.5
207216700 39092575732 92.9 19379237245436160 85.5
207365700 39092582232 92.9 19379242858908928 85.5
207395000 39093228332 92.9 19379687602621696 85.5
207517800 39099789632 92.9 19385525519617280 85.6
207730900 39099805032 92.9 19385533829207296 85.6
207903400 39099814532 92.9 19385544737052928 85.6
208026900 39099823132 92.9 19385550341103360 85.6
208053100 39099829232 92.9 19385554116733184 85.6
210079900 39099835232 92.9 19385558341797120 85.6
210526000 39100195432 92.9 19385950485955840 85.6
210535400 39100211032 92.9 19385959467219200 85.6
210654800 39100231532 92.9 19385977173924096 85.6
210721100 39100453732 92.9 19386298136058112 85.6
210785500 39100456832 92.9 19386301201086976 85.6
210838600 39126708832 93.0 19433332963637760 85.8
210846100 39126717732 93.0 19433339306671104 85.8
210952700 39126723832 93.0 19433342211967488 85.8
211018900 39131294132 93.0 19437620520012288 85.8
211070600 39132020032 93.0 19438694959860224 85.8
211180400 39132033832 93.0 19438706501661184 85.8
211188900 39138012632 93.0 19443991122326016 85.8
211312300 39144347632 93.1 19447909365363200 85.8
211362300 39144361332 93.1 19447917266123264 85.8
211499500 39144369432 93.1 19447920097961984 85.8
211523800 39144376932 93.1 19447928504082432 85.8
211559500 39144389532 93.1 19447941023008768 85.8
211564200 39144834832 93.1 19448473380358144 85.8
211636200 39144863832 93.1 19448495197401088 85.8
211662800 39144888932 93.1 19448507768373248 85.8
211739500 39144899632 93.1 19448515101527552 85.8
211835500 39144925432 93.1 19448530611269120 85.8
211994600 39144938732 93.1 19448533629862656 85.8
212060100 39144961132 93.1 19448554041488128 85.8
212094700 39144978832 93.1 19448564969604864 85.8
212180900 39145400832 93.1 19448927968528128 85.8
212322500 39145411732 93.1 19448942352458496 85.8
212736900 39145427732 93.1 19448958397649664 85.8
212874700 39146181632 93.1 19449456449491712 85.8
212951000 39146195932 93.1 19449465725607680 85.9
213116800 39146206232 93.1 19449479104799488 85.9
213369900 39153159032 93.1 19455489574413056 85.9
213816000 39161931532 93.1 19459923991831296 85.9
213825500 39161955832 93.1 19459938650931968 85.9
214464500 39161963032 93.1 19459942746522368 85.9
216566200 39179792132 93.1 19502388058620672 86.1
217077200 39179801032 93.1 19502392465478400 86.1
217813100 39179806932 93.1 19502399182453504 86.1
217896500 39179822732 93.1 19502412807141120 86.1
218181300 39179828632 93.1 19502420167631616 86.1
218541400 39179861932 93.1 19502483059163904 86.1
218698800 39182366232 93.1 19504734872191744 86.1
218742200 39182428532 93.1 19504780653835008 86.1
218805200 39182439332 93.1 19504793374312192 86.1
219085100 39182441932 93.1 19504797544919808 86.1
219106100 39182463032 93.1 19504834063160064 86.1
219303300 39182468032 93.1 19504840306311936 86.1
219330400 39182681532 93.1 19505095878099712 86.1
219423800 39182697832 93.1 19505101833105664 86.1
219455400 39182925932 93.1 19505461961289984 86.1
219458400 39186800232 93.2 19508367728439552 86.1
219473500 39191280432 93.2 19512421228605696 86.1
219486500 39192212532 93.2 19512548153078016 86.1
219506300 39192220932 93.2 19512550192662272 86.1
219600600 39192230532 93.2 19512563564347136 86.1
219607100 39192246832 93.2 19512574914760448 86.1
219633600 39192650732 93.2 19513018913787648 86.1
219668800 39193095632 93.2 19513372013268736 86.1
219718400 39193107732 93.2 19513379236378880 86.1
219844600 39193112532 93.2 19513380053121280 86.1
220151500 39193151332 93.2 19513412638515456 86.1
220340500 39193159932 93.2 19513420178511104 86.1
220371200 39193184932 93.2 19513429358475520 86.1
220476100 39193216732 93.2 19513441234435328 86.1
220520900 39194514832 93.2 19514294052306176 86.1
220532600 39194905232 93.2 19514802626870528 86.1
220562100 39194910432 93.2 19514810519869696 86.1
220564600 39194919832 93.2 19514810664674496 86.1
220639600 39194935232 93.2 19514822863346880 86.1
220674500 39194943432 93.2 19514829603840192 86.1
221447400 39202672932 93.2 19518067624353984 86.2
221926600 39210472932 93.2 19525321221185728 86.2
224057000 39227710832 93.2 19566618040574144 86.4
224389100 39227735432 93.2 19566637138979008 86.4
224422000 39227768232 93.2 19566661918216384 86.4
224480900 39228094932 93.3 19567128479092928 86.4
224535500 39228102132 93.3 19567136001048256 86.4
224664600 39233310232 93.3 19571149372210880 86.4
224778800 39237962432 93.3 19575524646534848 86.4
224830900 39237976332 93.3 19575536634550976 86.4
225032600 39237983632 93.3 19575541913860288 86.4
225039100 39237994332 93.3 19575548314483904 86.4
225150800 39239125932 93.3 19576506247904448 86.4
225155200 39240634532 93.3 19576802321595584 86.4
225190200 39240665132 93.3 19576826338696384 86.4
225413000 39240679632 93.3 19576834334496448 86.4
225431300 39240689032 93.3 19576842407998144 86.4
225436800 39240697432 93.3 19576852952200896 86.4
225584300 39240713432 93.3 19576865489144512 86.4
225715900 39240720232 93.3 19576871037180608 86.4
225737600 39245321532 93.3 19581104260127424 86.4
225755600 39245334232 93.3 19581114179437248 86.4
225774800 39245341232 93.3 19581118210731456 86.4
225986900 39245350432 93.3 19581126204178880 86.4
225989400 39245362532 93.3 19581137003603392 86.4
226026200 39245367932 93.3 19581143466295232 86.4
226046400 39246336932 93.3 19581409174945728 86.4
226079200 39246350032 93.3 19581416522589120 86.4
226282500 39246589032 93.3 19581727225258944 86.4
226398400 39246604332 93.3 19581741436580800 86.4
226459900 39246607332 93.3 19581745950516160 86.4
226611400 39246832932 93.3 19581933252305856 86.4
226904300 39246845632 93.3 19581940969270208 86.4
227073800 39254585032 93.3 19589156703595456 86.5
227079000 39254593932 93.3 19589165628350400 86.5
227079400 39254900632 93.3 19589540930576320 86.5
227122700 39254916032 93.3 19589554253285312 86.5
227609300 39254934632 93.3 19589562368872896 86.5
228336100 39255099732 93.3 19589668102894016 86.5
228668300 39255117332 93.3 19589678225543616 86.5
229047100 39255128332 93.3 19589689041972672 86.5
230284600 39255137632 93.3 19589697662238144 86.5
230631500 39255155632 93.3 19589710951420352 86.5
230860100 39279574232 93.4 19633015760294336 86.7
231094800 39284239032 93.4 19637436327072192 86.7
231098800 39284239232 93.4 19637436424761792 86.7
231135200 39284655032 93.4 19637937492734400 86.7
231194100 39284662932 93.4 19637943729970112 86.7
231226900 39284675032 93.4 19637954986861504 86.7
231359000 39284683932 93.4 19637966534517696 86.7
231432100 39284701532 93.4 19637978531328960 86.7
231464500 39284733032 93.4 19637990792417216 86.7
231509300 39284752432 93.4 19638004346716096 86.7
231600900 39284760932 93.4 19638014004242368 86.7
231710800 39284777432 93.4 19638026734784448 86.7
231936600 39284781432 93.4 19638031604839872 86.7
232203500 39284796432 93.4 19638039004768192 86.7
232204300 39284867032 93.4 19638121787918272 86.7
232212200 39284875032 93.4 19638130678433728 86.7
232372600 39289871432 93.4 19642665554675648 86.7
232445600 39289879332 93.4 19642668728388032 86.7
232542900 39289888432 93.4 19642674864216512 86.7
232620900 39290277932 93.4 19643220367137216 86.7
232688400 39290291932 93.4 19643232961177024 86.7
232732900 39290315032 93.4 19643248048715200 86.7
232861600 39290326932 93.4 19643255362564544 86.7
232973200 39292025332 93.4 19644646753579456 86.7
233060600 39292068132 93.4 19644677353992640 86.7
233334700 39292521132 93.4 19645128152445376 86.7
233415100 39297776932 93.4 19649288120299968 86.7
233450300 39297789532 93.4 19649294076919744 86.7
233581000 39297794432 93.4 19649295518707392 86.7
233662700 39297800332 93.4 19649299638045376 86.7
233722600 39299096932 93.4 19649553310321344 86.7
233838200 39299133732 93.4 19649589272812224 86.7
233870700 39299140832 93.4 19649593461864128 86.7
233900200 39299151532 93.4 19649604532235968 86.7
234017800 39306014932 93.4 19655597334392512 86.8
234103100 39306026732 93.4 19655605994373824 86.8
234275200 39306032832 93.4 19655611579774144 86.8
234618300 39306038032 93.4 19655614506775744 86.8
234642800 39310370232 93.4 19659651047273664 86.8
238099900 39310379432 93.4 19659659870811328 86.8
239215500 39310387032 93.4 19659665294783680 86.8
239801600 39310393832 93.4 19659671439469760 86.8
239802000 39334108532 93.5 19702027534527680 87.0
239984900 39334122032 93.5 19702030735731392 87.0
240077900 39334130032 93.5 19702033712274880 87.0
240367600 39334140532 93.5 19702040936441280 87.0
240539300 39334155332 93.5 19702049362170816 87.0
240546200 39334420832 93.5 19702492318159808 87.0
240617300 39334701232 93.5 19702749949793216 87.0
240636100 39334715432 93.5 19702759294649280 87.0
240717000 39334745032 93.5 19702777976566720 87.0
240804400 39335608832 93.5 19703495091991488 87.0
240871000 39336645232 93.5 19704755939226560 87.0
240920600 39336652432 93.5 19704766096237504 87.0
240993500 39336671932 93.5 19704775102586816 87.0
241116800 39336685832 93.5 19704785977595840 87.0
241372100 39341332932 93.5 19708913014134720 87.0
241477500 39341342032 93.5 19708921926408128 87.0
241918800 39341357032 93.5 19708930338723776 87.0
241962600 39341450632 93.5 19709067560802240 87.0
242134300 39341465932 93.5 19709075921370048 87.0
242218000 39341479732 93.5 19709080876521920 87.0
242242700 39341487232 93.5 19709085424491456 87.0
242301600 39341493032 93.5 19709089840162752 87.0
242466200 39341510732 93.5 19709102344326080 87.0
242537200 39341520232 93.5 19709108775067584 87.0
242735100 39346268232 93.5 19712693773574080 87.0
242822700 39346270532 93.5 19712695147656000 87.0
242839600 39346492532 93.5 19712934486160192 87.0
242885800 39346502332 93.5 19712941835408192 87.0
242895500 39346512632 93.5 19712945990185792 87.0
242982900 39346522332 93.5 19712958171329344 87.0
243047900 39347825332 93.5 19714673014485824 87.0
243129000 39347832432 93.5 19714676726670400 87.0
243274100 39350046632 93.5 19715351614432320 87.0
243306500 39350062132 93.5 19715363381232704 87.0
243342600 39354875532 93.6 19719782262948928 87.0
243368900 39354886532 93.6 19719789851510848 87.0
243541800 39354902332 93.6 19719806129544256 87.0
243747600 39354926732 93.6 19719824007953472 87.0
244141000 39355137732 93.6 19720039445675072 87.0
244822700 39359869932 93.6 19724411352497216 87.1
245485000 39383306432 93.6 19766089039854656 87.2
246612400 39383319532 93.6 19766096029193792 87.2
246810400 39383447332 93.6 19766267789923904 87.2
247052400 39383457432 93.6 19766278343434816 87.2
247095500 39383477532 93.6 19766294749011520 87.2
247133000 39383508332 93.6 19766318150360640 87.2
247198500 39383516032 93.6 19766324672637504 87.2
247348700 39383523932 93.6 19766329651409984 87.2
247416600 39385289732 93.6 19767881429726272 87.3
247443300 39385297932 93.6 19767887076744256 87.3
247474700 39385320032 93.6 19767904061543488 87.3
247703100 39385330332 93.6 19767913119548480 87.3
247908200 39385338132 93.6 19767920762109504 87.3
248127800 39385408332 93.6 19767985590771264 87.3
248248800 39385412832 93.6 19767988609268544 87.3
248304800 39386018132 93.6 19768782867315520 87.3
248383000 39390535832 93.6 19772817577261888 87.3
248544700 39390543832 93.6 19772820920196928 87.3
248667800 39390561432 93.6 19772831310253888 87.3
248676700 39390574332 93.6 19772842694591296 87.3
248697300 39390584132 93.6 19772848375509312 87.3
248765300 39390598132 93.6 19772859399536960 87.3
248799200 39390615032 93.6 19772875011206464 87.3
248824400 39390815332 93.6 19773006784023872 87.3
249029900 39390822032 93.6 19773013061900608 87.3
249052000 39390827932 93.6 19773020384319808 87.3
249093900 39390835332 93.6 19773024487238464 87.3
249362000 39391544832 93.6 19773745306561344 87.3
249452000 39391559332 93.6 19773751379624768 87.3
249510600 39391568232 93.6 19773757135045440 87.3
249627200 39391592232 93.6 19773773339022144 87.3
249712000 39393738632 93.6 19774461114504000 87.3
249728100 39393750832 93.6 19774466576077632 87.3
249737400 39399917532 93.7 19780046515589952 87.3
249802500 39399925132 93.7 19780051679219520 87.3
249820900 39399929232 93.7 19780055779275840 87.3
249902000 39399940832 93.7 19780063893012544 87.3
250063600 39399951332 93.7 19780068034395456 87.3
250080300 39399955032 93.7 19780075388276544 87.3
250144100 39401023132 93.7 19781603888074560 87.3
250243100 39401032732 93.7 19781614535329600 87.3
250309600 39405924232 93.7 19786180024223552 87.3
250505600 39405955032 93.7 19786201306742592 87.3
250515600 39406102732 93.7 19786384106667840 87.3
250957200 39411045232 93.7 19790046405410624 87.4
254343000 39411052232 93.7 19790054473330496 87.4
254448500 39434664932 93.7 19831754965118784 87.5
254827600 39434669632 93.7 19831759778582336 87.5
254921900 39434677732 93.7 19831767495472960 87.5
255261900 39434687632 93.7 19831774747031360 87.5
255279500 39439674732 93.8 19835715747313472 87.6
255284300 39439682532 93.8 19835720435920192 87.6
255296100 39439705532 93.8 19835738525766976 87.6
255299500 39439711432 93.8 19835739851361472 87.6
255362200 39439717332 93.8 19835746143284416 87.6
255408700 39439721232 93.8 19835749771463616 87.6
255449200 39444385032 93.8 19839902661430208 87.6
255489800 39444401932 93.8 19839908598447552 87.6
255534800 39445527432 93.8 19841382519078336 87.6
255560700 39445550032 93.8 19841396478731712 87.6
255572200 39445569632 93.8 19841405958923712 87.6
255690800 39445572732 93.8 19841410137549248 87.6
255710600 39445951932 93.8 19841668208617920 87.6
255716400 39445955232 93.8 19841671298619328 87.6
255828000 39446240632 93.8 19841890246973376 87.6
256109700 39446262532 93.8 19841901250128832 87.6
256160900 39446269432 93.8 19841905031801792 87.6
256196700 39446278332 93.8 19841908839635904 87.6
256283700 39446290532 93.8 19841913263668160 87.6
256535400 39446314832 93.8 19841926151624640 87.6
257005300 39446323532 93.8 19841928253665728 87.6
257012200 39446330632 93.8 19841938445361600 87.6
257257500 39446334532 93.8 19841943996159424 87.6
257329900 39449261132 93.8 19844706776864192 87.6
257605400 39449264432 93.8 19844710203484864 87.6
257861200 39449275932 93.8 19844716684362432 87.6
257909200 39449297532 93.8 19844729640325824 87.6
258096000 39449316532 93.8 19844741498245824 87.6
258353300 39449326232 93.8 19844748842099392 87.6
258643400 39449588032 93.8 19844922575037120 87.6
258854200 39449614932 93.8 19844934236146368 87.6
259086400 39449624632 93.8 19844939802008768 87.6
259204900 39456654332 93.8 19852308467473600 87.6
259240700 39456681632 93.8 19852330176283840 87.6
259260600 39456700232 93.8 19852339236352192 87.6
259662800 39456702332 93.8 19852341402945984 87.6
259737100 39456712632 93.8 19852350301123008 87.6
259741500 39456719332 93.8 19852355229598656 87.6
259783500 39456726832 93.8 19852360614148032 87.6
260134200 39459765132 93.8 19853636112742336 87.6
260228100 39459773732 93.8 19853644384732608 87.6
260300700 39459781032 93.8 19853648320189120 87.6
260398200 39460183532 93.8 19853883526255296 87.6
264166800 39460193232 93.8 19853890579976896 87.6
264367300 39460219332 93.8 19853907725114048 87.6
264449600 39460230432 93.8 19853912931028160 87.6
264486700 39460258932 93.8 19853929360903360 87.6
264502000 39460265332 93.8 19853937503612096 87.6
264546100 39460272332 93.8 19853944877062848 87.6
264587900 39460512232 93.8 19854107196168896 87.6
264607300 39460523632 93.8 19854115697521344 87.6
264623200 39460530932 93.8 19854123769694400 87.6
264652600 39460553932 93.8 19854139864068288 87.6
264702500 39484459232 93.9 19896675844436160 87.8
264776800 39484466832 93.9 19896688174594240 87.8
264854100 39484477632 93.9 19896692288963264 87.8
264904600 39489333232 93.9 19900999062176448 87.8
264953600 39489829132 93.9 19901634444575424 87.8
265123000 39489831832 93.9 19901637444690624 87.8
265141600 39489849832 93.9 19901641885494976 87.8
265360700 39489855232 93.9 19901646841887424 87.8
265403000 39489871132 93.9 19901655451254464 87.8
265440200 39489874832 93.9 19901659265196992 87.8
265654000 39489879132 93.9 19901663215395008 87.8
266049700 39489910132 93.9 19901685792544960 87.8
266052000 39496651232 93.9 19907565315987648 87.9
266125800 39496653632 93.9 19907568633223104 87.9
266424600 39496658632 93.9 19907575385420736 87.9
266463400 39496670432 93.9 19907587583542208 87.9
266487100 39496679732 93.9 19907589868532416 87.9
266508700 39496796932 93.9 19907668123767488 87.9
266569300 39496805732 93.9 19907673512961728 87.9
266581600 39497679532 93.9 19907859613034176 87.9
266726100 39497705632 93.9 19907869961282240 87.9
266950400 39497925032 93.9 19908036795409088 87.9
267089900 39502775132 93.9 19912568994112192 87.9
267478800 39502802232 93.9 19912586929212096 87.9
267534400 39502814332 93.9 19912596107540160 87.9
267640400 39508734732 93.9 19918083797530304 87.9
267958500 39508741232 93.9 19918087544135360 87.9
268156500 39508750632 93.9 19918092113083072 87.9
268183700 39508763032 93.9 19918095356033216 87.9
268200600 39508785432 93.9 19918115616211136 87.9
268278500 39508792532 93.9 19918120718170816 87.9
268287600 39508830632 93.9 19918143256830656 87.9
268332200 39508838032 93.9 19918146826043072 87.9
268622100 39509183532 93.9 19918391951965888 87.9
268939300 39509199032 93.9 19918403435163328 87.9
269048000 39509211532 93.9 19918414724558528 87.9
269066500 39509217232 93.9 19918418222497984 87.9
269144100 39509221332 93.9 19918423499181248 87.9
269456000 39509225432 93.9 19918424778166848 87.9
269733200 39510547932 93.9 19919742114812480 87.9
274585200 39510559432 93.9 19919752367538752 87.9
274779100 39510591632 93.9 19919776967768640 87.9
274900500 39515127732 93.9 19923745392769600 87.9
274908600 39538344032 94.0 19965462175234624 88.1
274912800 39538356332 94.0 19965464146458944 88.1
275107800 39538365332 94.0 19965471245854528 88.1
275174400 39538391132 94.0 19965497181464384 88.1
275205000 39541470032 94.0 19968372713973568 88.1
275312800 39541474332 94.0 19968373424321664 88.1
275442300 39541478932 94.0 19968377950634624 88.1
275758600 39541484732 94.0 19968383723849344 88.1
275769600 39541498432 94.0 19968394145026688 88.1
275850400 39541511032 94.0 19968404076959360 88.1
275948200 39541515032 94.0 19968404913692544 88.1
275962500 39541518732 94.0 19968412647238528 88.1
276139900 39541520132 94.0 19968415196321664 88.1
276243900 39541524032 94.0 19968420108489600 88.1
276287600 39541540332 94.0 19968425902954880 88.1
276399800 39541550132 94.0 19968434527064448 88.1
276510200 39541568632 94.0 19968442145602944 88.1
276595200 39542037732 94.0 19968802731752832 88.1
276622100 39542042032 94.0 19968803963578240 88.1
276790400 39542047332 94.0 19968809270572416 88.1
276806600 39542072232 94.0 19968831859219840 88.1
276867300 39542094032 94.0 19968838452816256 88.1
276983100 39542329332 94.0 19969157510179200 88.1
277004600 39542337532 94.0 19969160311657856 88.1
277049100 39542343932 94.0 19969166029024640 88.1
277093300 39542532932 94.0 19969308956618112 88.1
277262500 39542547632 94.0 19969324912039296 88.1
277359100 39543307732 94.0 19970543579780480 88.2
277561100 39544434532 94.0 19970776188032384 88.2
277655000 39544488232 94.0 19970823746659712 88.2
277942200 39544616132 94.0 19970970470098304 88.2
277971600 39544645432 94.0 19970987688473984 88.2
278085700 39544655532 94.0 19971001496447360 88.2
278157300 39551700332 94.0 19976799680276864 88.2
278173900 39551721732 94.0 19976804135044480 88.2
278332400 39551726332 94.0 19976810052800896 88.2
278470500 39551727532 94.0 19976811272615552 88.2
278570900 39551734932 94.0 19976818649976448 88.2
278644800 39551741532 94.0 19976828590279296 88.2
278711400 39559205832 94.0 19979624325892736 88.2
278830300 39565064832 94.1 19984998749227648 88.2
278842700 39565077032 94.1 19985003276307584 88.2
278859900 39565081432 94.1 19985010316198016 88.2
279011700 39565100932 94.1 19985033308340352 88.2
279148800 39565114432 94.1 19985043088974976 88.2
279160700 39565117932 94.1 19985049279854208 88.2
279266300 39565126632 94.1 19985055667545728 88.2
279284700 39565165232 94.1 19985066533800576 88.2
279439600 39566187132 94.1 19985647551597184 88.2
279569100 39566190732 94.1 19985654574176384 88.2
282615400 39582190332 94.1 20024908587161728 88.4
282917500 39582273532 94.1 20025000183797888 88.4
283195400 39582306032 94.1 20025003953346688 88.4
283281800 39582310332 94.1 20025009921012864 88.4
283544200 39582355232 94.1 20025056626545792 88.4
283710400 39582360232 94.1 20025061198832256 88.4
284146400 39582369732 94.1 20025064454925696 88.4
284166800 39582534032 94.1 20025287022898560 88.4
284173500 39582555032 94.1 20025296562937216 88.4
284483100 39582564332 94.1 20025296894733216 88.4
284553700 39582571332 94.1 20025302936747936 88.4
284629300 39582573732 94.1 20025305300997024 88.4
284668700 39584379832 94.1 20026995848254368 88.4
284810200 39589288732 94.1 20031522190660512 88.4
284846900 39589296132 94.1 20031529477455776 88.4
284853900 39589303232 94.1 20031532576094624 88.4
284922600 39589321032 94.1 20031535001923488 88.4
284994500 39589325332 94.1 20031536322729888 88.4
285009700 39593957232 94.1 20035605219399584 88.4
285140800 39594056132 94.1 20035719842461600 88.4
285148600 39594066132 94.1 20035724337111968 88.4
285156600 39594070732 94.1 20035729663674784 88.4
285220800 39594073032 94.1 20035733154965152 88.4
285331700 39594075932 94.1 20035736006659232 88.4
285497500 39594078032 94.1 20035738757226144 88.4
285682700 39594081232 94.1 20035744040977056 88.4
285791100 39594087932 94.1 20035752179430560 88.4
285845100 39594090732 94.1 20035754071361184 88.4
285987500 39594139832 94.1 20035792479041184 88.4
285992900 39594346132 94.1 20036054655334048 88.4
285996000 39594376632 94.1 20036085077477024 88.4
286033100 39594413632 94.1 20036108234643104 88.4
286033200 39594420732 94.1 20036115111425696 88.4
286262000 39594457532 94.1 20036145004607136 88.4
286365900 39595866832 94.1 20036507383428768 88.4
286544300 39595872132 94.1 20036514400290464 88.4
286785800 39602114232 94.1 20042285252462240 88.5
286925400 39602121232 94.1 20042295466847904 88.5
287133700 39602127032 94.1 20042300252409504 88.5
287295000 39602132832 94.1 20042308000869536 88.5
287383200 39602208832 94.1 20042377672690848 88.5
287626800 39602214632 94.1 20042384542191776 88.5
287702100 39602221532 94.1 20042386775740576 88.5
287895100 39602225432 94.1 20042391835880608 88.5
287901300 39603158832 94.1 20042895348935840 88.5
287916500 39608889232 94.2 20048134717254816 88.5
287933800 39608928532 94.2 20048159204052128 88.5
288014100 39608937032 94.2 20048160286732960 88.5
288036700 39609077332 94.2 20048338254721696 88.5
288109300 39609084932 94.2 20048345433871008 88.5
288298300 39609118032 94.2 20048357468047008 88.5
288338500 39609138132 94.2 20048373977866912 88.5
288354700 39609146632 94.2 20048382369416352 88.5
288893800 39609155332 94.2 20048397255447712 88.5
290073600 39618291232 94.2 20054808403776672 88.5
294227700 39618301332 94.2 20054819742619808 88.5
294341600 39618304532 94.2 20054821700621984 88.5
294374600 39618324032 94.2 20054838216945312 88.5
294463600 39618325832 94.2 20054840662664352 88.5
294581400 39618341832 94.2 20054852853488800 88.5
294590700 39618355632 94.2 20054857850544288 88.5
294677700 39631984532 94.2 20088959190425760 88.7
295063700 39636603032 94.2 20092925510934688 88.7
295136900 39636622732 94.2 20092935876247712 88.7
295733300 39641560632 94.2 20097693116661920 88.7
295961000 39641582732 94.2 20097714090758304 88.7
296083300 39641584432 94.2 20097715615289504 88.7
296155500 39641636332 94.2 20097731013889184 88.7
296191100 39641640532 94.2 20097735646609056 88.7
296225300 39641650432 94.2 20097742725986464 88.7
296246600 39644052932 94.2 20098782420678816 88.7
296283900 39644074132 94.2 20098798391998624 88.7
296342200 39644076132 94.2 20098800154150048 88.7
296351200 39646274732 94.2 20102021216568480 88.7
296441900 39646287832 94.2 20102034116401312 88.7
296625600 39646295132 94.2 20102041531343008 88.7
296651100 39646301232 94.2 20102042703901728 88.7
296759200 39646303832 94.2 20102047280645152 88.7
296871500 39646316932 94.2 20102064428682272 88.7
297282100 39646326032 94.2 20102070830408736 88.7
297613200 39646332732 94.2 20102078338741280 88.7
297702500 39646339732 94.2 20102078690178080 88.7
297982200 39646351032 94.2 20102080588427680 88.7
298265100 39646357432 94.2 20102083862297248 88.7
298337600 39651592732 94.3 20106018589735584 88.7
298431100 39651911032 94.3 20106311755659936 88.7
298470800 39651925432 94.3 20106318375008416 88.7
298653900 39651949832 94.3 20106335510928544 88.7
298888700 39651952532 94.3 20106336457104544 88.7
299109800 39651953332 94.3 20106337506180640 88.7
299118900 39651984332 94.3 20106347538757152 88.7
299517300 39652110132 94.3 20106525262640672 88.8
299560400 39652112632 94.3 20106530197334048 88.8
299637500 39652131432 94.3 20106538923339808 88.8
299771900 39652135532 94.3 20106542635099424 88.8
300004400 39652152832 94.3 20106549016940320 88.8
300031000 39658041932 94.3 20112079579533088 88.8
300130700 39658049932 94.3 20112085520889120 88.8
300151100 39658052032 94.3 20112087907498272 88.8
300169500 39658062732 94.3 20112099994155296 88.8
300174800 39658078832 94.3 20112108317018400 88.8
300269500 39658102732 94.3 20112131654211872 88.8
300353700 39658104432 94.3 20112133108645152 88.8
300370600 39658109732 94.3 20112137637176608 88.8
300469300 39658120832 94.3 20112147998157088 88.8
300484400 39664781432 94.3 20114621863668000 88.8
300700900 39665020532 94.3 20114794115705120 88.8
301065700 39665165232 94.3 20114961736526112 88.8
301695900 39665181132 94.3 20114972277640480 88.8
302284800 39665183332 94.3 20114973427431200 88.8
302397700 39665196032 94.3 20114977938071328 88.8
302507700 39665205532 94.3 20114990897466144 88.8
302812200 39665210732 94.3 20114996069268256 88.8
306355000 39671066132 94.3 20136258571205408 88.9
306582900 39671891332 94.3 20137497434651424 88.9
306761400 39671914732 94.3 20137509617969952 88.9
307071400 39671921032 94.3 20137513261361952 88.9
307124600 39671932332 94.3 20137517815842592 88.9
307175300 39671949432 94.3 20137532026793760 88.9
307216700 39671958932 94.3 20137536972580640 88.9
307220400 39687246432 94.3 20175000441382688 89.1
307350600 39687248132 94.3 20175002841579040 89.1
308026700 39687249432 94.3 20175003394743840 89.1
308042500 39691878132 94.4 20178935076331040 89.1
308383700 39691882532 94.4 20178939309116960 89.1
308743000 39691886232 94.4 20178943552245280 89.1
308793400 39691890832 94.4 20178949041017888 89.1
308907100 39691897032 94.4 20178957803010080 89.1
308990800 39695791132 94.4 20183374431860768 89.1
309074800 39697708632 94.4 20183971794860064 89.1
309093300 39697725232 94.4 20183985300271136 89.1
309144500 39697729232 94.4 20183989401282848 89.1
309238800 39697735932 94.4 20183995738443552 89.1
309339100 39697738332 94.4 20183996922207520 89.1
309353100 39697743232 94.4 20184001372869408 89.1
309373300 39697956432 94.4 20184262551294752 89.1
309436300 39697984032 94.4 20184269140276512 89.1
309467700 39697993532 94.4 20184272900249376 89.1
309568800 39697998732 94.4 20184277910745888 89.1
309833100 39698005932 94.4 20184283693131040 89.1
310038100 39698021532 94.4 20184287896623648 89.1
310276700 39698036732 94.4 20184292719727648 89.1
310305500 39698045532 94.4 20184298570837024 89.1
310320900 39703125932 94.4 20188907304578080 89.1
310331500 39703134732 94.4 20188908860250400 89.1
310460600 39703139032 94.4 20188913695807776 89.1
310494000 39703142032 94.4 20188914742032352 89.1
310622300 39703147132 94.4 20188920487319520 89.1
310739300 39703155332 94.4 20188923368314080 89.1
310772900 39703171632 94.4 20188932886108384 89.1
310812900 39703172432 94.4 20188933453813984 89.1
310821500 39703175132 94.4 20188935112026464 89.1
310935100 39703182932 94.4 20188944053989728 89.1
310994800 39707939732 94.4 20192642220323168 89.1
311013100 39707947632 94.4 20192651462231392 89.1
311444700 39707956732 94.4 20192655903850336 89.1
311594800 39707958832 94.4 20192657030455136 89.1
311598600 39707967632 94.4 20192660788107104 89.1
311652900 39707968432 94.4 20192661440229792 89.1
311802400 39708064932 94.4 20192705862930848 89.1
311828100 39708082732 94.4 20192707990564768 89.1
311848200 39708345632 94.4 20192919432130464 89.1
311888600 39719057432 94.4 20198305373548448 89.2
311904300 39719437232 94.4 20198837106438048 89.2
311993400 39719449532 94.4 20198841471031712 89.2
312051400 39719467932 94.4 20198848314514336 89.2
312148300 39719478532 94.4 20198851908854944 89.2
312153600 39719482632 94.4 20198857833602208 89.2
312156600 39719495232 94.4 20198861736371872 89.2
312193400 39725512232 94.4 20204320446342816 89.2
312229400 39725517932 94.4 20204326102910624 89.2
312271000 39725976832 94.4 20205095716603552 89.2
312282800 39725983932 94.4 20205104972206752 89.2
312325100 39727160032 94.4 20206278931681952 89.2
312329900 39727164332 94.4 20206283186186144 89.2
312342100 39727184232 94.4 20206295175583648 89.2
312400700 39727434432 94.4 20206462655305632 89.2
312474600 39727436232 94.4 20206464006684192 89.2
312476400 39727471732 94.4 20206473146092064 89.2
312507400 39727486432 94.4 20206483631298080 89.2
312571500 39727555732 94.4 20206519087412768 89.2
312583900 39727584632 94.4 20206545231156768 89.2
312607300 39728061132 94.4 20207087837746720 89.2
312703100 39728066032 94.4 20207091198366048 89.2
312759700 39728423632 94.4 20207448113090912 89.2
312788300 39728428332 94.4 20207454970089312 89.2
312812800 39728433432 94.4 20207456318033248 89.2
312822000 39728435532 94.4 20207459199849824 89.2
313068500 39728523432 94.4 20207557210985824 89.2
313196100 39729515332 94.4 20208815874954592 89.2
313204200 39729520032 94.4 20208823085552992 89.2
313218000 39729528232 94.4 20208825447613280 89.2
313252700 39730466232 94.4 20209471440290656 89.2
313272000 39730968032 94.4 20209900148982624 89.2
313276500 39730992632 94.4 20209917333988192 89.2
313291300 39730999032 94.4 20209925138915168 89.2
313308600 39731900932 94.4 20210858499022688 89.2
313340900 39731926532 94.4 20210873833627488 89.2
313423800 39731937532 94.4 20210879432098656 89.2
313424800 39731942232 94.4 20210880932641120 89.2
313499000 39735086032 94.5 20222197281225056 89.3
313553400 39735092932 94.5 20222201883615584 89.3
313554500 39735252432 94.5 20222427878220128 89.3
313588100 39735259332 94.5 20222431408732256 89.3
313673700 39735262332 94.5 20222434466904416 89.3
313718700 39735331532 94.5 20222496160110944 89.3
313725700 39735348132 94.5 20222511027999072 89.3
313727200 39740464032 94.5 20226981488120160 89.3
313777400 39740684732 94.5 20227202819428704 89.3
313793400 39740687132 94.5 20227204429724256 89.3
313899600 39749752332 94.5 20239934237784672 89.3
313903400 39757016232 94.5 20242655266814560 89.4
313903900 39757539732 94.5 20243144314894944 89.4
313933000 39757544132 94.5 20243147482083424 89.4
313965300 39757546832 94.5 20243150265065312 89.4
313993500 39757549832 94.5 20243153598056032 89.4
313996200 39758802032 94.5 20244804128638560 89.4
314004900 39762831532 94.5 20248483036563040 89.4
314009100 39762834232 94.5 20248485885104224 89.4
314156800 39762836832 94.5 20248487350866272 89.4
314224400 39762843832 94.5 20248488409001376 89.4
314236300 39762909132 94.5 20248544667782560 89.4
314278700 39762925932 94.5 20248557864136096 89.4
314325900 39762927932 94.5 20248560388295840 89.4
314408300 39762939932 94.5 20248564952311456 89.4
314504400 39762957932 94.5 20248572633722016 89.4
314526200 39762960732 94.5 20248574228322080 89.4
314526500 39762963532 94.5 20248580764381472 89.4
314546000 39763680332 94.5 20248976485724448 89.4
314575700 39763700432 94.5 20248987934136608 89.4
314654500 39763710132 94.5 20248997205424416 89.4
314655800 39763716532 94.5 20249001073541920 89.4
314707400 39763725532 94.5 20249006139754272 89.4
314745800 39763757632 94.5 20249026940399392 89.4
314778000 39763763332 94.5 20249033875853600 89.4
314781100 39763914032 94.5 20249167350321440 89.4
314854700 39764297632 94.5 20249441513214240 89.4
314892200 39766179932 94.5 20253134275186976 89.4
314898100 39772898032 94.5 20259258016698656 89.4
314949600 39772901432 94.5 20259259988277024 89.4
314972500 39776163732 94.6 20264251616360224 89.4
314996100 39778616332 94.6 20266998621501216 89.5
315014600 39778618432 94.6 20267000764054560 89.5
315062100 39779921932 94.6 20267949315865632 89.5
315226500 39779933732 94.6 20267958839378976 89.5
315258800 39780116732 94.6 20268092549907488 89.5
315327800 39780118732 94.6 20268096147738144 89.5
315331300 39780136632 94.6 20268113224050208 89.5
315425500 39780548332 94.6 20268533408572960 89.5
315426100 39787127632 94.6 20270998784026144 89.5
315509200 39787129832 94.6 20271002330885152 89.5
315614700 39787262332 94.6 20271235375049760 89.5
315626300 39787281132 94.6 20271245704471584 89.5
315633600 39787303132 94.6 20271251348746784 89.5
315703900 39787532532 94.6 20271470743302688 89.5
315724900 39787584332 94.6 20271533952246304 89.5
315765300 39787590732 94.6 20271538678781984 89.5
315782100 39787598832 94.6 20271545816266784 89.5
315818700 39788493032 94.6 20272615665711136 89.5
315821700 39789434432 94.6 20274400915372064 89.5
315869900 39789442832 94.6 20274408094162976 89.5
315946400 39789471132 94.6 20274433359904800 89.5
315965000 39789686832 94.6 20274622823104544 89.5
316037100 39790279732 94.6 20275147505008672 89.5
316102000 39790285532 94.6 20275149931900192 89.5
316130100 39790295732 94.6 20275150980338976 89.5
316192800 39790304132 94.6 20275155387836704 89.5
316241200 39790306232 94.6 20275156632900896 89.5
316287500 39790649732 94.6 20275413138560288 89.5
316298200 39793197932 94.6 20278777590863136 89.5
316301900 39793720032 94.6 20279407862961440 89.5
316363400 39794298532 94.6 20279809394103584 89.5
316436500 39797959232 94.6 20284137092437280 89.5
316546200 39798782232 94.6 20284851183113504 89.5
316568600 39803505032 94.6 20288548720825632 89.6
316628800 39803507132 94.6 20288552166173984 89.6
316674400 39803534432 94.6 20288567309279520 89.6
316676200 39803538532 94.6 20288567593143712 89.6
316703200 39803540432 94.6 20288568890973984 89.6
316713300 39803548232 94.6 20288576813334816 89.6
316790600 39803647332 94.6 20288643680071968 89.6
316802700 39803652932 94.6 20288646573241632 89.6
316832500 39803669632 94.6 20288650231499808 89.6
316858800 39804054932 94.6 20289229751471136 89.6
316916300 39804057632 94.6 20289233416074016 89.6
317096500 39804186732 94.6 20289354797429536 89.6
317104500 39804734932 94.6 20289835439600416 89.6
317112900 39804803332 94.6 20289892143629088 89.6
317326900 39804952232 94.6 20290065969857312 89.6
317610400 39804996632 94.6 20290105568604960 89.6
317743700 39805171932 94.6 20290253305443104 89.6
317796900 39805179432 94.6 20290263873507104 89.6
317814800 39805668132 94.6 20290593659932448 89.6
317881400 39805672432 94.6 20290597694094624 89.6
318040100 39806793732 94.6 20292094303943968 89.6
318217100 39820582832 94.7 20326541797637408 89.7
318310000 39820593732 94.7 20326546764956960 89.7
318538700 39820664632 94.7 20326643276498208 89.7
318586900 39820679532 94.7 20326652508970272 89.7
318732900 39820758032 94.7 20326702908579104 89.7
318775200 39820949132 94.7 20326976502717728 89.7
318778200 39820952232 94.7 20326977675507360 89.7
318784700 39821357632 94.7 20327524544788128 89.7
318788200 39821402332 94.7 20327571222259360 89.7
318802600 39821406732 94.7 20327574111393440 89.7
318890700 39822040332 94.7 20328274235102880 89.7
318901200 39826877332 94.7 20335333901997728 89.8
318904800 39826891932 94.7 20335336576244384 89.8
318998200 39826931932 94.7 20335382294842016 89.8
319058300 39828503232 94.7 20337711043725984 89.8
319148400 39828505932 94.7 20337714877422240 89.8
319195100 39828568632 94.7 20337765655788192 89.8
319206200 39828578232 94.7 20337776489466528 89.8
319263100 39828588032 94.7 20337780054624928 89.8
319267000 39828589532 94.7 20337782789542816 89.8
319271500 39830007932 94.7 20339478621885344 89.8
319345100 39830047332 94.7 20339512178682784 89.8
319368100 39830052332 94.7 20339515404689056 89.8
319369300 39830057532 94.7 20339519014586016 89.8
319376900 39830081232 94.7 20339534166342304 89.8
319392500 39830128932 94.7 20339581098289824 89.8
319414800 39831451232 94.7 20340401051888288 89.8
319441400 39831452532 94.7 20340401700557088 89.8
319551000 39831456232 94.7 20340404610127648 89.8
319578600 39831461432 94.7 20340407197156128 89.8
319619500 39836563932 94.7 20344983386768160 89.8
319638800 39836585132 94.7 20344990921449760 89.8
319813500 39836820932 94.7 20345310347780384 89.8
319851200 39836831032 94.7 20345317195327776 89.8
319860200 39837341632 94.7 20345818142550304 89.8
319971900 39837359932 94.7 20345827322812704 89.8
320007600 39839024232 94.7 20347455981410592 89.8
320013700 39839031532 94.7 20347460393312544 89.8
320043000 39839034332 94.7 20347464070138656 89.8
320059400 39839148232 94.7 20347560103537440 89.8
320100300 39843829632 94.7 20351498327714592 89.8
320327200 39843841232 94.7 20351509513437984 89.8
320434700 39843846132 94.7 20351518372992800 89.8
320462100 39843852632 94.7 20351523568614688 89.8
320517000 39843864432 94.7 20351531241052448 89.8
320663800 39843868932 94.7 20351537115196704 89.8
320731200 39843886532 94.7 20351538202923552 89.8
320815600 39845671332 94.7 20352115069276704 89.8
320817300 39845729332 94.7 20352158142358048 89.8
320847400 39845740132 94.7 20352166496097824 89.8
320931100 39845741832 94.7 20352166822077824 89.8
320961500 39845771432 94.7 20352192662224256 89.8
320992600 39846170532 94.7 20352556335185280 89.8
321099700 39846301932 94.7 20352702147837312 89.8
321118500 39846310032 94.7 20352703067524672 89.8
321149800 39854319532 94.7 20362024529628736 89.9
321229700 39854981332 94.7 20362709168229952 89.9
321239600 39854983932 94.7 20362713197875776 89.9
321375900 39854986932 94.7 20362716354391616 89.9
321381900 39859819532 94.8 20366364020256320 89.9
321388800 39859913932 94.8 20366441769963072 89.9
321769400 39859923732 94.8 20366448669450816 89.9
321833400 39859928132 94.8 20366451587066688 89.9
321867200 39864320832 94.8 20369710429416256 89.9
321885900 39864326332 94.8 20369712857884480 89.9
322227100 39864935332 94.8 20370254224500544 89.9
322649900 39864946832 94.8 20370263999127360 89.9
322751800 39864961532 94.8 20370267648534848 89.9
322808100 39871060132 94.8 20376432109922624 89.9
322883200 39871068432 94.8 20376437605467968 89.9
322948300 39871178632 94.8 20376532384302912 89.9
322988300 39877276432 94.8 20382243729786688 90.0
323021000 39877280432 94.8 20382247356228416 90.0
323167500 39895088332 94.8 20419504716931904 90.1
323201300 39899667532 94.8 20423513165816640 90.1
323292200 39899673932 94.8 20423517422411584 90.1
323339900 39899679532 94.8 20423519545828800 90.1
323389000 39899700032 94.8 20423533185266112 90.1
323418700 39901246732 94.9 20425736370581952 90.2
323455000 39903329132 94.9 20429569195831744 90.2
323519600 39903333332 94.9 20429572192874944 90.2
323610900 39903341232 94.9 20429573704720192 90.2
323687800 39903366032 94.9 20429595039991616 90.2
323717300 39903388232 94.9 20429601126901568 90.2
323764400 39904187832 94.9 20429950458423104 90.2
323803000 39904197432 94.9 20429956447141696 90.2
323814300 39904200932 94.9 20429959417334848 90.2
323822700 39907220432 94.9 20432672952716352 90.2
323883000 39907226132 94.9 20432675603033152 90.2
324105500 39907234032 94.9 20432680869024320 90.2
324403500 39907236432 94.9 20432683177700160 90.2
324430700 39907240132 94.9 20432686769988928 90.2
324447000 39907259232 94.9 20432693807216960 90.2
324532900 39908580332 94.9 20434431038912832 90.2
324565900 39908585932 94.9 20434433573290048 90.2
324571900 39908598132 94.9 20434439685603392 90.2
324573500 39908601632 94.9 20434444203275328 90.2
324575300 39908603232 94.9 20434445898807360 90.2
324687500 39909535132 94.9 20435126286481472 90.2
324768700 39909993232 94.9 20435595594823744 90.2
324793300 39910000832 94.9 20435606375880768 90.2
324967900 39915223632 94.9 20453482996553792 90.3
325062900 39915233532 94.9 20453492716353600 90.3
325108800 39915267032 94.9 20453516955662400 90.3
325109900 39915284032 94.9 20453518078249408 90.3
325164300 39915331132 94.9 20453548413563328 90.3
325290900 39915332732 94.9 20453550934819776 90.3
325470600 39915335532 94.9 20453553699252672 90.3
325554800 39922807032 94.9 20456412589025728 90.3
325868400 39922813132 94.9 20456416046583744 90.3
325979500 39922823932 94.9 20456429891537856 90.3
326028300 39923305132 94.9 20456889225300928 90.3
326107700 39923311232 94.9 20456892420313024 90.3
326312500 39923318432 94.9 20456893024035904 90.3
326339300 39923556632 94.9 20457118182270016 90.3
326356800 39923559032 94.9 20457121888145472 90.3
326382400 39923899932 94.9 20457718659158080 90.3
326490900 39923908132 94.9 20457731302736960 90.3
326614100 39923928632 94.9 20457742086535232 90.3
326666900 39924601832 94.9 20458824752592960 90.3
326696700 39924605532 94.9 20458829422083136 90.3
326917100 39924608632 94.9 20458830154744768 90.3
327065900 39924616832 94.9 20458835374346688 90.3
327069600 39924625332 94.9 20458837351756608 90.3
327081500 39924637632 94.9 20458851144298304 90.3
327534200 39924647532 94.9 20458853981911360 90.3
327540700 39924648632 94.9 20458854495549760 90.3
327576400 39925221432 94.9 20459363159406912 90.3
327631400 39925232132 94.9 20459365958016320 90.3
327631500 39925242532 94.9 20459371336572224 90.3
327642700 39925246332 94.9 20459374263203904 90.3
327674900 39926939932 94.9 20460771117561920 90.3
327760900 39926945532 94.9 20460771921868352 90.3
327767600 39926947732 94.9 20460774260809024 90.3
327790700 39927723632 94.9 20461858081217856 90.3
327858800 39927750632 94.9 20461880843674944 90.3
327863400 39927885432 94.9 20462072304887104 90.3
327881500 39927892132 94.9 20462077759960384 90.3
328234500 39927897732 94.9 20462085495696192 90.3
328288000 39936163132 94.9 20465419423427392 90.3
328370900 39936510332 94.9 20465669987887936 90.3
328484600 39936603032 94.9 20465717371968320 90.3
328495600 39936605132 94.9 20465719180617664 90.3
328500500 39936606032 94.9 20465720096278464 90.3
328504900 39936617632 94.9 20465726180910016 90.3
328546000 39936623332 94.9 20465734152354752 90.3
328554500 39937765832 94.9 20466423809113024 90.3
328613100 39937779432 94.9 20466427715975616 90.3
328660200 39937782332 94.9 20466431512112576 90.3
328689400 39937787732 94.9 20466437813720512 90.3
328753500 39938080732 94.9 20466810874287552 90.3
328803100 39938086332 94.9 20466811860530112 90.3
328866400 39938104232 94.9 20466826974380992 90.3
328892000 39938109632 94.9 20466830622038208 90.3
328898100 39938125532 94.9 20466843671087296 90.3
328925500 39938130132 94.9 20466847914718400 90.3
328931000 39938147732 94.9 20466860118745280 90.3
328948900 39938151532 94.9 20466863865051328 90.3
328949600 39938273232 94.9 20467054004074688 90.3
329037200 39938274432 94.9 20467054986424704 90.3
329063100 39938289632 94.9 20467073688125824 90.3
329127500 39938308732 94.9 20467093975495040 90.3
329143600 39943077332 95.0 20471125514285440 90.4
329150500 39943084032 95.0 20471129821104512 90.4
329255300 39956915832 95.0 20505467228998016 90.5
329266500 39957007732 95.0 20505530493106560 90.5
329338700 39958285332 95.0 20505797149424000 90.5
329378500 39958307932 95.0 20505815454232960 90.5
329404500 39958309832 95.0 20505819078823808 90.5
329444300 39958313532 95.0 20505827512868736 90.5
329447200 39958726132 95.0 20506334525480832 90.5
329515100 39958734432 95.0 20506336337271424 90.5
329570100 39958735632 95.0 20506337893122944 90.5
329584800 39958743532 95.0 20506342037795200 90.5
329598600 39958806232 95.0 20506436787343744 90.5
329616600 39958816932 95.0 20506440099209344 90.5
329689300 39958819732 95.0 20506442535855744 90.5
329704500 39959040632 95.0 20506579449276032 90.5
329706600 39959044732 95.0 20506579512980532 90.5
329721400 39959071832 95.0 20506599368647732 90.5
329727700 39959083332 95.0 20506611645419572 90.5
329777000 39960450632 95.0 20507893478068276 90.5
329832800 39960455132 95.0 20507896090990132 90.5
329883400 39965454732 95.0 20512370803086900 90.5
329952900 39965470532 95.0 20512376181754420 90.5
330011300 39965882232 95.0 20512786775575092 90.5
330026500 39965891632 95.0 20512799268857396 90.5
330047300 39966871732 95.0 20513780604659252 90.5
330107500 39966884432 95.0 20513790772533812 90.5
330206900 39973942832 95.0 20516288838392372 90.6
330224400 39973950532 95.0 20516292950210868 90.6
330231000 39973961032 95.0 20516296258135348 90.6
330265700 39973970732 95.0 20516298722202932 90.6
330289200 39973972832 95.0 20516300562257332 90.6
330298600 39973978132 95.0 20516315645808052 90.6
330357700 39973983132 95.0 20516316703056116 90.6
330368400 39974039632 95.0 20516369800954100 90.6
330393600 39974111932 95.0 20516418276479220 90.6
330434300 39975248532 95.0 20517488423325940 90.6
330558700 39975272132 95.0 20517490989693940 90.6
330627200 39975281032 95.0 20517492797554036 90.6
330668500 39975283132 95.0 20517494773177972 90.6
330695600 39983617832 95.0 20526041173515892 90.6
330851400 39983726532 95.0 20526151623769716 90.6
330889500 39988602732 95.1 20529797944835700 90.6
330919300 39988607932 95.1 20529802718929012 90.6
330997800 39988610732 95.1 20529803363283828 90.6
331081700 39989959232 95.1 20531122077365108 90.6
331158700 39989961832 95.1 20531126668411764 90.6
331178200 39989963432 95.1 20531128632034164 90.6
331217300 39989982132 95.1 20531140730292084 90.6
331237100 39989988632 95.1 20531144791403892 90.6
331265800 39990224932 95.1 20531365776092532 90.6
331282100 39991836432 95.1 20533305986149748 90.6
331304800 39991849032 95.1 20533316276177268 90.6
331365200 39992223632 95.1 20533791546722676 90.6
331383600 39993773732 95.1 20535439578155380 90.6
331394300 39993801232 95.1 20535449370632564 90.6
331398200 39993803732 95.1 20535452137767540 90.6
331421400 40000199632 95.1 20545306621461108 90.7
331479200 40000217332 95.1 20545317177738868 90.7
331546500 40000230032 95.1 20545329091995252 90.7
331721900 40000252932 95.1 20545333755758708 90.7
331875500 40000254832 95.1 20545335584417908 90.7
331947100 40000849232 95.1 20546046969178228 90.7
332012400 40000856732 95.1 20546050219289204 90.7
332098500 40000870232 95.1 20546054367652980 90.7
332101600 40000874732 95.1 20546055235959860 90.7
332172800 40000877232 95.1 20546058132140852 90.7
332225100 40000888132 95.1 20546065867510580 90.7
332349000 40000895532 95.1 20546075051578164 90.7
332382800 40000906132 95.1 20546078710311220 90.7
332400300 40001273332 95.1 20546505002625332 90.7
332424200 40001559032 95.1 20546732597143860 90.7
332454300 40001568132 95.1 20546760852625716 90.7
332471300 40001571232 95.1 20546763445453620 90.7
332472500 40001579932 95.1 20546765178195252 90.7
332541000 40001586832 95.1 20546768559852852 90.7
332601100 40001591632 95.1 20546771372183860 90.7
332610400 40001611132 95.1 20546786144364852 90.7
332731700 40001618532 95.1 20546790997563700 90.7
332761300 40001629032 95.1 20546795148450100 90.7
332830200 40001646632 95.1 20546803291787572 90.7
332852000 40002064532 95.1 20547209712832820 90.7
333051200 40002069432 95.1 20547214498049332 90.7
333325800 40002076932 95.1 20547217435750708 90.7
333362400 40002080432 95.1 20547218527466804 90.7
333464400 40002086232 95.1 20547222241196852 90.7
333481500 40002847532 95.1 20547894719003444 90.7
333501300 40002851532 95.1 20547899155034420 90.7
333505700 40003355732 95.1 20548690122780980 90.7
333558200 40004405932 95.1 20549881154122036 90.7
333622700 40004462332 95.1 20549971593580852 90.7
333787800 40004463032 95.1 20549972136052276 90.7
333909600 40004522032 95.1 20550017449977396 90.7
334162300 40004755932 95.1 20550256098240052 90.7
334168300 40004759732 95.1 20550258109799732 90.7
334235600 40004798232 95.1 20550301374758196 90.7
334408600 40004808032 95.1 20550310931421492 90.7
334433300 40004809932 95.1 20550314341136692 90.7
334549800 40004816832 95.1 20550318756243764 90.7
334598600 40004926632 95.1 20550712481753396 90.7
334627900 40005135832 95.1 20550879163459892 90.7
334712500 40005160032 95.1 20550883991577396 90.7
334860800 40008072032 95.1 20553487781421876 90.7
335078500 40009316532 95.1 20554520833123124 90.7
335135400 40010303332 95.1 20555321542861620 90.7
335318500 40011380232 95.1 20556245861622580 90.7
335471200 40013546832 95.1 20557519759565620 90.7
335605600 40015965232 95.1 20559351590118196 90.7
335694800 40015973132 95.1 20559359370396980 90.7
335799300 40015973532 95.1 20559359836335604 90.7
335811900 40015979832 95.1 20559360768100980 90.7
335908700 40021566032 95.1 20564505565350516 90.8
335968300 40021572732 95.1 20564509109540468 90.8
336043600 40021580132 95.1 20564511491083892 90.8
336312900 40021589932 95.1 20564518339882100 90.8
336456600 40021600932 95.1 20564525418712180 90.8
336463600 40022042732 95.1 20565182470720628 90.8
336503900 40022129832 95.1 20565228981345396 90.8
336520500 40026399232 95.1 20567378603564148 90.8
336579500 40026403032 95.1 20567379421988340 90.8
336629200 40026757432 95.1 20567674326844916 90.8
336712900 40026759832 95.1 20567674571414516 90.8
336817900 40027537832 95.2 20570397255359476 90.8
336835100 40027548532 95.2 20570404326986740 90.8
337050800 40027551532 95.2 20570405417179764 90.8
337100400 40027553732 95.2 20570406297361652 90.8
337115400 40028422232 95.2 20571608637070580 90.8
337329600 40030422032 95.2 20573327727353076 90.8
337395100 40030799132 95.2 20573724271533300 90.8
337426300 40030947932 95.2 20573922738887924 90.8
337457600 40030957932 95.2 20573930231502068 90.8
337525400 40031036832 95.2 20574009170302196 90.8
337784400 40031142532 95.2 20574088261137652 90.8
338304200 40031365832 95.2 20574360957367540 90.8
338823600 40031371132 95.2 20574362742829940 90.8
339227600 40032299532 95.2 20575320518898548 90.8
339361800 40032404432 95.2 20575671701418868 90.8
339459200 40032485332 95.2 20575781161980788 90.8
339504800 40032706432 95.2 20575991384888180 90.8
339741300 40032711132 95.2 20575994867951988 90.8
340180100 40032974932 95.2 20576267625261428 90.8
340192100 40033028432 95.2 20576305200945524 90.8
340213600 40033540532 95.2 20576930582157684 90.8
340298300 40033543332 95.2 20576933447334772 90.8
340369800 40033546732 95.2 20576938649097588 90.8
340695800 40033871232 95.2 20577210302141812 90.8
340729600 40033879432 95.2 20577215820887412 90.8
341255800 40033886732 95.2 20577220758878068 90.8
341381800 40033892532 95.2 20577228062726004 90.8
341512800 40035132332 95.2 20581676540499828 90.8
341582800 40035136232 95.2 20581679356416372 90.8
341785900 40035153232 95.2 20581683243290740 90.8
341939200 40040218232 95.2 20597094146936948 90.9
342000100 40040381632 95.2 20597274190975092 90.9
342222000 40041785232 95.2 20598709832814708 90.9
342364600 40041788332 95.2 20598710065708308 90.9
342432900 40041794932 95.2 20598711248144532 90.9
342464700 40041948532 95.2 20598876272920724 90.9
342580900 40044186832 95.2 20600925885237396 90.9
342600200 40044244532 95.2 20600968068524180 90.9
342812000 40044739532 95.2 20601397413505172 90.9
343030000 40044748932 95.2 20601404347112084 90.9
343557400 40044756832 95.2 20601406992609940 90.9
343558300 40047181332 95.2 20602735562912404 90.9
343737300 40047196732 95.2 20602750572581524 90.9
344624300 40047851032 95.2 20603726107726484 90.9
344688000 40047915832 95.2 20603765654811284 90.9
344751200 40047917632 95.2 20603766645636500 90.9
345005800 40047991832 95.2 20603826754383252 90.9
345364200 40048410632 95.2 20604149620272532 90.9
345365000 40048812632 95.2 20604534717574548 90.9
345392100 40049037032 95.2 20604676911656340 90.9
345507400 40049039432 95.2 20604678210702740 90.9
345538900 40049046532 95.2 20604683683862420 90.9
345618100 40049280732 95.2 20604939483043732 91.0
345889600 40049509432 95.2 20605726227388308 91.0
346196600 40049821732 95.2 20606821524199316 91.0
346240800 40050053332 95.2 20607057093416852 91.0
346435300 40050056432 95.2 20607058878985108 91.0
346574600 40051281432 95.2 20609042670613396 91.0
346691000 40052175832 95.2 20612209147048852 91.0
347113100 40054351032 95.2 20615183988618132 91.0
347122700 40054412632 95.2 20615262111683476 91.0
347161500 40060302332 95.2 20622181698786196 91.0
347309900 40060508932 95.2 20622609574744980 91.0
347315600 40060514832 95.2 20622614850241940 91.0
347804700 40062415232 95.2 20624470747710868 91.0
348160400 40062510132 95.2 20624794489783700 91.0
348313100 40062956632 95.2 20625138962793876 91.0
348445900 40062966232 95.2 20625141812100500 91.0
348879800 40063291432 95.2 20625651326582164 91.0
349118600 40064700332 95.2 20630271041011092 91.1
349516300 40065119432 95.2 20630617261505940 91.1
350477900 40065132032 95.2 20630621076051604 91.1
350643100 40065937332 95.2 20631318203717268 91.1
351098700 40065943832 95.2 20631320552374676 91.1
351106600 40065946732 95.2 20631323271974292 91.1
351117700 40065948732 95.2 20631323327845792 91.1
351233400 40065952932 95.2 20631328115536288 91.1
351317200 40065956632 95.2 20631330744735904 91.1
351364900 40065961932 95.2 20631331600490144 91.1
351375000 40066575432 95.2 20633169735999136 91.1
351520100 40066667932 95.2 20633478916497056 91.1
351576800 40066823732 95.2 20633598786133664 91.1
351913100 40066872532 95.2 20633644743597728 91.1
351972000 40066985432 95.2 20633759474835104 91.1
352220000 40067751832 95.2 20634431068167840 91.1
352255700 40067805932 95.2 20634488678223520 91.1
352358700 40067814032 95.2 20634494120446112 91.1
352540400 40067823332 95.2 20634498317246112 91.1
352649800 40068539532 95.2 20635093408243360 91.1
352679100 40068832632 95.2 20635429114699424 91.1
352690700 40069023032 95.2 20635568528563872 91.1
352771700 40069303332 95.3 20636420724825760 91.1
352901500 40069638932 95.3 20637268280155808 91.1
352953300 40069640432 95.3 20637270150382240 91.1
353050600 40076769332 95.3 20640435622806176 91.1
353301500 40076894932 95.3 20640538154566304 91.1
353441800 40076955132 95.3 20640620618031776 91.1
353614900 40078028732 95.3 20641463819739808 91.1
353750700 40078034832 95.3 20641466605693856 91.1
353752800 40078817432 95.3 20644059625352096 91.1
353770200 40078996532 95.3 20644223875509152 91.1
354317000 40078998732 95.3 20644226511785632 91.1
354402300 40079002132 95.3 20644228517905824 91.1
354410200 40079175732 95.3 20644423665157536 91.1
354944800 40079801832 95.3 20644947870549408 91.1
355020500 40079806932 95.3 20644950986727584 91.1
355135400 40079864432 95.3 20644992866652320 91.1
355223000 40080507132 95.3 20646176454414496 91.1
355279000 40081885932 95.3 20647443313791136 91.1
355337500 40081888732 95.3 20647444674451744 91.1
355513700 40083188032 95.3 20652012912711968 91.2
355638100 40083192432 95.3 20652016849347360 91.2
355791800 40083215932 95.3 20652039445314336 91.2
355871400 40083310732 95.3 20652095487015712 91.2
355974500 40083314132 95.3 20652099450685728 91.2
356118800 40083318932 95.3 20652099925002528 91.2
356236900 40083404932 95.3 20652182672779552 91.2
356251000 40083622832 95.3 20652310955985184 91.2
356361100 40084724332 95.3 20653166778878240 91.2
356376700 40084730132 95.3 20653172672705312 91.2
356437600 40084873832 95.3 20653313719317280 91.2
356456300 40084876932 95.3 20653314199860992 91.2
356579700 40085194432 95.3 20653837493253888 91.2
356616700 40085320132 95.3 20654067030914816 91.2
356849900 40085324132 95.3 20654069672834816 91.2
356853400 40085327332 95.3 20654072481378304 91.2
356948200 40085327632 95.3 20654072686710304 91.2
356977000 40085396932 95.3 20654144462163488 91.2
357083100 40085397932 95.3 20654146100276128 91.2
357108500 40085661232 95.3 20654331229924256 91.2
357140500 40085664332 95.3 20654333252166304 91.2
357184300 40085667932 95.3 20654334844432160 91.2
357239100 40085887132 95.3 20654692214271776 91.2
357242100 40086655732 95.3 20657040384356128 91.2
357300500 40086659232 95.3 20657045683556128 91.2
357320700 40086664732 95.3 20657047571047584 91.2
357333800 40086672432 95.3 20657050202357408 91.2
357413200 40086709532 95.3 20657079287293600 91.2
357668200 40086714532 95.3 20657083450100896 91.2
357725900 40086714732 95.3 20657083590515200 91.2
357773500 40086807732 95.3 20657193052854784 91.2
357907900 40086811832 95.3 20657196145681920 91.2
358209800 40086814432 95.3 20657199343036416 91.2
358283200 40086815532 95.3 20657199631777536 91.2
358297000 40086868432 95.3 20657367719280384 91.2
358380600 40087065532 95.3 20657460973084416 91.2
358945000 40087067532 95.3 20657463100546816 91.2
359055500 40087351632 95.3 20657730242567936 91.2
359101100 40087357832 95.3 20657730807324608 91.2
359201100 40087704832 95.3 20658095899074496 91.2
359530600 40088507032 95.3 20659026870263744 91.2
359949700 40088650232 95.3 20659131843788736 91.2
360170200 40088687732 95.3 20659164243304384 91.2
360256400 40088690632 95.3 20659165485836864 91.2
360648000 40088716232 95.3 20659189575182912 91.2
360671400 40088911132 95.3 20659391192377920 91.2
360772400 40094129232 95.3 20661167531502144 91.2
360819900 40094131332 95.3 20661168831654720 91.2
360920400 40094175332 95.3 20661211740465984 91.2
361070600 40094313432 95.3 20661425950632768 91.2
361517000 40094464232 95.3 20661551653833536 91.2
361671900 40094473032 95.3 20661560060376896 91.2
361839300 40094477332 95.3 20661562195250752 91.2
361922600 40095653032 95.3 20662883889647168 91.2
362255400 40095655032 95.3 20662884811404480 91.2
362256800 40095661632 95.3 20662887435039936 91.2
362273000 40095847032 95.3 20663051275285696 91.2
362479200 40095852432 95.3 20663054285640896 91.2
362572700 40096572832 95.3 20663647433823424 91.2
362606200 40096804032 95.3 20663819667264704 91.2
362669100 40097017632 95.3 20663938509288640 91.2
362795300 40097024132 95.3 20663944580038336 91.2
362855200 40097230632 95.3 20664083074203328 91.2
362981900 40097236832 95.3 20664087954954432 91.2
363124600 40097240332 95.3 20664090304549312 91.2
363300800 40097242032 95.3 20664091395343936 91.2
363389200 40097247732 95.3 20664096440719424 91.2
363478800 40097250732 95.3 20664098012408000 91.2
363592500 40097828632 95.3 20664711333816512 91.2
363671100 40097916432 95.3 20664784702539968 91.2
363759500 40097919232 95.3 20664786044218304 91.2
363776100 40108944132 95.3 20678526479264704 91.3
364182000 40109239132 95.3 20678758326152128 91.3
364417000 40110705932 95.3 20680884576005056 91.3
364419200 40110853632 95.3 20681074661862336 91.3
364559300 40112654032 95.4 20682296006355904 91.3
364634400 40112657332 95.4 20682297661684160 91.3
364743800 40112964332 95.4 20682554695416256 91.3
364822800 40113293332 95.4 20682897065408960 91.3
364873600 40113296432 95.4 20682898703280064 91.3
365098700 40116722432 95.4 20685474004363200 91.3
365185900 40116875532 95.4 20685576394024896 91.3
365289500 40117013532 95.4 20685716305930176 91.3
365579000 40117052432 95.4 20685753351186368 91.3
365812100 40117617532 95.4 20686212861405120 91.3
365878300 40117620132 95.4 20686213842806720 91.3
366019500 40117626332 95.4 20686217482277824 91.3
366031700 40117703732 95.4 20686485512836032 91.3
366124300 40117870632 95.4 20686617677034432 91.3
366181000 40117879432 95.4 20686624326890432 91.3
366281700 40117883532 95.4 20686625862019520 91.3
366388300 40117927232 95.4 20686676330043840 91.3
366493600 40117933232 95.4 20686682184230848 91.3
366497400 40117956332 95.4 20686705164890048 91.3
366659200 40118067132 95.4 20686877437472704 91.3
366672400 40118074032 95.4 20686880124606656 91.3
366702600 40120057532 95.4 20688544930502848 91.3
366829600 40120108332 95.4 20688577640018112 91.3
366935800 40120715332 95.4 20689076113060032 91.3
366944800 40124942332 95.4 20692923822846144 91.3
366967400 40124946832 95.4 20692925495563712 91.3
366970500 40125031532 95.4 20693041759720896 91.3
366982900 40125035532 95.4 20693043930584000 91.3
367114400 40125039732 95.4 20693047032538304 91.3
367204100 40125070332 95.4 20693076019967168 91.3
367265600 40125073432 95.4 20693077610536512 91.3
367331500 40125077032 95.4 20693078824569920 91.3
367349200 40125204832 95.4 20693242699009088 91.3
367380200 40125209132 95.4 20693245439842368 91.3
367507600 40125212232 95.4 20693247260966976 91.3
367588300 40125369532 95.4 20693384621482048 91.3
367609500 40125372632 95.4 20693385588957248 91.3
367740200 40125375732 95.4 20693386018025152 91.3
367752500 40126190732 95.4 20694310555676352 91.3
367775500 40129576032 95.4 20695747927404224 91.4
368069500 40129649232 95.4 20695801192836800 91.4
368106300 40129656332 95.4 20695807921336000 91.4
368131800 40130130632 95.4 20696170756943552 91.4
368147800 40130141632 95.4 20696177873569984 91.4
368213000 40130338432 95.4 20696359475185856 91.4
368458400 40130467432 95.4 20696455308847296 91.4
368484200 40130476032 95.4 20696464522426560 91.4
368494800 40130480532 95.4 20696467390475968 91.4
368536200 40130484832 95.4 20696471914136768 91.4
368624500 40131013032 95.4 20696876039881920 91.4
368732100 40131014532 95.4 20696876144125120 91.4
368864600 40131062932 95.4 20696902765458624 91.4
369105200 40131066032 95.4 20696904534941888 91.4
369116400 40131073832 95.4 20696908776908992 91.4
369236500 40131532732 95.4 20697276982700224 91.4
369261600 40131534732 95.4 20697277149325728 91.4
369296100 40131536832 95.4 20697278650509728 91.4
369645100 40131713232 95.4 20697416577214880 91.4
369749800 40131715332 95.4 20697416615512480 91.4
369805000 40131718132 95.4 20697419551244960 91.4
369913500 40131758132 95.4 20697551854617248 91.4
369916700 40131763032 95.4 20697557684011680 91.4
370406500 40131805632 95.4 20697589809982112 91.4
370514900 40132068832 95.4 20697908074916512 91.4
370564300 40132071632 95.4 20697909178099360 91.4
370771800 40132074432 95.4 20697911066896928 91.4
370803800 40132121132 95.4 20697948350614048 91.4
371203800 40132125032 95.4 20697951111569184 91.4
371331600 40132127332 95.4 20697951889932320 91.4
371385000 40132129132 95.4 20697952087576928 91.4
371544900 40132221232 95.4 20698097458401632 91.4
371732800 40132224932 95.4 20698099672894816 91.4
371746400 40132436832 95.4 20698338472283488 91.4
371777100 40132499632 95.4 20698382655520096 91.4
372121500 40132505132 95.4 20698383183821504 91.4
372224900 40132560332 95.4 20698435359738560 91.4
372296500 40135824332 95.4 20701007487044288 91.4
372782200 40141219032 95.4 20709230271138496 91.4
372800400 40141372932 95.4 20709351040805568 91.4
372983000 40141457632 95.4 20709411625081536 91.4
373136200 40141544632 95.4 20709504732838592 91.4
373253400 40141713532 95.4 20709668306631360 91.4
373494700 40141714732 95.4 20709669050055360 91.4
373711400 40141877932 95.4 20709795340753600 91.4
373932300 40141879632 95.4 20709795481983600 91.4
374006600 40142424532 95.4 20709999648856688 91.4
374101000 40142430832 95.4 20709999753919088 91.4
374118300 40142432532 95.4 20710002062003312 91.4
374214000 40143689832 95.4 20710942671309936 91.4
374323300 40144062732 95.4 20711082081455216 91.4
374450200 40144064232 95.4 20711082887454704 91.4
374743400 40144372532 95.4 20711301597011952 91.4
374874000 40144458332 95.4 20711335133755376 91.4
374877400 40144960532 95.4 20711754362238960 91.4
375003300 40144961932 95.4 20711755614349936 91.4
375202400 40145033732 95.4 20711860862896752 91.4
375580400 40145090232 95.4 20711906651130480 91.4
375743000 40145093432 95.4 20711908590033776 91.4
375939300 40145096032 95.4 20711911258770032 91.4
375952400 40145098532 95.4 20711913072683632 91.4
376714600 40145109832 95.4 20711919229101680 91.4
376726800 40145111732 95.4 20711919739793680 91.4
376831700 40145416732 95.4 20712194051698960 91.4
377423700 40145629932 95.4 20712456582246672 91.4
377427100 40146024832 95.4 20712792516079888 91.4
377446700 40146028632 95.4 20712793740988688 91.4
377545600 40146032832 95.4 20712795821077008 91.4
377565000 40146541732 95.4 20712991851541008 91.4
377787300 40147056332 95.4 20713757577245200 91.4
377864900 40150036132 95.4 20724146221281808 91.5
378072700 40150280632 95.4 20724343369282064 91.5
378298300 40150283632 95.4 20724347594336272 91.5
378457400 40150775132 95.4 20724810268043280 91.5
379264800 40150781032 95.4 20724813307480080 91.5
380098100 40150848432 95.4 20724867470874640 91.5
380405200 40152598232 95.4 20730850772932624 91.5
380541300 40155344432 95.5 20733342997174288 91.5
380924900 40155504832 95.5 20733472042137616 91.5
380976300 40155507932 95.5 20733473186067728 91.5
381233900 40155511732 95.5 20733475881361680 91.5
381340300 40155675432 95.5 20733616949960976 91.5
381449100 40155702832 95.5 20733640672522512 91.5
381476800 40155797432 95.5 20733732202680592 91.5
381489300 40155854632 95.5 20733786016764176 91.5
381621200 40156655232 95.5 20734772138725648 91.5
381859400 40156662032 95.5 20734776038787600 91.5
381892700 40156663632 95.5 20734779300450576 91.5
381922400 40156791832 95.5 20734872783778064 91.5
382154000 40156793832 95.5 20734873810440464 91.5
382343400 40156879732 95.5 20734941198848272 91.5
382386400 40156952232 95.5 20735019690430736 91.5
382464800 40156954932 95.5 20735022970056208 91.5
382529700 40159102732 95.5 20736658854522384 91.5
382554100 40159426932 95.5 20737109183606288 91.5
382741300 40159431832 95.5 20737114686461968 91.5
383486100 40159863932 95.5 20737458387392528 91.5
383642200 40159999432 95.5 20737573754820624 91.5
383697400 40160023732 95.5 20737591605839888 91.5
383799100 40160285732 95.5 20737904970123280 91.5
383899500 40160363432 95.5 20737969654712336 91.5
384120900 40162151032 95.5 20740639318198288 91.5
384276600 40162325932 95.5 20740803464611856 91.5
384308900 40162526332 95.5 20740981769914384 91.6
384480700 40162528032 95.5 20740982740299280 91.6
384574900 40162633132 95.5 20741078006246928 91.6
384990000 40162635332 95.5 20741078425641040 91.6
385130500 40162684232 95.5 20741130508677200 91.6
385305500 40162773532 95.5 20741163993176144 91.6
385413100 40162856932 95.5 20741206617970768 91.6
385422600 40162942532 95.5 20741282114279504 91.6
385425700 40163023332 95.5 20741376062093392 91.6
385460400 40163025532 95.5 20741376901693008 91.6
385641000 40163082232 95.5 20741414100282960 91.6
385643100 40163205132 95.5 20741560003669584 91.6
385740200 40163208432 95.5 20741563277192784 91.6
385878100 40163212832 95.5 20741564338466384 91.6
386368600 40163381832 95.5 20741693370838608 91.6
386647400 40163383632 95.5 20741695337700944 91.6
386895700 40163386332 95.5 20741697575755344 91.6
386958500 40164173132 95.5 20742339014073936 91.6
386981200 40164175732 95.5 20742340478902736 91.6
386985200 40164179832 95.5 20742343931684304 91.6
387194200 40164378932 95.5 20742588652152272 91.6
387562300 40164381332 95.5 20742589814719952 91.6
387639700 40164589332 95.5 20742778631521744 91.6
387990000 40164592032 95.5 20742782605237712 91.6
388005500 40164738232 95.5 20742968568356304 91.6
388076700 40164825132 95.5 20743066175970768 91.6
388114000 40164856732 95.5 20743091067456976 91.6
388138400 40164863232 95.5 20743092409101776 91.6
388335000 40164864632 95.5 20743093910131280 91.6
388355600 40164919432 95.5 20743161803604560 91.6
388356000 40168589432 95.5 20746500310991440 91.6
388425200 40169742532 95.5 20748247912841808 91.6
388716000 40169796732 95.5 20748295369110096 91.6
388743800 40170265532 95.5 20749071803658832 91.6
388829800 40170270732 95.5 20749075610808912 91.6
389015900 40170658332 95.5 20749590921097808 91.6
389103300 40170684932 95.5 20749606442241616 91.6
389159000 40170687732 95.5 20749609694944848 91.6
389298100 40174015232 95.5 20754231814807120 91.6
389321000 40174446432 95.5 20754737571192400 91.6
389652100 40174448732 95.5 20754737868766800 91.6
389744700 40174450432 95.5 20754740726750800 91.6
389802200 40174451232 95.5 20754741217267216 91.6
389895300 40174919932 95.5 20755135336517136 91.6
389931100 40174922332 95.5 20755136004369936 91.6
390012800 40175048132 95.5 20755199306673680 91.6
390039600 40179796532 95.5 20756676526386704 91.6
390213800 40180265732 95.5 20757333583638032 91.6
390306500 40180353832 95.5 20757404345290256 91.6
390371700 40180564132 95.5 20757545482325520 91.6
390415400 40180566632 95.5 20757546505915920 91.6
390422200 40180568532 95.5 20757546537250320 91.6
390633800 40180627432 95.5 20757619149827600 91.6
391029800 40180633132 95.5 20757625520711184 91.6
391184100 40180641232 95.5 20757630137520656 91.6
391294700 40181099532 95.5 20758452532400656 91.6
391298400 40181099832 95.5 20758452990538256 91.6
391323700 40181282832 95.5 20758565217079824 91.6
391342800 40181285832 95.5 20758565885183824 91.6
391391100 40181342332 95.5 20758586918975312 91.6
391472500 40181344032 95.5 20758588281968976 91.6
391483200 40181411332 95.5 20758642009594192 91.6
391505400 40181467032 95.5 20758676639623504 91.6
391913100 40181517432 95.5 20758716189079888 91.6
391930400 40181519232 95.5 20758717095647696 91.6
392120100 40181524932 95.5 20758718706030032 91.6
392132300 40181526932 95.5 20758719302817232 91.6
392148800 40181531032 95.5 20758720493319632 91.6
392281300 40181587332 95.5 20758771314070992 91.6
392407700 40184690932 95.5 20769371343689168 91.7
392465200 40184725232 95.5 20769412395222480 91.7
392622900 40184731332 95.5 20769417186872784 91.7
392686400 40184960232 95.5 20769717812530640 91.7
392734800 40184961832 95.5 20769718876437584 91.7
392808400 40185554232 95.5 20770540737199184 91.7
393132600 40185665532 95.5 20770615398653008 91.7
393170700 40185669832 95.5 20770617617684560 91.7
393191100 40185673032 95.5 20770619608985680 91.7
393351000 40185841432 95.5 20770808210255952 91.7
393370500 40185974932 95.5 20770906810503248 91.7
393572200 40186000432 95.5 20770932708151376 91.7
393580000 40186134332 95.5 20771016977395792 91.7
393850400 40186136532 95.5 20771017825882192 91.7
393950600 40186137932 95.5 20771018031296592 91.7
393960900 40186140332 95.5 20771018328795984 91.7
394052700 40186162732 95.5 20771026246792016 91.7
394301300 40186276132 95.5 20771109423625040 91.7
394342500 40186462832 95.5 20771275532366672 91.7
394368300 40186483332 95.5 20771298602824528 91.7
394523800 40186486832 95.5 20771300115284176 91.7
394539000 40186490532 95.5 20771305023720656 91.7
394555400 40186495332 95.5 20771308261218256 91.7
394610800 40186500832 95.5 20771311210144976 91.7
394630000 40186604832 95.5 20771383841506512 91.7
394678300 40186642632 95.5 20771419186775248 91.7
394739700 40186648532 95.5 20771422489297872 91.7
394762100 40186739232 95.5 20771492446168016 91.7
395018700 40186741032 95.5 20771493799486416 91.7
395434900 40186818232 95.5 20771556882191312 91.7
395445900 40186899832 95.5 20771630561366992 91.7
395446600 40186901332 95.5 20771632158161872 91.7
395509800 40186966332 95.5 20771734408379344 91.7
395795500 40186971032 95.5 20771738382055632 91.7
395848500 40186971732 95.5 20771740056284112 91.7
395887900 40189739432 95.5 20773856065481680 91.7
395962000 40189749332 95.5 20773858765769680 91.7
395968900 40189941432 95.5 20773986728782800 91.7
396045600 40189944032 95.5 20773990242201040 91.7
396094400 40190020832 95.5 20774064121761232 91.7
396128700 40190024032 95.5 20774064905162512 91.7
396132200 40190245232 95.5 20774263383494416 91.7
396145500 40190246832 95.5 20774263427936016 91.7
396177200 40190249232 95.5 20774264141638288 91.7
396198500 40190305632 95.5 20774321225214608 91.7
396508000 40190309232 95.5 20774325729028240 91.7
396515600 40192025632 95.5 20775660263368848 91.7
396563800 40192297732 95.5 20775897038284944 91.7
396669400 40192334632 95.5 20775946455816336 91.7
396699800 40193779732 95.5 20777187905968272 91.7
396885900 40193885732 95.5 20777278398486672 91.7
397108900 40193888032 95.5 20777280088843920 91.7
397330600 40193891232 95.5 20777281819727504 91.7
397347800 40193926532 95.5 20777303325286032 91.7
397377400 40194130132 95.5 20777460716543632 91.7
397513500 40194209932 95.5 20777506057248400 91.7
397535600 40194211432 95.5 20777506315910800 91.7
397578900 40194405432 95.5 20777674442833552 91.7
397637500 40194412932 95.5 20777681773862544 91.7
397743300 40194420332 95.5 20777686275133072 91.7
397805100 40194552632 95.5 20777791265926800 91.7
397950600 40194791932 95.5 20778015040630416 91.7
398254200 40195100532 95.5 20778194233388688 91.7
398349200 40195102432 95.5 20778195104038416 91.7
398402800 40195476032 95.6 20778722907356688 91.7
398530500 40195540932 95.6 20778753271973392 91.7
398636900 40195757132 95.6 20778911899584016 91.7
398715300 40195896832 95.6 20778999534675472 91.7
399063400 40195933032 95.6 20779048734889488 91.7
399453900 40195937732 95.6 20779052010989584 91.7
399482400 40195939832 95.6 20779053722340496 91.7
399593500 40195941332 95.6 20779053977766592 91.7
399801500 40196260732 95.6 20779319725558464 91.7
400076200 40196292232 95.6 20779357254642368 91.7
400091400 40196299332 95.6 20779361186004672 91.7
400299400 40196301132 95.6 20779361492574560 91.7
400392400 40196303032 95.6 20779363817173856 91.7
400622300 40196334232 95.6 20779397709042528 91.7
400811700 40199707632 95.6 20780451184579424 91.7
400885700 40199711132 95.6 20780455269725024 91.7
400885900 40200144832 95.6 20780636044473184 91.7
401099200 40200208132 95.6 20780668869061472 91.7
401260600 40200209132 95.6 20780669402814464 91.7
401322600 40201510832 95.6 20781549059381248 91.7
401794800 40201511532 95.6 20781550548247808 91.7
401877300 40201686432 95.6 20781695258567936 91.7
402407900 40201749932 95.6 20781740596520192 91.7
402651400 40201751032 95.6 20781742414403840 91.7
403288800 40201801132 95.6 20781781873535232 91.7
403312400 40201802632 95.6 20781782515153664 91.7
403340200 40201803032 95.6 20781782819281664 91.7
403662500 40204666132 95.6 20786053691087616 91.7
404196900 40207229032 95.6 20788411831294720 91.8
404212700 40207484832 95.6 20788938386643712 91.8
405359900 40207744232 95.6 20789658799708928 91.8
405587900 40207748532 95.6 20789661613865728 91.8
405758900 40207756132 95.6 20789668186647808 91.8
405865700 40207758432 95.6 20789669775895808 91.8
405919300 40207768332 95.6 20789676892613376 91.8
406186400 40207769132 95.6 20789677840018176 91.8
406967300 40207774432 95.6 20789678932375680 91.8
407030300 40207855432 95.6 20789735063283840 91.8
407230300 40210145032 95.6 20791482506668160 91.8
407340900 40210145932 95.6 20791483994744960 91.8
407407600 40210146632 95.6 20791484006008960 91.8
407414600 40211502332 95.6 20792685232523392 91.8
407484200 40211505632 95.6 20792688944289664 91.8
408080400 40211507332 95.6 20792689936748864 91.8
408091600 40211507632 95.6 20792689947603264 91.8
408171800 40212001532 95.6 20793100829847872 91.8
408194300 40212999132 95.6 20796532475687232 91.8
408279400 40213002832 95.6 20796534744127040 91.8
408699200 40214503232 95.6 20798698220787264 91.8
408963100 40215006832 95.6 20800366275040832 91.8
409552700 40215010032 95.6 20800367907642816 91.8
410781600 40215038932 95.6 20800462926396864 91.8
410923600 40215041132 95.6 20800463930341312 91.8
411100600 40215042532 95.6 20800465295049280 91.8
411160100 40215043132 95.6 20800466255766080 91.8
411166400 40215044732 95.6 20800468301850304 91.8
411190500 40215047232 95.6 20800470537518016 91.8
411357700 40215050932 95.6 20800472245558848 91.8
411679400 40215054632 95.6 20800474906553920 91.8
411772200 40215054932 95.6 20800475353959936 91.8
411862800 40215057032 95.6 20800476277787456 91.8
411889700 40215059132 95.6 20800477018322432 91.8
412109800 40217932532 95.6 20810138036598272 91.9
412202900 40217936532 95.6 20810138486185984 91.9
412544400 40218254132 95.6 20810404429078528 91.9
412552900 40218257632 95.6 20810404896008512 91.9
412557100 40218426732 95.6 20810719936833856 91.9
412606400 40218427932 95.6 20810721147791040 91.9
412879600 40218926032 95.6 20812404569712320 91.9
413036900 40219159132 95.6 20812681125668544 91.9
413110500 40219547232 95.6 20812928808494784 91.9
413121300 40219553932 95.6 20812934257808576 91.9
413191400 40219557932 95.6 20812937013030848 91.9
413198400 40219821332 95.6 20813128237019072 91.9
413213200 40219854232 95.6 20813148789166016 91.9
413284100 40219909332 95.6 20813211543203776 91.9
413351300 40220111332 95.6 20813353422155712 91.9
413487400 40220419532 95.6 20813760133525440 91.9
413571400 40220725232 95.6 20814067968831424 91.9
413598500 40221069132 95.6 20814331998072768 91.9
413604600 40221074232 95.6 20814334545037248 91.9
413607000 40221168632 95.6 20814640307111872 91.9
413677200 40221174232 95.6 20814645162919872 91.9
414184400 40221175032 95.6 20814646290797248 91.9
414270200 40221840932 95.6 20816107476079296 91.9
414272700 40221846532 95.6 20816108390511296 91.9
414425200 40221856032 95.6 20816113067733696 91.9
414489300 40221935732 95.6 20816189719892672 91.9
414528700 40222160732 95.6 20816401205646016 91.9
414633700 40222161332 95.6 20816401964678720 91.9
414657100 40222162032 95.6 20816403015629248 91.9
414692800 40222168032 95.6 20816408534374848 91.9
414816900 40222170732 95.6 20816409162906048 91.9
414838200 40222264332 95.6 20816511487818176 91.9
414844800 40222297332 95.6 20816529567650240 91.9
414933400 40222298532 95.6 20816530227217216 91.9
414985100 40224035232 95.6 20822599981220672 91.9
415268000 40224036332 95.6 20822600543396672 91.9
415353000 40224038332 95.6 20822600845799072 91.9
415363500 40224084732 95.6 20822646972231328 91.9
415485500 40224085832 95.6 20822648552612128 91.9
415504400 40224214432 95.6 20822687688646944 91.9
415540500 40224624032 95.6 20823015421075744 91.9
415845700 40224631532 95.6 20823016795999008 91.9
415872500 40226215732 95.6 20824276458867488 91.9
415893500 40226636132 95.6 20824565468728096 91.9
416034700 40227858632 95.6 20828829431991072 91.9
416366400 40227861432 95.6 20828832693633312 91.9
416385300 40227864332 95.6 20828835513093408 91.9
416580500 40228698832 95.6 20830017551453472 91.9
416603100 40229169732 95.6 20830304073370912 91.9
416628200 40229179032 95.6 20830305468513696 91.9
417041400 40230613432 95.6 20835230268226976 92.0
417044100 40230652032 95.6 20835253378096544 92.0
417068600 40230652732 95.6 20835254356048224 92.0
417307600 40230653832 95.6 20835255118723424 92.0
417775300 40230661132 95.6 20835260725749600 92.0
417787000 40230666632 95.6 20835264447798624 92.0
417819700 40230670132 95.6 20835267081223776 92.0
418105400 40230672132 95.6 20835268107720544 92.0
418275300 40230675432 95.6 20835268829557984 92.0
418303300 40234552732 95.6 20838657455469792 92.0
418358500 40234558132 95.6 20838659587491808 92.0
418410000 40234559932 95.6 20838660089396000 92.0
418429900 40234563132 95.6 20838661821470880 92.0
418456300 40234566332 95.6 20838665720861856 92.0
418764800 40234603332 95.6 20838695371089056 92.0
418775400 40234605032 95.6 20838697468767904 92.0
418833800 40234646832 95.6 20838733624561312 92.0
418954600 40234915032 95.6 20839133540470432 92.0
418992800 40234980532 95.6 20839175071436448 92.0
419015700 40239653932 95.7 20846076824358560 92.0
419034400 40239662632 95.7 20846081740267680 92.0
419234000 40239667232 95.7 20846085363853216 92.0
419310900 40239784832 95.7 20846206975813536 92.0
419339000 40239786932 95.7 20846210335485600 92.0
419416300 40239789432 95.7 20846211420273056 92.0
419501300 40239798532 95.7 20846220572005792 92.0
419518300 40239802232 95.7 20846222041573280 92.0
419602700 40239847432 95.7 20846247889766304 92.0
419773700 40239932932 95.7 20846329279825824 92.0
419786900 40239934932 95.7 20846330457064608 92.0
419932700 40240375332 95.7 20846623794627744 92.0
420078600 40240763232 95.7 20846952727446688 92.0
420097600 40240765532 95.7 20846955661453472 92.0
420111700 40240976532 95.7 20847166436190368 92.0
420296800 40240977632 95.7 20847168301617696 92.0
420317200 40241653132 95.7 20848592945730080 92.0
420429100 40241659432 95.7 20848593825815968 92.0
420507500 40241664532 95.7 20848594324094368 92.0
420519300 40241777432 95.7 20848666765508000 92.0
420542700 40241782432 95.7 20848672108944800 92.0
420546000 40241785332 95.7 20848674079376544 92.0
420718300 40241797032 95.7 20848690150762656 92.0
420813200 40241798232 95.7 20848691242111264 92.0
420867000 40241800632 95.7 20848692265496864 92.0
420891400 40241938632 95.7 20849139118354720 92.0
420944000 40241941232 95.7 20849140197241120 92.0
420949600 40241943832 95.7 20849140502972608 92.0
420960300 40242126332 95.7 20849330924767424 92.0
421056000 40242208332 95.7 20849389983066304 92.0
421115000 40242309732 95.7 20849479053854912 92.0
421135300 40242312432 95.7 20849481126430912 92.0
421152300 40242340632 95.7 20849501883883712 92.0
421252600 40242504532 95.7 20849661552894144 92.0
421268600 40242506032 95.7 20849661715628944 92.0
421270500 40242725932 95.7 20849793741595536 92.0
421295900 40242757832 95.7 20849829176767376 92.0
421334300 40242760432 95.7 20849830353343376 92.0
421442700 40245486932 95.7 20851972725969808 92.0
421457200 40245492132 95.7 20851976209340560 92.0
421457900 40245679432 95.7 20852162862700688 92.0
421526800 40245682532 95.7 20852164080029456 92.0
421598000 40245683432 95.7 20852164346891760 92.0
421598600 40245731632 95.7 20852219519196656 92.0
421608000 40245732832 95.7 20852219539483356 92.0
421612300 40245735332 95.7 20852221269332956 92.0
421680300 40245798932 95.7 20852263305069532 92.0
421689100 40245806632 95.7 20852270111965660 92.0
421722700 40245806832 95.7 20852270751682076 92.0
421724700 40245811032 95.7 20852273606152476 92.0
421849600 40245815332 95.7 20852274265949404 92.0
421972000 40245890632 95.7 20852335835473116 92.0
422114400 40245949532 95.7 20852539653465308 92.0
422227800 40245951732 95.7 20852541436166236 92.0
422240300 40246395932 95.7 20853054864195676 92.0
422282600 40246454032 95.7 20853090463211612 92.0
422283200 40246486832 95.7 20853112305588316 92.0
422285000 40246493532 95.7 20853117144880732 92.0
422287500 40246494832 95.7 20853117174986332 92.0
422293000 40246498032 95.7 20853118675838300 92.0
422347400 40246502132 95.7 20853120922034012 92.0
422356500 40246503032 95.7 20853121954021212 92.0
422369000 40246698832 95.7 20853282887434076 92.0
422413000 40249523132 95.7 20855409286053724 92.1
422420900 40249527032 95.7 20855413243687004 92.1
422446000 40254547232 95.7 20857958964965468 92.1
422504900 40254564332 95.7 20857967788933212 92.1
422552000 40254568332 95.7 20857970133904476 92.1
422615200 40254572532 95.7 20857974479149660 92.1
422696200 40254574432 95.7 20857974615546460 92.1
422728200 40254604032 95.7 20857995543839324 92.1
422799100 40254605132 95.7 20857996236027740 92.1
422808800 40255133432 95.7 20858685169268572 92.1
422817100 40255144832 95.7 20858688856751196 92.1
422887100 40255148132 95.7 20858690137487964 92.1
422941700 40255175232 95.7 20858710328681052 92.1
422945400 40255221932 95.7 20858735397640796 92.1
423079400 40259122632 95.7 20862571763145308 92.1
423085600 40259371332 95.7 20862770362751580 92.1
423107200 40259373532 95.7 20862772501682780 92.1
423109600 40259378132 95.7 20862776562070108 92.1
423112700 40259379132 95.7 20862776912990684 92.1
423136500 40259416932 95.7 20862808575334876 92.1
423164300 40259417532 95.7 20862809576192476 92.1
423218900 40259418532 95.7 20862810926382812 92.1
423242300 40259421032 95.7 20862812466888412 92.1
423256700 40259423332 95.7 20862813771811804 92.1
423326100 40259683232 95.7 20863021171198940 92.1
423330300 40259683932 95.7 20863021792893020 92.1
423342000 40259686932 95.7 20863024034585948 92.1
423445800 40259791132 95.7 20863104135003484 92.1
423470900 40259870632 95.7 20863158799125852 92.1
423489300 40259917932 95.7 20863219180137820 92.1
423496300 40259922532 95.7 20863220679791708 92.1
423552700 40259926332 95.7 20863222716650844 92.1
423638400 40259979732 95.7 20863266750301532 92.1
423653700 40259980832 95.7 20863267282903644 92.1
423657400 40259992432 95.7 20863275980529244 92.1
423679000 40260304032 95.7 20863534125031004 92.1
423742000 40260306132 95.7 20863534157389404 92.1
423745800 40260310932 95.7 20863542598426204 92.1
423777900 40260313432 95.7 20863543734131548 92.1
423813600 40260483832 95.7 20863681907972956 92.1
423842300 40260488932 95.7 20863682012842156 92.1
423853600 40260492332 95.7 20863682392476844 92.1
423869900 40260581332 95.7 20863981804899500 92.1
423878800 40260586532 95.7 20863984318535340 92.1
423888700 40260697732 95.7 20864070258464428 92.1
423929500 40260700032 95.7 20864070613900524 92.1
424002800 40260701632 95.7 20864072074943724 92.1
424014400 40261025432 95.7 20864312284732652 92.1
424063900 40261026232 95.7 20864313166724076 92.1
424135400 40261070832 95.7 20864336712154092 92.1
424155300 40261073332 95.7 20864338025968748 92.1
424214700 40261326832 95.7 20864543517668460 92.1
424292800 40261330432 95.7 20864543799063660 92.1
424313400 40261476132 95.7 20864675967874156 92.1
424349700 40261480532 95.7 20864677093473132 92.1
424359400 40261484232 95.7 20864679432231532 92.1
424388300 40261619532 95.7 20864782045829740 92.1
424460900 40261622032 95.7 20864783270533740 92.1
424463000 40261625732 95.7 20864785360647148 92.1
424466500 40261742032 95.7 20864932732646380 92.1
424473900 40261750632 95.7 20864936848155628 92.1
424480900 40261753732 95.7 20864939220892652 92.1
424553600 40261955232 95.7 20865149683579884 92.1
424567200 40261956932 95.7 20865150358304492 92.1
424602700 40261957532 95.7 20865150765190284 92.1
424620200 40262025032 95.7 20865223890750604 92.1
424635300 40262030232 95.7 20865227878584204 92.1
424638700 40262032932 95.7 20865228645137036 92.1
424677500 40262033432 95.7 20865229153368620 92.1
424680800 40262676932 95.7 20865748798208556 92.1
424693800 40262692332 95.7 20865762962212396 92.1
424735300 40263069432 95.7 20866182281659948 92.1
424751500 40263070832 95.7 20866182921402924 92.1
424769600 40263076132 95.7 20866186429090092 92.1
424816100 40263077932 95.7 20866186986403884 92.1
424817700 40263088532 95.7 20866194511650860 92.1
424897900 40263197432 95.7 20866279319748652 92.1
424918800 40263314132 95.7 20866339735158828 92.1
424977600 40263317232 95.7 20866343332399148 92.1
424983100 40263321632 95.7 20866344486218028 92.1
425019200 40263322932 95.7 20866344506083628 92.1
425022200 40263328332 95.7 20866346917950764 92.1
425035400 40263329432 95.7 20866347085886764 92.1
425114100 40267793532 95.7 20867768239682860 92.1
425162200 40267796832 95.7 20867773049700140 92.1
425211600 40267804532 95.7 20867778282749740 92.1
425234700 40268002932 95.7 20867947544379180 92.1
425283600 40268005032 95.7 20867948270599980 92.1
425315100 40268007632 95.7 20867950390983724 92.1
425359400 40268015232 95.7 20867951257664620 92.1
425433900 40268026832 95.7 20867958210291308 92.1
425434000 40268029032 95.7 20867959653897580 92.1
425488700 40268029632 95.7 20867959984771788 92.1
425495900 40268030732 95.7 20867960626529996 92.1
425502000 40268034732 95.7 20867964513967820 92.1
425544100 40268064832 95.7 20867982019651276 92.1
425549300 40268066732 95.7 20867982195779276 92.1
425586700 40268257032 95.7 20868134537782988 92.1
425620800 40268260832 95.7 20868135002287372 92.1
425710400 40268261532 95.7 20868135716540684 92.1
425754700 40268264632 95.7 20868137156932492 92.1
425774700 40268267032 95.7 20868138437271564 92.1
425833100 40268357732 95.7 20868198019694604 92.1
425897600 40268401132 95.7 20868219291017228 92.1
425978100 40268406832 95.7 20868220855202060 92.1
425978400 40268409332 95.7 20868221858220044 92.1
426009300 40268414132 95.7 20868223730750092 92.1
426038200 40268415932 95.7 20868224323236492 92.1
426070400 40269058632 95.7 20868749219771020 92.1
426115400 40269063432 95.7 20868752372159116 92.1
426165900 40269469332 95.7 20869095507612300 92.1
426172300 40269476932 95.7 20869100385289868 92.1
426181400 40269480532 95.7 20869103220446860 92.1
426184800 40269597132 95.7 20869171087787660 92.1
426205800 40269804232 95.7 20869304015160972 92.1
426232700 40269806332 95.7 20869304275052172 92.1
426307000 40275672332 95.7 20877234430944908 92.2
426337400 40275725332 95.7 20877278909130380 92.2
426439400 40275760532 95.7 20877305180214924 92.2
426465700 40275839632 95.7 20877412991235724 92.2
426525300 40275872032 95.7 20877461657712268 92.2
426547000 40276497032 95.7 20877996572374668 92.2
426606900 40276505432 95.7 20877997221171084 92.2
426741000 40279530932 95.7 20880484181299084 92.2
426816000 40279574032 95.7 20880511260491660 92.2
426843300 40279581732 95.7 20880517461221260 92.2
426981400 40279584832 95.7 20880520323872140 92.2
426996800 40279672232 95.8 20880584874595724 92.2
427015400 40279675732 95.8 20880585874440716 92.2
427068000 40279729932 95.8 20880625715724812 92.2
427083800 40279730932 95.8 20880626934380172 92.2
427117200 40280450032 95.8 20883119056123532 92.2
427128800 40280559132 95.8 20883287247566476 92.2
427176800 40280852732 95.8 20883501739832972 92.2
427229700 40280880832 95.8 20883525243283084 92.2
427251700 40281190432 95.8 20883713497179788 92.2
427303700 40281191732 95.8 20883714119525196 92.2
427325600 40281230632 95.8 20883758609269580 92.2
427379100 40281289432 95.8 20883804185539404 92.2
427383800 40281292132 95.8 20883805051757516 92.2
427400800 40281293432 95.8 20883807132193356 92.2
427421600 40281295632 95.8 20883807585415756 92.2
427463900 40281438932 95.8 20884000407646796 92.2
427502200 40281444732 95.8 20884002837834060 92.2
427522300 40281477232 95.8 20884027920574796 92.2
427540800 40281482932 95.8 20884029222693196 92.2
427561500 40281758332 95.8 20884277466802508 92.2
427604800 40282253832 95.8 20885202582612300 92.2
427646300 40282280732 95.8 20885236528245068 92.2
427668600 40282281232 95.8 20885237554907468 92.2
427708200 40282283332 95.8 20885239198990028 92.2
427757000 40282285432 95.8 20885239509925132 92.2
427780900 40282422932 95.8 20885407688326412 92.2
427924800 40282424332 95.8 20885408942482444 92.2
428094400 40282429832 95.8 20885410080362252 92.2
428158400 40282996032 95.8 20885863113559820 92.2
428256900 40283807632 95.8 20886538247278348 92.2
428262100 40283810432 95.8 20886538433441548 92.2
428399600 40287006332 95.8 20889015906316044 92.2
428435100 40287008832 95.8 20889018216011532 92.2
428597300 40287075032 95.8 20889081700357900 92.2
428673100 40287079032 95.8 20889084426655500 92.2
428723700 40287082732 95.8 20889086729965324 92.2
428731900 40287444332 95.8 20889392522022668 92.2
428754100 40287448432 95.8 20889395496497676 92.2
428783500 40287472732 95.8 20889411664711180 92.2
428785800 40288050232 95.8 20890361993858572 92.2
428806700 40288530732 95.8 20891061538819596 92.2
428903400 40288532532 95.8 20891064463047436 92.2
428942100 40288541632 95.8 20891069873249036 92.2
428993400 40288688032 95.8 20891130814708492 92.2
429005400 40288742832 95.8 20891180513356556 92.2
429159500 40288877632 95.8 20891352978336524 92.2
429191900 40288880632 95.8 20891353969462540 92.2
429294400 40288935132 95.8 20891411503475980 92.2
429338200 40288966432 95.8 20891436945528076 92.2
429360700 40289072932 95.8 20891554261660940 92.2
429449100 40289074632 95.8 20891555834155020 92.2
429532700 40289818132 95.8 20892424795049996 92.2
429544500 40289821932 95.8 20892424878813196 92.2
429573600 40289826632 95.8 20892426846077964 92.2
429594600 40289828132 95.8 20892427136207756 92.2
429608500 40289887032 95.8 20892454592357260 92.2
429644800 40289913732 95.8 20892487601007500 92.2
429677500 40289915032 95.8 20892488045063788 92.2
429698000 40289969932 95.8 20892530161905260 92.2
429702800 40290052832 95.8 20892672115076716 92.2
429758200 40290057932 95.8 20892676288550252 92.2
429825400 40290077332 95.8 20892694539951468 92.2
429835200 40290079732 95.8 20892696766332268 92.2
429960800 40290082232 95.8 20892699489183084 92.2
429996100 40290096632 95.8 20892713659886956 92.2
430002600 40290120232 95.8 20892739104929132 92.2
430014100 40290546032 95.8 20893232305993068 92.2
430026700 40290636832 95.8 20893308094797164 92.2
430161400 40290675432 95.8 20893341224035692 92.2
430162500 40295348632 95.8 20900513367483756 92.3
430168300 40299058232 95.8 20903916233581932 92.3
430220100 40299058832 95.8 20903916685165932 92.3
430349900 40299170532 95.8 20904074237003116 92.3
430370900 40299173632 95.8 20904075052011820 92.3
430385800 40299173832 95.8 20904075704299820 92.3
430418700 40299225332 95.8 20904112554692908 92.3
430453600 40299225932 95.8 20904113507422508 92.3
430528600 40299388532 95.8 20904248894386476 92.3
430565700 40299602332 95.8 20904446878134572 92.3
430586200 40299607332 95.8 20904450262782252 92.3
430624900 40299610932 95.8 20904453147207980 92.3
430647700 40304278432 95.8 20906018338122028 92.3
430667800 40304380232 95.8 20906127339735340 92.3
430705800 40304385532 95.8 20906130162970924 92.3
430734800 40304388132 95.8 20906131079978028 92.3
430895900 40304391832 95.8 20906133670302764 92.3
431004600 40304406132 95.8 20906139893150764 92.3
431105400 40304407532 95.8 20906140019621964 92.3
431152700 40304945832 95.8 20906909221421132 92.3
431160600 40304974732 95.8 20906949603336268 92.3
431202400 40305001732 95.8 20906974602926156 92.3
431251000 40305001832 95.8 20906975186810956 92.3
431456200 40305009232 95.8 20906979892493900 92.3
431609200 40305012032 95.8 20906983175969868 92.3
431723700 40305015432 95.8 20906983793399692 92.3
431814600 40305018532 95.8 20906985020766092 92.3
431821800 40305020232 95.8 20906986176495116 92.3
431842000 40305027432 95.8 20906988838450188 92.3
431940800 40305030032 95.8 20906989333246988 92.3
432009900 40305146932 95.8 20907058198098956 92.3
432016000 40305155032 95.8 20907058921959628 92.3
432239100 40305663532 95.8 20907538574340300 92.3
432299700 40305664332 95.8 20907540041449932 92.3
432335000 40305664932 95.8 20907540610923020 92.3
432485600 40305668732 95.8 20907541526710156 92.3
432595000 40306035532 95.8 20908030501717900 92.3
432609100 40306042232 95.8 20908030607200900 92.3
432614300 40306069232 95.8 20908047098340996 92.3
432805000 40306478732 95.8 20908343362709124 92.3
432841700 40306482132 95.8 20908347237419140 92.3
432878400 40306723532 95.8 20908543299979396 92.3
432950600 40306739832 95.8 20908553291333764 92.3
433104200 40306799232 95.8 20908607659954308 92.3
433208800 40306806732 95.8 20908610778662020 92.3
433253100 40307266032 95.8 20908830075864196 92.3
433310500 40307588932 95.8 20909084718908548 92.3
433532000 40307626732 95.8 20909114821430404 92.3
433638600 40307630932 95.8 20909116472240516 92.3
433807900 40308573832 95.8 20910649217591684 92.3
433924200 40308695032 95.8 20910846832503172 92.3
434058100 40308850332 95.8 20910975294638468 92.3
434204200 40309000432 95.8 20911090840062340 92.3
434364800 40313289832 95.8 20915005271001476 92.3
434366800 40313686532 95.8 20915331601484164 92.3
434368400 40313694432 95.8 20915333160342916 92.3
434463300 40313698632 95.8 20915337275940228 92.3
434466900 40313714632 95.8 20915359305211268 92.3
434474600 40314470432 95.8 20918037082054020 92.3
434521300 40314471332 95.8 20918037491776612 92.3
434526600 40314474932 95.8 20918039669336164 92.3
434547400 40314476832 95.8 20918040057147876 92.3
434569600 40315469432 95.8 20919501998453220 92.3
434661800 40315470032 95.8 20919502989519332 92.3
434872500 40315478232 95.8 20919512477214180 92.3
434873100 40315551032 95.8 20919567421740516 92.3
434909300 40315664732 95.8 20919681048655332 92.3
435019900 40315668332 95.8 20919684844008932 92.3
435510200 40315797432 95.8 20919857792710116 92.3
435623800 40315804732 95.8 20919864345859556 92.3
435785500 40315812932 95.8 20919865828117860 92.3
435812700 40316038632 95.8 20920102297619812 92.3
435849200 40316148732 95.8 20920308992544100 92.3
435863700 40316149032 95.8 20920309162653396 92.3
436027100 40318239832 95.8 20922151875851988 92.4
436144700 40318241632 95.8 20922152792741588 92.4
436192000 40318246732 95.8 20922157313741012 92.4
436193400 40318349432 95.8 20922276770164948 92.4
436215900 40318726432 95.8 20922535302426836 92.4
436413100 40323152932 95.9 20936658910212308 92.4
436427600 40323291932 95.9 20936787505754324 92.4
436518300 40323293432 95.9 20936789190047316 92.4
436521700 40323294332 95.9 20936790657439316 92.4
436560300 40323515432 95.9 20936931918911060 92.4
436634400 40323519932 95.9 20936933769368916 92.4
437114700 40323528132 95.9 20936938428890452 92.4
437559300 40323530932 95.9 20936940580302676 92.4
437631300 40323660832 95.9 20937051205029716 92.4
437767900 40323662332 95.9 20937053000690900 92.4
437866400 40323734232 95.9 20937098952105172 92.4
437878600 40323745232 95.9 20937107877698772 92.4
438026900 40324163732 95.9 20937599291170004 92.4
438215300 40324172732 95.9 20937599666690708 92.4
438215800 40324175432 95.9 20937602201419924 92.4
438295700 40324231932 95.9 20937641567191188 92.4
438299800 40324237632 95.9 20937643053171348 92.4
438337200 40324241432 95.9 20937646120916116 92.4
438388400 40324246532 95.9 20937648212464660 92.4
438440500 40324251732 95.9 20937651264882452 92.4
438521100 40324254232 95.9 20937652054537748 92.4
438603700 40324393432 95.9 20937751175599636 92.4
438648000 40324430532 95.9 20937876178499092 92.4
438807300 40329545232 95.9 20939617401075220 92.4
438819800 40329551432 95.9 20939621095417364 92.4
438986200 40329553232 95.9 20939622134982164 92.4
439000800 40329553732 95.9 20939622791901460 92.4
439107400 40329624332 95.9 20939669895860500 92.4
439311900 40329627832 95.9 20939670683749780 92.4
439355500 40329630232 95.9 20939679657088404 92.4
439367800 40329631232 95.9 20939680538264340 92.4
439450100 40329663332 95.9 20939699294569236 92.4
439516700 40330095232 95.9 20940080483992340 92.4
439536600 40330105632 95.9 20940083160564244 92.4
439570800 40330106032 95.9 20940083752641044 92.4
439614700 40332188632 95.9 20941685646991892 92.4
439882800 40332189932 95.9 20941686285763092 92.4
439899200 40332190832 95.9 20941687406428692 92.4
439949700 40332197132 95.9 20941693147127316 92.4
440018000 40332348132 95.9 20941882046635540 92.4
440071100 40333000632 95.9 20942803013492244 92.4
440116300 40333000932 95.9 20942803450740244 92.4
440220600 40333033032 95.9 20942818477065748 92.4
440278100 40333035932 95.9 20942840788227604 92.4
440495000 40333045332 95.9 20942841385478676 92.4
440513900 40333339732 95.9 20943057213467156 92.4
440534400 40333344932 95.9 20943060342874644 92.4
440630600 40334270432 95.9 20943838156956180 92.4
440679800 40334441632 95.9 20944021779522068 92.4
440706000 40334558632 95.9 20944207463195156 92.4
440756000 40334561332 95.9 20944208123265556 92.4
440777900 40334633532 95.9 20944297237938708 92.4
441005200 40334633732 95.9 20944297481241108 92.4
441056600 40335480432 95.9 20944919540367892 92.5
441158800 40335481532 95.9 20944920598038740 92.5
441188400 40335602932 95.9 20945038881425620 92.5
441309700 40335614232 95.9 20945040972637780 92.5
441539500 40338931432 95.9 20947559525312084 92.5
441632800 40338935532 95.9 20947562989752916 92.5
441758600 40339163432 95.9 20947737473094228 92.5
441924800 40339165032 95.9 20947740255949396 92.5
441961100 40339346532 95.9 20947871772725844 92.5
441963600 40339526532 95.9 20948094697722452 92.5
442038100 40339529632 95.9 20948096839022932 92.5
442048100 40339623232 95.9 20948182025541972 92.5
442110700 40339628632 95.9 20948182879405972 92.5
442160900 40339631032 95.9 20948184075642772 92.5
442245200 40340014032 95.9 20948500239755156 92.5
442358300 40340015432 95.9 20948500783548116 92.5
442437500 40340349032 95.9 20948807107004116 92.5
442445600 40340730332 95.9 20949237927790292 92.5
442474900 40340742332 95.9 20949246811654868 92.5
443073100 40340746632 95.9 20949252493551316 92.5
443284200 40340747232 95.9 20949252518741716 92.5
443649200 40341244532 95.9 20949660150728404 92.5
443844400 40341377432 95.9 20949754893215444 92.5
443932000 40341442032 95.9 20949850023085780 92.5
444509300 40341447532 95.9 20949855490402004 92.5
444824700 40341447832 95.9 20949855774995508 92.5
444957300 40341451832 95.9 20949857798805556 92.5
444983800 40341654832 95.9 20950014343649332 92.5
445213700 40341659032 95.9 20950015659295924 92.5
445337900 40341660932 95.9 20950017896595124 92.5
445348100 40341724632 95.9 20950075553554100 92.5
445348300 40344899732 95.9 20952940164095668 92.5
445494800 40344903732 95.9 20952945753024180 92.5
445609400 40344909732 95.9 20952949216548020 92.5
446037300 40344917332 95.9 20952951211328180 92.5
446607400 40344923032 95.9 20952954348688820 92.5
446805000 40344926032 95.9 20952955607401524 92.5
446938600 40345708732 95.9 20953585182524468 92.5
447057100 40345715932 95.9 20953589287312436 92.5
447072100 40345718332 95.9 20953590595782196 92.5
447110200 40345721632 95.9 20953591213470388 92.5
447142100 40345724032 95.9 20953592346037940 92.5
447408600 40345944032 95.9 20953788355546804 92.5
447422800 40345944632 95.9 20953788758311988 92.5
447505500 40346061132 95.9 20953900313379892 92.5
447568900 40346628832 95.9 20954654156751924 92.5
447660000 40346658832 95.9 20954686494444596 92.5
447713600 40346664832 95.9 20954688791686196 92.5
448514500 40349085932 95.9 20963289954954292 92.5
448730600 40350250632 95.9 20964190098533428 92.5
450051400 40350252732 95.9 20964191087040948 92.5
451600100 40350253532 95.9 20964191975631156 92.5
451685900 40350381932 95.9 20964300218984756 92.5
451810900 40350942632 95.9 20965039643519284 92.5
451835900 40351775532 95.9 20965725281216820 92.5
451899600 40351779932 95.9 20965728461754676 92.5
452154500 40351787432 95.9 20965730680215604 92.5
452804300 40351789632 95.9 20965733441518900 92.5
453410500 40351793032 95.9 20965736604393012 92.5
453539400 40351806632 95.9 20965746177573428 92.5
453627200 40351816332 95.9 20965748647767604 92.5
453694100 40351851532 95.9 20965767760520756 92.5
454148500 40351856932 95.9 20965775761802292 92.5
454422200 40352017932 95.9 20965943336502324 92.5
454604700 40352021832 95.9 20965943644111924 92.5
454959100 40352084232 95.9 20965971603262516 92.5
455064100 40352160732 95.9 20966019525364788 92.5
455229600 40352187132 95.9 20966052329397300 92.5
455269800 40352187832 95.9 20966052577484596 92.5
455395700 40352536932 95.9 20966348213067572 92.5
455592200 40352618132 95.9 20966394519338804 92.5
455685000 40352759532 95.9 20966507697241908 92.5
455763600 40352764632 95.9 20966509902866740 92.5
455843700 40352769632 95.9 20966511109896116 92.5
455846800 40352771332 95.9 20966512478758708 92.5
456014900 40352787532 95.9 20966518112184116 92.5
456055300 40352792932 95.9 20966520321212724 92.5
456197100 40352945632 95.9 20966626232181044 92.5
456368000 40352986732 95.9 20966657619472692 92.5
456369300 40352992432 95.9 20966660837308468 92.5
456669000 40352993432 95.9 20966661709678068 92.5
456710000 40353308532 95.9 20967004637578740 92.5
456776300 40353400032 95.9 20967077661173236 92.5
456822000 40353455532 95.9 20967171902572020 92.5
457013700 40353519632 95.9 20967199263505908 92.5
457092100 40353569632 95.9 20967224403181044 92.5
457276700 40353811032 95.9 20967419534212596 92.6
458153800 40353817632 95.9 20967421799511028 92.6
458341200 40353820232 95.9 20967423019890804 92.6
458582600 40353865532 95.9 20967453244166260 92.6
458598200 40353873332 95.9 20967455531388788 92.6
458735000 40354569032 95.9 20968089577770868 92.6
458826400 40354569532 95.9 20968090088132468 92.6
458858500 40354578232 95.9 20968095822784372 92.6
459161700 40354743732 95.9 20968237491758964 92.6
459483900 40360120532 95.9 20976495860328308 92.6
459486400 40360131932 95.9 20976496043214708 92.6
459504400 40360252732 95.9 20976644976920436 92.6
459740600 40360257832 95.9 20976647122674420 92.6
459821200 40360259832 95.9 20976648135820020 92.6
459956000 40360268232 95.9 20976652770709236 92.6
459990200 40360639032 95.9 20976967615909620 92.6
460208200 40360654032 95.9 20976980737868532 92.6
460490600 40360749032 95.9 20977080553587444 92.6
460539400 40360758432 95.9 20977086525976820 92.6
460891300 40360759532 95.9 20977088033515508 92.6
460938100 40361048232 95.9 20977416210114548 92.6
461081600 40361112532 95.9 20977478379874292 92.6
461316900 40361113432 95.9 20977479043500660 92.6
461319500 40361130832 95.9 20977484230931060 92.6
461660600 40361359932 95.9 20977655381275252 92.6
461699600 40361362332 95.9 20977656948357748 92.6
461730200 40361365132 95.9 20977658998267636 92.6
461748500 40361412432 95.9 20977676393672436 92.6
461791400 40361654132 95.9 20977995897401076 92.6
461878800 40361791432 95.9 20978073775828724 92.6
461891800 40361800732 95.9 20978079317218036 92.6
461910000 40367679632 96.0 20980533045089012 92.6
461983200 40367682032 96.0 20980533693293044 92.6
462301000 40367684432 96.0 20980535009623924 92.6
462440300 40367689932 96.0 20980538844230004 92.6
462541400 40367693932 96.0 20980542170717812 92.6
462562000 40368489332 96.0 20981136682311284 92.6
462765100 40368492432 96.0 20981137385067636 92.6
462840500 40368498332 96.0 20981142436682356 92.6
462843600 40368500732 96.0 20981144982755956 92.6
462956300 40368507532 96.0 20981145092756156 92.6
463719200 40368510832 96.0 20981146462499260 92.6
463770200 40368586032 96.0 20981184695382460 92.6
463891100 40368587532 96.0 20981186169278140 92.6
464038000 40368589532 96.0 20981187108199484 92.6
464204500 40369028132 96.0 20981572415478844 92.6
464327700 40369028732 96.0 20981572860732156 92.6
464426700 40369029832 96.0 20981573763510908 92.6
464511700 40369032332 96.0 20981575219388924 92.6
464518100 40369034732 96.0 20981575570330108 92.6
464790000 40369210932 96.0 20981735246860796 92.6
464858200 40370957332 96.0 20983031524954620 92.6
464903400 40370961932 96.0 20983034539158524 92.6
464962000 40370966432 96.0 20983037854793980 92.6
464968700 40371053532 96.0 20983107718234364 92.6
465232000 40371055132 96.0 20983108106849468 92.6
465254500 40374227532 96.0 20985533830139068 92.6
465255300 40374229832 96.0 20985536102919612 92.6
465368200 40374384432 96.0 20985654796250556 92.6
465447200 40374392632 96.0 20985656332619452 92.6
465619700 40374394532 96.0 20985659186034364 92.6
465828300 40374582032 96.0 20985842804831932 92.6
465846100 40374598832 96.0 20985848332100284 92.6
466119800 40375017932 96.0 20986176303964860 92.6
466156100 40375019632 96.0 20986178451233468 92.6
466229700 40375023132 96.0 20986179990054332 92.6
466442200 40375096532 96.0 20986239713269180 92.6
466488500 40375100632 96.0 20986241150066748 92.6
466537300 40375114332 96.0 20986244479480380 92.6
466538100 40375222232 96.0 20986365484372540 92.6
466554200 40375461232 96.0 20986530580992572 92.6
466663000 40375465332 96.0 20986535375059516 92.6
466970600 40375471732 96.0 20986538248672828 92.6
467214000 40375497032 96.0 20986567807612476 92.6
467232900 40375501432 96.0 20986571040831036 92.6
467370000 40375503332 96.0 20986573000357436 92.6
467538100 40377969832 96.0 20988724798240316 92.6
467589600 40377978732 96.0 20988726293485884 92.6
467675500 40377979832 96.0 20988726688188284 92.6
467758500 40377987732 96.0 20988736944979836 92.6
467873600 40378288132 96.0 20989098802757500 92.6
467878700 40383381532 96.0 20993544230223740 92.7
468017500 40383398332 96.0 20993548437205372 92.7
468157300 40383647332 96.0 20993841666470268 92.7
468159600 40383649232 96.0 20993841696985468 92.7
468463200 40383668432 96.0 20993861916934524 92.7
468510600 40384005332 96.0 20994109633315196 92.7
468568200 40384005732 96.0 20994110119632892 92.7
468775600 40384101132 96.0 20994223594930172 92.7
468791600 40384232032 96.0 20994311687274492 92.7
468795500 40384478432 96.0 20994641104797692 92.7
468808600 40384588432 96.0 20994723884834812 92.7
468849600 40384592432 96.0 20994726724151292 92.7
468871300 40384694232 96.0 20994790687213564 92.7
468872700 40384882332 96.0 20994926925948924 92.7
468896000 40384884432 96.0 20994929938096124 92.7
468901300 40384887432 96.0 20994933591034620 92.7
468904700 40384903932 96.0 20994938903601916 92.7
468947400 40384927632 96.0 20994965600543484 92.7
469072600 40386450232 96.0 20996244991058684 92.7
469085400 40386487232 96.0 20996270431380220 92.7
469128300 40386502932 96.0 20996287201536764 92.7
469178500 40387180032 96.0 20996836290063100 92.7
469277100 40387196332 96.0 20996843927273724 92.7
469286400 40387196632 96.0 20996844106186828 92.7
469329100 40387199732 96.0 20996846365685324 92.7
469553800 40387200832 96.0 20996846655216332 92.7
469740700 40390765432 96.0 20999556136016588 92.7
470039200 40391081132 96.0 20999935413394124 92.7
470381200 40391084932 96.0 20999938373497548 92.7
470406900 40391092832 96.0 20999940817579468 92.7
470436500 40391098532 96.0 20999942991498444 92.7
470438300 40391104332 96.0 20999948399792332 92.7
470451000 40392514132 96.0 21001307371458764 92.7
470480700 40392518532 96.0 21001311335338700 92.7
470486100 40392526632 96.0 21001320826643148 92.7
470721700 40392629832 96.0 21001383252251340 92.7
470777500 40398394932 96.0 21010203141657292 92.7
470887100 40403895932 96.0 21027740806992588 92.8
470899400 40403973132 96.0 21027837225120460 92.8
470942800 40403976432 96.0 21027839051238732 92.8
470955100 40403982632 96.0 21027841074233676 92.8
471270400 40404023432 96.0 21027888148500812 92.8
471689800 40404225132 96.0 21028060067631436 92.8
471691500 40404227132 96.0 21028061563783500 92.8
471714200 40404240532 96.0 21028063300879564 92.8
471726500 40404350532 96.0 21028131108869324 92.8
471773900 40404361132 96.0 21028140016523468 92.8
471878700 40404946332 96.0 21028733106968780 92.8
471905600 40404949432 96.0 21028735475821516 92.8
471929500 40404952332 96.0 21028738802259916 92.8
471996200 40404958432 96.0 21028742709832140 92.8
472005700 40404966732 96.0 21028749527971276 92.8
472071900 40404969732 96.0 21028751238256076 92.8
472135800 40405055132 96.0 21028792562963916 92.8
472498800 40405057332 96.0 21028794347357388 92.8
472502500 40405059832 96.0 21028795004377996 92.8
472598800 40405065032 96.0 21028796175382412 92.8
472644200 40405122732 96.0 21028858322593676 92.8
472646900 40405126332 96.0 21028863311731596 92.8
472683700 40405371732 96.0 21029098885061516 92.8
472918700 40409451832 96.1 21031307821554572 92.8
473105900 40409457832 96.1 21031310309563276 92.8
473341700 40409536432 96.1 21031418119256972 92.8
473344300 40409539232 96.1 21031420751893132 92.8
473510400 40409546132 96.1 21031421833635724 92.8
473564100 40409548632 96.1 21031422152365324 92.8
473705700 40409550632 96.1 21031424050143756 92.8
473712400 40409551532 96.1 21031424834527756 92.8
473725100 40409696532 96.1 21031531817476620 92.8
473779800 40409783532 96.1 21031591623205388 92.8
473781800 40410282732 96.1 21032074082394636 92.8
473973300 40410457332 96.1 21032229887336972 92.8
473982000 40410463932 96.1 21032231507934604 92.8
474101300 40410467032 96.1 21032232787127052 92.8
474112200 40410485932 96.1 21032236818944780 92.8
474133800 40410488132 96.1 21032237802803980 92.8
474168500 40410490632 96.1 21032240524372236 92.8
474173200 40410516432 96.1 21032256605852940 92.8
474279300 40410520132 96.1 21032258720587788 92.8
474291800 40410523832 96.1 21032260028236556 92.8
474315000 40410526632 96.1 21032261273700620 92.8
474468900 40410530032 96.1 21032263196706572 92.8
474709500 40410539332 96.1 21032265764137228 92.8
474929400 40410542832 96.1 21032267974440204 92.8
474952800 40410543632 96.1 21032268589746188 92.8
474972000 40411256432 96.1 21033121448052748 92.8
475106400 40411261232 96.1 21033124823603468 92.8
475162100 40411266732 96.1 21033127351989004 92.8
475222000 40411273532 96.1 21033133119281932 92.8
475357600 40411396832 96.1 21033215652043532 92.8
475387700 40411402532 96.1 21033215900591628 92.8
475421900 40411407832 96.1 21033218306610444 92.8
475476700 40411408632 96.1 21033218687333644 92.8
475498000 40416678332 96.1 21037969807209740 92.9
475672500 40416688032 96.1 21037973932831500 92.9
475689000 40416698132 96.1 21037981578641164 92.9
475749000 40416700032 96.1 21037981668032764 92.9
475852400 40416702532 96.1 21037983382214652 92.9
475887700 40416784532 96.1 21038027034400764 92.9
476042000 40416950732 96.1 21038125997676540 92.9
476130100 40416956332 96.1 21038128994193660 92.9
476143800 40416964432 96.1 21038129230328060 92.9
476169200 40417614332 96.1 21038592919286012 92.9
476340300 40417619732 96.1 21038597508034812 92.9
476406500 40417633132 96.1 21038605945590012 92.9
476480800 40417635832 96.1 21038607349562620 92.9
476487500 40417696332 96.1 21038691184876796 92.9
476607400 40417700832 96.1 21038694795672060 92.9
476612200 40417703132 96.1 21038695850923260 92.9
476775800 40417704832 96.1 21038696858688060 92.9
476802600 40417705232 96.1 21038697568091452 92.9
476880400 40417707732 96.1 21038699604782268 92.9
476951200 40424491432 96.1 21041677759327420 92.9
477006100 40424546732 96.1 21041743523179708 92.9
477018200 40424579632 96.1 21041752783369404 92.9
477071900 40424584032 96.1 21041755264430012 92.9
477159900 40424585832 96.1 21041756923560636 92.9
477274100 40424712832 96.1 21041883447165628 92.9
477333800 40424786832 96.1 21041940621030076 92.9
477441500 40424797632 96.1 21041945469560508 92.9
477472900 40424798532 96.1 21041947273376700 92.9
477473900 40424802232 96.1 21041948700373308 92.9
477584300 40424811532 96.1 21041953277983036 92.9
477676500 40424814332 96.1 21041954809516860 92.9
477688300 40424916632 96.1 21042085865321276 92.9
477766200 40425158732 96.1 21042277072597820 92.9
477790200 40425180832 96.1 21042293470697276 92.9
477866500 40425261932 96.1 21042372093441852 92.9
477914500 40425264632 96.1 21042372517748252 92.9
477923500 40425269932 96.1 21042375504137244 92.9
478059300 40425273732 96.1 21042377120562716 92.9
478452300 40425275332 96.1 21042378266238876 92.9
478483400 40425481132 96.1 21042576357433244 92.9
478537600 40425484232 96.1 21042577831784220 92.9
478611900 40425485232 96.1 21042577847963420 92.9
478618200 40425492432 96.1 21042580046957084 92.9
478703600 40425496632 96.1 21042582825003036 92.9
478734500 40425501532 96.1 21042584562089116 92.9
479254200 40425502432 96.1 21042586516495516 92.9
479360700 40425689532 96.1 21042737733622940 92.9
479522400 40425692432 96.1 21042739258358940 92.9
479597600 40425774832 96.1 21042841720511644 92.9
480376500 40425776332 96.1 21042842012697628 92.9
480920500 40425777432 96.1 21042842235988828 92.9
480993800 40425780732 96.1 21042843444783324 92.9
481054500 40425783732 96.1 21042844896615388 92.9
481150000 40425786432 96.1 21042845623454172 92.9
481272200 40425788532 96.1 21042845761822364 92.9
481321600 40425790332 96.1 21042846581636764 92.9
481344600 40425794432 96.1 21042849193106588 92.9
481402400 40425796932 96.1 21042850930709404 92.9
481755400 40425907232 96.1 21042897020892060 92.9
481777100 40426633732 96.1 21043445506356124 92.9
481910500 40427417832 96.1 21044036723192732 92.9
482305500 40427421332 96.1 21044036906898332 92.9
482498600 40427442932 96.1 21044051530945436 92.9
482566600 40427444532 96.1 21044052312667036 92.9
482864500 40427585232 96.1 21044122694120348 92.9
483942500 40427588632 96.1 21044124746011548 92.9
484195500 40427828432 96.1 21044361410302876 92.9
484199500 40427829832 96.1 21044361433240476 92.9
484454100 40427833832 96.1 21044362408506652 92.9
484575700 40431946232 96.1 21058744264832284 93.0
484611800 40431950132 96.1 21058745402291484 93.0
484772100 40432080032 96.1 21058821223822620 93.0
484784500 40432085932 96.1 21058825563555100 93.0
485190900 40432095932 96.1 21058831752471836 93.0
485451800 40432112532 96.1 21058847889914140 93.0
485494900 40437596432 96.1 21067294408669468 93.0
485960600 40437597732 96.1 21067294510250268 93.0
486055400 40437600632 96.1 21067296217781788 93.0
486465100 40438049932 96.1 21067701811271196 93.0
486564200 40438050832 96.1 21067702678394396 93.0
486868500 40438052432 96.1 21067703361593116 93.0
487129600 40438057032 96.1 21067706190072604 93.0
487569300 40438057732 96.1 21067706331166604 93.0
487577000 40439167332 96.1 21068215089952652 93.0
487786000 40439168732 96.1 21068217319923852 93.0
487846600 40439170732 96.1 21068217514745356 93.0
488018100 40439174832 96.1 21068221227033868 93.0
488423300 40439178132 96.1 21068225065517836 93.0
488433400 40439208332 96.1 21068245420937996 93.0
488530600 40443667832 96.1 21071875735491340 93.0
488570100 40443669432 96.1 21071876746995724 93.0
488755800 40443761132 96.1 21071964391180300 93.0
488796500 40443764132 96.1 21071966939260940 93.0
488937000 40443772232 96.1 21071968699397388 93.0
489012500 40443775732 96.1 21071970477844492 93.0
489029600 40443872532 96.1 21072041404409868 93.0
489265700 40443875132 96.1 21072041467693068 93.0
489273800 40443877732 96.1 21072042836781068 93.0
489281900 40443947432 96.1 21072094264461324 93.0
489338800 40443951232 96.1 21072097249620236 93.0
489382200 40443951832 96.1 21072098622599436 93.0
489410600 40443954032 96.1 21072099035066636 93.0
489456300 40443958532 96.1 21072100627591436 93.0
489736400 40443968232 96.1 21072102637216012 93.0
490365200 40443972532 96.1 21072103016162636 93.0
490366300 40443977232 96.1 21072103164483036 93.0
490487300 40443978232 96.1 21072103764395036 93.0
490788600 40444002932 96.1 21072143837557788 93.0
490920900 40447697932 96.1 21075560644473884 93.0
491024500 40448044932 96.2 21075832491521052 93.0
491064900 40448052332 96.2 21075838618727452 93.0
491243800 40450190432 96.2 21076962769007644 93.0
491261200 40450280132 96.2 21077024584553500 93.0
491467100 40450282932 96.2 21077026967437852 93.0
491521300 40450291332 96.2 21077029230209308 93.0
491569700 40450293632 96.2 21077031366913180 93.0
491604500 40450298832 96.2 21077033091124380 93.0
491606100 40450305132 96.2 21077037084436636 93.0
491631000 40450308132 96.2 21077037262557836 93.0
491641800 40450312432 96.2 21077038502621836 93.0
491653200 40450682932 96.2 21077337449443980 93.0
491795600 40450684432 96.2 21077339082568972 93.0
491853200 40450731632 96.2 21077374663120140 93.0
491920100 40450731732 96.2 21077374833104140 93.0
491953400 40452978932 96.2 21078225485010188 93.0
492177300 40452981032 96.2 21078226942603276 93.0
492299300 40453127432 96.2 21078347226378252 93.0
492717900 40454221832 96.2 21080310765416460 93.0
492721200 40454223532 96.2 21080310793269260 93.0
492779400 40454224732 96.2 21080312607892364 93.0
492962800 40454236832 96.2 21080323726181260 93.0
493025900 40454237532 96.2 21080325204464268 93.0
493090600 40454282732 96.2 21080369043366540 93.0
493218300 40454284532 96.2 21080369243304636 93.0
493354600 40454636232 96.2 21080518927495868 93.0
493406100 40454706232 96.2 21080571612058300 93.0
493670900 40454882032 96.2 21080738284147388 93.1
493824900 40454883532 96.2 21080741194560188 93.1
493849900 40454884232 96.2 21080741833091644 93.1
493997400 40454884732 96.2 21080742469610044 93.1
494039900 40455217632 96.2 21080878939236924 93.1
494067400 40455219032 96.2 21080880976431036 93.1
494089100 40455219432 96.2 21080881454229436 93.1
494239300 40455223232 96.2 21080884544047036 93.1
494335200 40455224232 96.2 21080885369383356 93.1
494363600 40455226332 96.2 21080886041252028 93.1
494522800 40455230032 96.2 21080888665354428 93.1
494692600 40455232832 96.2 21080891048407228 93.1
494715600 40455234332 96.2 21080892263076028 93.1
494864200 40455414132 96.2 21081077727072444 93.1
494950300 40455415032 96.2 21081079078874428 93.1
494970200 40455418932 96.2 21081084528602428 93.1
495016400 40455456332 96.2 21081109255732540 93.1
495130000 40455463632 96.2 21081113310491196 93.1
495258500 40456176032 96.2 21081654062412348 93.1
495326000 40456526332 96.2 21081904932844092 93.1
495356700 40456589032 96.2 21081954060735036 93.1
495426800 40456599432 96.2 21081962716031548 93.1
495536400 40459763932 96.2 21084373610097212 93.1
495763800 40459767432 96.2 21084375079037756 93.1
495856700 40459771232 96.2 21084378420499260 93.1
495872200 40459831832 96.2 21084410087928636 93.1
495891300 40459858532 96.2 21084424605273916 93.1
495981700 40459860532 96.2 21084426061322300 93.1
496037900 40459863632 96.2 21084426478704700 93.1
496166900 40459865632 96.2 21084426681661500 93.1
496194400 40459867232 96.2 21084428449090620 93.1
496204800 40460021632 96.2 21084569673026620 93.1
496307200 40460024232 96.2 21084571009491772 93.1
496621500 40460025832 96.2 21084571210526668 93.1
496823400 40460028532 96.2 21084572392052044 93.1
496894100 40460040232 96.2 21084574664110412 93.1
496936100 40460044832 96.2 21084577964515660 93.1
497439000 40460048632 96.2 21084578883513292 93.1
497538900 40460145432 96.2 21084644024961996 93.1
497818200 40460147532 96.2 21084644577395724 93.1
497896500 40460151132 96.2 21084645015312812 93.1
498030300 40460233932 96.2 21084722234440108 93.1
498040800 40460248332 96.2 21084735539057068 93.1
498230700 40460250332 96.2 21084735581450668 93.1
498290100 40460264332 96.2 21084745664858540 93.1
498519400 40460345032 96.2 21084805858040236 93.1
498634100 40460400132 96.2 21084840055345580 93.1
498640300 40460402232 96.2 21084840089137580 93.1
498746300 40460409832 96.2 21084843477021100 93.1
498830200 40460881532 96.2 21085156034326956 93.1
499346800 40460889832 96.2 21085160784530860 93.1
499414900 40461147632 96.2 21085348216655276 93.1
499652200 40461520532 96.2 21085958872124844 93.1
499723300 40461520632 96.2 21085958874787244 93.1
500042400 40461598532 96.2 21086014286937516 93.1
500062800 40461648232 96.2 21086028299453868 93.1
500290900 40461662832 96.2 21086037279750572 93.1
500328700 40461663932 96.2 21086038269233196 93.1
500560700 40461669232 96.2 21086043035673132 93.1
500954500 40465572132 96.2 21091815042327084 93.1
501229800 40465575332 96.2 21091818092823084 93.1
501378200 40466335432 96.2 21092305547428396 93.1
501579000 40466337032 96.2 21092306716836396 93.1
501598000 40466392132 96.2 21092361086956076 93.1
501616600 40466396932 96.2 21092363813971500 93.1
502129700 40466494132 96.2 21092452344350252 93.1
502398000 40466494532 96.2 21092452820336044 93.1
502924800 40466524632 96.2 21092494719704492 93.1
503192200 40466527832 96.2 21092496407536556 93.1
503435300 40466530932 96.2 21092498240294828 93.1
503689800 40466535132 96.2 21092498920437100 93.1
503748300 40466535432 96.2 21092498935797100 93.1
503751700 40466539932 96.2 21092499596491500 93.1
503822500 40466572332 96.2 21092519897256684 93.1
503872000 40466594132 96.2 21092531497720556 93.1
504046700 40466596232 96.2 21092532568003180 93.1
504100000 40466632832 96.2 21092550883664492 93.1
504170900 40466634432 96.2 21092552412830572 93.1
504382300 40466635232 96.2 21092553110174572 93.1
504614900 40466653732 96.2 21092569538730860 93.1
504664500 40466689432 96.2 21092600330916716 93.1
504789900 40466770832 96.2 21092648424764268 93.1
505137200 40466771632 96.2 21092649115885868 93.1
505242400 40466874732 96.2 21092726573900076 93.1
505477000 40466878432 96.2 21092729551913516 93.1
505871200 40466916932 96.2 21092764673245740 93.1
505967100 40466920332 96.2 21092765675535660 93.1
505982000 40471769832 96.2 21094643622591788 93.1
506022900 40471774832 96.2 21094645821711660 93.1
506296700 40471779132 96.2 21094649388515884 93.1
506378000 40471780032 96.2 21094649784394284 93.1
506555800 40471782732 96.2 21094651299387564 93.1
506573300 40471899432 96.2 21094726855047340 93.1
506674000 40471948032 96.2 21094762933356716 93.1
507021400 40471948132 96.2 21094762936019116 93.1
507061400 40471949332 96.2 21094764723923116 93.1
507189400 40471953232 96.2 21094766081542316 93.1
507265100 40471956432 96.2 21094766878623916 93.1
507312300 40471958532 96.2 21094767572794604 93.1
507467500 40472282232 96.2 21095272964832492 93.1
507566600 40472284932 96.2 21095274299361260 93.1
507725200 40472295532 96.2 21095282001473004 93.1
507731700 40472394032 96.2 21095326607117804 93.1
507833900 40472404332 96.2 21095337804072428 93.1
507896500 40472551032 96.2 21095457736025580 93.1
507944000 40472607332 96.2 21095502178342380 93.1
507975100 40472608232 96.2 21095502460278988 93.1
508018200 40472612232 96.2 21095502601386188 93.1
508114500 40472615532 96.2 21095505071274188 93.1
508236800 40476088032 96.2 21107447286560972 93.2
508291900 40476100232 96.2 21107467461890252 93.2
508466400 40476104432 96.2 21107470808117452 93.2
508545800 40476107032 96.2 21107471130140460 93.2
508715000 40476107932 96.2 21107472162332460 93.2
508720800 40476110132 96.2 21107473155318252 93.2
508765400 40477807732 96.2 21108736481649132 93.2
508772200 40477810332 96.2 21108737660477932 93.2
508856900 40477819732 96.2 21108743253156332 93.2
508918100 40477821232 96.2 21108744265277932 93.2
509031300 40477823332 96.2 21108744724439532 93.2
509066000 40477828332 96.2 21108745612657132 93.2
509072500 40477831332 96.2 21108747028644332 93.2
509133000 40477836032 96.2 21108747523561132 93.2
509143600 40477840132 96.2 21108747587663532 93.2
509147900 40477851032 96.2 21108756261953196 93.2
509270500 40477854832 96.2 21108759003201196 93.2
509309400 40477856332 96.2 21108759082642300 93.2
509395600 40477873732 96.2 21108783939482492 93.2
509472600 40477875732 96.2 21108786468148092 93.2
509523800 40480614032 96.2 21110887008359292 93.2
509597600 40480953132 96.2 21111267520140156 93.2
509602700 40480956932 96.2 21111267581181656 93.2
509642500 40480962332 96.2 21111269101430872 93.2
509681900 40481175532 96.2 21111517982042200 93.2
509738400 40481265332 96.2 21111582857726040 93.2
509766800 40481273132 96.2 21111584988248664 93.2
509840400 40481274732 96.2 21111585594047064 93.2
509844300 40481275932 96.2 21111585613298264 93.2
509929800 40481320832 96.2 21111621195287128 93.2
510041700 40481323732 96.2 21111621912218328 93.2
510045200 40481684832 96.2 21112055961209560 93.2
510078900 40481686832 96.2 21112057476740568 93.2
510086300 40485877232 96.2 21118189624686040 93.2
510095700 40485879532 96.2 21118190390693912 93.2
510122100 40485879632 96.2 21118190392332312 93.2
510241100 40485881632 96.2 21118190614042008 93.2
510314400 40485883532 96.2 21118190992943704 93.2
510319000 40485885132 96.2 21118191017724504 93.2
510798600 40486247232 96.2 21118623117576792 93.2
510951300 40486250332 96.2 21118625220741464 93.2
511012000 40486254032 96.2 21118626516428632 93.2
511205600 40486298832 96.2 21118672027285336 93.2
511229600 40486299532 96.2 21118672038344536 93.2
511312000 40486300832 96.2 21118674390598232 93.2
511400700 40490530432 96.3 21122499598467672 93.2
511541300 40490714432 96.3 21122707750044248 93.2
511611300 40490769532 96.3 21122749603115608 93.2
511652900 40490879432 96.3 21122851160330840 93.2
511680000 40490881532 96.3 21122852659806296 93.2
511738900 40490902732 96.3 21122867952804952 93.2
511789500 40490903932 96.3 21122868203198056 93.2
511795400 40490904132 96.3 21122868295767656 93.2
512092700 40490904632 96.3 21122868622418472 93.2
512102800 40490907432 96.3 21122868754514472 93.2
512122000 40490911132 96.3 21122869210039880 93.2
512301500 40490912432 96.3 21122869513708072 93.2
512319900 40491768232 96.3 21123537846034984 93.2
512359400 40491769932 96.3 21123537968914984 93.2
512429700 40491810132 96.3 21123587461616168 93.2
512448100 40491913432 96.3 21123676030292520 93.2
512597500 40491948232 96.3 21123727519048232 93.2
512610300 40492217032 96.3 21123904197419560 93.2
512631100 40492219032 96.3 21123904568312360 93.2
512780700 40492449432 96.3 21124154883523112 93.2
512864600 40492450332 96.3 21124155040441016 93.2
513021900 40492453132 96.3 21124155905311416 93.2
513059800 40492456032 96.3 21124156256195128 93.2
513075500 40492457832 96.3 21124158303762488 93.2
513078900 40492459032 96.3 21124158321580088 93.2
513094400 40492462832 96.3 21124161177787960 93.2
513225300 40492470132 96.3 21124168736404024 93.2
513228500 40492471132 96.3 21124168750944824 93.2
513475400 40492526232 96.3 21124207212663352 93.2
513501300 40492527432 96.3 21124207338942856 93.2
513520700 40492933932 96.3 21124486791491976 93.2
513758000 40492935332 96.3 21124487622120392 93.2
513953000 40493057532 96.3 21124638226060232 93.2
514086200 40493124532 96.3 21124676315526088 93.2
514204600 40493125432 96.3 21124677041951688 93.2
514210500 40493129532 96.3 21124681723412424 93.2
514239100 40493131832 96.3 21124682360160904 93.2
514253900 40493162632 96.3 21124707202177672 93.2
514290300 40493163932 96.3 21124707951733128 93.2
514355700 40493167032 96.3 21124708283509128 93.2
514529700 40493637632 96.3 21125068004125064 93.2
514542600 40493640632 96.3 21125069306831752 93.2
514707900 40493641832 96.3 21125069622220552 93.2
514773000 40493646732 96.3 21125072488601352 93.2
514783800 40493837432 96.3 21125211489113864 93.2
514911700 40493859532 96.3 21125226290565896 93.2
514950200 40493992232 96.3 21125303447794440 93.2
515218800 40493993532 96.3 21125303705432840 93.2
515224800 40493994532 96.3 21125303721407240 93.2
515381200 40494079132 96.3 21125349316215560 93.2
515451000 40494086032 96.3 21125350412862472 93.2
515677900 40494699432 96.3 21125801984771080 93.2
515705000 40494699732 96.3 21125802182812680 93.2
515746800 40494844232 96.3 21125927645627400 93.2
515806000 40494889832 96.3 21125970306954248 93.3
515824300 40494965432 96.3 21125995061978120 93.3
515830700 40495035432 96.3 21126054222935048 93.3
515872100 40495039632 96.3 21126058035747592 93.3
515994800 40495668032 96.3 21126528682105608 93.3
516195100 40496173232 96.3 21126730305854216 93.3
516409500 40496173432 96.3 21126730795243400 93.3
516531200 40496175732 96.3 21126732307482376 93.3
516612800 40496199532 96.3 21126751275462408 93.3
516897300 40496216732 96.3 21126760687489800 93.3
516899400 40496227832 96.3 21126769094483208 93.3
517117000 40497396632 96.3 21127206687661320 93.3
517151100 40497399432 96.3 21127208556666120 93.3
518083600 40497450332 96.3 21127239455489288 93.3
518133800 40499868732 96.3 21129425654005000 93.3
518186900 40499994132 96.3 21129499693047048 93.3
518484100 40500037632 96.3 21129537837391112 93.3
518614700 40500075032 96.3 21129545717704968 93.3
519003500 40500133632 96.3 21129610496825608 93.3
519428700 40500152732 96.3 21129629004577032 93.3
519459900 40500173132 96.3 21129644311290120 93.3
519547700 40500191232 96.3 21129663715811592 93.3
519764400 40500191832 96.3 21129663886522088 93.3
519876000 40500195532 96.3 21129666263840488 93.3
519992800 40500197332 96.3 21129669629586408 93.3
520014100 40500199732 96.3 21129671568545896 93.3
520016800 40500298032 96.3 21129791328843880 93.3
520276600 40500357432 96.3 21129860301723752 93.3
520297000 40500492232 96.3 21130000358201448 93.3
520368700 40500493532 96.3 21130000912304936 93.3
520511000 40500514132 96.3 21130023261430568 93.3
520527700 40503708332 96.3 21139679638709032 93.3
520560600 40503709232 96.3 21139680285254120 93.3
520561900 40503710132 96.3 21139680577138024 93.3
520581500 40503710832 96.3 21139680598027624 93.3
520805700 40503711832 96.3 21139680843173224 93.3
520877700 40503756732 96.3 21139707670910312 93.3
520934100 40505591032 96.3 21141118447211880 93.3
520937500 40506036832 96.3 21141458739484008 93.3
521047600 40506066732 96.3 21141499727795560 93.3
521190400 40506068232 96.3 21141500343221736 93.3
521372700 40506069332 96.3 21141500653288936 93.3
521759500 40506070632 96.3 21141501058997736 93.3
521913300 40506075332 96.3 21141505307495400 93.3
521983300 40506153732 96.3 21141547108522984 93.3
522056900 40506264032 96.3 21141649996504040 93.3
522062800 40506270632 96.3 21141655206916072 93.3
522207600 40506319832 96.3 21141703829028840 93.3
522260000 40506366732 96.3 21141739729137640 93.3
522360700 40506369132 96.3 21141743426720744 93.3
522688200 40506370832 96.3 21141745465970408 93.3
522908700 40506370932 96.3 21141745887972808 93.3
522985500 40506373132 96.3 21141746546200008 93.3
523105000 40506546232 96.3 21141937657073096 93.3
523110900 40506549232 96.3 21141939079984200 93.3
523187100 40506549632 96.3 21141939230102600 93.3
523298700 40506591032 96.3 21141969471882312 93.3
523317700 40507017032 96.3 21142296281531464 93.3
523345300 40507074932 96.3 21142332413719624 93.3
523461800 40508154732 96.3 21143140354634824 93.3
523466500 40508155132 96.3 21143140623127624 93.3
523606200 40508160532 96.3 21143141742359624 93.3
523607200 40508161532 96.3 21143142655803848 93.3
523643800 40508651032 96.3 21143506291147208 93.3
523756100 40508687332 96.3 21143528837745096 93.3
523821700 40508734632 96.3 21143553450455496 93.3
523881000 40508736632 96.3 21143553604874696 93.3
523950200 40508741032 96.3 21143554748273096 93.3
523964500 40508776832 96.3 21143592953590216 93.3
523967000 40508849232 96.3 21143672748495304 93.3
524050100 40508849632 96.3 21143673092478792 93.3
524113700 40509017732 96.3 21143907090126664 93.3
524395400 40509022632 96.3 21143908986188616 93.3
524449500 40509023832 96.3 21143910808924104 93.3
524457900 40509025032 96.3 21143910868976904 93.3
524580400 40509026632 96.3 21143912446215944 93.3
524635400 40509148832 96.3 21144055116973832 93.3
524641000 40509190332 96.3 21144098523326216 93.3
524667700 40509199132 96.3 21144108199509768 93.3
524680000 40509199432 96.3 21144108214869768 93.3
524767700 40509202032 96.3 21144108256648968 93.3
524768900 40509228432 96.3 21144138505885448 93.3
524777500 40509228732 96.3 21144138846877448 93.3
524846200 40509231832 96.3 21144143107669256 93.3
524916200 40509239832 96.3 21144151717105928 93.3
525061400 40509259232 96.3 21144167347170568 93.3
525094200 40509260232 96.3 21144168003677768 93.3
525115500 40509300032 96.3 21144200201729608 93.3
525218500 40509302532 96.3 21144200891946696 93.3
525230300 40509306832 96.3 21144204980699336 93.3
525247000 40509307232 96.3 21144205943259336 93.3
525295500 40509311232 96.3 21144208416628936 93.3
525384400 40510178932 96.3 21145702242377928 93.3
525557400 40510185832 96.3 21145706246958536 93.3
525558300 40510186232 96.3 21145706570542536 93.3
525675900 40510272932 96.3 21145785740635592 93.3
525722600 40510290332 96.3 21145792325470664 93.3
525739400 40510332832 96.3 21145815768924616 93.3
525948300 40510365932 96.3 21145848589021640 93.3
525979000 40510371732 96.3 21145850427724104 93.3
526110200 40510372332 96.3 21145851635139016 93.3
526136200 40510374432 96.3 21145852649680712 93.3
526144900 40510393932 96.3 21145861067138888 93.3
526305900 40510455632 96.3 21145903481247560 93.3
526373500 40510473732 96.3 21145917088354120 93.3
526411400 40510489332 96.3 21145929837136712 93.3
526442200 40510528932 96.3 21145953747520328 93.3
526542000 40510562832 96.3 21145971517530952 93.3
526542400 40510563732 96.3 21145971540468552 93.3
526602100 40510574432 96.3 21145983315940168 93.3
526799200 40510656932 96.3 21146065581093704 93.3
526961300 40510720532 96.3 21146123183354696 93.3
526962800 40510741232 96.3 21146132384162632 93.3
527031600 40510759232 96.3 21146150496467784 93.3
527077800 40510797432 96.3 21146177919515464 93.3
527105400 40510827332 96.3 21146193711176520 93.3
527196800 40510858432 96.3 21146201130494280 93.3
527217800 40510859132 96.3 21146201510924360 93.3
527350000 40510863832 96.3 21146202482712648 93.3
527366200 40510896132 96.3 21146227400947784 93.3
527392200 40510899332 96.3 21146230541898824 93.3
527411800 40510900832 96.3 21146231327436936 93.3
527453500 40510922832 96.3 21146251713433736 93.3
527528400 40511050432 96.3 21146364602536072 93.3
527555100 40511051532 96.3 21146365492924808 93.3
527595700 40511054632 96.3 21146367638409608 93.3
527652800 40511057532 96.3 21146369065456008 93.3
527658600 40511104332 96.3 21146381814667656 93.3
527676700 40511108232 96.3 21146384743512456 93.3
527697300 40511240032 96.3 21146472759269768 93.3
527769600 40511272032 96.3 21146493950564744 93.3
527837700 40511274232 96.3 21146495556449160 93.3
527910400 40513133432 96.3 21147855418487688 93.3
527934100 40513144132 96.3 21147866040590216 93.3
527981400 40513145732 96.3 21147866067009416 93.3
527988700 40513147632 96.3 21147866765787016 93.3
528048500 40513158832 96.3 21147871187437448 93.3
528084800 40513162832 96.3 21147873562127752 93.3
528128500 40513470032 96.3 21148197657832840 93.3
528211400 40513470232 96.3 21148197716200840 93.3
528228700 40513471232 96.3 21148198915216904 93.3
528253000 40513489232 96.3 21148210526933512 93.3
528322900 40513490632 96.3 21148211517831496 93.3
528366200 40513491532 96.3 21148212006074696 93.3
528411200 40513503432 96.3 21148223109796168 93.3
528419100 40513816132 96.3 21148520780632392 93.3
528519100 40513821632 96.3 21148521664549192 93.3
528553700 40513822032 96.3 21148521855422792 93.3
528694600 40514153632 96.3 21148717369266504 93.4
528794700 40514156032 96.3 21148717672778504 93.4
528824000 40514156532 96.3 21148718017661704 93.4
528831700 40514157532 96.3 21148718032213904 93.4
528924400 40514158732 96.3 21148718502025104 93.4
528928300 40514160432 96.3 21148718526612904 93.4
529005900 40514161532 96.3 21148718659654504 93.4
529059200 40514161932 96.3 21148718922412904 93.4
529248800 40514245432 96.3 21148774537659240 93.4
529262400 40514325032 96.3 21148851538051944 93.4
529283700 40514326032 96.3 21148851566109544 93.4
529432200 40514326932 96.3 21148852589340136 93.4
529442300 40514327732 96.3 21148853536704936 93.4
529530700 40514329332 96.3 21148854979237288 93.4
529538600 40514364632 96.3 21148878093350312 93.4
529652600 40514367332 96.3 21148878310973320 93.4
529665400 40514497732 96.3 21148970464337800 93.4
529708200 40514511932 96.3 21148984468303752 93.4
529824600 40514513932 96.3 21148984500457352 93.4
529830000 40514528832 96.3 21148996883795848 93.4
529945300 40514552132 96.3 21149015137546120 93.4
529992900 40514555232 96.3 21149017343242120 93.4
530028900 40514712132 96.3 21149157247856520 93.4
530050000 40514713132 96.3 21149157270589320 93.4
530148100 40514908432 96.3 21149442889584520 93.4
530336000 40514911232 96.3 21149444751517448 93.4
530460500 40514913932 96.3 21149445921448328 93.4
530463000 40517966132 96.3 21152224207970696 93.4
530504800 40517966832 96.3 21152224262244796 93.4
530517100 40518003132 96.3 21152253774016956 93.4
530552200 40518178432 96.3 21152382657884604 93.4
530558300 40518179032 96.3 21152383240745404 93.4
530609800 40518182332 96.3 21152385203554364 93.4
530770800 40518202232 96.3 21152406187149372 93.4
530794500 40518230932 96.3 21152422845093948 93.4
530868300 40518233432 96.3 21152423152293948 93.4
530927300 40518234032 96.3 21152424321622332 93.4
531017600 40518236532 96.3 21152425077025340 93.4
531054800 40518237732 96.3 21152425438708028 93.4
531066100 40518238732 96.3 21152425468404028 93.4
531069000 40518240332 96.3 21152426859610428 93.4
531155600 40518244632 96.3 21152427344986428 93.4
531307300 40518391832 96.3 21152578317975868 93.4
531576200 40518394432 96.3 21152581196030268 93.4
531675600 40518515732 96.3 21152720553386300 93.4
531698500 40518574632 96.3 21152765271458108 93.4
531841200 40518579032 96.3 21152767607460156 93.4
531869600 40518583832 96.3 21152768490478268 93.4
531884400 40518934132 96.3 21153421162715836 93.4
531885200 40519010632 96.3 21153466123729596 93.4
531913600 40520516432 96.3 21154142927239868 93.4
532061800 40520518432 96.3 21154143938337468 93.4
532063200 40520520232 96.3 21154144019496868 93.4
532096000 40520521532 96.3 21154144784834468 93.4
532209400 40520534932 96.3 21154151754528164 93.4
532293800 40522850232 96.3 21161890034644388 93.4
532351800 40522850832 96.3 21161890190292388 93.4
532395600 40523006332 96.3 21162017060943268 93.4
532410600 40523234232 96.3 21162241507521956 93.4
532420700 40523235032 96.3 21162242374235556 93.4
532537300 40523261132 96.3 21162254456799652 93.4
532589800 40523262532 96.3 21162254800863652 93.4
532605100 40523341832 96.3 21162327714980260 93.4
532765200 40523346732 96.3 21162332517464996 93.4
532952300 40526838832 96.3 21167559018707876 93.4
532976700 40526840332 96.3 21167559240506276 93.4
532994200 40526841332 96.3 21167559847738276 93.4
533262300 40526921432 96.3 21167667269245860 93.4
533724900 40526921732 96.3 21167667284605860 93.4
533734700 40526923932 96.3 21167667707313060 93.4
533742200 40526924532 96.3 21167667935698164 93.4
533910000 40526971632 96.3 21167703292947700 93.4
534024800 40527725032 96.3 21168484136299764 93.4
534126500 40527966432 96.3 21168936016817396 93.4
534142200 40528035432 96.3 21168973203205364 93.4
534198000 40528042132 96.3 21168977351838964 93.4
534483500 40528043532 96.3 21168978070482164 93.4
534630500 40528046732 96.3 21168979203041652 93.4
534735900 40528082332 96.3 21169001367460212 93.4
534742900 40528206332 96.3 21169145763486068 93.4
535020100 40528207632 96.3 21169145888126868 93.4
535174500 40528222232 96.3 21169165831057300 93.4
535292800 40529006132 96.3 21170326516346772 93.4
535297300 40529222332 96.3 21170614855643028 93.4
535306600 40529275032 96.3 21170644070090644 93.4
535448400 40529437432 96.3 21170776347617172 93.4
535668200 40529438832 96.3 21170777747629972 93.4
535781300 40529483932 96.3 21170820376283028 93.4
535796600 40529523432 96.3 21170871279556500 93.4
535977600 40532726132 96.4 21171908686845844 93.5
536028900 40532744632 96.4 21171923291350932 93.5
536213800 40532745332 96.4 21171923588515732 93.5
536269200 40532748132 96.4 21171943776499604 93.5
536439500 40532769132 96.4 21171956853467028 93.5
536554100 40532867532 96.4 21172002481117076 93.5
536776800 40532917632 96.4 21172023510388628 93.5
536893500 40532919132 96.4 21172023635655732 93.5
536945800 40533052632 96.4 21172122787224628 93.5
537169300 40533187032 96.4 21172237543160884 93.5
537245600 40533254532 96.4 21172301612571700 93.5
537248100 40533267832 96.4 21172306625328180 93.5
537280100 40533270432 96.4 21172307480747060 93.5
537324900 40533271932 96.4 21172307850206260 93.5
537375700 40533278332 96.4 21172312104385076 93.5
537412100 40533514832 96.4 21172504704825908 93.5
537435500 40533575432 96.4 21172589416241716 93.5
537451000 40533578032 96.4 21172591976976436 93.5
537783700 40533618432 96.4 21172627506286644 93.5
537796600 40533628732 96.4 21172638948713524 93.5
537871400 40533630032 96.4 21172639428476916 93.5
537970600 40533630732 96.4 21172640130581620 93.5
538007100 40533632932 96.4 21172640718278260 93.5
538011200 40533634832 96.4 21172641432223156 93.5
538014600 40533636132 96.4 21172641731453268 93.5
538044800 40533637132 96.4 21172642023293268 93.5
538395900 40533655932 96.4 21172656654819668 93.5
538431700 40533855532 96.4 21172889541255508 93.5
538456300 40534326132 96.4 21173033890423124 93.5
538512700 40534361132 96.4 21173051391861076 93.5
538521300 40534393632 96.4 21173071112057172 93.5
538546700 40534394532 96.4 21173071737277780 93.5
538595100 40535009432 96.4 21173526007631188 93.5
538869100 40535015832 96.4 21173530303781716 93.5
538919400 40535017032 96.4 21173531070793940 93.5
539005700 40535069032 96.4 21173589427427540 93.5
539027800 40535070532 96.4 21173592043790036 93.5
539089300 40535071232 96.4 21173592209394836 93.5
539460300 40535101832 96.4 21173623966420116 93.5
539467800 40535115432 96.4 21173627701303700 93.5
539470500 40535116232 96.4 21173627747178900 93.5
539487400 40535116632 96.4 21173628442828180 93.5
539508900 40535117932 96.4 21173628768675988 93.5
539558100 40535118932 96.4 21173629075466388 93.5
539576800 40535119332 96.4 21173629090826388 93.5
539582500 40535120532 96.4 21173630146365588 93.5
539669000 40535123332 96.4 21173631513610388 93.5
539749000 40535151932 96.4 21173653877457044 93.5
539826000 40535234432 96.4 21173754568425620 93.5
539847200 40535236032 96.4 21173755281871828 93.5
539872500 40535251232 96.4 21173773781705684 93.5
539890100 40535252032 96.4 21173774556873684 93.5
540037100 40535264332 96.4 21173782933333972 93.5
540175200 40535265832 96.4 21173783060848676 93.5
540194800 40535274932 96.4 21173788899635236 93.5
540212100 40535278432 96.4 21173792314968356 93.5
540460500 40535280132 96.4 21173794042865956 93.5
540823500 40535296232 96.4 21173807667159332 93.5
540827500 40535307132 96.4 21173813182412580 93.5
540967100 40535308832 96.4 21173814894138660 93.5
540976900 40535310132 96.4 21173815473388772 93.5
540999300 40535311932 96.4 21173816371641572 93.5
541034800 40535316232 96.4 21173818655315172 93.5
541053200 40535317532 96.4 21173819194333156 93.5
541068200 40536351432 96.4 21174375312119780 93.5
541094900 40536781532 96.4 21175017996146660 93.5
541101300 40536781832 96.4 21175018001061860 93.5
541322900 40536841132 96.4 21175049461684196 93.5
541344600 40536843532 96.4 21175053473829860 93.5
541547500 40536844932 96.4 21175053682316260 93.5
541587600 40536845832 96.4 21175053747647460 93.5
541731600 40537004032 96.4 21175103374726116 93.5
541788700 40537008932 96.4 21175109839442916 93.5
541832700 40537009532 96.4 21175110703960676 93.5
541849900 40537051332 96.4 21175149599359588 93.5
542003900 40537120532 96.4 21175195872567908 93.5
542024800 40537122132 96.4 21175196804203108 93.5
542062300 40537139832 96.4 21175210326622820 93.5
542074600 40537140432 96.4 21175213200990820 93.5
542202900 40537141832 96.4 21175213732446820 93.5
542232200 40537144432 96.4 21175215199224420 93.5
542281600 40537278532 96.4 21175323449819748 93.5
542289300 40537310532 96.4 21175359894270564 93.5
542293600 40537345732 96.4 21175387982617188 93.5
542330200 40537388232 96.4 21175421129855588 93.5
542533000 40537433732 96.4 21175467894063716 93.5
542603100 40539560532 96.4 21177088561594980 93.5
542631900 40539561432 96.4 21177089543632164 93.5
542772500 40539562932 96.4 21177090368691940 93.5
542973300 40539654032 96.4 21177176388394724 93.5
543028100 40539681132 96.4 21177215992098532 93.5
543151300 40539681732 96.4 21177216596762212 93.5
543228000 40539697832 96.4 21177227315109476 93.5
543244200 40539700132 96.4 21177228305317476 93.5
543247100 40539706632 96.4 21177241523564132 93.5
543290300 40540141332 96.4 21177606397767268 93.5
543316400 40540143032 96.4 21177606911155684 93.5
543417500 40540146232 96.4 21177609659287012 93.5
543435600 40540147332 96.4 21177610626352612 93.5
543441700 40540151032 96.4 21177612379850212 93.5
543454100 40540151332 96.4 21177612382933612 93.5
543475400 40540151932 96.4 21177612645549804 93.5
543529800 40540170232 96.4 21177626121387756 93.5
543556800 40540183932 96.4 21177636349849324 93.5
543622200 40540184932 96.4 21177637411453804 93.5
543746900 40540186732 96.4 21177637861399404 93.5
543750600 40540188532 96.4 21177639171505004 93.5
543835300 40540191932 96.4 21177643088254828 93.5
544050600 40540193232 96.4 21177643544241932 93.5
544088600 40540195232 96.4 21177645502129932 93.5
544105800 40540195332 96.4 21177645607723836 93.5
544126700 40540197832 96.4 21177647601907260 93.5
544261600 40540284432 96.4 21177686109017660 93.5
544263700 40540285932 96.4 21177686675757052 93.5
544330300 40540373332 96.4 21177739282192380 93.5
544486000 40540457432 96.4 21177816960358396 93.5
544568200 40542648632 96.4 21185140536006652 93.5
544671500 40542649432 96.4 21185140756822956 93.5
544676000 40542652332 96.4 21185142448335788 93.5
544738100 40545002032 96.4 21186897513163692 93.5
544745500 40545002332 96.4 21186897743884684 93.5
544798500 40545002932 96.4 21186898910101644 93.5
544859100 40545006132 96.4 21186899270356556 93.5
544885700 40545100232 96.4 21186982562000460 93.5
544957600 40545100632 96.4 21186982679066660 93.5
544958900 40545104432 96.4 21186985227907620 93.5
545000700 40545107432 96.4 21186987760511012 93.5
545177500 40545109132 96.4 21186988735359012 93.5
545192500 40545110232 96.4 21186988959680516 93.5
545239400 40545111432 96.4 21186988977304816 93.5
545246400 40545112332 96.4 21186989769266416 93.5
545256300 40545128732 96.4 21187004854888688 93.5
545261000 40545129232 96.4 21187005407439088 93.5
545261400 40545207032 96.4 21187064583858416 93.5
545274100 40545221132 96.4 21187083248447728 93.5
545371600 40546644232 96.4 21188547226743024 93.5
545379500 40546798532 96.4 21188661515038960 93.5
545388600 40546800532 96.4 21188662510489584 93.5
545404800 40546877732 96.4 21188737169928176 93.5
545409200 40546979532 96.4 21188825111007216 93.5
545416000 40546980532 96.4 21188825126981616 93.5
545418700 40546983532 96.4 21188825968940016 93.5
545461500 40547047932 96.4 21188866227794928 93.5
545478900 40547049132 96.4 21188866463166224 93.5
545503300 40547051032 96.4 21188867908030224 93.5
545519800 40547359832 96.4 21189088335662864 93.5
545699100 40550317032 96.4 21191788910645008 93.5
545724400 40550317932 96.4 21191789035368208 93.5
545764300 40550356732 96.4 21191837446520592 93.5
545931700 40550652232 96.4 21192099430350608 93.5
546058400 40550654232 96.4 21192100864037136 93.5
546065800 40550655132 96.4 21192102979192080 93.5
546080200 40550658432 96.4 21192104566392080 93.5
546153700 40550659732 96.4 21192105438347600 93.5
546186000 40550660932 96.4 21192105865387600 93.5
546214000 40550661632 96.4 21192106106474896 93.5
546264900 40550721532 96.4 21192140295295376 93.5
546334000 40550725332 96.4 21192142163655312 93.5
546334800 40550792732 96.4 21192190944467600 93.5
546373200 40550797332 96.4 21192193226178704 93.5
546382800 40550798232 96.4 21192193776885904 93.5
546434800 40550800732 96.4 21192197149500048 93.5
546477600 40550801732 96.4 21192197414306448 93.5
546481200 40550803732 96.4 21192199596450448 93.5
546509100 40550805432 96.4 21192200687339920 93.5
546937400 40550913832 96.4 21192267587959184 93.5
546938700 40550915032 96.4 21192268004112784 93.5
546948300 40550916032 96.4 21192268214647184 93.5
546958200 40550917032 96.4 21192268438336880 93.5
546982000 40550918832 96.4 21192268632692080 93.5
546987100 40550922332 96.4 21192273489319280 93.5
547032600 40550924232 96.4 21192274206035888 93.5
547157800 40550925632 96.4 21192275660224048 93.5
547322100 40550925932 96.4 21192275844339248 93.5
547371000 40550927732 96.4 21192276372108848 93.5
547403800 40551099132 96.4 21192407466956336 93.5
547446200 40551140132 96.4 21192446754612784 93.5
547561200 40551158632 96.4 21192458931488304 93.5
547579300 40551161232 96.4 21192461544656688 93.5
547646400 40551340732 96.4 21192589189680944 93.5
547663500 40551342032 96.4 21192589213859444 93.5
547818800 40551345532 96.4 21192589573283444 93.5
547858500 40551427732 96.4 21192687839403636 93.5
547871300 40551428332 96.4 21192687847800436 93.5
547876700 40551480532 96.4 21192734276054644 93.5
547983800 40551481332 96.4 21192734392912948 93.5
548003800 40551482632 96.4 21192734543440948 93.5
548018600 40551483932 96.4 21192737125764148 93.5
548080300 40551510032 96.4 21192753785267252 93.5
548119500 40551604932 96.4 21192827234165812 93.5
548301800 40551606432 96.4 21192827636722996 93.5
548339800 40551608732 96.4 21192828335295796 93.5
548412400 40551610932 96.4 21192829114082868 93.5
548558400 40551741132 96.4 21192934617073204 93.5
548580300 40553300332 96.4 21193954167965236 93.6
548608500 40553304032 96.4 21193957328002868 93.6
548688500 40553305332 96.4 21193957713641268 93.6
548730500 40553309032 96.4 21193958830105652 93.6
548763600 40553525132 96.4 21194212143490100 93.6
548831300 40553526632 96.4 21194212519502900 93.6
548851800 40553528432 96.4 21194214534139956 93.6
548860200 40553529732 96.4 21194215838873012 93.6
548980700 40553530432 96.4 21194216325068212 93.6
549256600 40553531832 96.4 21194216697189812 93.6
549273900 40553753532 96.4 21194392195765684 93.6
549361700 40554172932 96.4 21194743879931316 93.6
549366200 40554175832 96.4 21194746154773684 93.6
549412800 40554204932 96.4 21194770353870004 93.6
549575300 40554207132 96.4 21194770406708404 93.6
549586200 40554208332 96.4 21194770425550004 93.6
549686600 40554209032 96.4 21194771045274804 93.6
549707100 40554287532 96.4 21194832818521268 93.6
549919300 40554288432 96.4 21194833590002868 93.6
549944100 40554312732 96.4 21194845008994484 93.6
549961900 40554321032 96.4 21194852110556852 93.6
549974500 40554513732 96.4 21195050005847732 93.6
550030300 40554515732 96.4 21195051404468532 93.6
550043600 40554606732 96.4 21195115789508916 93.6
550078400 40554608132 96.4 21195116534980916 93.6
550137300 40554936132 96.4 21195354698195252 93.6
550184700 40555078832 96.4 21195450866925876 93.6
550379100 40555114732 96.4 21195477541009716 93.6
550415300 40555118732 96.4 21195481167230772 93.6
550478000 40555197532 96.4 21195537199695668 93.6
550481800 40555289732 96.4 21195586191062836 93.6
550583200 40555291932 96.4 21195586392452836 93.6
550671700 40555292432 96.4 21195586400235236 93.6
550679400 40555293332 96.4 21195587239630052 93.6
550726100 40555296132 96.4 21195589099009252 93.6
550862900 40555297432 96.4 21195589558278148 93.6
551178700 40555298532 96.4 21195590799161348 93.6
551325700 40555299832 96.4 21195590998636548 93.6
551378200 40555303432 96.4 21195593364605188 93.6
551391900 40555610332 96.4 21195696091769092 93.6
551430800 40555916332 96.4 21195952327616772 93.6
551486200 40555917832 96.4 21195953452796932 93.6
551501000 40557453832 96.4 21197139618221060 93.6
551501100 40557454832 96.4 21197139803769860 93.6
551571500 40557478132 96.4 21197148415988740 93.6
551632800 40557664232 96.4 21197305072997380 93.6
551658000 40560924532 96.4 21202108253623300 93.6
551816800 40560924832 96.4 21202108331242500 93.6
551939500 40560924932 96.4 21202108436837204 93.6
552069400 40560926632 96.4 21202109094370196 93.6
552082200 40560928032 96.4 21202109242962500 93.6
552172100 40560929432 96.4 21202111195274692 93.6
552254900 40560929732 96.4 21202111304356692 93.6
552272900 40561038132 96.4 21202296142140244 93.6
552318000 40561038932 96.4 21202297115243028 93.6
552517600 40561040732 96.4 21202298221572628 93.6
552520500 40561042332 96.4 21202298861696724 93.6
552527700 40564052032 96.4 21203268989859540 93.6
552772500 40566757432 96.4 21205719673976532 93.6
552898200 40567108232 96.4 21206049837856468 93.6
552930700 40567109632 96.4 21206049862432468 93.6
552985800 40567110832 96.4 21206050787848276 93.6
553047700 40567113732 96.4 21206053794052436 93.6
553077800 40567116232 96.4 21206054179690836 93.6
553130100 40567236232 96.4 21206102441458004 93.6
553489200 40567239432 96.4 21206103758526804 93.6
553578500 40567242932 96.4 21206105687048276 93.6
553682300 40567328132 96.4 21206192170877012 93.6
553751100 40567333232 96.4 21206196804369492 93.6
553786200 40567335832 96.4 21206197840247892 93.6
554007100 40567340432 96.4 21206200887705172 93.6
554154800 40568653832 96.4 21207026223775316 93.6
554314200 40568767732 96.4 21207206653738580 93.6
554330300 40568807732 96.4 21207258180132436 93.6
554843500 40568809932 96.4 21207260561235540 93.6
554917800 40568816832 96.4 21207264694030420 93.6
555263400 40568820732 96.4 21207265488372948 93.6
555342200 40569037032 96.4 21207467971380436 93.6
555406400 40569041132 96.4 21207470805673940 93.6
555535300 40569042232 96.4 21207471415977940 93.6
555593900 40569052432 96.4 21207486219678676 93.6
555771900 40569053032 96.4 21207487742981076 93.6
555849000 40569095132 96.4 21207513049830356 93.6
556078000 40569095732 96.4 21207513857093140 93.6
556162800 40569506032 96.4 21208307483176468 93.6
556747600 40569507432 96.4 21208307768043284 93.6
556758000 40569518732 96.4 21208314653699860 93.6
556891700 40569520032 96.4 21208314778549260 93.6
557007000 40569521032 96.4 21208315319426060 93.6
557167500 40569986232 96.4 21208683038579724 93.6
557208000 40569986532 96.4 21208683485862924 93.6
557215100 40570025132 96.4 21208715985409036 93.6
557234500 40570062332 96.4 21208760936010764 93.6
557252000 40570126832 96.4 21208812097278988 93.6
557265600 40570163832 96.4 21208839012867084 93.6
557375200 40570202432 96.4 21208869797458956 93.6
557384400 40570203332 96.4 21208870903098380 93.6
557415100 40570207032 96.4 21208872389019020 93.6
557415200 40570208232 96.4 21208873298561932 93.6
557492800 40570209332 96.4 21208874369995340 93.6
557515000 40570292732 96.4 21208945960776268 93.6
557531800 40570312132 96.4 21208962733709900 93.6
557532000 40570314032 96.4 21208963596941900 93.6
557683100 40570333532 96.4 21208977365031500 93.6
557760300 40570334132 96.4 21208977407629900 93.6
557803700 40570334532 96.4 21208977414183500 93.6
557813300 40570390632 96.4 21209083964783180 93.6
558013100 40570471932 96.4 21209151374187084 93.6
558084700 40570544032 96.4 21209262227061324 93.6
558282300 40570545232 96.4 21209262936787916 93.6
558431700 40570589232 96.4 21209294978280396 93.6
558554400 40570681532 96.4 21209412543605708 93.6
558577600 40570791532 96.4 21209525584014284 93.6
558592200 40570792932 96.4 21209525868510988 93.6
558643000 40570823032 96.4 21209550840424204 93.6
558678500 40570824532 96.4 21209553004068620 93.6
558711400 40570826232 96.4 21209554564567564 93.6
558808200 40570832632 96.4 21209555019957484 93.6
558813600 40570838632 96.4 21209557936628972 93.6
558838300 40570846132 96.4 21209562104074988 93.6
558925300 40570858232 96.4 21209578866412268 93.6
559046500 40570864732 96.4 21209585970719468 93.6
559127400 40570866132 96.4 21209587242527468 93.6
559135500 40570867932 96.4 21209587269919168 93.6
559200500 40570868832 96.4 21209587511992768 93.6
559236700 40570871132 96.4 21209587771064768 93.6
559237900 40570872132 96.4 21209588044800064 93.6
559283200 40570908332 96.4 21209617541001280 93.6
559370700 40570950032 96.4 21209655310786624 93.6
559421000 40570952932 96.4 21209655397621824 93.6
559494200 40570973632 96.4 21209673591240768 93.6
559498800 40570976032 96.4 21209674895738560 93.6
559499200 40573254432 96.4 21217223226312384 93.7
559576900 40573256532 96.4 21217223748377600 93.7
559581600 40573257432 96.4 21217223762918400 93.7
559581800 40573259232 96.4 21217225098746496 93.7
559660100 40573263032 96.4 21217227151058944 93.7
559742800 40573410932 96.4 21217332228237312 93.7
559745700 40573413032 96.4 21217332375815104 93.7
559774700 40573423332 96.4 21217339682640320 93.7
559878700 40574616432 96.5 21218181615047104 93.7
559903500 40574617132 96.5 21218182313432000 93.7
559916600 40574672332 96.5 21218219013141440 93.7
559919800 40574673632 96.5 21218219034235840 93.7
559921000 40574675032 96.5 21218219368460352 93.7
559930000 40574676832 96.5 21218220323895232 93.7
560024500 40574677932 96.5 21218221645708096 93.7
560108100 40574691732 96.5 21218238808458048 93.7
560123900 40574739432 96.5 21218258479237952 93.7
560144800 40574765432 96.5 21218285414314816 93.7
560168600 40574781332 96.5 21218293752830272 93.7
560181300 40575381232 96.5 21218758775281984 93.7
560208300 40575382732 96.5 21218758872152384 93.7
560254100 40575928732 96.5 21219207582890304 93.7
560262600 40576002532 96.5 21219293744625984 93.7
560300800 40576003032 96.5 21219293830846784 93.7
560336800 40576058832 96.5 21219328689408320 93.7
560388500 40576062232 96.5 21219328746957120 93.7
560397000 40576064132 96.5 21219329646643520 93.7
560403200 40576065832 96.5 21219330047869728 93.7
560422600 40576132932 96.5 21219364868432672 93.7
560444800 40576133832 96.5 21219364882768672 93.7
560449700 40576135232 96.5 21219366072861472 93.7
560465900 40576795632 96.5 21219879311754016 93.7
560473100 40576796932 96.5 21219880435163424 93.7
560551500 40576797832 96.5 21219881071681824 93.7
560681500 40577030132 96.5 21220041126715680 93.7
560692900 40577030632 96.5 21220041685505504 93.7
560735700 40577053232 96.5 21220062053051872 93.7
560747900 40577228132 96.5 21220207725309408 93.7
560793400 40577249432 96.5 21220233100006880 93.7
560802100 40577254632 96.5 21220234276953184 93.7
560830900 40577258032 96.5 21220235705272032 93.7
560868900 40577486332 96.5 21220430361298656 93.7
560950000 40577488532 96.5 21220430430930656 93.7
561097400 40577530332 96.5 21220474935043808 93.7
561204500 40577532032 96.5 21220474993207008 93.7
561224100 40577624932 96.5 21220539984951008 93.7
561275100 40577785432 96.5 21220668487948000 93.7
561347600 40578127932 96.5 21221242534811360 93.7
561357900 40578130432 96.5 21221244260977632 93.7
561373300 40578140132 96.5 21221254585001952 93.7
561495000 40578686832 96.5 21221629088933856 93.7
561570700 40578688632 96.5 21221630032652256 93.7
561614600 40578691032 96.5 21221630173065152 93.7
561702400 40578693432 96.5 21221631490146496 93.7
561715100 40578731332 96.5 21221703535009984 93.7
561728300 40579136932 96.5 21221851199021248 93.7
561753400 40579176632 96.5 21221872800966848 93.7
561766100 40579178632 96.5 21221873068026048 93.7
561779600 40579180232 96.5 21221874240104384 93.7
561780400 40579271932 96.5 21221961563359168 93.7
561926800 40579272832 96.5 21221962150975488 93.7
561983200 40579305932 96.5 21221994835814400 93.7
562023200 40579308432 96.5 21221997006873088 93.7
562091900 40579414932 96.5 21222080447332864 93.7
562224900 40579417832 96.5 21222081592779264 93.7
562253300 40579419432 96.5 21222081916766752 93.7
562273100 40579422732 96.5 21222082047019552 93.7
562303100 40579426832 96.5 21222084934531616 93.7
562311000 40579437632 96.5 21222091310589472 93.7
562529500 40579471932 96.5 21222120778817056 93.7
562540400 40579472732 96.5 21222120813223456 93.7
562544900 40579497932 96.5 21222149187454496 93.7
562574600 40579499832 96.5 21222149329393696 93.7
562606100 40579907132 96.5 21222806939637792 93.7
562652900 40579908032 96.5 21222807788991200 93.7
562815200 40579908432 96.5 21222807875621600 93.7
562906300 40579909732 96.5 21222808925058208 93.7
562939400 40579912932 96.5 21222809650392608 93.7
562979800 40579913932 96.5 21222809667186208 93.7
562986800 40580158032 96.5 21223012429540896 93.7
562990600 40580187832 96.5 21223039545779744 93.7
563050100 40580193332 96.5 21223041265684512 93.7
563059900 40580194232 96.5 21223042088262176 93.7
563062300 40580194532 96.5 21223042323782176 93.7
563084300 40580281132 96.5 21223100786874912 93.7
563150000 40580281732 96.5 21223101812718112 93.7
563208600 40580284232 96.5 21223103100090912 93.7
563209800 40580287432 96.5 21223103905200096 93.7
563326800 40580292432 96.5 21223106220570336 93.7
563422500 40580295532 96.5 21223106895542048 93.7
563485900 40580296032 96.5 21223108275883424 93.7
563488100 40580298432 96.5 21223109061393376 93.7
563495400 40580299732 96.5 21223109082487776 93.7
563562400 40580300832 96.5 21223109162861376 93.7
563574800 40580302532 96.5 21223109962605376 93.7
563626900 40580305532 96.5 21223111552098624 93.7
563650800 40580307332 96.5 21223111581180224 93.7
563663200 40580307832 96.5 21223112349438720 93.7
563668300 40580378832 96.5 21223175476032256 93.7
563672900 40580379132 96.5 21223175661376256 93.7
563730600 40580544832 96.5 21223316740870912 93.7
563778500 40580547132 96.5 21223318079638272 93.7
563806900 40580548932 96.5 21223319822076672 93.7
563820000 40580624832 96.5 21223361405278976 93.7
563841600 40580627432 96.5 21223362443304384 93.7
563849800 40580628432 96.5 21223363257793984 93.7
563864100 40580753732 96.5 21223481408929216 93.7
563890000 40580878432 96.5 21223580982123968 93.7
563915000 40580881232 96.5 21223582987525568 93.7
563998100 40581168932 96.5 21223754376142272 93.7
564012200 40581169532 96.5 21223754595073472 93.7
564029100 40581169732 96.5 21223755068980672 93.7
564084700 40581173532 96.5 21223758988647872 93.7
564105700 40581176032 96.5 21223762094504384 93.7
564112100 40581208532 96.5 21223803959626176 93.7
564114600 40581218232 96.5 21223804442504384 93.7
564237800 40581220232 96.5 21223806628539584 93.7
564344000 40581221832 96.5 21223806771080384 93.7
564351200 40581223332 96.5 21223808523963584 93.7
564406000 40581269332 96.5 21223833541303488 93.7
564412400 40581270232 96.5 21223833552995988 93.7
564646600 40581287832 96.5 21223840652322452 93.7
564666800 40581641732 96.5 21224083629532820 93.7
564714000 40581641932 96.5 21224083632809620 93.7
564718100 40581709232 96.5 21224118960182932 93.7
564811500 40581933632 96.5 21224400151107220 93.7
564834700 40581935732 96.5 21224400246468820 93.7
564895800 40581937132 96.5 21224400905309140 93.7
565005300 40581938632 96.5 21224402019468500 93.7
565056200 40581956732 96.5 21224411965467860 93.7
565083800 40582050532 96.5 21224511694851284 93.7
565096600 40582051332 96.5 21224511705910484 93.7
565164900 40582052832 96.5 21224511835548884 93.7
565178300 40582053332 96.5 21224511996033284 93.7
565181300 40582055432 96.5 21224512030234884 93.7
565203200 40582056332 96.5 21224512192884676 93.7
565282800 40582079832 96.5 21224521306116036 93.7
565481700 40582137432 96.5 21224556856016836 93.7
565485400 40582141132 96.5 21224560560875204 93.7
565517500 40582142332 96.5 21224560636651204 93.7
565567500 40582151532 96.5 21224567206643908 93.7
565597700 40582154432 96.5 21224569352743108 93.7
565633800 40582158632 96.5 21224572260903108 93.7
565710400 40582175232 96.5 21224595028924612 93.7
565750000 40582178232 96.5 21224595610286852 93.7
565862800 40582241932 96.5 21224665347472132 93.7
566213800 40582278032 96.5 21224689218212612 93.7
566354900 40582279932 96.5 21224689477079812 93.7
566459000 40582387732 96.5 21224802051142404 93.7
566564200 40582438732 96.5 21224874247705348 93.7
566573300 40582509932 96.5 21224927839277828 93.7
566686200 40582671432 96.5 21225017817535236 93.7
566742100 40585869232 96.5 21227891049730820 93.7
566854000 40591257732 96.5 21233539654718212 93.7
566877800 40591321032 96.5 21233592925401860 93.7
566884200 40591322532 96.5 21233592949977860 93.7
566891100 40591323132 96.5 21233593273661444 93.7
566901900 40591337932 96.5 21233595763644932 93.7
566923800 40591338732 96.5 21233596017133636 93.7
566957500 40591382232 96.5 21233647650793540 93.7
566963500 40591433632 96.5 21233681750198340 93.7
566979500 40591434432 96.5 21233681763305540 93.7
566987000 40591435132 96.5 21233682297219140 93.7
567076400 40591472932 96.5 21233703068147780 93.7
567107500 40591475532 96.5 21233703834241668 93.7
567117500 40591505232 96.5 21233720001489540 93.7
567138100 40591507532 96.5 21233720649462852 93.7
567160500 40591512032 96.5 21233722540355652 93.7
567209000 40591513032 96.5 21233723384950852 93.7
567212900 40591584432 96.5 21233850396414020 93.7
567217600 40591589432 96.5 21233850477719620 93.7
567232500 40594167832 96.5 21242638151200836 93.8
567240000 40594218732 96.5 21242674047623236 93.8
567240500 40594222032 96.5 21242674547662724 93.8
567374900 40594223732 96.5 21242675032502308 93.8
567408600 40594225332 96.5 21242675243261796 93.8
567674400 40594229832 96.5 21242675701399396 93.8
567718400 40594230732 96.5 21242675715940196 93.8
567722000 40594233732 96.5 21242676994633700 93.8
567746300 40594235832 96.5 21242678179606500 93.8
567805200 40594255432 96.5 21242703441643492 93.8
567838200 40594256332 96.5 21242703719557092 93.8
568058300 40594257332 96.5 21242705421775076 93.8
568252900 40594259932 96.5 21242706773230820 93.8
568275100 40594262732 96.5 21242709595291364 93.8
568346700 40594424932 96.5 21242869511388900 93.8
568438000 40594425732 96.5 21242869958262500 93.8
568447400 40594442332 96.5 21242881596892900 93.8
568487700 40594458232 96.5 21242892806193892 93.8
568495000 40598016532 96.5 21245572440064740 93.8
568532100 40598027032 96.5 21245579682826468 93.8
568541000 40598028032 96.5 21245579699005668 93.8
568557500 40598141732 96.5 21245696252078308 93.8
568608500 40601677332 96.5 21247021860546788 93.8
568617200 40601678532 96.5 21247023576504036 93.8
568739600 40601678932 96.5 21247023616440036 93.8
568795600 40601680032 96.5 21247023909713636 93.8
568795900 40601680732 96.5 21247024109188836 93.8
568981600 40601975832 96.5 21247219180910308 93.8
569030000 40602020232 96.5 21247267744503524 93.8
569096800 40602022932 96.5 21247268462256932 93.8
569102200 40602023932 96.5 21247268966474532 93.8
569148500 40602170632 96.5 21247523971556132 93.8
569230600 40602174232 96.5 21247526255690532 93.8
569280100 40602176332 96.5 21247526667133732 93.8
569353800 40602437032 96.5 21247681121936164 93.8
569770400 40602460732 96.5 21247691408230180 93.8
569916000 40602462732 96.5 21247693683150372 93.8
569928600 40602482732 96.5 21247706926469668 93.8
569975800 40602485932 96.5 21247708045671716 93.8
569985100 40602490832 96.5 21247708370203716 93.8
569991000 40602491832 96.5 21247708386178116 93.8
570014900 40602539432 96.5 21247732795692100 93.8
570064100 40602552832 96.5 21247746513972292 93.8
570072100 40602573332 96.5 21247763112155204 93.8
570377900 40602658532 96.5 21247893729531972 93.8
570406900 40602658732 96.5 21247894377928772 93.8
570557800 40602659832 96.5 21247894758777668 93.8
570563300 40602662232 96.5 21247898081092932 93.8
570690400 40602663932 96.5 21247898664568132 93.8
570832200 40602665932 96.5 21247898700351032 93.8
570898300 40602953632 96.5 21248096441271864 93.8
571229400 40602959432 96.5 21248097901464248 93.8
571340200 40603019932 96.5 21248169996839608 93.8
571445100 40603020832 96.5 21248171960664632 93.8
571538900 40603021132 96.5 21248172113855032 93.8
571635800 40603128032 96.5 21248298395173432 93.8
571698000 40603156532 96.5 21248316054620728 93.8
571730900 40603157232 96.5 21248316335811128 93.8
571766000 40603158332 96.5 21248317078394744 93.8
571937100 40603160232 96.5 21248317311252344 93.8
572169800 40603329132 96.5 21248542956173176 93.8
572333400 40603498932 96.5 21248611240843128 93.8
572385200 40603524632 96.5 21248635457918840 93.8
572532800 40603538032 96.5 21248645756679032 93.8
572690900 40603566532 96.5 21248667363003256 93.8
572794100 40603571132 96.5 21248668760365048 93.8
572806500 40603593832 96.5 21248697795614712 93.8
572900800 40603594032 96.5 21248697812203512 93.8
572955400 40603596232 96.5 21248698356561912 93.8
572970700 40603596632 96.5 21248698615896120 93.8
573032500 40603608432 96.5 21248709260420152 93.8
573050000 40603610332 96.5 21248709625783352 93.8
573066000 40603612132 96.5 21248711595403704 93.8
573167400 40603614832 96.5 21248713568873528 93.8
573177600 40603629432 96.5 21248725921555512 93.8
573548200 40603683832 96.5 21248818240193592 93.8
573620100 40603685232 96.5 21248818262926392 93.8
573624500 40603687132 96.5 21248818687798200 93.8
574031000 40603745932 96.5 21248861123840952 93.8
574227300 40603810332 96.5 21248900909661112 93.8
574296100 40603814732 96.5 21248904094442424 93.8
574376300 40603818232 96.5 21248906367312312 93.8
574575100 40603819332 96.5 21248906501405912 93.8
574575200 40605896132 96.5 21250773598452952 93.8
574958500 40605921432 96.5 21250797967647960 93.8
575003800 40605923532 96.5 21250798104988952 93.8
575071000 40605924832 96.5 21250798728274328 93.8
575430700 40605926432 96.5 21250800214138904 93.8
575847200 40605926932 96.5 21250800221716504 93.8
575855900 40606078232 96.5 21251005224435736 93.8
575977100 40606181532 96.5 21251084763062296 93.8
576060300 40606277732 96.5 21251151977365528 93.8
576155600 40606279932 96.5 21251152657885208 93.8
576179600 40606282732 96.5 21251152958122008 93.8
576215300 40606450232 96.5 21251272327235608 93.8
576259400 40606459432 96.5 21251278772799000 93.8
576345500 40606564832 96.5 21251374031513112 93.8
576396900 40606576432 96.5 21251383161834008 93.8
576512900 40606578732 96.5 21251385416777240 93.8
576539200 40606580932 96.5 21251386763349016 93.8
576622100 40606583032 96.5 21251388452069144 93.8
576633100 40606592732 96.5 21251399329320728 93.8
576751100 40606599232 96.5 21251400378521816 93.8
576878600 40606674232 96.5 21251439426885848 93.8
576953400 40606676532 96.5 21251440190580632 93.8
577101300 40606678932 96.5 21251443325844888 93.8
577159100 40606684132 96.5 21251447877617048 93.8
577306300 40606686032 96.5 21251448461152920 93.8
577470700 40606687732 96.5 21251449024385688 93.8
577581900 40606712932 96.5 21251455490975384 93.8
577601000 40606715232 96.5 21251456382060184 93.8
577684900 40606716232 96.5 21251457784657816 93.8
577727600 40606891132 96.5 21251578917762968 93.8
577872300 40606939432 96.5 21251628948174744 93.8
578007400 40606940832 96.5 21251630761016344 93.8
578074200 40606976232 96.5 21251651072859160 93.8
578146600 40606979532 96.5 21251653628679960 93.8
578177100 40606992732 96.5 21251663229154072 93.8
578180900 40606993832 96.5 21251663248610072 93.8
578306200 40606994732 96.5 21251663275029272 93.8
578407200 40606997932 96.5 21251665555798040 93.8
578411400 40607001832 96.5 21251670850082840 93.8
578435200 40607259232 96.5 21251946647328792 93.8
578535300 40607301732 96.5 21251994758191128 93.8
578835500 40607303632 96.5 21251996383098648 93.8
578896200 40607322532 96.5 21252011612153624 93.8
579226200 40607323432 96.5 21252011626694424 93.8
579230900 40607376932 96.5 21252066404661016 93.8
579258100 40607377132 96.5 21252066615853912 93.8
579970500 40610960832 96.5 21257467587560280 93.8
580032900 40610961932 96.5 21257467826561880 93.8
580055500 40610969232 96.5 21257467980583080 93.8
580080000 40610970332 96.5 21257469273549480 93.8
580095200 40610973332 96.5 21257469435861784 93.8
580104700 40611140332 96.5 21257621443615512 93.8
580248800 40611168832 96.5 21257646113055512 93.8
580288800 40611170032 96.5 21257647672607512 93.8
580324600 40611173932 96.5 21257650567385112 93.8
580334000 40611342032 96.5 21257788033142808 93.8
580347600 40611344332 96.5 21257789926395800 93.8
580357500 40611345032 96.5 21257790415371288 93.8
580472000 40611345132 96.5 21257790520969888 93.8
580488200 40611353032 96.5 21257794581337760 93.8
580494800 40611356132 96.5 21257795297318560 93.8
580524800 40611356832 96.5 21257795759961760 93.8
580594400 40611358032 96.5 21257796016409952 93.8
580608000 40611388832 96.5 21257825970290016 93.8
580620300 40611390132 96.5 21257825990155616 93.8
580709900 40611391032 96.5 21257826685623200 93.8
580773800 40611391732 96.5 21257826738256800 93.8
580870300 40611394132 96.5 21257827668354400 93.8
580906800 40611396432 96.5 21257828439945312 93.8
580998900 40611401832 96.5 21257829157835744 93.8
581012900 40611420332 96.5 21257850774291424 93.8
581041500 40611420432 96.5 21257850948166624 93.8
581157000 40611421532 96.5 21257851759105696 93.8
581178400 40611615432 96.5 21258023420499616 93.8
581217600 40611617732 96.5 21258024574399392 93.8
581425400 40611766032 96.5 21258172321133472 93.8
581435700 40611766632 96.5 21258173151275872 93.8
581518300 40611767732 96.5 21258173915338592 93.8
581571100 40611920932 96.5 21258283103639392 93.8
581575500 40611921732 96.5 21258283455076192 93.8
581581100 40611922232 96.5 21258283463268192 93.8
581654500 40611927932 96.5 21258286554735968 93.8
581668700 40611932432 96.5 21258288397845088 93.8
581677500 40611935932 96.5 21258289426488992 93.8
581741400 40611940032 96.5 21258293013670560 93.8
581816100 40611941232 96.5 21258293232928464 93.8
581822600 40611957332 96.5 21258313551621840 93.8
581892500 40611958032 96.5 21258314332757648 93.8
581989700 40611963732 96.5 21258319299192464 93.8
582004600 40611964332 96.5 21258320121669264 93.8
582139000 40611964932 96.5 21258321488221328 93.8
582409000 40614754332 96.5 21260405504840848 93.8
582471900 40614757932 96.5 21260405946201424 93.8
582517600 40614764732 96.5 21260408769172816 93.8
582803600 40614766932 96.5 21260408989437616 93.8
582998900 40614817632 96.5 21260450961129136 93.8
583371300 40616507432 96.6 21261815815044784 93.8
583602700 40616521332 96.6 21261824566176432 93.8
583635900 40616522732 96.6 21261825442544816 93.8
583662300 40619610432 96.6 21272465099947184 93.9
583728300 40619612332 96.6 21272466002177776 93.9
583787100 40619613932 96.6 21272467151309168 93.9
583819500 40619617732 96.6 21272471874816368 93.9
583915100 40619618832 96.6 21272472721421552 93.9
583951300 40619619932 96.6 21272473152367152 93.9
584484400 40619637832 96.6 21272489170072112 93.9
584648000 40619643132 96.6 21272489355966112 93.9
584871800 40620025132 96.6 21272845216642720 93.9
584919600 40620440732 96.6 21273197158332064 93.9
584965100 40620579632 96.6 21273346288154272 93.9
585074800 40620580032 96.6 21273346666331968 93.9
585077000 40620580132 96.6 21273346999746368 93.9
585096200 40620580932 96.6 21273347198539168 93.9
585211300 40620582532 96.6 21273347225777568 93.9
585213600 40620586132 96.6 21273349280674208 93.9
585216500 40620648532 96.6 21273390866456992 93.9
585290400 40620648732 96.6 21273390883455392 93.9
585295400 40620650832 96.6 21273390917247392 93.9
585344700 40620651032 96.6 21273391097880992 93.9
585467000 40620698132 96.6 21273431744627104 93.9
585492700 40620701332 96.6 21273435011360160 93.9
585702100 40620702532 96.6 21273436027987360 93.9
585772000 40620703732 96.6 21273437454508064 93.9
585796200 40620706132 96.6 21273437701531168 93.9
585805200 40620709032 96.6 21273440390759968 93.9
586042000 40620709532 96.6 21273440684084384 93.9
586052500 40620711532 96.6 21273441620710688 93.9
586098700 40620724232 96.6 21273452349241632 93.9
586126200 40620725632 96.6 21273452633708224 93.9
586286800 40620730032 96.6 21273456230815424 93.9
586318300 40620733432 96.6 21273458252121920 93.9
586335400 40622584332 96.6 21274892436571968 93.9
586468000 40622587632 96.6 21274894220789568 93.9
586775300 40622591432 96.6 21274895734466368 93.9
586786300 40622591932 96.6 21274896061531968 93.9
587022000 40622593932 96.6 21274896202152960 93.9
587181700 40623370232 96.6 21276355232349184 93.9
587444400 40623370432 96.6 21276355684236288 93.9
587529200 40623376332 96.6 21276358454156288 93.9
587963100 40623728532 96.6 21276723972021248 93.9
588111700 40623743732 96.6 21276732417388544 93.9
588201100 40623746032 96.6 21276734635110144 93.9
588229200 40624378932 96.6 21277140123381504 93.9
588238600 40624380532 96.6 21277140576808704 93.9
588372300 40624532332 96.6 21277255492726528 93.9
588691600 40624534532 96.6 21277256578371328 93.9
588712800 40624539232 96.6 21277260050850560 93.9
588792400 40624559432 96.6 21277287741152000 93.9
589019000 40626924732 96.6 21279032665070336 93.9
589228800 40626932232 96.6 21279038656953600 93.9
589389700 40627003632 96.6 21279092015348992 93.9
589418100 40627059432 96.6 21279125893975296 93.9
589459200 40627059632 96.6 21279125897047296 93.9
589544200 40627061632 96.6 21279125988000400 93.9
589575200 40627064032 96.6 21279126982836496 93.9
589591000 40627064432 96.6 21279127202203296 93.9
589687600 40627068832 96.6 21279129022722464 93.9
589859300 40627072832 96.6 21279129433191872 93.9
589871900 40627092132 96.6 21279145119878592 93.9
589931400 40627094032 96.6 21279145360004896 93.9
589986800 40627094132 96.6 21279145595729696 93.9
590113000 40627099832 96.6 21279146298653792 93.9
590466400 40627173432 96.6 21279221408382048 93.9
590885100 40627176232 96.6 21279221461015648 93.9
591041500 40627177832 96.6 21279222325404256 93.9
591060400 40627178432 96.6 21279222999412448 93.9
591110800 40627180032 96.6 21279224083367392 93.9
591298700 40627180532 96.6 21279224370906592 93.9
591391900 40627246732 96.6 21279271780607456 93.9
591453500 40633132832 96.6 21281857726572000 93.9
591597700 40633172032 96.6 21281891518141920 93.9
591643500 40633190532 96.6 21281907917203936 93.9
591689200 40633226932 96.6 21281937758953952 93.9
591877000 40633229932 96.6 21281938357584352 93.9
592291300 40633259932 96.6 21281954542925280 93.9
592596500 40633262232 96.6 21281955523719840 93.9
592851600 40633318932 96.6 21282000763470496 93.9
592856800 40633375532 96.6 21282014338315936 93.9
592922000 40633388032 96.6 21282023660681376 93.9
593149900 40633389532 96.6 21282024441364192 93.9
593155900 40633390532 96.6 21282024454687192 93.9
593169700 40633391732 96.6 21282024890911192 93.9
593179800 40633399632 96.6 21282031832755160 93.9
593313600 40633402332 96.6 21282033487692120 93.9
593452500 40633403432 96.6 21282034278834520 93.9
593458700 40633420432 96.6 21282045557442904 93.9
593480600 40633426032 96.6 21282046663459544 93.9
593496100 40633477032 96.6 21282104698573528 93.9
593683100 40633481532 96.6 21282106984972248 93.9
593721200 40633483132 96.6 21282107119842040 93.9
594017300 40633484432 96.6 21282107174526240 93.9
594470200 40633485032 96.6 21282107974780064 93.9
594800500 40637336832 96.6 21287891798885536 94.0
594927400 40637338532 96.6 21287892245349536 94.0
595165000 40637373932 96.6 21287920046347424 94.0
595416200 40637375032 96.6 21287920934308320 94.0
595500100 40637416432 96.6 21287950359783904 94.0
595598900 40637418132 96.6 21287952181889504 94.0
595640700 40637422332 96.6 21287953948206944 94.0
595925700 40637505132 96.6 21288011854546784 94.0
596086100 40637506732 96.6 21288013756397920 94.0
596140200 40638029332 96.6 21288334682519904 94.0
596140400 40638232232 96.6 21288614558628192 94.0
596215800 40638235532 96.6 21288615583856992 94.0
596257200 40638242532 96.6 21288616236676832 94.0
596365800 40638244532 96.6 21288618843371232 94.0
596674100 40638292932 96.6 21288652951297760 94.0
597011700 40638294232 96.6 21288653287836160 94.0
597186100 40638316532 96.6 21288678024876544 94.0
597399100 40638316732 96.6 21288678379711840 94.0
597824500 40638318632 96.6 21288678863165632 94.0
597974700 40638319632 96.6 21288680067929792 94.0
598033400 40638364132 96.6 21288710621435584 94.0
598075700 40638365332 96.6 21288710952370688 94.0
598417900 40638368032 96.6 21288711857439680 94.0
598486900 40638385332 96.6 21288737549603776 94.0
598491100 40638386432 96.6 21288738783728576 94.0
598507400 40642508032 96.6 21292429284971456 94.0
598646900 40642512232 96.6 21292432993409984 94.0
598688800 40642519332 96.6 21292435241992896 94.0
598760600 40642531132 96.6 21292447973043904 94.0
598808000 40642534532 96.6 21292448453214016 94.0
598838500 40642686932 96.6 21292526576353088 94.0
598979700 40642689432 96.6 21292530209354560 94.0
599026300 40642722632 96.6 21292540802728768 94.0
599063700 40642729732 96.6 21292545061342784 94.0
599852400 40642738532 96.6 21292549244317504 94.0
599909400 40642738732 96.6 21292549565648704 94.0
600206000 40642746632 96.6 21292552932547904 94.0
600209900 40642777632 96.6 21292567826652480 94.0
600225900 40642841932 96.6 21292608586124608 94.0
600230800 40642849232 96.6 21292613597894464 94.0
600251600 40642850832 96.6 21292614299513792 94.0
600255800 40642853232 96.6 21292616404028352 94.0
600273300 40642855532 96.6 21292617434161152 94.0
600613700 40642856432 96.6 21292617872433152 94.0
600668800 40642857232 96.6 21292618538967232 94.0
600838500 40642857932 96.6 21292618632643136 94.0
600856000 40642860032 96.6 21292618874352336 94.0
601279500 40642860932 96.6 21292618888483536 94.0
601283000 40642868332 96.6 21292624312705232 94.0
601359900 40642871632 96.6 21292624821254416 94.0
601370900 40642873232 96.6 21292624847264016 94.0
601413100 40642877432 96.6 21292625569798416 94.0
601426800 40642878632 96.6 21292626932742416 94.0
601427200 40642881632 96.6 21292629138028816 94.0
601510500 40642911832 96.6 21292653536796944 94.0
601561100 40642914032 96.6 21292655498830864 94.0
601571400 40642920732 96.6 21292656961464592 94.0
601665100 40642954932 96.6 21292686261287184 94.0
602075500 40642962832 96.6 21292689824398608 94.0
602084400 40642963832 96.6 21292690408231184 94.0
602135500 40642972632 96.6 21292696262160656 94.0
602152300 40642980032 96.6 21292701217831184 94.0
602211100 40642981532 96.6 21292703223847184 94.0
602274900 40642983732 96.6 21292704640653584 94.0
602397100 40643045232 96.6 21292760985540880 94.0
602437600 40643047532 96.6 21292763649579280 94.0
602844600 40643067132 96.6 21292774886075664 94.0
602855500 40643069132 96.6 21292775171282960 94.0
602862900 40643098032 96.6 21292797047183376 94.0
602941700 40643098732 96.6 21292798093096976 94.0
602959200 40643104332 96.6 21292800421841680 94.0
603018900 40643106432 96.6 21292800788024080 94.0
603094600 40643108632 96.6 21292800824068880 94.0
603097900 40643162532 96.6 21292863687396112 94.0
603120400 40643163932 96.6 21292863956503312 94.0
603129200 40643167932 96.6 21292866081078032 94.0
603157300 40643170832 96.6 21292867888449424 94.0
603198100 40643171232 96.6 21292869035539344 94.0
603208900 40643174032 96.6 21292870919310864 94.0
603221300 40643175232 96.6 21292870936923664 94.0
603471800 40643237932 96.6 21292906375310864 94.0
603615000 40643239532 96.6 21292907717994256 94.0
603637200 40643660132 96.6 21293267502737168 94.0
603640300 40643798132 96.6 21293351525943056 94.0
603778600 40644328632 96.6 21293748440008464 94.0
603999800 40644329632 96.6 21293748928156752 94.0
604010700 40644332832 96.6 21293748980380752 94.0
604080200 40644336232 96.6 21293751055589200 94.0
604161600 40644339432 96.6 21293751626767056 94.0
604169700 40644340632 96.6 21293752983362256 94.0
604282500 40647085632 96.6 21295911541283536 94.0
604291300 40647088932 96.6 21295911635503336 94.0
604486200 40647140932 96.6 21295944503630056 94.0
604733700 40647175932 96.6 21295964472611048 94.0
605607200 40647190032 96.6 21295974273109224 94.0
605717900 40647252732 96.6 21296010349718760 94.0
605718100 40647327732 96.6 21296048209411304 94.0
605940700 40647336932 96.6 21296061702670568 94.0
606023400 40647338332 96.6 21296061968606968 94.0
606160500 40647378932 96.6 21296090116486904 94.0
606245200 40647379632 96.6 21296090837587704 94.0
606970400 40648303932 96.6 21297511756764920 94.0
607081100 40648308732 96.6 21297512494875704 94.0
608063900 40648379232 96.6 21297565573751864 94.0
608832600 40648481932 96.6 21297627241534520 94.0
609388000 40648485532 96.6 21297631324836920 94.0
610030800 40648667532 96.6 21297786330076216 94.0
610119600 40648669032 96.6 21297786537743416 94.0
610238500 40648692432 96.6 21297804659856440 94.0
610285000 40648696132 96.6 21297806483467064 94.0
610293700 40648696332 96.6 21297806593976168 94.0
610372100 40648867032 96.6 21297929124497256 94.0
610510100 40648947032 96.6 21298015751087976 94.0
610614500 40648947132 96.6 21298015752726376 94.0
610644000 40649027932 96.6 21298060778706792 94.0
610654900 40649307632 96.6 21298331492554600 94.0
610828500 40649307832 96.6 21298331960932200 94.0
610856200 40649309132 96.6 21298333043633000 94.0
610897200 40649484332 96.6 21298553177844584 94.0
610955300 40649484632 96.6 21298553574132584 94.0
610958300 40649485732 96.6 21298554476707816 94.0
611164700 40649486832 96.6 21298555311110824 94.0
611226000 40649489632 96.6 21298555827251016 94.0
611337200 40649493432 96.6 21298557582107080 94.0
611711200 40649496332 96.6 21298559050649800 94.0
611820000 40649513032 96.6 21298566236249288 94.0
611846900 40649513532 96.6 21298566497903384 94.0
611880700 40652013532 96.6 21300462949311256 94.0
612165800 40652014332 96.6 21300463064946856 94.0
612187000 40652117732 96.6 21300519070079144 94.0
612219800 40652143032 96.6 21300535506910376 94.0
612352700 40652150532 96.6 21300545103495336 94.0
612442300 40652150932 96.6 21300545284870232 94.0
612566300 40652153332 96.6 21300547128641880 94.0
612796000 40652153432 96.6 21300547300673880 94.0
612876100 40652186332 96.6 21300564584380760 94.0
612884500 40655139432 96.6 21310743113709912 94.1
612916500 40655140532 96.6 21310743316689320 94.1
613011400 40655166232 96.6 21310757310237096 94.1
613041100 40655166532 96.6 21310757531830696 94.1
613051800 40655168132 96.6 21310757831043496 94.1
613129700 40655213232 96.6 21310789933760936 94.1
613239700 40655214632 96.6 21310791601856936 94.1
613368000 40655222432 96.6 21310798778702248 94.1
613458200 40655249732 96.6 21310820719077800 94.1
613651400 40655256132 96.6 21310826526073768 94.1
613864000 40655262032 96.6 21310826798216968 94.1
614063700 40655262432 96.6 21310826820949768 94.1
614190600 40655290132 96.6 21310852758550280 94.1
614320600 40656070432 96.6 21311778060089096 94.1
614463500 40656076732 96.6 21311778284875784 94.1
614570400 40656078032 96.6 21311779250620808 94.1
614751700 40661064932 96.7 21313604190062984 94.1
614767100 40661072932 96.7 21313611622936456 94.1
614804900 40661085332 96.7 21313624656781192 94.1
614831500 40661125832 96.7 21313660390514568 94.1
614909800 40661127532 96.7 21313661333618568 94.1
615038800 40661128532 96.7 21313661724991368 94.1
615112600 40661129232 96.7 21313662630412168 94.1
615484000 40661140332 96.7 21313671349676936 94.1
615594900 40661140432 96.7 21313671560006536 94.1
615964600 40661140832 96.7 21313671913730536 94.1
616044200 40661147432 96.7 21313673004188904 94.1
616152700 40661147932 96.7 21313673517947400 94.1
616236300 40661149232 96.7 21313674450750216 94.1
616275000 40661172332 96.7 21313688931458824 94.1
616466900 40661172432 96.7 21313689037062120 94.1
616497800 40664151332 96.7 21315892730150888 94.1
616521100 40664151632 96.7 21315892798758888 94.1
616667300 40664154732 96.7 21315894818186856 94.1
616795800 40664179232 96.7 21315912245519976 94.1
616942100 40664250732 96.7 21315965499168360 94.1
617036700 40664250832 96.7 21315965682669160 94.1
617142000 40664251632 96.7 21315965800094560 94.1
617163100 40664272832 96.7 21315975035653984 94.1
617293600 40664291032 96.7 21315985623062368 94.1
617452000 40664291832 96.7 21315986056363488 94.1
617456600 40664503432 96.7 21316149010709984 94.1
617480100 40664504432 96.7 21316149738919200 94.1
617492000 40664505832 96.7 21316150266893600 94.1
617545200 40664508432 96.7 21316151602804000 94.1
617683000 40664510932 96.7 21316152773409440 94.1
617742300 40664553832 96.7 21316176806372000 94.1
617886800 40664554232 96.7 21316177175876192 94.1
617977000 40664569932 96.7 21316187753101920 94.1
618113300 40664570032 96.7 21316187858703720 94.1
618291400 40664571432 96.7 21316189149148520 94.1
618457000 40664574432 96.7 21316191676136808 94.1
618538300 40664749332 96.7 21316346823359848 94.1
618588700 40664751632 96.7 21316346860428648 94.1
618592300 40664765232 96.7 21316357526162792 94.1
618653300 40667575932 96.7 21318877300952424 94.1
618673400 40667580932 96.7 21318882072178024 94.1
618748100 40667584232 96.7 21318882763787624 94.1
618792600 40667588332 96.7 21318883322377640 94.1
618807400 40667590432 96.7 21318883794646440 94.1
618869100 40667591832 96.7 21318884202403240 94.1
619016800 40667594832 96.7 21318887711780520 94.1
619062700 40667595132 96.7 21318887722430120 94.1
619089300 40667630932 96.7 21318922869407400 94.1
619219700 40667637032 96.7 21318923153763816 94.1
619220000 40667668932 96.7 21318940162038248 94.1
619228900 40667669832 96.7 21318940434012648 94.1
619272100 40667670632 96.7 21318942656820200 94.1
619296900 40667722132 96.7 21318980433830888 94.1
619396800 40667723732 96.7 21318980538893288 94.1
619532100 40667724632 96.7 21318981480768488 94.1
619592800 40667724832 96.7 21318981859770088 94.1
619646300 40667724932 96.7 21318981965357592 94.1
619819600 40667778632 96.7 21319014694515224 94.1
619836500 40667783532 96.7 21319015132377624 94.1
619938800 40667815232 96.7 21319046421160472 94.1
619956100 40667817332 96.7 21319048384615192 94.1
619957300 40667817732 96.7 21319048598474696 94.1
619976700 40667818332 96.7 21319048608100296 94.1
619982100 40667819932 96.7 21319049309745096 94.1
620089000 40667880732 96.7 21319077469640648 94.1
620113000 40667897832 96.7 21319089862861768 94.1
620158100 40667899832 96.7 21319089893388568 94.1
620164600 40667904732 96.7 21319092992847640 94.1
620371200 40667908432 96.7 21319095045081496 94.1
620378800 40667909732 96.7 21319097039126808 94.1
620448200 40667910032 96.7 21319097473233816 94.1
620466300 40667921132 96.7 21319103757204376 94.1
620545900 40667950132 96.7 21319124038769560 94.1
620553800 40667952232 96.7 21319124123147160 94.1
620575900 40667962432 96.7 21319129942187928 94.1
620583100 40672081132 96.7 21325199938412440 94.1
620778200 40672081332 96.7 21325200064284840 94.1
620798600 40672082932 96.7 21325200200681640 94.1
620801700 40672098732 96.7 21325207599397544 94.1
620818900 40672108932 96.7 21325210724357800 94.1
620860200 40672109432 96.7 21325211601721000 94.1
620984300 40672111232 96.7 21325214123723944 94.1
621057300 40672163932 96.7 21325254981233832 94.1
621086300 40672168132 96.7 21325256255478952 94.1
621159600 40672180432 96.7 21325274881133736 94.1
621214100 40672183532 96.7 21325275887373544 94.1
621255900 40672183732 96.7 21325276269847656 94.1
621364400 40672190732 96.7 21325282168116328 94.1
621367100 40672317432 96.7 21325380925215848 94.1
621556800 40672488232 96.7 21325592296051816 94.1
621566100 40672488532 96.7 21325592790234216 94.1
621591500 40672490832 96.7 21325593555918120 94.1
621603200 40672531232 96.7 21325634930097448 94.1
621622200 40672531432 96.7 21325635109422248 94.1
621637700 40672533532 96.7 21325636070747752 94.1
621676200 40672533932 96.7 21325636431195752 94.1
621679600 40672537632 96.7 21325636625266648 94.1
621711800 40672540432 96.7 21325639168063448 94.1
621719000 40672541632 96.7 21325639188748248 94.1
621850200 40672542932 96.7 21325639698495448 94.1
621947600 40672546032 96.7 21325641622822232 94.1
621954000 40672546932 96.7 21325643415187672 94.1
621968500 40672567332 96.7 21325655065308376 94.1
622011700 40672570332 96.7 21325656296770776 94.1
622055800 40672600332 96.7 21325677330549976 94.1
622063000 40672651632 96.7 21325715936255192 94.1
622066700 40672653132 96.7 21325716776344792 94.1
622114400 40672684332 96.7 21325737501363416 94.1
622120500 40672754732 96.7 21325789217443032 94.1
622124000 40673219932 96.7 21326320227667160 94.1
622151100 40673221332 96.7 21326320785951960 94.1
622194500 40673431732 96.7 21326482983947480 94.1
622207400 40674666732 96.7 21326977052249304 94.1
622237000 40674713832 96.7 21327008357006552 94.1
622241000 40674836232 96.7 21327144286092504 94.1
622249500 40674880132 96.7 21327170278360280 94.1
622277100 40674945632 96.7 21327245142516952 94.1
622331400 40674948132 96.7 21327245781697752 94.1
622354400 40674950432 96.7 21327245921705560 94.1
622430700 40674973732 96.7 21327264956995160 94.1
622473800 40674973932 96.7 21327264960067160 94.1
622478200 40674975232 96.7 21327265118991960 94.1
622513900 40674980532 96.7 21327270917428312 94.1
622527700 40674982832 96.7 21327270954292312 94.1
622546800 40674987032 96.7 21327276757431896 94.1
622650400 40675025532 96.7 21327306895545944 94.1
622783100 40675036332 96.7 21327311777180248 94.1
622815700 40675036932 96.7 21327312053534648 94.1
622973000 40675052832 96.7 21327318996522424 94.1
623244200 40675164032 96.7 21327401979205048 94.1
623259500 40675164332 96.7 21327401991288248 94.1
623365400 40675214432 96.7 21327441534899640 94.1
623421000 40675214632 96.7 21327441746091944 94.1
623437100 40675237732 96.7 21327462409568168 94.1
623612300 40675284532 96.7 21327514976927656 94.1
623656400 40675290232 96.7 21327518480991144 94.1
623705000 40675295432 96.7 21327520873464744 94.1
623768400 40675312432 96.7 21327529963279272 94.1
623838500 40675314632 96.7 21327532706165672 94.1
623862700 40675335532 96.7 21327556974367656 94.1
623889800 40675335932 96.7 21327557516250344 94.1
624033100 40675337432 96.7 21327557553319144 94.1
624056200 40675338332 96.7 21327558344051944 94.1
624079400 40675408232 96.7 21327606486043880 94.1
624095900 40675413732 96.7 21327609472847080 94.1
624107800 40675416632 96.7 21327610560307432 94.1
624142300 40675417432 96.7 21327611176755432 94.1
624151800 40675434832 96.7 21327635638167784 94.1
624168500 40675435332 96.7 21327636440082088 94.1
624240300 40675437432 96.7 21327636972766888 94.1
624312300 40675439432 96.7 21327637529925480 94.1
624360300 40678602832 96.7 21336937453229928 94.2
624414300 40678603132 96.7 21336938089543528 94.2
624440900 40678603332 96.7 21336938116167528 94.2
624508000 40678610832 96.7 21336944424748392 94.2
624522700 40678611732 96.7 21336944460588392 94.2
624711400 40678612532 96.7 21336944680189896 94.2
624741100 40678647332 96.7 21336965486143432 94.2
624765700 40678716932 96.7 21337042651613128 94.2
624788300 40678819532 96.7 21337191983302600 94.2
624825900 40679149432 96.7 21337723749189576 94.2
624835400 40679150432 96.7 21337723765163976 94.2
624875000 40679159332 96.7 21337724530296776 94.2
624875800 40679161832 96.7 21337726743365576 94.2
625047600 40679165432 96.7 21337727767570376 94.2
625111800 40681633832 96.7 21339638505039816 94.2
625163700 40681635032 96.7 21339638732415016 94.2
625287700 40681637532 96.7 21339639700024744 94.2
625353700 40681637632 96.7 21339639951314344 94.2
625445400 40681917232 96.7 21339895524281768 94.2
625453300 40681921932 96.7 21339897971027368 94.2
625467500 40681973132 96.7 21339945238588840 94.2
625735300 40681973832 96.7 21339945736503432 94.2
625784700 40681974232 96.7 21339945761489032 94.2
625953200 40681979632 96.7 21339948052996232 94.2
625971900 40681981232 96.7 21339948285444232 94.2
625977000 40681984032 96.7 21339948977194120 94.2
626103000 40682006932 96.7 21339969020171400 94.2
626124500 40682008732 96.7 21339969047421100 94.2
626133000 40682027732 96.7 21339979817513132 94.2
626142700 40682028632 96.7 21339979830825132 94.2
626152000 40682066032 96.7 21340019930505388 94.2
626156100 40682066232 96.7 21340020150384988 94.2
626295200 40682506332 96.7 21340817253218652 94.2
626552000 40682508532 96.7 21340819999642972 94.2
626666800 40682596832 96.7 21340873821099356 94.2
626805000 40682747232 96.7 21341014600193372 94.2
626922500 40682748232 96.7 21341015185921372 94.2
626953700 40682748932 96.7 21341015549236572 94.2
627166000 40683590232 96.7 21341687482570076 94.2
627195600 40683591332 96.7 21341688223609372 94.2
627208200 40683592832 96.7 21341688827540764 94.2
627320500 40683613432 96.7 21341719082986780 94.2
627328800 40683614432 96.7 21341719282666780 94.2
627392000 40683615632 96.7 21341719949085980 94.2
627547600 40683616232 96.7 21341720352685180 94.2
627585800 40683616932 96.7 21341720362515580 94.2
627591400 40683617232 96.7 21341720384429180 94.2
627720800 40683657232 96.7 21341744087927932 94.2
628155200 40683663632 96.7 21341749821533820 94.2
628260700 40683704732 96.7 21341774239907452 94.2
628566900 40684154332 96.7 21341925888196220 94.2
628570600 40684154932 96.7 21341925896604220 94.2
628750600 40684157032 96.7 21341926552902588 94.2
628825500 40684157732 96.7 21341927130970108 94.2
628881500 40686700132 96.7 21342895158507516 94.2
628972300 40686817332 96.7 21343003185043452 94.2
629068900 40686817932 96.7 21343003194669052 94.2
629070600 40686880532 96.7 21343055310313468 94.2
629074200 40686881532 96.7 21343055323443468 94.2
629112600 40690314232 96.7 21346154703335692 94.2
629226400 40690315632 96.7 21346156111335692 94.2
629494600 40690318632 96.7 21346175806746892 94.2
629516400 40690322632 96.7 21346177252615564 94.2
629532700 40690355532 96.7 21346195430577548 94.2
629542800 40690363532 96.7 21346204308829580 94.2
629623400 40690365032 96.7 21346205694301580 94.2
629683200 40690366232 96.7 21346205713757580 94.2
629692900 40690369232 96.7 21346207554499980 94.2
629748600 40690379732 96.7 21346213983293836 94.2
629812400 40690590232 96.7 21346424577921420 94.2
629822000 40690592532 96.7 21346424807707020 94.2
629835000 40690593032 96.7 21346425344207436 94.2
629921500 40690632532 96.7 21346459501113932 94.2
629966700 40690634732 96.7 21346459795628428 94.2
630029700 40690637232 96.7 21346461027007884 94.2
630219800 40690638332 96.7 21346461049740684 94.2
630285300 40690638932 96.7 21346461127359884 94.2
630351100 40690646632 96.7 21346469259308428 94.2
630351300 40690651032 96.7 21346469706840844 94.2
630635400 40690667532 96.7 21346481950370572 94.2
630964100 40690668732 96.7 21346482474863372 94.2
631031900 40690692432 96.7 21346505251214092 94.2
631192200 40690813432 96.7 21346567375825676 94.2
631193700 40690814332 96.7 21346567554376684 94.2
631209800 40690936232 96.7 21346812438045676 94.2
631296700 40690938132 96.7 21346812467332076 94.2
631300900 40692567332 96.7 21347955649135596 94.2
631329100 40692571532 96.7 21347956062225196 94.2
631564600 40692588732 96.7 21347964281126700 94.2
631660700 40692590232 96.7 21347964830433196 94.2
631682300 40692590632 96.7 21347965333626796 94.2
631911100 40692591532 96.7 21347965444051196 94.2
631955200 40692592432 96.7 21347965761695996 94.2
632012800 40692612132 96.7 21347976847431932 94.2
632014100 40692639332 96.7 21347995982250236 94.2
632255300 40692640332 96.7 21347996102384836 94.2
632358600 40692661132 96.7 21348005957521604 94.2
632397300 40692661332 96.7 21348005981892804 94.2
632507400 40692711832 96.7 21348071905546436 94.2
632546500 40692712332 96.7 21348072505405636 94.2
632589500 40692714032 96.7 21348073334089220 94.2
632814500 40692741832 96.7 21348097678630404 94.2
633039000 40692773832 96.7 21348107923766788 94.2
633053300 40692775832 96.7 21348109859536388 94.2
633138600 40692812732 96.7 21348125967148548 94.2
633224300 40692935732 96.7 21348272084805124 94.2
633300100 40692949832 96.7 21348276434840580 94.2
633305400 40692953632 96.7 21348280231422980 94.2
633377800 40692955132 96.7 21348280476785076 94.2
633466200 40692956032 96.7 21348281468763764 94.2
633493400 40692978432 96.7 21348307498047092 94.2
633526800 40692991932 96.7 21348314834195572 94.2
633534200 40692993432 96.7 21348315216352372 94.2
633537600 40692994032 96.7 21348315414803572 94.2
633557400 40692998432 96.7 21348316158052340 94.2
633635000 40692999832 96.7 21348316183857140 94.2
633680600 40692999932 96.7 21348316289470140 94.2
633764800 40693001432 96.7 21348316848369340 94.2
633802700 40693008932 96.7 21348320732405180 94.2
633844000 40693010032 96.7 21348322181476924 94.2
633941400 40693010732 96.7 21348322740580924 94.2
633946900 40693028832 96.7 21348335840087612 94.2
634000200 40693029432 96.7 21348336555800188 94.2
634000700 40693030732 96.7 21348338419253244 94.2
634018400 40693210132 96.7 21348424022327292 94.2
634056300 40693211932 96.7 21348425004957692 94.2
634062500 40693212632 96.7 21348425016221692 94.2
634144800 40693212732 96.7 21348425121819596 94.2
634157500 40693216532 96.7 21348425745761740 94.2
634157700 40695713432 96.7 21350208472024524 94.2
634183400 40695717032 96.7 21350211584984524 94.2
634206200 40695718332 96.7 21350211974639244 94.2
634602500 40695718932 96.7 21350212092604044 94.2
634686800 40695804832 96.7 21350264811089548 94.2
634743800 40695806432 96.7 21350265130495340 94.2
634780300 40695806932 96.7 21350265138687340 94.2
634785500 40695808132 96.7 21350265522687340 94.2
634791800 40695808632 96.7 21350265634861140 94.2
634832200 40695888632 96.7 21350339690131540 94.2
634928900 40695890632 96.7 21350341383622740 94.2
634943700 40695929832 96.7 21350411746308180 94.2
635012600 40695953632 96.7 21350432674041940 94.2
635048400 40696213732 96.7 21350621563474004 94.2
635202200 40696598232 96.7 21350756028887124 94.2
635208100 40696629932 96.7 21350789096763476 94.2
635326500 40696630132 96.7 21350789287637076 94.2
635424900 40696697432 96.7 21350874710913108 94.2
635436500 40696699232 96.7 21350874739585108 94.2
635456700 40696699432 96.7 21350875313151124 94.2
635617100 40696706032 96.7 21350885801602196 94.2
635654700 40696707132 96.7 21350886883744148 94.2
635887800 40696714332 96.7 21350892529321876 94.2
635979400 40696714732 96.7 21350892995856276 94.2
636081100 40696717132 96.7 21350894464316564 94.2
636081600 40696767832 96.7 21350929347552404 94.2
636131300 40696768832 96.7 21350929792500308 94.2
636146600 40696770732 96.7 21350930612452436 94.2
636308200 40696841832 96.7 21350986874027092 94.2
636415900 40696842832 96.7 21350986923793492 94.2
636416300 40696844332 96.7 21350987155052692 94.2
636460400 40696922132 96.7 21351040477104276 94.2
636523500 40696923532 96.7 21351041021309268 94.2
636694500 40696923832 96.7 21351041051824468 94.2
636754700 40696972432 96.7 21351075436982612 94.2
636778600 40696974732 96.7 21351075846296020 94.2
636863900 40697006232 96.7 21351097544909268 94.2
636900700 40697063332 96.7 21351141920092628 94.2
637005900 40697097132 96.7 21351167117095380 94.2
637011300 40697181132 96.7 21351240498368980 94.2
637118000 40697226832 96.7 21351319712649684 94.2
637524600 40697273232 96.7 21351375588884948 94.2
637725900 40697275032 96.7 21351377517408212 94.2
638016700 40697275332 96.7 21351377521094612 94.2
638021900 40697306732 96.7 21351399590189012 94.2
638120500 40697405732 96.7 21351590839785428 94.2
638134500 40697407332 96.7 21351591789443028 94.2
638144300 40697478932 96.7 21351649220376532 94.2
638149100 40697480332 96.7 21351649243928532 94.2
638153400 40697481832 96.7 21351649266873532 94.2
638153500 40697484032 96.7 21351649302508732 94.2
638170800 40697530832 96.7 21351707127526588 94.2
638263300 40697587432 96.7 21351746612450492 94.2
638581600 40697589632 96.7 21351747664303292 94.2
638722800 40697663332 96.7 21351818621277372 94.2
638752800 40697665732 96.7 21351820146879932 94.2
638757900 40697666832 96.7 21351820164697532 94.2
638938400 40697666932 96.7 21351820167974332 94.2
639055800 40700732732 96.8 21356398235061692 94.3
639103200 40700732932 96.8 21356398415695292 94.3
639215000 40700856832 96.8 21356512136138172 94.3
639262300 40700881932 96.8 21356540884741564 94.3
639268400 40700883132 96.8 21356540903787964 94.3
639293600 40700886832 96.8 21356541684531964 94.3
639351200 40700887032 96.8 21356541751911164 94.3
639368900 40700887632 96.8 21356542725325564 94.3
639392600 40700888332 96.8 21356544064103164 94.3
639416000 40700902632 96.8 21356556534637308 94.3
639471900 40700994532 96.8 21356624458777340 94.3
639502300 40700994732 96.8 21356624522060540 94.3
639507500 40700996232 96.8 21356624580428540 94.3
639546100 40701042932 96.8 21356657293957884 94.3
639568000 40701052532 96.8 21356663602645756 94.3
639576700 40701072432 96.8 21356683833596668 94.3
639600900 40701073632 96.8 21356683946646268 94.3
639650600 40701074932 96.8 21356685351903612 94.3
639748800 40701078332 96.8 21356685406581512 94.3
639752800 40701082932 96.8 21356689178997512 94.3
639757700 40701093332 96.8 21356703929903880 94.3
639810900 40701095132 96.8 21356704061303280 94.3
639887200 40701097232 96.8 21356705248119280 94.3
639982900 40701097332 96.8 21356705515178480 94.3
640007800 40701254532 96.8 21356828168473072 94.3
640180800 40701257432 96.8 21356830173262064 94.3
640294800 40701259432 96.8 21356830613798576 94.3
640899900 40701337232 96.8 21356904798412464 94.3
640982100 40701337532 96.8 21356904907082064 94.3
641005100 40701337632 96.8 21356905012666664 94.3
641031500 40701359832 96.8 21356920925336872 94.3
641071800 40701362232 96.8 21356920973260072 94.3
641316100 40701400632 96.8 21356947771634984 94.3
641594700 40701404432 96.8 21356948771980008 94.3
641692300 40703382032 96.8 21363468905104104 94.3
641745700 40703382532 96.8 21363468940124904 94.3
641774300 40703386532 96.8 21363470929780712 94.3
641841700 40703386632 96.8 21363471035381712 94.3
641872700 40703389332 96.8 21363472207532880 94.3
641914300 40703418132 96.8 21363511141593936 94.3
641974800 40703487832 96.8 21363579814892368 94.3
642039100 40703537732 96.8 21363623244497744 94.3
642134800 40703611332 96.8 21363692071248720 94.3
642217800 40703667232 96.8 21363727470576464 94.3
642296400 40703667832 96.8 21363727965782864 94.3
642321500 40703671032 96.8 21363729565368272 94.3
642422100 40703711232 96.8 21363758331039696 94.3
642504000 40703831632 96.8 21363866475892688 94.3
642666400 40703835032 96.8 21363867394015504 94.3
642786200 40703840732 96.8 21363873570228496 94.3
642918800 40704048732 96.8 21364065622100240 94.3
642933500 40704053532 96.8 21364071531809040 94.3
642959300 40704055832 96.8 21364071764871440 94.3
642974600 40704059732 96.8 21364073464097040 94.3
643010600 40704061132 96.8 21364074208545040 94.3
643032200 40704186332 96.8 21364129851848976 94.3
643099800 40704189032 96.8 21364134003554576 94.3
643200400 40704260532 96.8 21364168481691920 94.3
643230700 40704261432 96.8 21364169083394320 94.3
643478100 40704261532 96.8 21364169278978320 94.3
643521500 40705859332 96.8 21365217610070288 94.3
643579600 40705950432 96.8 21365382912145680 94.3
643670700 40705950732 96.8 21365383157291280 94.3
643734600 40705975532 96.8 21365422469630224 94.3
643752700 40705975832 96.8 21365422786434736 94.3
643908500 40705982632 96.8 21365430060433584 94.3
643952500 40705984932 96.8 21365432271760816 94.3
644026900 40706008932 96.8 21365457014060464 94.3
644071400 40708159332 96.8 21367391181829552 94.3
644093000 40708180132 96.8 21367399596081584 94.3
644212400 40708211432 96.8 21367411553423792 94.3
644277600 40708228432 96.8 21367419923861936 94.3
644576200 40708229032 96.8 21367420332847536 94.3
644655700 40708229632 96.8 21367420577501040 94.3
644786500 40708230832 96.8 21367420595534840 94.3
644791600 40708235232 96.8 21367422798893048 94.3
644837300 40708236832 96.8 21367423172448248 94.3
644890700 40708242332 96.8 21367426071801848 94.3
645031200 40708529132 96.8 21367689691181048 94.3
645038600 40708532632 96.8 21367689744861448 94.3
645042900 40708533332 96.8 21367690467726728 94.3
645161200 40708534032 96.8 21367690499265928 94.3
645170500 40708535532 96.8 21367690781889928 94.3
645475800 40710386332 96.8 21369141563594120 94.3
645496900 40710536332 96.8 21369304827237768 94.3
645523800 40710537532 96.8 21369306638401032 94.3
645553200 40710538432 96.8 21369306652737032 94.3
645557600 40710539732 96.8 21369307873432712 94.3
645784100 40710560132 96.8 21369325392669832 94.3
645795300 40710561032 96.8 21369325693366632 94.3
645859300 40710561132 96.8 21369325798961032 94.3
646009800 40710564232 96.8 21369326251773832 94.3
646249000 40710593032 96.8 21369342904897416 94.3
646570500 40710593432 96.8 21369343487937608 94.3
646749200 40710700832 96.8 21369464266837064 94.3
646806500 40710704332 96.8 21369468122606664 94.3
646843700 40710705032 96.8 21369468169096264 94.3
646864400 40710705132 96.8 21369468172373064 94.3
646893700 40710731432 96.8 21369489886860360 94.3
647021000 40710752332 96.8 21369501715558472 94.3
647070600 40710754932 96.8 21369502706585672 94.3
647174700 40710758132 96.8 21369505480314440 94.3
647191400 40710758732 96.8 21369506299309640 94.3
647219700 40710838332 96.8 21369579736125000 94.3
647236700 40710839132 96.8 21369579749027400 94.3
647244500 40710926232 96.8 21369635471498824 94.3
647249900 40710927432 96.8 21369635806254344 94.3
647314400 40710929332 96.8 21369636835169544 94.3
647333700 40711068332 96.8 21369738405836040 94.3
647473500 40711068732 96.8 21369739536454408 94.3
647490200 40711069132 96.8 21369740047020808 94.3
647531500 40711071532 96.8 21369741284832008 94.3
647735700 40711072632 96.8 21369742049555208 94.3
647920500 40711289132 96.8 21370015972274952 94.3
648007300 40711290332 96.8 21370016230403944 94.3
648037600 40711291432 96.8 21370016545181544 94.3
648544800 40711292932 96.8 21370017671991144 94.3
648666000 40711386232 96.8 21370080273727336 94.3
648722500 40711386332 96.8 21370080379323640 94.3
648742200 40711395532 96.8 21370084912694008 94.3
649009000 40711501032 96.8 21370199436681976 94.3
649433300 40711501332 96.8 21370199443849976 94.3
649563700 40711534732 96.8 21370227513748216 94.3
649749400 40711535532 96.8 21370228129419704 94.3
649990800 40711554632 96.8 21370240536023480 94.3
650671200 40711555432 96.8 21370242144932280 94.3
650699500 40711619932 96.8 21370286835593656 94.3
651123800 40711620732 96.8 21370287442211256 94.3
651194300 40711621132 96.8 21370287708041656 94.3
651212100 40711637332 96.8 21370297917868472 94.3
651277200 40711638632 96.8 21370298931753272 94.3
651399100 40711641132 96.8 21370298969242672 94.3
651406300 40711641832 96.8 21370299684069680 94.3
651641000 40711642632 96.8 21370299696562480 94.3
651649300 40711691232 96.8 21370340185997616 94.3
651835100 40711823932 96.8 21370417268039984 94.3
651931400 40711896832 96.8 21370457630548272 94.3
652238000 40711961832 96.8 21370514951676208 94.3
652341600 40712035932 96.8 21370589647315248 94.3
652667700 40712038432 96.8 21370589707116848 94.3
652719200 40712038732 96.8 21370589998752048 94.3
652804500 40713714032 96.8 21376030437286192 94.4
653191900 40714549732 96.8 21376782910431536 94.4
653262500 40714563732 96.8 21376793510731056 94.4
653279100 40714637332 96.8 21376888051891504 94.4
653667300 40714930732 96.8 21377242029194544 94.4
653674700 40714932932 96.8 21377242065034544 94.4
653692900 40715015732 96.8 21377291231644976 94.4
653787800 40715058232 96.8 21377347376131376 94.4
653857900 40715059032 96.8 21377347432053276 94.4
653889300 40715062632 96.8 21377351695314460 94.4
654140500 40715063632 96.8 21377352633423388 94.4
654155200 40717763432 96.8 21381255106401820 94.4
654167800 40717868332 96.8 21381327434954268 94.4
654288400 40717871232 96.8 21381329399712668 94.4
654373600 40717928232 96.8 21381370893712284 94.4
654390300 40718005232 96.8 21381425238231964 94.4
654416200 40718005332 96.8 21381425239870364 94.4
654467900 40718007232 96.8 21381425343499164 94.4
654533700 40718007932 96.8 21381425579270172 94.4
654628400 40718012632 96.8 21381428461215772 94.4
654734100 40718015032 96.8 21381429992722204 94.4
654788500 40718072832 96.8 21381485279297308 94.4
654854400 40718073632 96.8 21381485635367708 94.4
654899200 40718074032 96.8 21381486108046108 94.4
654983400 40718161632 96.8 21381615762854684 94.4
655157900 40718170532 96.8 21381617966029596 94.4
655263500 40718171832 96.8 21381619010099996 94.4
655311200 40718404532 96.8 21381839073893148 94.4
655327000 40718406832 96.8 21381839111371548 94.4
655336500 40718407032 96.8 21381839738390748 94.4
655383000 40718408332 96.8 21381841480725212 94.4
655609900 40718419332 96.8 21381855067694812 94.4
655617200 40718429232 96.8 21381866425949916 94.4
655705500 40718429432 96.8 21381866715021596 94.4
655735000 40718429832 96.8 21381867203674396 94.4
655838600 40718431432 96.8 21381867958536476 94.4
655854600 40718432232 96.8 21381868046148076 94.4
656102600 40718436132 96.8 21381868644983276 94.4
656137400 40718476032 96.8 21381907531743724 94.4
656243200 40718477732 96.8 21381907870454028 94.4
656306400 40718481332 96.8 21381909234754572 94.4
656486600 40718521632 96.8 21381944880260108 94.4
656582700 40718633932 96.8 21382084664321036 94.4
656613000 40718634132 96.8 21382084667393036 94.4
656624000 40718634732 96.8 21382084675789836 94.4
656624200 40718635132 96.8 21382084700365836 94.4
656633300 40718635232 96.8 21382084742554636 94.4
656818900 40718640232 96.8 21382089786118668 94.4
656847600 40718682432 96.8 21382131026149900 94.4
656852900 40719645432 96.8 21382813222683148 94.4
656855400 40719663532 96.8 21382828071602700 94.4
656945700 40719663832 96.8 21382828252645900 94.4
657179300 40719665232 96.8 21382828388010508 94.4
657199200 40719730132 96.8 21382870798445068 94.4
657241500 40719777932 96.8 21382892987372044 94.4
657258700 40719778732 96.8 21382893154488844 94.4
657279200 40719779032 96.8 21382893158994444 94.4
657329300 40719779432 96.8 21382893775364172 94.4
657333800 40719781632 96.8 21382893811204172 94.4
657373700 40719793332 96.8 21382902256981068 94.4
657446700 40719793832 96.8 21382902369120364 94.4
657499100 40719802432 96.8 21382913882175596 94.4
657820400 40719802532 96.8 21382914096601196 94.4
657873700 40719861032 96.8 21382952991750252 94.4
657997500 40719861832 96.8 21382953887184492 94.4
658033400 40719865232 96.8 21382954734952172 94.4
658189300 40719891732 96.8 21382971549634284 94.4
658220600 40719904132 96.8 21382987414005484 94.4
658246700 40719904832 96.8 21382987907491788 94.4
658322700 40719906632 96.8 21382989235914700 94.4
658332400 40719922632 96.8 21383003580529612 94.4
658366700 40719923432 96.8 21383003591804612 94.4
658371900 40719924632 96.8 21383003610031812 94.4
658381300 40719965032 96.8 21383046600984260 94.4
658394200 40719965432 96.8 21383046801278660 94.4
658516300 40719972932 96.8 21383056698474180 94.4
658521400 40719976932 96.8 21383061055594180 94.4
658563300 40720017232 96.8 21383085976760004 94.4
658616900 40720021132 96.8 21383088044216004 94.4
658645300 40720021532 96.8 21383088485477892 94.4
658765500 40720081432 96.8 21383130970152452 94.4
658789800 40720082132 96.8 21383131127643652 94.4
658824500 40720082232 96.8 21383131352718852 94.4
658836500 40720083232 96.8 21383132208168452 94.4
658855500 40720094232 96.8 21383137066020356 94.4
658892100 40720097232 96.8 21383138655882756 94.4
658922900 40720108232 96.8 21383147754042884 94.4
659030500 40720265732 96.8 21383273873126916 94.4
659047100 40720339132 96.8 21383305412998660 94.4
659093500 40720339832 96.8 21383305688580964 94.4
659104900 40720463332 96.8 21383403776041828 94.4
659231200 40720463932 96.8 21383403783824228 94.4
659231700 40720510732 96.8 21383429760299876 94.4
659237400 40720515532 96.8 21383429835666276 94.4
659258800 40720515632 96.8 21383429941264676 94.4
659259400 40720807732 96.8 21383620358258980 94.4
659334700 40720808032 96.8 21383620524146980 94.4
659416900 40720808632 96.8 21383620532346580 94.4
659421500 40720894132 96.8 21383668900409044 94.4
659423600 40720896532 96.8 21383670734489812 94.4
659443300 40720899332 96.8 21383675764317396 94.4
659520700 40720966732 96.8 21383728947760340 94.4
659604000 40720969132 96.8 21383731187862740 94.4
659703200 40720969532 96.8 21383731693812052 94.4
659769200 40720988432 96.8 21383742703704404 94.4
659773100 40721012732 96.8 21383758940870996 94.4
659775900 40721012932 96.8 21383759606675796 94.4
659818000 40721016932 96.8 21383760455893652 94.4
659818400 40721027832 96.8 21383775464446612 94.4
659866100 40721028032 96.8 21383775698123412 94.4
659873400 40721028432 96.8 21383775995083412 94.4
659876800 40721028932 96.8 21383776463461012 94.4
659880800 40721039532 96.8 21383785807065748 94.4
659883700 40721039732 96.8 21383785810342548 94.4
659884800 40721040432 96.8 21383786134770452 94.4
659894700 40721119432 96.8 21383833065005844 94.4
659932800 40721119732 96.8 21383833286804244 94.4
659979200 40721125232 96.8 21383837517482516 94.4
660063500 40721144132 96.8 21383849007971860 94.4
660067400 40721145732 96.8 21383850283689492 94.4
660087300 40721302332 96.8 21383976597390868 94.4
660105600 40721313732 96.8 21383980410934036 94.4
660113600 40721315432 96.8 21383980779369236 94.4
660128700 40721316632 96.8 21383980808860436 94.4
660212900 40721500232 96.8 21384127348388628 94.4
660320500 40721502432 96.8 21384127386276628 94.4
660548300 40724020232 96.8 21386378980676372 94.4
660551200 40724022332 96.8 21386379981052180 94.4
660576600 40724204532 96.8 21386699822160148 94.4
660595200 40724222332 96.8 21386719663870228 94.4
660636500 40724277532 96.8 21386758861332756 94.4
660707400 40724291032 96.8 21386766239201556 94.4
660819000 40724291932 96.8 21386766635819540 94.4
660827200 40724292232 96.8 21386766886904340 94.4
660857000 40725185632 96.8 21387298767315476 94.4
661049600 40725186432 96.8 21387299088237076 94.4
661086000 40725187132 96.8 21387299099705876 94.4
661091800 40725196632 96.8 21387306839255572 94.4
661092700 40725197432 96.8 21387307116599476 94.4
661094900 40725197532 96.8 21387307121719476 94.4
661120800 40725301332 96.8 21387373406161076 94.4
661208400 40725890432 96.8 21387594228402356 94.4
661212300 40725896032 96.8 21387594319128756 94.4
661245400 40725900832 96.8 21387598892312756 94.4
661259200 40725901832 96.8 21387600796837044 94.4
661263800 40725918432 96.8 21387616105568436 94.4
661309800 40725919932 96.8 21387617558367284 94.4
661324100 40725954932 96.8 21387669897325620 94.4
661346400 40725981832 96.8 21387695847404596 94.4
661349400 40726042332 96.8 21387723863606324 94.4
661363900 40726043232 96.8 21387724152988724 94.4
661447900 40726116032 96.8 21387791030895668 94.4
661449400 40726116732 96.8 21387791474895988 94.4
661496000 40726229532 96.8 21387870647364724 94.4
661499700 40726230232 96.8 21387871306206324 94.4
661566100 40726230332 96.8 21387871411801924 94.4
661678200 40726388832 96.8 21387988611583812 94.4
661710600 40726389432 96.8 21387988631665712 94.4
661797900 40729733532 96.8 21389086002363440 94.4
661816500 40729733732 96.8 21389086719777840 94.4
661833200 40729793432 96.8 21389139064708144 94.4
661843700 40729875032 96.8 21389214204181552 94.4
661848700 40729876332 96.8 21389214227323952 94.4
661869300 40729886232 96.8 21389222115536944 94.4
661884400 40729910332 96.8 21389245853347888 94.4
661889500 40729911732 96.8 21389247087063088 94.4
661909800 40729967032 96.8 21389293032595504 94.4
661926300 40730001532 96.8 21389332438016048 94.4
661989500 40730002832 96.8 21389333663129648 94.4
662019400 40732615732 96.8 21390184683413552 94.4
662080000 40732618132 96.8 21390185714642288 94.4
662109300 40732630432 96.8 21390199908402544 94.4
662116500 40732631532 96.8 21390199926015344 94.4
662120500 40732637632 96.8 21390204115652720 94.4
662162700 40732744332 96.8 21390331231170672 94.4
662173200 40732745832 96.8 21390333984092272 94.4
662207900 40732746432 96.8 21390334054543472 94.4
662223100 40732748132 96.8 21390335088169072 94.4
662227000 40732748932 96.8 21390335631506928 94.4
662281200 40732749032 96.8 21390335937273328 94.4
662315400 40732893632 96.8 21390425098616304 94.4
662346700 40732904932 96.8 21390436352771568 94.4
662362200 40732937832 96.8 21390463570503152 94.4
662479100 40732938132 96.8 21390464553338352 94.4
662515500 40733440632 96.8 21390843195278832 94.4
662539900 40733441832 96.8 21390843320540632 94.4
662573700 40733442832 96.8 21390843336515032 94.4
662581300 40733446732 96.8 21390850151562712 94.4
662588400 40733450532 96.8 21390850239421912 94.4
662636000 40733538432 96.8 21390955340094936 94.4
662684100 40733569832 96.8 21390981313797592 94.4
662689600 40733570932 96.8 21390981435366792 94.4
662691100 40733571232 96.8 21390981440077192 94.4
662698500 40733571832 96.8 21390981449702792 94.4
662700000 40733591032 96.8 21390997379360136 94.4
662739400 40733614432 96.8 21391028893132168 94.4
662922500 40733615532 96.8 21391030130249992 94.4
662995100 40733615832 96.8 21391030303715592 94.4
663116400 40733662032 96.8 21391051560724744 94.4
663119300 40733796232 96.8 21391154344478984 94.4
663124300 40733797832 96.8 21391156770995208 94.4
663129900 40733798432 96.8 21391156780620808 94.4
663230800 40733799532 96.8 21391157576064008 94.4
663237100 40733801332 96.8 21391157644467208 94.4
663267100 40733802532 96.8 21391157663923208 94.4
663272000 40733803832 96.8 21391158766771208 94.4
663420500 40733813432 96.8 21391168919286792 94.4
663435500 40733814632 96.8 21391168940585992 94.4
663454900 40733859232 96.8 21391194968486920 94.4
663491500 40734000832 96.8 21391315094254600 94.4
663528700 40734018132 96.8 21391325829890056 94.4
663604200 40734019632 96.8 21391327111733256 94.4
663614400 40734032432 96.8 21391331046653960 94.4
663633400 40734033232 96.8 21391331274596360 94.4
663638500 40734034632 96.8 21391332502781960 94.4
663681800 40734035532 96.8 21391332962557960 94.4
663718700 40734039732 96.8 21391335562698760 94.4
663729500 40734039932 96.8 21391335810711560 94.4
663751300 40734042032 96.8 21391337310586504 94.4
663761400 40734043232 96.8 21391337329837704 94.4
663793600 40734044732 96.8 21391337353594504 94.4
663818500 40734045832 96.8 21391337371412104 94.4
663823900 40734046832 96.8 21391337387591304 94.4
663827000 40734049332 96.8 21391338655626376 94.4
663828100 40734049432 96.8 21391338657879176 94.4
663875200 40734052932 96.8 21391340139558792 94.4
663984500 40734053532 96.8 21391340273417392 94.4
663987900 40734054532 96.8 21391340393347696 94.4
663995600 40734058732 96.8 21391341313309296 94.4
663996200 40734212932 96.8 21391449789659760 94.4
664034400 40734225132 96.8 21391456561916016 94.4
664078200 40734400732 96.8 21391594802604144 94.4
664087700 40736366332 96.8 21392887164528752 94.4
664160200 40736387132 96.8 21392913051867248 94.4
664277600 40736409632 96.8 21392932503906416 94.4
664286300 40736478832 96.8 21393009220814960 94.4
664319300 40737288132 96.8 21393536492537968 94.4
664469300 40737294132 96.8 21393545074681968 94.4
664485400 40737300732 96.8 21393549865288816 94.4
664493700 40737303832 96.8 21393549914645616 94.4
664598500 40737304332 96.8 21393550418070608 94.4
664616400 40737307432 96.8 21393553053293392 94.4
664737400 40737309132 96.8 21393553078688592 94.4
664747800 40737309832 96.8 21393554820237776 94.4
664754400 40737310232 96.8 21393554836621776 94.4
664845700 40737319032 96.8 21393559216262608 94.4
664895600 40737608932 96.8 21393800943979984 94.4
664930200 40737758132 96.8 21393906121534928 94.4
664990400 40737758732 96.8 21393906235118432 94.4
665108000 40737785832 96.8 21393921329405792 94.4
665110400 40737800332 96.8 21393931072729952 94.4
665111900 40737805132 96.8 21393931483749056 94.4
665166400 40737808532 96.8 21393932258097856 94.4
665168900 40737832332 96.8 21393942305557184 94.4
665223900 40737853832 96.8 21393958894029504 94.4
665253400 40737857332 96.8 21393962367437504 94.4
665254500 40737869332 96.8 21393968185781440 94.4
665367600 40737869632 96.8 21393969141294848 94.4
665384500 40737872632 96.8 21393971275678336 94.4
665391300 40737872832 96.8 21393971278955136 94.4
665397000 40737914232 96.8 21394001654684288 94.4
665478200 40737922532 96.8 21394011072053888 94.4
665485900 40737956732 96.8 21394050690781824 94.4
665490000 40737957432 96.8 21394050758365824 94.4
665496900 40738094932 96.8 21394160398094976 94.4
665594900 40738095132 96.8 21394160401371776 94.4
665603600 40738099632 96.8 21394163613664128 94.4
665736300 40738100632 96.8 21394163927467520 94.4
665847700 40738100832 96.8 21394164121948320 94.4
665866300 40738283332 96.8 21394352584118432 94.4
665899400 40739377332 96.8 21395216151990432 94.4
665974600 40739377732 96.8 21395216723996832 94.4
666015800 40739377832 96.8 21395216726864032 94.4
666109500 40739379832 96.8 21395217454723232 94.4
666119300 40739381232 96.8 21395220416540832 94.4
666123100 40739382032 96.8 21395220429648032 94.4
666179100 40739382532 96.8 21395220437635232 94.4
666190600 40739386632 96.8 21395224064240544 94.4
666194700 40739400532 96.8 21395235728524192 94.4
666218200 40739402132 96.8 21395236231103392 94.4
666275300 40739402532 96.8 21395236258468092 94.4
666279900 40739402932 96.8 21395236439920892 94.4
666307300 40739404732 96.8 21395236546212092 94.4
666369900 40739404932 96.8 21395236549488892 94.4
666379500 40739407532 96.8 21395236589834492 94.4
666385200 40739407832 96.8 21395236651160892 94.4
666415700 40739408532 96.8 21395237301510460 94.4
666421000 40739419132 96.8 21395242492759356 94.4
666578500 40739420732 96.8 21395243238845756 94.4
666595100 40739423032 96.8 21395244651556156 94.4
666695000 40739424732 96.8 21395245772836156 94.4
666880700 40739425032 96.8 21395245793316156 94.4
666898800 40739478832 96.8 21395319363996988 94.4
666938200 40739500432 96.8 21395331897609532 94.4
666952100 40739703732 96.8 21395552184552764 94.4
666974400 40741269032 96.8 21396787947490620 94.4
666997600 40741297432 96.8 21396814438440252 94.4
667061800 40741305632 96.8 21396819280590140 94.4
667103800 40741307832 96.8 21396819328308540 94.4
667125300 40741311032 96.8 21396824000607548 94.4
667217700 40741328832 96.8 21396843497835836 94.4
667273000 40741340632 96.8 21396850123111228 94.4
667303200 40741340832 96.8 21396850176768828 94.4
667429900 40741358832 96.8 21396867556715324 94.4
667512000 40741367232 96.8 21396876723109692 94.4
667612900 40741376432 96.8 21396881822959420 94.4
667682400 40741447232 96.8 21396950062831420 94.4
667794200 40741447432 96.8 21396950068156220 94.4
667844100 40741450932 96.8 21396950127957820 94.4
667870300 40741552932 96.8 21397016457365308 94.4
668091500 40741555932 96.8 21397020127586108 94.4
668135700 40741585832 96.8 21397060393506620 94.4
668187600 40741587532 96.8 21397061242449596 94.4
668328500 40741589232 96.8 21397062613530684 94.4
668682800 40741643832 96.8 21397127204149308 94.4
668730800 40741656632 96.8 21397134112192572 94.4
668737400 40741658932 96.8 21397136503642172 94.4
668890700 40742027532 96.8 21397393406203964 94.4
668908700 40742027632 96.8 21397393407842364 94.4
669068100 40742028232 96.8 21397393415636464 94.4
669073300 40742153732 96.8 21397555153339888 94.4
669080600 40742153832 96.8 21397555155183088 94.4
669134400 40742163832 96.8 21397559322201328 94.4
669408700 40744688732 96.9 21401276893220080 94.5
669568800 40744689332 96.9 21401277650365680 94.5
669696600 40744690332 96.9 21401278517079280 94.5
669863800 40744704332 96.9 21401289567169776 94.5
669963500 40744845132 96.9 21401407343373552 94.5
669998800 40744910532 96.9 21401468413975792 94.5
670024100 40744912232 96.9 21401468450839792 94.5
670217700 40744913132 96.9 21401468527639792 94.5
670490900 40744913232 96.9 21401468584983792 94.5
670503500 40745058232 96.9 21401561068264688 94.5
670509300 40745061532 96.9 21401563636866288 94.5
670511700 40745168132 96.9 21401630081916144 94.5
670730200 40745169032 96.9 21401631303358192 94.5
670751500 40745169832 96.9 21401631811466992 94.5
670793200 40745169932 96.9 21401631917050688 94.5
670832700 40745170532 96.9 21401632232033088 94.5
670937300 40745175032 96.9 21401635597676352 94.5
671039600 40745177532 96.9 21401635754679152 94.5
671112700 40745177732 96.9 21401635863632752 94.5
671237700 40745195632 96.9 21401647411295088 94.5
671242000 40745199032 96.9 21401647465362288 94.5
671292700 40745227832 96.9 21401681787063152 94.5
671392100 40745290732 96.9 21401728384723824 94.5
671395500 40745292032 96.9 21401728406432624 94.5
671651000 40745364632 96.9 21401834367708016 94.5
671667800 40745365932 96.9 21401834980674416 94.5
671886300 40745403632 96.9 21401885703588720 94.5
671958700 40745407232 96.9 21401888395070320 94.5
672044600 40745429132 96.9 21401929229511536 94.5
672158000 40745430532 96.9 21401930953927536 94.5
672167100 40745433332 96.9 21401932168213232 94.5
672216400 40745435132 96.9 21401933453742832 94.5
672218400 40745436632 96.9 21401933582482832 94.5
672351100 40745437832 96.9 21401933601324432 94.5
672360600 40745457532 96.9 21401945714731408 94.5
672436100 40745459032 96.9 21401946957992976 94.5
672582100 40745460632 96.9 21401946982364176 94.5
672587300 40745461232 96.9 21401946991580176 94.5
672591300 40745500132 96.9 21401989567968272 94.5
672647500 40745519132 96.9 21402006902463504 94.5
672662500 40745521132 96.9 21402007434457904 94.5
672677300 40745523332 96.9 21402009455955504 94.5
672753500 40745523632 96.9 21402009772735696 94.5
673131900 40745658932 96.9 21402120141962448 94.5
673273400 40745659932 96.9 21402120500209936 94.5
673366400 40745660532 96.9 21402120613798432 94.5
673397500 40745683732 96.9 21402134336449056 94.5
673443800 40745693032 96.9 21402141452465184 94.5
673495400 40745693532 96.9 21402141988424800 94.5
673515100 40745695232 96.9 21402142372758304 94.5
673538000 40745787132 96.9 21402213258142496 94.5
673540800 40745789732 96.9 21402215762764064 94.5
673550900 40745792032 96.9 21402215799423264 94.5
673871700 40745794732 96.9 21402220190540064 94.5
673940200 40745794832 96.9 21402220234981664 94.5
674066600 40745796532 96.9 21402220261196064 94.5
674073100 40745800032 96.9 21402221868261664 94.5
674084400 40745800132 96.9 21402221889356064 94.5
674103800 40745855632 96.9 21402278493954336 94.5
674133300 40745859332 96.9 21402279818208032 94.5
674271100 40745884332 96.9 21402305943098144 94.5
674277300 40746041332 96.9 21402506336342816 94.5
674308200 40746042632 96.9 21402506461185312 94.5
674559000 40746044932 96.9 21402506890377920 94.5
674575700 40746047332 96.9 21402506929289920 94.5
674584200 40746047732 96.9 21402507073048016 94.5
674610400 40746048432 96.9 21402507258643824 94.5
674742600 40746135132 96.9 21402564434003312 94.5
674773800 40746186232 96.9 21402625873679728 94.5
674987300 40746189032 96.9 21402627267390960 94.5
675368300 40746221032 96.9 21402648170157552 94.5
675441100 40746221932 96.9 21402649524024944 94.5
675448900 40746241032 96.9 21402668265062000 94.5
675473000 40746297732 96.9 21402705134300784 94.5
675565100 40746350232 96.9 21402761656745584 94.5
675567900 40746350732 96.9 21402762085119792 94.5
675583900 40746351132 96.9 21402762543986800 94.5
675600100 40746352532 96.9 21402762565093000 94.5
675605900 40746353832 96.9 21402763587350600 94.5
675663000 40746355232 96.9 21402763610708900 94.5
675702300 40746400232 96.9 21402830993308580 94.5
675780900 40746400632 96.9 21402831025269280 94.5
675799200 40746401632 96.9 21402832163138080 94.5
675831800 40746491432 96.9 21402948448561696 94.5
675859700 40746502132 96.9 21402956080632352 94.5
676176100 40746519532 96.9 21402980966916640 94.5
676372400 40746519932 96.9 21402980973879840 94.5
676377900 40746520632 96.9 21402980985143840 94.5
676379800 40746523032 96.9 21402981750148128 94.5
676389400 40746527332 96.9 21402983322656160 94.5
676396500 40746532332 96.9 21402987859356576 94.5
676409600 40746538032 96.9 21402988476058592 94.5
676483000 40746538632 96.9 21402988485888992 94.5
676500400 40746540232 96.9 21402989513370592 94.5
676576600 40746558832 96.9 21403002432649184 94.5
676611400 40746559432 96.9 21403003041306464 94.5
676717500 40746562332 96.9 21403004511898208 94.5
676938700 40746568232 96.9 21403009966500448 94.5
677045500 40746569632 96.9 21403010421524832 94.5
677050700 40746578032 96.9 21403014205414240 94.5
677095000 40746578932 96.9 21403014389688032 94.5
677159600 40746581132 96.9 21403015085598432 94.5
677229400 40746594432 96.9 21403020193838304 94.5
677371600 40746631632 96.9 21403064282461408 94.5
677390700 40746631832 96.9 21403064389492912 94.5
677533600 40746635332 96.9 21403065359437232 94.5
677556700 40746818532 96.9 21403286663957936 94.5
677596300 40746820832 96.9 21403288518384816 94.5
677608700 40746821432 96.9 21403288658317712 94.5
677690500 40746824132 96.9 21403288700506512 94.5
677694600 40746824232 96.9 21403288806100208 94.5
677703200 40746824932 96.9 21403288817364208 94.5
677708800 40746869332 96.9 21403353434467568 94.5
677982500 40746870932 96.9 21403354083197936 94.5
678025700 40746871832 96.9 21403354097738736 94.5
678034900 40746875532 96.9 21403354466184752 94.5
678236900 40746887032 96.9 21403362783469104 94.5
678341800 40746887232 96.9 21403362789817904 94.5
678367900 40746887432 96.9 21403363001013104 94.5
678373400 40746990332 96.9 21403464542819184 94.5
678451900 40746991232 96.9 21403465684374384 94.5
678616000 40746991732 96.9 21403466634149360 94.5
678620500 40746994932 96.9 21403466684325360 94.5
678719300 40749740232 96.9 21405968186105328 94.5
678747000 40749741932 96.9 21405969144569328 94.5
678896900 40749793632 96.9 21406035538423280 94.5
679265000 40749793832 96.9 21406035647298576 94.5
679445900 40749795132 96.9 21406036196614160 94.5
679523400 40749826632 96.9 21406055229663248 94.5
679526300 40752472932 96.9 21409945547024400 94.5
679602300 40752532532 96.9 21409990298048528 94.5
679653700 40752534532 96.9 21409992831523856 94.5
679704300 40752538332 96.9 21409997505113104 94.5
679737700 40754741032 96.9 21415953232768016 94.5
679814000 40754742032 96.9 21415954763443216 94.5
679845800 40754819232 96.9 21416080610020368 94.5
679935200 40754822832 96.9 21416083529635600 94.5
679992300 40754822932 96.9 21416083534550800 94.5
679994600 40754978232 96.9 21416290455344912 94.5
680132900 40755376832 96.9 21416727215757072 94.5
680143500 40755379832 96.9 21416727504320272 94.5
680202700 40755380532 96.9 21416727515584272 94.5
680203700 40755392632 96.9 21416737536448272 94.5
680208600 40755396432 96.9 21416738031504080 94.5
680256400 40755429632 96.9 21416764319660752 94.5
680629100 40755430532 96.9 21416766168799952 94.5
680640400 40755571532 96.9 21416903505369808 94.5
680776000 40755571932 96.9 21416903726534608 94.5
680815400 40755581132 96.9 21416920680877008 94.5
680840100 40755582732 96.9 21416921705491408 94.5
680874300 40755583332 96.9 21416921837195008 94.5
680879800 40755583932 96.9 21416921850097408 94.5
680899500 40755585132 96.9 21416923265265408 94.5
681026400 40755596632 96.9 21416928910469888 94.5
681118700 40755605332 96.9 21416933133270016 94.5
681813000 40755626832 96.9 21416954078319616 94.5
681908300 40755674532 96.9 21417004741190656 94.5
681991500 40759246632 96.9 21418270779532288 94.5
682010300 40759247332 96.9 21418271383090496 94.5
682063400 40759248832 96.9 21418271595195296 94.5
682151300 40759250332 96.9 21418271948495520 94.5
682155800 40759253432 96.9 21418273698716320 94.5
682160600 40759254632 96.9 21418273813483320 94.5
682354900 40759254932 96.9 21418273993912120 94.5
682430900 40759256532 96.9 21418274278030808 94.5
682493200 40759634032 96.9 21418567569554904 94.5
682515700 40759647132 96.9 21418578308999640 94.5
682568900 40759651832 96.9 21418579397306840 94.5
682893800 40759653832 96.9 21418580639755480 94.5
683316000 40759654932 96.9 21418580940124888 94.5
683349900 40759691332 96.9 21418613207833304 94.5
683400800 40759700732 96.9 21418625129691864 94.5
683468200 40759874032 96.9 21418748705143512 94.5
683515900 40759965732 96.9 21418855264975576 94.5
683520900 40759971332 96.9 21418855353449176 94.5
683581000 40759972232 96.9 21418855498242776 94.5
683717000 40759972732 96.9 21418855903541976 94.5
683965600 40759973732 96.9 21418857664207576 94.5
683967400 40759974832 96.9 21418858992540376 94.5
683991100 40760016432 96.9 21418912861747928 94.5
684062700 40760055632 96.9 21418951584746200 94.5
684065900 40760057432 96.9 21418951717579304 94.5
684156400 40760060032 96.9 21418951758129704 94.5
684166000 40760071832 96.9 21418963497727528 94.5
684254200 40760072432 96.9 21418963507353128 94.5
684258800 40760074932 96.9 21418964766668328 94.5
684262300 40760078032 96.9 21418964816229928 94.5
684263400 40760080532 96.9 21418968118220328 94.5
684267700 40760082232 96.9 21418968473380936 94.5
684268300 40760086132 96.9 21418968533604236 94.5
684305000 40760099832 96.9 21418974396076940 94.5
684327600 40760248232 96.9 21419117934285708 94.5
684415400 40762217632 96.9 21420588031677324 94.6
684455300 40762221132 96.9 21420590761634700 94.6
684489500 40763695532 96.9 21421672171105164 94.6
684537200 40763697232 96.9 21421673747778188 94.6
684544700 40763698732 96.9 21421673771944588 94.6
684789500 40763766032 96.9 21421763693513356 94.6
684972300 40763790332 96.9 21421780938132108 94.6
685001400 40763988832 96.9 21422026756819596 94.6
685036900 40764003732 96.9 21422038882230924 94.6
685255100 40764004232 96.9 21422038890832524 94.6
685277200 40764014032 96.9 21422046134099084 94.6
685295500 40764014932 96.9 21422047585003404 94.6
685373700 40764035632 96.9 21422074277552012 94.6
685394300 40764115932 96.9 21422207416573836 94.6
685510800 40764143532 96.9 21422230937407372 94.6
685531600 40764185232 96.9 21422249631655820 94.6
685697900 40764190532 96.9 21422254216589708 94.6
685833800 40764190832 96.9 21422254266894108 94.6
685848200 40764193032 96.9 21422254416715404 94.6
685974300 40764194232 96.9 21422254541356300 94.6
686025300 40764208132 96.9 21422266231981324 94.6
686071000 40764210532 96.9 21422267818919308 94.6
686088600 40764211032 96.9 21422267969647212 94.6
686097300 40764212032 96.9 21422269392406892 94.6
686125800 40764212532 96.9 21422270169593004 94.6
686203600 40764212932 96.9 21422270618643596 94.6
686273000 40764214532 96.9 21422272499936396 94.6
686300400 40764217132 96.9 21422273100759116 94.6
686385200 40764219132 96.9 21422275099402316 94.6
686443300 40764228632 96.9 21422281064816716 94.6
686449100 40764233332 96.9 21422282280611276 94.6
686460100 40764233632 96.9 21422282380553676 94.6
686678000 40764239132 96.9 21422286430560716 94.6
686723100 40764242932 96.9 21422286699053516 94.6
686836900 40764249932 96.9 21422288125555404 94.6
686860000 40764268932 96.9 21422291689480140 94.6
686876100 40764272732 96.9 21422296275566540 94.6
686893600 40764273032 96.9 21422296904017932 94.6
686897600 40764277432 96.9 21422296974469132 94.6
686914400 40764281132 96.9 21422298254878732 94.6
687202500 40764285732 96.9 21422299567646732 94.6
687215200 40764287832 96.9 21422300771583628 94.6
687322900 40764479032 96.9 21422508398560908 94.6
687380400 40764480632 96.9 21422509144073612 94.6
687388800 40764480832 96.9 21422509301974412 94.6
687401200 40764566832 96.9 21422574177576332 94.6
687554200 40764566932 96.9 21422574283171132 94.6
687631500 40764568632 96.9 21422576087475516 94.6
687751900 40764571932 96.9 21422576893158716 94.6
688037300 40764572232 96.9 21422577452262716 94.6
688197700 40764587432 96.9 21422587942159676 94.6
688230900 40764754432 96.9 21422754454062396 94.6
688251500 40764756532 96.9 21422755451643196 94.6
688257100 40764832332 96.9 21422797478098236 94.6
688378100 40764834532 96.9 21422798101590716 94.6
688385700 40764835132 96.9 21422798235461020 94.6
688530400 40764835432 96.9 21422798682539420 94.6
688554400 40764859532 96.9 21422810048107932 94.6
688640500 40765186532 96.9 21423042980910492 94.6
688753400 40765187932 96.9 21423043969275292 94.6
688868500 40765191632 96.9 21423044133052892 94.6
689034300 40765193332 96.9 21423044732502492 94.6
689076400 40765389532 96.9 21423154348466652 94.6
689195100 40765533332 96.9 21423218194907612 94.6
689200500 40765535832 96.9 21423218235662812 94.6
689288100 40765537432 96.9 21423219065354716 94.6
689669700 40765667632 96.9 21423312675690972 94.6
689777800 40765669232 96.9 21423313149802972 94.6
689785200 40765672632 96.9 21423314757073372 94.6
689797400 40765714732 96.9 21423341923774940 94.6
689929500 40765716732 96.9 21423342921686940 94.6
689995000 40765718432 96.9 21423343561277340 94.6
690001000 40765719132 96.9 21423343571722140 94.6
690073900 40765719332 96.9 21423343833449148 94.6
690242200 40765720432 96.9 21423344041470556 94.6
690274400 40765722332 96.9 21423344507160028 94.6
690396100 40765758632 96.9 21423372859907548 94.6
690507600 40765758932 96.9 21423373176703548 94.6
690578500 40765968932 96.9 21423704572037692 94.6
690778600 40765970332 96.9 21423705264449980 94.6
690788900 40768118432 96.9 21431043229706684 94.6
691004900 40768120232 96.9 21431044259780092 94.6
691074100 40768128632 96.9 21431050043332092 94.6
691074200 40768128932 96.9 21431050278894300 94.6
691079900 40768132332 96.9 21431050334395100 94.6
691091500 40768137332 96.9 21431050844082332 94.6
691220200 40768163132 96.9 21431070653690012 94.6
691402600 40768168032 96.9 21431075663968412 94.6
691751300 40768251832 96.9 21431127784327324 94.6
691878700 40768253032 96.9 21431128214446812 94.6
692255200 40768255232 96.9 21431129441813212 94.6
692259000 40768256332 96.9 21431129457992412 94.6
692289700 40768256432 96.9 21431129563590508 94.6
692303200 40768344932 96.9 21431214679486316 94.6
692338600 40768356532 96.9 21431216285526252 94.6
692472000 40768357832 96.9 21431216532539052 94.6
692674200 40768365632 96.9 21431222732327596 94.6
692870300 40768438332 96.9 21431273949039276 94.6
692890800 40768438832 96.9 21431274224202476 94.6
692925100 40768438932 96.9 21431275024151276 94.6
693308800 40768460532 96.9 21431296975338220 94.6
693349000 40768468632 96.9 21431301643139820 94.6
693369700 40768502932 96.9 21431332629617388 94.6
693445300 40768541532 96.9 21431365360204524 94.6
693665600 40768541632 96.9 21431365779634924 94.6
693960100 40768789332 96.9 21431516414868204 94.6
694121000 40768793332 96.9 21431516689559084 94.6
694272400 40768813632 96.9 21431542267827756 94.6
694484900 40768813732 96.9 21431542594278956 94.6
694544700 40768856032 96.9 21431625273890348 94.6
694615700 40768859632 96.9 21431625330427148 94.6
694621800 40768859932 96.9 21431625464775948 94.6
694626700 40772044532 96.9 21434095332328716 94.6
694626800 40774785032 96.9 21436642732901644 94.6
694874700 40774786732 96.9 21436643935684108 94.6
694917800 40774789132 96.9 21436644182311916 94.6
694939700 40774791332 96.9 21436644376871916 94.6
694955500 40774791832 96.9 21436644420289516 94.6
695063100 40774848332 96.9 21436683470963692 94.6
695072200 40774876932 96.9 21436724438823916 94.6
695467300 40774881232 96.9 21436726700840684 94.6
695738200 40774981632 96.9 21436819817043692 94.6
695749400 40774984132 96.9 21436820394018604 94.6
695858700 40775114432 96.9 21436939032094508 94.6
695999100 40775116732 96.9 21436939767946220 94.6
696070600 40775117532 96.9 21436940446653420 94.6
696097900 40775118132 96.9 21436940779658220 94.6
696334400 40775122132 96.9 21436942556689388 94.6
696514400 40775148732 96.9 21436955511434220 94.6
696578700 40775150332 96.9 21436955643067724 94.6
696744700 40775153932 96.9 21436956317880524 94.6
696796500 40775155432 96.9 21436957092484684 94.6
696952400 40775155532 96.9 21436957198086188 94.6
697134600 40775221832 96.9 21437039110238252 94.6
697253300 40775264332 96.9 21437065294438444 94.6
697335000 40775269532 96.9 21437068292969772 94.6
697422400 40775276732 96.9 21437068879323884 94.6
697644500 40775285032 96.9 21437069010009580 94.6
697807100 40775443032 96.9 21437198420180460 94.6
697847800 40775598032 96.9 21437325199891948 94.6
697896800 40775600832 96.9 21437327484845548 94.6
697920700 40776021432 96.9 21437821525949932 94.6
698014800 40776024132 96.9 21437824764443628 94.6
698031900 40776025532 96.9 21437824788610028 94.6
698209600 40776026132 96.9 21437826053490156 94.6
698587000 40776049432 96.9 21437842928778732 94.6
698796600 40776051032 96.9 21437844292799212 94.6
698802000 40776057132 96.9 21437844384367916 94.6
698886000 40776101832 96.9 21437877123460396 94.6
698952100 40776103132 96.9 21437877393697708 94.6
698969300 40776104132 96.9 21437877408443308 94.6
699077400 40776105732 96.9 21437879072032428 94.6
699205900 40776109232 96.9 21437879351939724 94.6
699382500 40776110332 96.9 21437880575527180 94.6
699392000 40776113032 96.9 21437880618739980 94.6
699408800 40776115332 96.9 21437881159014668 94.6
699472200 40776115632 96.9 21437881426805372 94.6
699691000 40776140232 96.9 21437908584923772 94.6
699715400 40776145032 96.9 21437914690626172 94.6
699775000 40776145132 96.9 21437914796223172 94.6
699809600 40776195632 96.9 21437946387339972 94.6
700072600 40776219332 96.9 21437980989545156 94.6
700104000 40776221732 96.9 21437981610498756 94.6
700133700 40776227432 96.9 21437985893194948 94.6
700168300 40776281032 96.9 21438021728816324 94.6
700372300 40776283432 96.9 21438023138706500 94.6
700780500 40776286332 96.9 21438024762762820 94.6
700817400 40776287932 96.9 21438024788567620 94.6
700828900 40776288432 96.9 21438025316497604 94.6
700975700 40776288532 96.9 21438025422094404 94.6
700976000 40776290132 96.9 21438025447694404 94.6
700980100 40776293332 96.9 21438025499508804 94.6
701084700 40776294732 96.9 21438026475860996 94.6
701381100 40776296232 96.9 21438026604398692 94.6
701868900 40776301832 96.9 21438033296310884 94.6
701915100 40776303132 96.9 21438034412500068 94.6
701972900 40776305532 96.9 21438035032634468 94.6
701983400 40776321932 96.9 21438042315698788 94.6
702253000 40776323532 96.9 21438042574939988 94.6
702288400 40776323632 96.9 21438043150632788 94.6
702311700 40776396032 96.9 21438136501110612 94.6
702362700 40776402432 96.9 21438142768411988 94.6
702393800 40779630932 96.9 21442941079975252 94.6
702398000 40779635732 96.9 21442941157605852 94.6
702423500 40779661532 96.9 21442957941068252 94.6
702600800 40779666032 96.9 21442961734895324 94.6
702749200 40779672632 96.9 21442964390155228 94.6
702896100 40779676032 96.9 21442965917348828 94.6
702915300 40779835832 96.9 21443245060764636 94.7
703155600 40780350832 96.9 21443597917631452 94.7
703199700 40780366332 96.9 21443609845652444 94.7
703298100 40780366832 96.9 21443610049018844 94.7
703370700 40783456832 96.9 21444772725029852 94.7
703442700 40783514432 96.9 21444812665232348 94.7
703455900 40783515132 96.9 21444813689626716 94.7
703688200 40783634632 96.9 21444914899558492 94.7
703776900 40783638132 96.9 21444916700075868 94.7
703950600 40783647032 96.9 21444916839362876 94.7
703955200 40783778232 96.9 21445021875499324 94.7
704352700 40783781932 96.9 21445024318955836 94.7
704454700 40783783032 96.9 21445025505264188 94.7
704504500 40783841932 96.9 21445038246815292 94.7
704603300 40783902832 96.9 21445093533013564 94.7
704893600 40783905532 96.9 21445094154886460 94.7
704959300 40783914032 96.9 21445103728500028 94.7
704984200 40784526532 97.0 21445602762628412 94.7
705154500 40784526832 97.0 21445603238993212 94.7
705315600 40784527932 97.0 21445603360740908 94.7
705352200 40784528132 97.0 21445603888349516 94.7
705369300 40784577332 97.0 21445638885765452 94.7
705381900 40784578032 97.0 21445639821291852 94.7
705533100 40784770132 97.0 21445839156212044 94.7
705809500 40784771532 97.0 21445839526813324 94.7
706082700 40784771632 97.0 21445839632397724 94.7
706114400 40784775632 97.0 21445843044373916 94.7
706116200 40784785632 97.0 21445851396969884 94.7
706189000 40784785932 97.0 21445852346613404 94.7
706464900 40784913232 97.0 21445927879491228 94.7
706478800 40784931232 97.0 21445951206418076 94.7
706567600 40784934632 97.0 21445953150926236 94.7
706600000 40784935732 97.0 21445955670477724 94.7
706650200 40784948432 97.0 21445967147338652 94.7
706798200 40784951732 97.0 21445970281508252 94.7
706849400 40785117932 97.0 21446082294820252 94.7
706882400 40785118032 97.0 21446082299121052 94.7
706954800 40785136632 97.0 21446086661276060 94.7
706986300 40785184432 97.0 21446130508198300 94.7
706990600 40785196332 97.0 21446130696215500 94.7
707145000 40785201132 97.0 21446139586387916 94.7
707245700 40785270132 97.0 21446182690037708 94.7
707250800 40785271632 97.0 21446182714613708 94.7
707273200 40785287032 97.0 21446193258456012 94.7
707344600 40785409032 97.0 21446289601274828 94.7
707364900 40785410932 97.0 21446291479290828 94.7
707390700 40785411132 97.0 21446291482567628 94.7
707397300 40785422532 97.0 21446295507547852 94.7
707403200 40785434332 97.0 21446296152246540 94.7
707404300 40785441532 97.0 21446296266524940 94.7
707456100 40785443632 97.0 21446296322435340 94.7
707533200 40785445632 97.0 21446296353576040 94.7
707539200 40785445932 97.0 21446296855363624 94.7
707787300 40785472632 97.0 21446315252879400 94.7
707787500 40785563632 97.0 21446375696969768 94.7
707963800 40785565932 97.0 21446376123065256 94.7
708025400 40785581332 97.0 21446384818780072 94.7
708140800 40785584332 97.0 21446384990027368 94.7
708167500 40785585232 97.0 21446385004568168 94.7
708174000 40785592732 97.0 21446385512349576 94.7
708248100 40785602232 97.0 21446394580187016 94.7
708293400 40785641732 97.0 21446427581228936 94.7
708326200 40785641832 97.0 21446427584505736 94.7
708428400 40785801132 97.0 21446543473084296 94.7
708433500 40785801632 97.0 21446543562557000 94.7
708513300 40785801832 97.0 21446543573001800 94.7
708549900 40785802032 97.0 21446543784189896 94.7
708638800 40785819932 97.0 21446557416654792 94.7
708652800 40785822032 97.0 21446559763253192 94.7
708654300 40785823032 97.0 21446560983514824 94.7
708760700 40785842632 97.0 21446575844512456 94.7
708882500 40785843432 97.0 21446577655688392 94.7
708886300 40785845632 97.0 21446577780429792 94.7
708976800 40785848932 97.0 21446580871677920 94.7
709076000 40785858932 97.0 21446590021656544 94.7
709085000 40785862332 97.0 21446590406078240 94.7
709109800 40785863132 97.0 21446591119511520 94.7
709185500 40785863232 97.0 21446591225106320 94.7
709197500 40785877032 97.0 21446600107450256 94.7
709232100 40785880832 97.0 21446602401843088 94.7
709252600 40785881232 97.0 21446602456115088 94.7
709256500 40785893932 97.0 21446612337726352 94.7
709270200 40785894232 97.0 21446612473837056 94.7
709304200 40785900532 97.0 21446619434152448 94.7
709381400 40785901832 97.0 21446619454018048 94.7
709385700 40786293232 97.0 21447092186190336 94.7
709391600 40786293332 97.0 21447092397748736 94.7
709499600 40786308832 97.0 21447106697524736 94.7
709618300 40786311532 97.0 21447106950563440 94.7
709729400 40786313932 97.0 21447106990499440 94.7
709737300 40786314332 97.0 21447106996029040 94.7
709738800 40786314532 97.0 21447107026357440 94.7
709766500 40786319632 97.0 21447108302940736 94.7
709936000 40786322332 97.0 21447108449072432 94.7
709968600 40786322832 97.0 21447109662914864 94.7
710109600 40786324232 97.0 21447110563625264 94.7
710133900 40786369632 97.0 21447145504659760 94.7
710179700 40786550832 97.0 21447460019001648 94.7
710187900 40786552132 97.0 21447460040300848 94.7
710255100 40786554632 97.0 21447460751776048 94.7
710278400 40786557832 97.0 21447462385612080 94.7
710372100 40786558232 97.0 21447462643864880 94.7
710532000 40786561132 97.0 21447462794092976 94.7
710561500 40786563232 97.0 21447463702097264 94.7
710604800 40789155032 97.0 21449292823522672 94.7
710618700 40789157732 97.0 21449293195695088 94.7
710673400 40789158532 97.0 21449293629583792 94.7
710684100 40789158632 97.0 21449293735180392 94.7
710697000 40789207232 97.0 21449322836027496 94.7
710713300 40789210232 97.0 21449325764257896 94.7
710735400 40789212932 97.0 21449325807061096 94.7
710742400 40789274432 97.0 21449373405198440 94.7
710801900 40789276932 97.0 21449376017832040 94.7
710809900 40789278632 97.0 21449377372788840 94.7
710860700 40789278932 97.0 21449377734875240 94.7
710935400 40789283232 97.0 21449379007061736 94.7
710949000 40789285132 97.0 21449380007161640 94.7
710957500 40789286532 97.0 21449380134258640 94.7
710981100 40789287532 97.0 21449380253174544 94.7
711042200 40789288832 97.0 21449380987382544 94.7
711102600 40789304732 97.0 21449391800283920 94.7
711261500 40789304932 97.0 21449392011455520 94.7
711326000 40789316632 97.0 21449397362202656 94.7
711405400 40789317932 97.0 21449398234328224 94.7
711421200 40789320032 97.0 21449399410716064 94.7
711432600 40789321632 97.0 21449400377780896 94.7
711646000 40789322132 97.0 21449400442702496 94.7
711653100 40789328632 97.0 21449406828366496 94.7
711654600 40789416332 97.0 21449463350409888 94.7
711784400 40789430932 97.0 21449466722359456 94.7
711806800 40789444432 97.0 21449477453982880 94.7
711939800 40789446132 97.0 21449478103563104 94.7
711976600 40789487632 97.0 21449494164396896 94.7
712075300 40789488832 97.0 21449494748635424 94.7
712090300 40789489432 97.0 21449495121936608 94.7
712103700 40789491532 97.0 21449495703376032 94.7
712251700 40789500332 97.0 21449496475007136 94.7
712279800 40789545932 97.0 21449506982338720 94.7
712315700 40789546332 97.0 21449507216349424 94.7
712466100 40789548632 97.0 21449507713399024 94.7
712607500 40789572632 97.0 21449523191213296 94.7
712798400 40789573732 97.0 21449523376773600 94.7
712887900 40789573832 97.0 21449523482367104 94.7
713121100 40789584032 97.0 21449536491712640 94.7
713441900 40789584232 97.0 21449536849416032 94.7
713481900 40789606332 97.0 21449557579022176 94.7
713608400 40789606632 97.0 21449557895810976 94.7
714016100 40789658032 97.0 21449604839247776 94.7
714175800 40789763432 97.0 21449677668913056 94.7
714178100 40789774932 97.0 21449681446124960 94.7
714360100 40790260332 97.0 21450262107274656 94.7
714537900 40790264132 97.0 21450266105097376 94.7
714684800 40790266832 97.0 21450267224524832 94.7
714859200 40790267232 97.0 21450267358179232 94.7
715362200 40790267632 97.0 21450268097957344 94.7
715373100 40790272132 97.0 21450268582923744 94.7
715668500 40790273332 97.0 21450268706134744 94.7
715916600 40790291332 97.0 21450276750621400 94.7
716150400 40790291632 97.0 21450277000979000 94.7
716187500 40790686032 97.0 21451003034346040 94.7
716214500 40790695132 97.0 21451008094534712 94.7
716345400 40790695332 97.0 21451008336731112 94.7
716401600 40790698132 97.0 21451011379854312 94.7
716489400 40790698832 97.0 21451012237556712 94.7
716718900 40790699832 97.0 21451013006171112 94.7
716897900 40790701632 97.0 21451014109410536 94.7
716985400 40790701732 97.0 21451014124360936 94.7
717037500 40790703632 97.0 21451014396367944 94.7
717200400 40793145432 97.0 21459412133794888 94.7
717272400 40793147032 97.0 21459412263975088 94.7
717455000 40793147132 97.0 21459412268890288 94.7
717776400 40793151432 97.0 21459413083391408 94.7
717834200 40793152432 97.0 21459413098956208 94.7
717841600 40793153132 97.0 21459413299312416 94.7
717937000 40793161032 97.0 21459418358395168 94.7
717968000 40793161732 97.0 21459418772397280 94.7
718240000 40795356032 97.0 21461128866028768 94.7
718290400 40795356532 97.0 21461129817324768 94.7
718406200 40795358332 97.0 21461129926714064 94.7
718429100 40795363232 97.0 21461131090574544 94.7
719134700 40795368232 97.0 21461131287108336 94.7
719140200 40795369432 97.0 21461131306359536 94.7
719172600 40795370332 97.0 21461131521604336 94.7
719452400 40795372032 97.0 21461134261336048 94.7
719501600 40795403632 97.0 21461156698052592 94.7
719590600 40795403732 97.0 21461156843460592 94.7
719688800 40795614432 97.0 21461303545403376 94.7
719732900 40795615432 97.0 21461304862267376 94.7
720121600 40795615532 97.0 21461304982075376 94.7
720389400 40795616432 97.0 21461305600161776 94.7
720415100 40795616632 97.0 21461305905313776 94.7
720739200 40795705232 97.0 21461448689432560 94.7
720897500 40795710932 97.0 21461454602213360 94.7
721196900 40795725732 97.0 21461466201546736 94.7
721396200 40795727732 97.0 21461466709510832 94.7
721522200 40795728732 97.0 21461466725690032 94.7
721526600 40795735432 97.0 21461473104390832 94.7
721547500 40795784532 97.0 21461508760668848 94.7
721722800 40795786032 97.0 21461509527809840 94.7
721903200 40795786632 97.0 21461509562315840 94.7
721987700 40795830432 97.0 21461571026138176 94.7
722096900 40795832932 97.0 21461575662605376 94.7
722329000 40795842632 97.0 21461581235084864 94.7
722332900 40795846032 97.0 21461583590899264 94.7
722602100 40795882332 97.0 21461626887269952 94.7
722678600 40795882532 97.0 21461627203481152 94.7
722721200 40795882632 97.0 21461627309074656 94.7
722877800 40796018232 97.0 21461718493112544 94.7
723010600 40796020732 97.0 21461718983941440 94.7
723203100 40796021332 97.0 21461720103426880 94.7
723227400 40796043232 97.0 21461737717017408 94.7
723229200 40796044132 97.0 21461737849534208 94.7
723483900 40796124932 97.0 21461801467283200 94.7
723547100 40796126532 97.0 21461801668208496 94.7
723547300 40796137232 97.0 21461813293647728 94.7
723600700 40796150232 97.0 21461815866157168 94.7
723647100 40796153232 97.0 21461819658233968 94.7
723707500 40796154032 97.0 21461820919063280 94.7
723729400 40796169132 97.0 21461831815849712 94.7
723935800 40796187132 97.0 21461850592753392 94.7
723998900 40796187832 97.0 21461851531966192 94.7
724027600 40798149732 97.0 21463203668227824 94.7
724167000 40798150132 97.0 21463203920336624 94.7
724178400 40798152232 97.0 21463205286967024 94.7
724398700 40798152932 97.0 21463205298435824 94.7
724399900 40798153932 97.0 21463205558736624 94.7
724404300 40798154232 97.0 21463205563856624 94.7
724492600 40798157732 97.0 21463207242662128 94.7
724755900 40798183032 97.0 21463221064203504 94.7
724757600 40798230032 97.0 21463251143062768 94.7
724795800 40798270332 97.0 21463288243111152 94.7
725074400 40798271532 97.0 21463288262157552 94.7
725075400 40798469832 97.0 21463533834069232 94.7
725082800 40798476532 97.0 21463533940167136 94.7
725265500 40798477232 97.0 21463533951431136 94.7
725271900 40798509632 97.0 21463557220700640 94.7
725276900 40798510432 97.0 21463557233193440 94.7
725388400 40798515432 97.0 21463559827133408 94.7
725451600 40798515932 97.0 21463560757949408 94.7
725459400 40798518632 97.0 21463563017303008 94.7
725487200 40798519532 97.0 21463563457430112 94.7
725690700 40798520632 97.0 21463563475452512 94.7
725698800 40798521432 97.0 21463563515463512 94.7
725790600 40798526832 97.0 21463567376271704 94.7
725824700 40798532032 97.0 21463568401167704 94.7
726011400 40798534332 97.0 21463569362703704 94.7
726265700 40798563132 97.0 21463623448196440 94.7
726266100 40798566032 97.0 21463626207796056 94.7
726346900 40798625332 97.0 21463664639052632 94.7
726376600 40798629232 97.0 21463665729462872 94.7
726663300 40802415632 97.0 21467047004332632 94.8
726959200 40802416932 97.0 21467047250297432 94.8
727403900 40802425532 97.0 21467056276489816 94.8
727483200 40802426632 97.0 21467056294307416 94.8
727487700 40802428932 97.0 21467056388310616 94.8
727488200 40802430532 97.0 21467057243271640 94.8
727493100 40802431332 97.0 21467057255969240 94.8
727510500 40802433432 97.0 21467060539322840 94.8
727899300 40802687932 97.0 21467318611489240 94.8
727903200 40802723132 97.0 21467339363803608 94.8
728167900 40802723532 97.0 21467339788271512 94.8
728295800 40802724732 97.0 21467341272374424 94.8
728441900 40804428032 97.0 21468510324907160 94.8
728491900 40804428132 97.0 21468510328183960 94.8
728720800 40804429832 97.0 21468510569028760 94.8
728810300 40804432132 97.0 21468511078317560 94.8
728886900 40804436832 97.0 21468514424847864 94.8
729157500 40804437832 97.0 21468514439388664 94.8
729166900 40804524132 97.0 21468618129530360 94.8
729195000 40804554632 97.0 21468639559073272 94.8
729389200 40809035232 97.0 21470320504651256 94.8
729394400 40809035832 97.0 21470320702488056 94.8
729486100 40809041132 97.0 21470323026644984 94.8
729881000 40809048532 97.0 21470327089489400 94.8
729972400 40809057232 97.0 21470334548919800 94.8
730186800 40809112032 97.0 21470382387840504 94.8
730509100 40809181832 97.0 21470438916236792 94.8
730822900 40809183132 97.0 21470440003724792 94.8
730879400 40809185232 97.0 21470441396916856 94.8
730962000 40809186732 97.0 21470441528318360 94.8
731057200 40809186832 97.0 21470441633907256 94.8
731064000 40809285132 97.0 21470516868096568 94.8
731371000 40809287132 97.0 21470517243699768 94.8
731490300 40809291532 97.0 21470517514346552 94.8
731572500 40810107632 97.0 21471070519369784 94.8
731580300 40810108732 97.0 21471072485734200 94.8
731609600 40810110132 97.0 21471072507852600 94.8
731613900 40810326232 97.0 21471257081837368 94.8
731619700 40810926432 97.0 21471960022808376 94.8
731810100 40810927432 97.0 21471960584492280 94.8
731847000 40811069732 97.0 21472066063848696 94.8
731915000 40811070832 97.0 21472066081051896 94.8
731917900 40811087432 97.0 21472069211377656 94.8
731922300 40811091032 97.0 21472069275286756 94.8
731989100 40811091832 97.0 21472069287779556 94.8
732001600 40811094532 97.0 21472069909979044 94.8
732059700 40811120032 97.0 21472087972499364 94.8
732136000 40811120332 97.0 21472087985196964 94.8
732424900 40811121532 97.0 21472088004857764 94.8
732433300 40811121732 97.0 21472088598894244 94.8
732577600 40811144732 97.0 21472104569454244 94.8
732747300 40811144832 97.0 21472104714862244 94.8
732818000 40811159132 97.0 21472111152536740 94.8
733074100 40811202132 97.0 21472147512736932 94.8
733276100 40811202232 97.0 21472147618331636 94.8
733375900 40811204032 97.0 21472147681622136 94.8
733918700 40811204432 97.0 21472148376098936 94.8
734003100 40811211032 97.0 21472159337227384 94.8
734065300 40811211832 97.0 21472159349515384 94.8
734070300 40811215032 97.0 21472159400931184 94.8
734097000 40811215232 97.0 21472159404207984 94.8
734103200 40811356332 97.0 21472240080228208 94.8
734140100 40811386532 97.0 21472285968600944 94.8
734301400 40811621432 97.0 21472438655569776 94.8
734400100 40811622632 97.0 21472439047119376 94.8
734407300 40811623332 97.0 21472439058588176 94.8
734427000 40811623832 97.0 21472440008040976 94.8
734549400 40811626732 97.0 21472440977092048 94.8
734612300 40811831432 97.0 21472651083017680 94.8
734680300 40814882832 97.0 21477111818120656 94.8
734800600 40814885532 97.0 21477112988143056 94.8
734822800 40814886232 97.0 21477114020130256 94.8
734851300 40814886832 97.0 21477114029960656 94.8
734859400 40814913432 97.0 21477132438031824 94.8
735055700 40814914132 97.0 21477132448886224 94.8
735060000 40814914432 97.0 21477132453596624 94.8
735061300 40814915132 97.0 21477132756990032 94.8
735245000 40814926932 97.0 21477139488724560 94.8
735402200 40814927232 97.0 21477140017722960 94.8
735435500 40814928032 97.0 21477140077934160 94.8
735551100 40814978032 97.0 21477191877035600 94.8
735645800 40814978532 97.0 21477192446839504 94.8
735665900 40814982332 97.0 21477194308676304 94.8
735799600 40814984632 97.0 21477196327542736 94.8
735867700 40814986032 97.0 21477196659915056 94.8
736003700 40814986232 97.0 21477196661963056 94.8
736008800 40814987332 97.0 21477196679371056 94.8
736093600 40814987632 97.0 21477197021611056 94.8
736127800 40814987832 97.0 21477197232802256 94.8
736160900 40814987932 97.0 21477197297723856 94.8
736237900 40814988732 97.0 21477197311240656 94.8
736244000 40815115732 97.0 21477323021208016 94.8
736328500 40815118632 97.0 21477325417163216 94.8
736528800 40815128232 97.0 21477329998648784 94.8
736646100 40815140432 97.0 21477344118257104 94.8
736843800 40815161032 97.0 21477358309440976 94.8
736844500 40815421932 97.0 21477533760601552 94.8
736849100 40815422532 97.0 21477533769203152 94.8
736852100 40815423132 97.0 21477533779033552 94.8
737038500 40815423832 97.0 21477534687852944 94.8
737122700 40815424832 97.0 21477536756867728 94.8
737137500 40815425032 97.0 21477536968056128 94.8
737158000 40815425432 97.0 21477537390458336 94.8
737166500 40815426732 97.0 21477537409709536 94.8
737171300 40815437932 97.0 21477544196447200 94.8
737171500 40815438832 97.0 21477544583724000 94.8
737185500 40815439332 97.0 21477544592325600 94.8
737191000 40815442332 97.0 21477547413571552 94.8
737214100 40815442932 97.0 21477547794089952 94.8
737247900 40815443532 97.0 21477547985294752 94.8
737263800 40815470432 97.0 21477572848715168 94.8
737334800 40815472332 97.0 21477572879844768 94.8
737506900 40815473732 97.0 21477573746763168 94.8
737532300 40815475532 97.0 21477573905687968 94.8
737539500 40815477332 97.0 21477573950948768 94.8
737739900 40815478532 97.0 21477573997822568 94.8
737781200 40815493032 97.0 21477590678998632 94.8
738021900 40815502932 97.0 21477599556464232 94.8
738278800 40815558432 97.0 21477639994216040 94.8
738282700 40815561232 97.0 21477643576433512 94.8
738410900 40815582932 97.0 21477656082708328 94.8
738476400 40815627632 97.0 21477685389979496 94.8
738519100 40815652932 97.0 21477715110303592 94.8
738533300 40815752632 97.0 21477798246373224 94.8
738560800 40815766732 97.0 21477807218308968 94.8
738627800 40815857232 97.0 21477909993723752 94.8
738645200 40815886632 97.0 21477944728856424 94.8
738683800 40815891332 97.0 21477947842021224 94.8
738751500 40815892232 97.0 21477947856562024 94.8
738756200 40815895732 97.0 21477949354673512 94.8
738830400 40815898332 97.0 21477950405092712 94.8
738961300 40815902232 97.0 21477950731965608 94.8
738986700 40815902432 97.0 21477951035191400 94.8
739038100 40815915532 97.0 21477965520189544 94.8
739051000 40815915632 97.0 21477965942177640 94.8
739063400 40815922632 97.0 21477967898207336 94.8
739160800 40815976432 97.0 21478038130484328 94.8
739202000 40815976532 97.0 21478038236086728 94.8
739332700 40816044732 97.0 21478100596429256 94.8
739451600 40816077132 97.0 21478139985637832 94.8
739475700 40816088232 97.0 21478151743154632 94.8
739507700 40816088332 97.0 21478151932594632 94.8
739531800 40816170932 97.0 21478215096310216 94.8
739777300 40816248832 97.0 21478280973711816 94.8
739803600 40816288732 97.0 21478317399439816 94.8
739877800 40816290232 97.0 21478318942931016 94.8
740008400 40816290532 97.0 21478319006402216 94.8
740042700 40816339732 97.0 21478357056525992 94.8
740162400 40816547032 97.0 21478506887059112 94.8
740264600 40816552732 97.0 21478513017477288 94.8
740285600 40816553232 97.0 21478513190328488 94.8
740390700 40816610532 97.0 21478555924711592 94.8
740457900 40816611032 97.0 21478555932698792 94.8
740470900 40816649632 97.0 21478602212731048 94.8
740504700 40816649932 97.0 21478602692167848 94.8
740517800 40816665632 97.0 21478617628765352 94.8
740609600 40816666132 97.0 21478618764374312 94.8
740619800 40816672132 97.0 21478623370121512 94.8
740696000 40816672432 97.0 21478623947692904 94.8
740750600 40816672932 97.0 21478624090976712 94.8
740757100 40816674132 97.0 21478624531706312 94.8
740758400 40816759532 97.0 21478708755755464 94.8
740768800 40816759632 97.0 21478709083435464 94.8
740809500 40816760432 97.0 21478709363304968 94.8
740821900 40816775632 97.0 21478725596796424 94.8
740827100 40816799632 97.0 21478748720154120 94.8
740884600 40816800232 97.0 21478749552870920 94.8
741024000 40816801832 97.0 21478751719450120 94.8
741132700 40816802232 97.0 21478751959475720 94.8
741139800 40816965532 97.0 21478889929041416 94.8
741182700 40816967232 97.0 21478890849346440 94.8
741186300 40816967732 97.0 21478890856924040 94.8
741192400 40816968732 97.0 21478891092878536 94.8
741194400 40816981432 97.0 21478910033425608 94.8
741249300 40816981832 97.0 21478910554027208 94.8
741280600 40818633132 97.0 21480223139050696 94.8
741356500 40818640732 97.0 21480223265002696 94.8
741366600 40818641432 97.0 21480224098035784 94.8
741416500 40818642832 97.0 21480224127117384 94.8
741417500 40818642932 97.0 21480224128346184 94.8
741426000 40818645232 97.0 21480224434191976 94.8
741438100 40818656932 97.0 21480234559912552 94.8
741475000 40818657132 97.0 21480235049384552 94.8
741481500 40818657432 97.0 21480235697576552 94.8
741533900 40818658532 97.0 21480235712731752 94.8
741538600 40818666532 97.0 21480246503729768 94.8
741547000 40818666932 97.0 21480246814272968 94.8
741642100 40818667532 97.0 21480247122292168 94.8
741659300 40818668132 97.0 21480247291047368 94.8
741678600 40818882932 97.0 21480411194240456 94.8
741696500 40818891432 97.0 21480417619194312 94.8
741713000 40818960232 97.0 21480476916924872 94.8
741803600 40818961432 97.0 21480477356016072 94.8
741810000 40818971232 97.0 21480484657197512 94.8
741823900 40818971632 97.0 21480484789826112 94.8
741927300 40818972732 97.0 21480484829966912 94.8
741944100 40818998032 97.0 21480509282441792 94.8
741950900 40818998732 97.0 21480510006409792 94.8
742014700 40819029732 97.0 21480529870703168 94.8
742033900 40819029832 97.0 21480529976297664 94.8
742051100 40819085732 97.0 21480573837281472 94.8
742056400 40819086232 97.0 21480573845473472 94.8
742060600 40819086332 97.0 21480574185646272 94.8
742070700 40819087532 97.0 21480575742251456 94.8
742071300 40819091732 97.0 21480578311564736 94.8
742111000 40819092232 97.0 21480578493951136 94.8
742117800 40819092932 97.0 21480578505419936 94.8
742177600 40819093932 97.0 21480578625575136 94.8
742194600 40819097232 97.0 21480580596750688 94.8
742261600 40819097832 97.0 21480580608014688 94.8
742432500 40819102932 97.0 21480583318950752 94.8
742640600 40820905332 97.0 21486641080914784 94.8
742713900 40820960632 97.0 21486690830586720 94.8
742993600 40820961532 97.0 21486691191179424 94.8
743154400 40820966732 97.0 21486699275092640 94.8
743188400 40821023132 97.0 21486750022632096 94.8
743210900 40821023832 97.0 21486750036148896 94.8
743215000 40821023932 97.0 21486750051918496 94.8
743223600 40821029132 97.0 21486753367074976 94.8
743224500 40821030732 97.0 21486753392276976 94.8
743231400 40821030832 97.0 21486753732859376 94.8
743237100 40821036132 97.0 21486757150866672 94.8
743376900 40821037632 97.0 21486757525773264 94.8
743393100 40821038032 97.0 21486758527040464 94.8
743464600 40821039032 97.0 21486758543424464 94.8
743470000 40821049232 97.0 21486766718174672 94.8
743549700 40821050632 97.0 21486769214755024 94.8
743574800 40821050832 97.0 21486769346646224 94.8
743715300 40821083032 97.0 21486811485245648 94.8
743726700 40821087632 97.0 21486814634244048 94.8
743787400 40821088132 97.0 21486814841009744 94.8
743788800 40821091232 97.0 21486815234002128 94.8
743796400 40821144532 97.0 21486849479005392 94.8
743849600 40821300432 97.0 21486971237766352 94.8
743935400 40821309332 97.0 21486977270493904 94.8
743949800 40821410332 97.0 21487103001400016 94.8
744011800 40821411632 97.0 21487103197260112 94.8
744105100 40821516432 97.0 21487252842654032 94.8
744145200 40821579032 97.0 21487329180313936 94.8
744164600 40821581332 97.0 21487331892414800 94.8
744170500 40821585932 97.0 21487331967166800 94.8
744222900 40823758432 97.0 21490390681446736 94.9
744357800 40823806832 97.0 21490432443271504 94.9
744396900 40825560132 97.0 21491998672669008 94.9
744398800 40825560432 97.0 21491998677993808 94.9
744405000 40825563732 97.0 21491998791067008 94.9
744428300 40825571932 97.0 21492004060522368 94.9
744469000 40825651732 97.0 21492087973988224 94.9
744484800 40825652632 97.0 21492087988324224 94.9
744576400 40825696132 97.0 21492119909130112 94.9
744588400 40825696732 97.0 21492119997603616 94.9
744590400 40825699032 97.0 21492122308157216 94.9
744635500 40825699832 97.0 21492122425018112 94.9
744646500 40825763732 97.0 21492183146555136 94.9
744649800 40825776332 97.0 21492190139208960 94.9
744651200 40825777932 97.0 21492190165013760 94.9
744653600 40825779632 97.0 21492191224557760 94.9
744659600 40825795832 97.0 21492199165173952 94.9
744662200 40825796632 97.0 21492199177871552 94.9
744670400 40825817632 97.0 21492219021867200 94.9
744806700 40825821732 97.0 21492222810872000 94.9
745033200 40825827232 97.0 21492226987936960 94.9
745080700 40825841032 97.0 21492235292128448 94.9
745360100 40825845732 97.0 21492239156834240 94.9
745392100 40825849232 97.0 21492242788347840 94.9
745443300 40825850932 97.0 21492243504043968 94.9
745492900 40825851032 97.0 21492243609638064 94.9
745499000 40825853032 97.0 21492243921753264 94.9
745561900 40825870332 97.0 21492258071461040 94.9
745848200 40825872032 97.0 21492258099928240 94.9
745854200 40825963132 97.0 21492347385806000 94.9
745862800 40825963932 97.0 21492347398503600 94.9
745868200 40826110232 97.0 21492519524498608 94.9
745924300 40826110532 97.0 21492519673593008 94.9
745978000 40826116632 97.0 21492528520291504 94.9
745999000 40828051832 97.1 21493810183464112 94.9
746069200 40828090032 97.1 21493823804223664 94.9
746194500 40828109932 97.1 21493835457835184 94.9
746198800 40828110232 97.1 21493835673943792 94.9
746247800 40828113632 97.1 21493836733644784 94.9
746259600 40828118232 97.1 21493844186765808 94.9
746317000 40828124732 97.1 21493850148698608 94.9
746349700 40828125032 97.1 21493850577152624 94.9
746425800 40828125432 97.1 21493850609101424 94.9
746443000 40828155532 97.1 21493868985764464 94.9
746494000 40828170632 97.1 21493875825067632 94.9
746521000 40828171232 97.1 21493876539614832 94.9
746525800 40828172532 97.1 21493877045266032 94.9
746587400 40828174832 97.1 21493879566396528 94.9
746633800 40828174932 97.1 21493879860079728 94.9
746674200 40828175232 97.1 21493880055458928 94.9
746710300 40828175332 97.1 21493880157244528 94.9
746904300 40828177732 97.1 21493883023010928 94.9
746994800 40828180332 97.1 21493884629462128 94.9
746996800 40828647332 97.1 21494202894658672 94.9
747043000 40828686032 97.1 21494233651813488 94.9
747204000 40828688932 97.1 21494234769926256 94.9
747246200 40828759332 97.1 21494286821701744 94.9
747256600 40828759532 97.1 21494286824978544 94.9
747263000 40828788332 97.1 21494301544493168 94.9
747287100 40828956132 97.1 21494524535320688 94.9
747288700 40828956332 97.1 21494524862524880 94.9
747349500 40829009432 97.1 21494574849232336 94.9
747358300 40829047132 97.1 21494604580064720 94.9
747465900 40829048132 97.1 21494605210234320 94.9
747511400 40829049932 97.1 21494607257210320 94.9
747522600 40829050932 97.1 21494607489248720 94.9
747568100 40829051032 97.1 21494607491911120 94.9
747637100 40829051132 97.1 21494607552327120 94.9
747665300 40829066832 97.1 21494615099198416 94.9
747671800 40829130032 97.1 21494661862484944 94.9
747744500 40829149932 97.1 21494678491323344 94.9
747751900 40829216232 97.1 21494721794952144 94.9
747783600 40829217432 97.1 21494721813384144 94.9
747797400 40829218132 97.1 21494721824238544 94.9
747801700 40829218732 97.1 21494722166243344 94.9
747833100 40829218932 97.1 21494722377438144 94.9
747955000 40829281532 97.1 21494772721877952 94.9
747972500 40829282432 97.1 21494772734985152 94.9
748089600 40829287332 97.1 21494776608081856 94.9
748107000 40831847032 97.1 21497025161873344 94.9
748111300 40831857132 97.1 21497031859819456 94.9
748150100 40831860432 97.1 21497032570680256 94.9
748170200 40834254432 97.1 21497881289667520 94.9
748359500 40834411432 97.1 21498046926287808 94.9
748448100 40834677932 97.1 21498260498461632 94.9
748451600 40834678332 97.1 21498260504605632 94.9
748463800 40834692232 97.1 21498269824716736 94.9
748494200 40834693332 97.1 21498269846835136 94.9
748672700 40834699632 97.1 21498274813019072 94.9
748716900 40834701532 97.1 21498275029902272 94.9
748739800 40834701732 97.1 21498275033179072 94.9
748752700 40834701932 97.1 21498275582452672 94.9
748813200 40834706932 97.1 21498278180235456 94.9
748845300 40834709532 97.1 21498279476741312 94.9
748865400 40834710332 97.1 21498279828792512 94.9
748918800 40834710532 97.1 21498279831864512 94.9
748930600 40834712132 97.1 21498279938770112 94.9
749114300 40834734932 97.1 21498293087122624 94.9
749138100 40834961432 97.1 21498529761768640 94.9
749175700 40835006332 97.1 21498564753675456 94.9
749272300 40835008632 97.1 21498564905369552 94.9
749294300 40835015132 97.1 21498568114361296 94.9
749358200 40835067932 97.1 21498619468489680 94.9
749622100 40835090032 97.1 21498647430751184 94.9
749761900 40835090732 97.1 21498647448978384 94.9
749990300 40835093332 97.1 21498648038802384 94.9
750053900 40835122632 97.1 21498672010021840 94.9
750111200 40835130632 97.1 21498682154724304 94.9
750251800 40835142932 97.1 21498689130091984 94.9
750264000 40835145532 97.1 21498690585305040 94.9
750277200 40835146532 97.1 21498691738041424 94.9
750294400 40835148332 97.1 21498692223622224 94.9
750383600 40835163332 97.1 21498694016910544 94.9
750394100 40835167232 97.1 21498695101384016 94.9
750408400 40835530332 97.1 21498960765584720 94.9
750525900 40835530732 97.1 21498960789751120 94.9
750543600 40835531132 97.1 21498960796304720 94.9
750553500 40835536232 97.1 21498964634337616 94.9
750683500 40835536432 97.1 21498965058806800 94.9
750693100 40835537432 97.1 21498965106538400 94.9
750819300 40835554332 97.1 21498975845587872 94.9
750889600 40835554432 97.1 21498975847226272 94.9
750908100 40835555732 97.1 21498976173882272 94.9
751236100 40835555832 97.1 21498976279482576 94.9
751239400 40835560132 97.1 21498978049372112 94.9
751385800 40835607332 97.1 21499017756803024 94.9
751550200 40835607832 97.1 21499018659806800 94.9
751779900 40835609532 97.1 21499018921746000 94.9
751818000 40835717632 97.1 21499114382859856 94.9
751869000 40835718832 97.1 21499114610013552 94.9
751876600 40835725632 97.1 21499118312422256 94.9
751911200 40835726432 97.1 21499118933019184 94.9
752088800 40835754932 97.1 21499138476788272 94.9
752099700 40835758532 97.1 21499142286649392 94.9
752114300 40835764732 97.1 21499147303319088 94.9
752287100 40835764932 97.1 21499147514514992 94.9
752364600 40835766932 97.1 21499149525362224 94.9
752498100 40835792532 97.1 21499164660693552 94.9
752675000 40835932432 97.1 21499257189603888 94.9
752683400 40835932932 97.1 21499257196157488 94.9
752689600 40835933232 97.1 21499257200867888 94.9
752706700 40835934532 97.1 21499258993891888 94.9
752792900 40835934732 97.1 21499259101130592 94.9
752803700 40835935232 97.1 21499259109117792 94.9
752846600 40835936532 97.1 21499260105879392 94.9
752945600 40835937332 97.1 21499260135370592 94.9
752950500 40835938132 97.1 21499260147658592 94.9
753029800 40835938732 97.1 21499260343037792 94.9
753113800 40835938932 97.1 21499260554234192 94.9
753146200 40835939032 97.1 21499260902189392 94.9
753244100 40835948032 97.1 21499270310701392 94.9
753249000 40835953832 97.1 21499273603047248 94.9
753250100 40835954132 97.1 21499273607757648 94.9
753256500 40835955132 97.1 21499273624346448 94.9
753416900 40835955332 97.1 21499274062335152 94.9
753422200 40835961432 97.1 21499274159205552 94.9
753435300 40835966532 97.1 21499278617714352 94.9
753458600 40835985032 97.1 21499292105737904 94.9
753557400 40835997832 97.1 21499307952541360 94.9
753568900 40835998432 97.1 21499307962166960 94.9
753602600 40836001132 97.1 21499309004189360 94.9
753717300 40836001532 97.1 21499309218665264 94.9
753740500 40836001832 97.1 21499309773184432 94.9
753749300 40836002832 97.1 21499309789773232 94.9
753757700 40836150132 97.1 21499519219121584 94.9
753770700 40836152032 97.1 21499519643280496 94.9
753850600 40836152432 97.1 21499520534681392 94.9
753916700 40836155932 97.1 21499523599017520 94.9
753922400 40836157232 97.1 21499523619702320 94.9
753933800 40836158032 97.1 21499524738036784 94.9
753934200 40836158532 97.1 21499524745819184 94.9
753938100 40838972632 97.1 21500455960474672 94.9
753952000 40839002232 97.1 21500480773006384 94.9
753952300 40839005132 97.1 21500480819700784 94.9
753983800 40839005832 97.1 21500481843797872 94.9
754030500 40839008532 97.1 21500482297225072 94.9
754499100 40839009232 97.1 21500482308284272 94.9
754513400 40839020532 97.1 21500487087443824 94.9
754535100 40839021432 97.1 21500488885178224 94.9
754540600 40839026132 97.1 21500493812461424 94.9
754642900 40839027232 97.1 21500494349856368 94.9
754710100 40839028332 97.1 21500494373613168 94.9
754772900 40839029232 97.1 21500495991123568 94.9
754774700 40839056332 97.1 21500514015719024 94.9
754906300 40839064132 97.1 21500521602746480 94.9
754918200 40839065132 97.1 21500521619130480 94.9
754979500 40839065932 97.1 21500521840146384 94.9
754993400 40839067332 97.1 21500522620639184 94.9
755104900 40839072632 97.1 21500526724831184 94.9
755207700 40839076632 97.1 21500530911379408 94.9
755219600 40839077632 97.1 21500532653324880 94.9
755314900 40839077732 97.1 21500532758920480 94.9
755346600 40840362432 97.1 21504680063384864 94.9
755565600 40840406032 97.1 21504702683299104 94.9
755617500 40840419732 97.1 21504707860490528 94.9
755638700 40840451532 97.1 21504745523370272 94.9
755644000 40840453832 97.1 21504745561053472 94.9
755681200 40840487632 97.1 21504780188793120 94.9
755731900 40840487932 97.1 21504780653074720 94.9
755859200 40840489132 97.1 21504781291331808 94.9
755888300 40840489932 97.1 21504782012637408 94.9
755943500 40840618232 97.1 21504885454356704 94.9
756067600 40840619832 97.1 21504886084447840 94.9
756131600 40840673632 97.1 21504944966884960 94.9
756131900 40840673932 97.1 21504944971800160 94.9
756137900 40840674732 97.1 21504944984702560 94.9
756143800 40840675132 97.1 21504944991051360 94.9
756204900 40840701432 97.1 21504966987163232 94.9
756230200 40840701732 97.1 21504967310337632 94.9
756249200 40840704132 97.1 21504968103988128 94.9
756595100 40841852832 97.1 21505886208625568 94.9
756644700 40841853932 97.1 21505886922414240 94.9
756854300 40841855032 97.1 21505887493191840 94.9
756958400 40841855532 97.1 21505887501179040 94.9
756964900 40841868432 97.1 21505894234548384 94.9
757110000 40841891432 97.1 21505921259747488 94.9
757251100 40841921432 97.1 21505951138320544 94.9
757273600 40841923032 97.1 21505951268494944 94.9
757315800 40841923732 97.1 21505951438888544 94.9
757461500 40843518132 97.1 21506939069816416 94.9
757524100 40843519832 97.1 21506939523239616 94.9
757534200 40843934332 97.1 21507390466428608 94.9
757791200 40843995332 97.1 21507427932262080 94.9
758009000 40844032532 97.1 21507454375491264 94.9
758077300 40844041732 97.1 21507459203366592 94.9
758090000 40844042832 97.1 21507460796300992 94.9
758151900 40844043432 97.1 21507460806131392 94.9
758161400 40844057432 97.1 21507466436949696 94.9
758164400 40844198932 97.1 21507610672592576 94.9
758355900 40844224632 97.1 21507629969653440 94.9
758609100 40844224832 97.1 21507629972930240 94.9
758616000 40844225432 97.1 21507630085284840 94.9
758664600 40844225732 97.1 21507630089995240 94.9
758673100 40844226032 97.1 21507630094705640 94.9
758679000 40844227032 97.1 21507630408544616 94.9
758747600 40844268632 97.1 21507662294557032 94.9
758951600 40844277032 97.1 21507677309238632 94.9
759121000 40844278632 97.1 21507678891728232 94.9
759127500 40844281332 97.1 21507678934736232 94.9
759399700 40844282132 97.1 21507680134659432 94.9
759421600 40844367832 97.1 21507743744728424 94.9
759446400 40844368332 97.1 21507744054921128 94.9
759454200 40844369032 97.1 21507744399921928 94.9
759458700 40844369932 97.1 21507744414257928 94.9
759500700 40844371832 97.1 21507746396926728 94.9
759704900 40844378632 97.1 21507751098410248 94.9
759792500 40844500032 97.1 21507831950664968 94.9
759848800 40844517032 97.1 21507839336965384 94.9
760031700 40844517932 97.1 21507839351710984 94.9
760038500 40844883432 97.1 21508136739038472 94.9
760069900 40844884132 97.1 21508137417131272 94.9
760219300 40844885932 97.1 21508139382801672 94.9
760291500 40844900232 97.1 21508147275325704 94.9
760463000 40844913032 97.1 21508159445167368 94.9
760519000 40845018732 97.1 21508221652012296 94.9
760731300 40845018832 97.1 21508221653650696 94.9
760743400 40845021232 97.1 21508223639804040 94.9
760744100 40845021632 97.1 21508223646357640 94.9
760750900 40845022632 97.1 21508223662536840 94.9
760784700 40845023232 97.1 21508224043464840 94.9
760791500 40845023532 97.1 21508224048175240 94.9
760820100 40845025432 97.1 21508224187439240 94.9
760883000 40845101732 97.1 21508285016266888 94.9
760904100 40845156132 97.1 21508363636103304 94.9
760908400 40845156632 97.1 21508363643885704 94.9
761062100 40845161832 97.1 21508373023291528 94.9
761109400 40845162132 97.1 21508373785147528 94.9
761282200 40845248432 97.1 21508443967543432 94.9
761541800 40845648732 97.1 21508734113142920 94.9
761543200 40845648832 97.1 21508734115190920 94.9
761669100 40845672132 97.1 21508754571176072 94.9
761721100 40845672632 97.1 21508755250497672 94.9
761801900 40845673432 97.1 21508755608283272 94.9
761905100 40845674832 97.1 21508756528984584 94.9
761910500 40845675132 97.1 21508756532477184 94.9
761923200 40845681032 97.1 21508756626889984 94.9
762051500 40845705732 97.1 21508782021981440 94.9
762082300 40845716832 97.1 21508793412740352 94.9
762100200 40845718832 97.1 21508795298395904 94.9
762276800 40845719932 97.1 21508796085237504 94.9
762329500 40845771632 97.1 21508869972940544 94.9
762421400 40845869032 97.1 21508932001007360 94.9
762472400 40845895132 97.1 21508950390535936 94.9
762556800 40845895632 97.1 21508950740379456 94.9
762568700 40845896232 97.1 21508950748571456 94.9
762646300 40845900732 97.1 21508955171269440 94.9
762742500 40845921132 97.1 21508967017566016 94.9
762772300 40845921532 97.1 21508967465605920 94.9
762855700 40845981632 97.1 21509057157208864 94.9
762885100 40846031232 97.1 21509083641914144 94.9
762938800 40846031332 97.1 21509083747511440 94.9
762960700 40846039432 97.1 21509087234322576 94.9
763074300 40846042632 97.1 21509088305631376 94.9
763084300 40846085732 97.1 21509121335343248 94.9
763115900 40846085832 97.1 21509121555912848 94.9
763212700 40846116732 97.1 21509154028198032 94.9
763311900 40846119332 97.1 21509155589184272 94.9
763336300 40846123232 97.1 21509157117401872 94.9
763456400 40846124632 97.1 21509157391335952 94.9
763475300 40846124732 97.1 21509157392769552 94.9
763487000 40846125132 97.1 21509157399118352 94.9
763501200 40846138232 97.1 21509173311848976 94.9
763532400 40846139232 97.1 21509173749971088 94.9
763600200 40846139432 97.1 21509173751814288 94.9
763606400 40846157132 97.1 21509187041009808 94.9
763607100 40846949732 97.1 21509885255262352 94.9
763608600 40846950132 97.1 21509885261815952 94.9
763613900 40846951132 97.1 21509885278199952 94.9
763706500 40846951232 97.1 21509885383800752 94.9
763962800 40846952732 97.1 21509885406123952 94.9
763967500 40846953432 97.1 21509885430699952 94.9
763970000 40846954832 97.1 21509886251947952 94.9
763984700 40846971432 97.1 21509895926939568 94.9
764039300 40847051832 97.1 21509961756282800 94.9
764159300 40847054332 97.1 21509963193978800 94.9
764205000 40847061232 97.1 21509967110156976 94.9
764322500 40847071332 97.1 21509970702795696 94.9
764544000 40847071832 97.1 21509971102974896 94.9
764558000 40847071932 97.1 21509971251659696 94.9
764562500 40847085432 97.1 21509980931454896 94.9
764604600 40847093332 97.1 21509981397796688 94.9
764608900 40847096432 97.1 21509988641982288 94.9
764845500 40847107032 97.1 21510002526390096 94.9
764877600 40847142632 97.1 21510026440869712 94.9
765132300 40847142932 97.1 21510026711000912 94.9
765390800 40847143132 97.1 21510026736396112 94.9
765461600 40847154832 97.1 21510034630971728 94.9
765508800 40847155332 97.1 21510034645922128 94.9
765686600 40847158132 97.1 21510034690170328 94.9
765693200 40847165732 97.1 21510045521349080 94.9
765719700 40847167132 97.1 21510046680977240 94.9
765732800 40847187332 97.1 21510058536226648 94.9
766196000 40847197532 97.1 21510062946669400 94.9
766206600 40847198832 97.1 21510070261377368 94.9
766218500 40847199032 97.1 21510070266702168 94.9
766239700 40847199832 97.1 21510070279809368 94.9
766247800 40847222432 97.1 21510085157249368 94.9
766470900 40847222732 97.1 21510085161959768 94.9
766477000 40849240432 97.1 21513036835504472 95.0
766862000 40849320632 97.1 21513172128080216 95.0
766879500 40849321232 97.1 21513172137705816 95.0
767063100 40849323632 97.1 21513173721219416 95.0
767236100 40849324132 97.1 21513173831936712 95.0
767411200 40849439932 97.1 21513266154654408 95.0
767517600 40849560532 97.1 21513417737046728 95.0
767597900 40849561032 97.1 21513417954023128 95.0
767644400 40849587432 97.1 21513436879855320 95.0
767757000 40849589332 97.1 21513438032335576 95.0
767860000 40849589432 97.1 21513438091932376 95.0
767928900 40849590432 97.1 21513438212684976 95.0
768363500 40849591232 97.1 21513440429849776 95.0
768562400 40849591632 97.1 21513440438041776 95.0
768585200 40849593732 97.1 21513443883169456 95.0
768695600 40849656032 97.1 21513514210105008 95.0
769213800 40849670732 97.1 21513534990134960 95.0
769326100 40849670832 97.1 21513535095732360 95.0
769450600 40849671732 97.1 21513535353695160 95.0
769965000 40849678532 97.1 21513539596127160 95.0
770159300 40849739332 97.1 21513577007102904 95.0
770604100 40849747232 97.1 21513585591241656 95.0
770670100 40849748332 97.1 21513586127317752 95.0
770940600 40849749132 97.1 21513586140629752 95.0
770949500 40849843532 97.1 21513659247774456 95.0
771029000 40849855232 97.1 21513674250259192 95.0
771222000 40849869132 97.1 21513682718131448 95.0
771773100 40849869232 97.1 21513682719769848 95.0
771780700 40849885332 97.1 21513690558550776 95.0
772402200 40849947432 97.1 21513736189620984 95.0
772411300 40849947832 97.1 21513736433742584 95.0
772419400 40849950032 97.1 21513736468570584 95.0
772784300 40849950332 97.1 21513737430311384 95.0
772791000 40849950732 97.1 21513737437479384 95.0
773853700 40849952932 97.1 21513739181146584 95.0
774076000 40850030832 97.1 21513807666917848 95.0
774920800 40850970432 97.1 21516888677069272 95.0
775103900 40850972232 97.1 21516888810109976 95.0
775199700 40851011432 97.1 21516934933732376 95.0
775294900 40851035532 97.1 21516965136997400 95.0
775389700 40851044932 97.1 21516969215560728 95.0
775390900 40851105832 97.1 21517012279028760 95.0
775938900 40851106132 97.1 21517012283943960 95.0
775948600 40851107132 97.1 21517012302990360 95.0
776188700 40851109032 97.1 21517016536001560 95.0
776215200 40851123432 97.1 21517034636545048 95.0
776248700 40851124932 97.1 21517034660711448 95.0
776255200 40851126432 97.1 21517035020860056 95.0
776293100 40851127732 97.1 21517035041544856 95.0
776299000 40851129932 97.1 21517035397030040 95.0
776722700 40851135732 97.1 21517039751751320 95.0
776727900 40851136032 97.1 21517039756666520 95.0
776993100 40853984832 97.1 21518060551956120 95.0
777247600 40854070232 97.1 21518108535228056 95.0
777795100 40854084932 97.1 21518120762824344 95.0
778070300 40854089332 97.1 21518121999373336 95.0
778301800 40854089932 97.1 21518122076260440 95.0
778348900 40854092632 97.1 21518122120087640 95.0
778359400 40854093232 97.1 21518123174321496 95.0
778426000 40854127732 97.1 21518147190125912 95.0
778615700 40854194632 97.1 21518224409679192 95.0
778621900 40854195932 97.1 21518224430568792 95.0
778630500 40854197232 97.1 21518225809691992 95.0
778663900 40854198132 97.1 21518225926837592 95.0
778679300 40854198932 97.1 21518225939535192 95.0
778798700 40854433132 97.1 21518493885535576 95.0
778853900 40854433532 97.1 21518493891884376 95.0
778861900 40854433932 97.1 21518494524228568 95.0
778865300 40855346132 97.1 21519806849467352 95.0
778872500 40855347432 97.1 21519806870152152 95.0
779061800 40855347732 97.1 21519807167521752 95.0
779118800 40855348732 97.1 21519807530963032 95.0
779295500 40855348832 97.1 21519807667769432 95.0
779457400 40855349632 97.1 21519807680467032 95.0
779460400 40855350732 97.1 21519807698284632 95.0
779467100 40855351432 97.1 21519807709343832 95.0
779469600 40855394832 97.1 21519838776170584 95.0
779546400 40855401532 97.1 21519850591510616 95.0
779574200 40855428832 97.1 21519881634152536 95.0
779595600 40855429432 97.1 21519881824411736 95.0
779638400 40855433632 97.1 21519881888730736 95.0
779643900 40855452332 97.1 21519914215386736 95.0
779825900 40855452732 97.1 21519914494938736 95.0
780152200 40855521632 97.1 21520013120933488 95.0
780192200 40855521932 97.1 21520013229799888 95.0
780341900 40855527732 97.1 21520013504846288 95.0
780482800 40855538832 97.1 21520024188049872 95.0
780634200 40855540332 97.1 21520024926558672 95.0
780854400 40855541532 97.1 21520025048946576 95.0
780905600 40855541932 97.1 21520025263435376 95.0
781123500 40855594432 97.1 21520079180574320 95.0
781178500 40855595132 97.1 21520079193067120 95.0
781289100 40855643732 97.1 21520134744043120 95.0
781369400 40855648132 97.1 21520136069099120 95.0
781389600 40855694332 97.1 21520162991531632 95.0
781963200 40855742032 97.1 21520194002314864 95.0
781993800 40855742332 97.1 21520194158085072 95.0
782080600 40855748732 97.1 21520199066764240 95.0
782225400 40855748932 97.1 21520199176051440 95.0
782225900 40855749632 97.1 21520201180019440 95.0
782403800 40855750032 97.1 21520202041940336 95.0
782524500 40855759532 97.1 21520210370007920 95.0
782767900 40857215132 97.1 21521324306371440 95.0
782836200 40857226632 97.1 21521338603171696 95.0
782909500 40857252732 97.1 21521366419312496 95.0
782972800 40857256332 97.1 21521367008112496 95.0
782987900 40857256432 97.1 21521367280086896 95.0
783097000 40857313532 97.1 21521408769060720 95.0
783141700 40857313932 97.1 21521409131966320 95.0
783356000 40857320032 97.1 21521419446765424 95.0
783502100 40857320632 97.1 21521420013651824 95.0
783649400 40857326732 97.1 21521420861331056 95.0
783659500 40857347532 97.1 21521432841131632 95.0
783706800 40857351632 97.1 21521433842538224 95.0
783854000 40857352832 97.1 21521433861994224 95.0
783864000 40857385932 97.1 21521453480713968 95.0
783887000 40857387832 97.1 21521454023594672 95.0
783888500 40857392532 97.1 21521457719415472 95.0
783889400 40857641832 97.1 21521758069920432 95.0
783897900 40857648432 97.1 21521764660204720 95.0
783904800 40857648632 97.1 21521765098681520 95.0
783983100 40857662432 97.1 21521772725255344 95.0
784004100 40857697032 97.1 21521797971250352 95.0
784084000 40857709432 97.1 21521809341130928 95.0
784317200 40857709532 97.1 21521809824458928 95.0
784472800 40857728732 97.1 21521821516412080 95.0
784615500 40857728832 97.1 21521821864776880 95.0
784687200 40857729432 97.1 21521821874197680 95.0
784694600 40857730432 97.1 21521821893858480 95.0
784694800 40857731132 97.1 21521821905122480 95.0
784702300 40857731432 97.1 21521821909832880 95.0
784820000 40857731632 97.1 21521822159279280 95.0
784828300 40857731832 97.1 21521823044750512 95.0
784935600 40857733432 97.1 21521824203850160 95.0
785013000 40857734332 97.1 21521824365444656 95.0
785077900 40857801532 97.1 21521883797179952 95.0
785213800 40857801832 97.1 21521884902075952 95.0
785311900 40857804032 97.1 21521885482080560 95.0
785334000 40857845932 97.1 21521912700111152 95.0
785344500 40857848232 97.1 21521913860098352 95.0
785410100 40860216432 97.1 21524046543620400 95.0
785445000 40860352232 97.1 21524164484196656 95.0
785676300 40860357632 97.1 21524171811320112 95.0
785688900 40860359132 97.1 21524171833643312 95.0
785725100 40860364132 97.1 21524175468023600 95.0
785918700 40860377632 97.1 21524181517998896 95.0
785948500 40860380632 97.1 21524182179298096 95.0
786052900 40860380732 97.1 21524182601314000 95.0
786182000 40860382132 97.1 21524183768878800 95.0
786270600 40860382232 97.1 21524184190881616 95.0
786279100 40860383132 97.1 21524184857647120 95.0
786315000 40860394632 97.1 21524196136341520 95.0
786327000 40860410232 97.1 21524215208220688 95.0
786474300 40860410332 97.1 21524215313805888 95.0
786484000 40860411732 97.1 21524215336948288 95.0
786513100 40860414332 97.1 21524215379341888 95.0
786520000 40860423832 97.1 21524222273594944 95.0
786588600 40860425532 97.1 21524223255815744 95.0
786725200 40860446332 97.1 21524234999410240 95.0
786890000 40860449832 97.1 21524236118180288 95.0
786965200 40860476732 97.1 21524268549136832 95.0
787012900 40860477132 97.1 21524268768934432 95.0
787213400 40860600632 97.1 21524347425241632 95.0
787290300 40860601632 97.1 21524347640076832 95.0
787379500 40860603332 97.1 21524347681036832 95.0
787383800 40860632032 97.1 21524372021862944 95.0
787383900 40860632432 97.1 21524372028416544 95.0
787391200 40860641432 97.1 21524377884786208 95.0
787391300 40860642032 97.1 21524377894616608 95.0
787484000 40860642332 97.1 21524377899327008 95.0
787489500 40860670532 97.1 21524387971025440 95.0
787551400 40860670732 97.1 21524387979217440 95.0
787697200 40860670932 97.1 21524388190420736 95.0
787754300 40860671632 97.1 21524388202094336 95.0
787759200 40860673132 97.1 21524388870847872 95.0
787814900 40860682532 97.1 21524393732306304 95.0
787822600 40860712332 97.1 21524423199704448 95.0
787839400 40860724532 97.1 21524429710735744 95.0
787855100 40860724732 97.1 21524429714217344 95.0
787867300 40860732632 97.1 21524433493962624 95.0
787896000 40860732832 97.1 21524433705164224 95.0
788190400 40860733432 97.1 21524434797693376 95.0
788269500 40860734432 97.1 21524436002326976 95.0
788446000 40860735232 97.1 21524436593083456 95.0
788543400 40860754032 97.1 21524445439765568 95.0
788620500 40860924332 97.1 21524708906003520 95.0
788630700 40860939532 97.1 21524733251511360 95.0
788638200 40860939832 97.1 21524733256426560 95.0
788644600 40860944032 97.1 21524733324010560 95.0
788649700 40860944232 97.1 21524733535222064 95.0
788649900 40860944832 97.1 21524733544847664 95.0
788656700 40860946032 97.1 21524733564508464 95.0
788657200 40860947532 97.1 21524733585409564 95.0
788838800 40860947632 97.1 21524733691004060 95.0
788850200 40860952832 97.1 21524735714890780 95.0
788854300 40861026232 97.1 21524800702288924 95.0
788939000 40861026432 97.1 21524800704132124 95.0
789014500 40861047032 97.1 21524821833137180 95.0
789250300 40861051432 97.1 21524826373982748 95.0
789266400 40861057132 97.1 21524830701009436 95.0
789279200 40861098932 97.1 21524865156356636 95.0
789419100 40861136632 97.1 21524904228506140 95.0
789436000 40861137632 97.1 21524904856013340 95.0
789535900 40861139032 97.1 21524905033165340 95.0
789542400 40861139132 97.1 21524905138736844 95.0
789647700 40861191932 97.1 21524951341743820 95.0
789668700 40861194032 97.1 21524952581902028 95.0
789686400 40861194132 97.1 21524952602791628 95.0
789785200 40861645632 97.1 21525466475744972 95.0
789789500 40861649932 97.1 21525468691412684 95.0
789847200 40861650032 97.1 21525468693051084 95.0
789852800 40861676532 97.1 21525498645360332 95.0
790072700 40861698932 97.1 21525510966360780 95.0
790395600 40861712232 97.1 21525518901108428 95.0
790409800 40861728932 97.1 21525534793332428 95.0
790428900 40861729932 97.1 21525534913662628 95.0
790433300 40861750032 97.1 21525552785174180 95.0
790438200 40861758332 97.1 21525552916053180 95.0
790511800 40861816832 97.1 21525585716544700 95.0
790515700 40861829632 97.1 21525601411188924 95.0
790541700 40861846532 97.1 21525613865991356 95.0
790733700 40861858632 97.1 21525628206655676 95.0
790822600 40861860232 97.1 21525630407846076 95.0
790944800 40861861532 97.1 21525630896908476 95.0
790962400 40861861632 97.1 21525630898546876 95.0
791260000 40861953932 97.1 21525747685361852 95.0
791307600 40861955632 97.1 21525748913752252 95.0
791318300 40861955932 97.1 21525748918462652 95.0
791326800 40861957232 97.1 21525749693069756 95.0
791453400 40861958932 97.1 21525750162458556 95.0
791458800 40861966632 97.1 21525750281675052 95.0
791542000 40861967032 97.1 21525750667927852 95.0
791594500 40861975932 97.1 21525759785183532 95.0
791611700 40861995232 97.1 21525771229521196 95.0
791722900 40861995732 97.1 21525771927274796 95.0
791726400 40861996432 97.1 21525772393194796 95.0
791734800 40861997332 97.1 21525772413890496 95.0
791820900 40862013732 97.1 21525784705319872 95.0
791845400 40862019432 97.1 21525785345985664 95.0
791933000 40862225732 97.1 21525969302277248 95.0
792016300 40862225932 97.1 21525969318046848 95.0
792121900 40862340432 97.1 21526059019062400 95.0
792122800 40862379132 97.1 21526079757028480 95.0
792141500 40862384032 97.1 21526084188286080 95.0
792216900 40862384232 97.1 21526084295320384 95.0
792305700 40862384532 97.1 21526084666130880 95.0
792365300 40862390132 97.1 21526086168082496 95.0
792477600 40862390332 97.1 21526086379268896 95.0
792552400 40862424432 97.1 21526122615589664 95.0
792568600 40862429432 97.1 21526126061835808 95.0
792630100 40862430432 97.1 21526126356364896 95.0
792722900 40862441932 97.1 21526135076459104 95.0
793059700 40862446532 97.1 21526136282731104 95.0
793136600 40862447832 97.1 21526136304644704 95.0
793138000 40864114132 97.1 21527257812382304 95.0
793144300 40864114432 97.1 21527258231733024 95.0
793286500 40864114632 97.1 21527258442904128 95.0
793309600 40864128132 97.1 21527267873497664 95.0
793352900 40864128532 97.1 21527268105536064 95.0
793440700 40864130232 97.1 21527269550195264 95.0
793445700 40864131232 97.1 21527270609830464 95.0
793451600 40864145832 97.1 21527284283902528 95.0
793523300 40864163932 97.1 21527305223543360 95.0
793579400 40864183732 97.1 21527321985951296 95.0
793661600 40864184432 97.1 21527321996805696 95.0
793672300 40864186832 97.1 21527322036741696 95.0
793676800 40864195032 97.1 21527326019900480 95.0
793676900 40864195732 97.1 21527326031164480 95.0
793680900 40864195932 97.1 21527326344431776 95.0
793883000 40864196132 97.1 21527327204104992 95.0
793994200 40864199232 97.1 21527330737519392 95.0
793998700 40864201232 97.1 21527331670178592 95.0
793999900 40864209932 97.1 21527339967471904 95.0
794005700 40864212332 97.1 21527340005564704 95.0
794114500 40864216332 97.1 21527341087140640 95.0
794180100 40864217132 97.1 21527341099838240 95.0
794185600 40864222432 97.1 21527341606423456 95.0
794198900 40864237932 97.1 21527351752086432 95.0
794258100 40865484632 97.1 21528223771743136 95.0
794364100 40865487532 97.1 21528223912031136 95.0
794436400 40865489732 97.1 21528223947256736 95.0
794443800 40865490032 97.1 21528224190280832 95.0
794476000 40865494232 97.1 21528225533545344 95.0
794488100 40865495232 97.1 21528225668635248 95.0
794552800 40865499532 97.1 21528230795620464 95.0
794695000 40865502032 97.1 21528231873246448 95.0
794705000 40865503232 97.1 21528232369548848 95.0
794795700 40865530532 97.1 21528256873780784 95.0
794822500 40865530832 97.1 21528257269802384 95.0
794875400 40865531232 97.1 21528257882677264 95.0
794882400 40865534932 97.1 21528259917979664 95.0
794891100 40865535232 97.1 21528259975836164 95.0
794921500 40865536832 97.1 21528261585154564 95.0
794925400 40865537032 97.1 21528262212866564 95.0
794929400 40865537532 97.1 21528263412994564 95.0
794937100 40867423632 97.1 21529720903881220 95.0
794949400 40867425532 97.1 21529722542462724 95.0
795042800 40867425832 97.1 21529722935473924 95.0
795073800 40867427532 97.1 21529722962302724 95.0
795081300 40867427832 97.1 21529722990155524 95.0
795098800 40867430532 97.1 21529723033982724 95.0
795104600 40867735832 97.1 21529953548850948 95.0
795116000 40867736132 97.1 21529953848063748 95.0
795147000 40870220632 97.2 21533466218526468 95.0
795184700 40870228732 97.2 21533469520987652 95.0
795231700 40870228832 97.2 21533469522626052 95.0
795245000 40870230132 97.2 21533469647680356 95.0
795316500 40870232732 97.2 21533471444435300 95.0
795360000 40870234932 97.2 21533474366112100 95.0
795381200 40871979732 97.2 21534691547496804 95.1
795395600 40871993832 97.2 21534692222995684 95.1
795431300 40871994132 97.2 21534692403128484 95.1
795461400 40872016032 97.2 21534706407907492 95.1
795524100 40872039432 97.2 21534716400953508 95.1
795667300 40873594832 97.2 21540054275123364 95.1
795815400 40873594932 97.2 21540054341068964 95.1
795891100 40873596432 97.2 21540056673791140 95.1
795904000 40873596532 97.2 21540057394277540 95.1
796071500 40873632332 97.2 21540080881480868 95.1
796137600 40873869332 97.2 21540358591853732 95.1
796160200 40873877632 97.2 21540366250082468 95.1
796241600 40873996732 97.2 21540427931709604 95.1
796259100 40873997032 97.2 21540428900616420 95.1
796338900 40874004032 97.2 21540435166004964 95.1
796358000 40874113532 97.2 21540516165043940 95.1
796363300 40874119232 97.2 21540516254758140 95.1
796406200 40874120032 97.2 21540516882265340 95.1
796409200 40874146032 97.2 21540523680613116 95.1
796494800 40874186632 97.2 21540554932624124 95.1
796525800 40874188032 97.2 21540555058499020 95.1
796561900 40874192532 97.2 21540560484039628 95.1
796566600 40874198032 97.2 21540564928199628 95.1
796569100 40874198132 97.2 21540564929838028 95.1
796696100 40874201732 97.2 21540564986362828 95.1
796705100 40874356332 97.2 21540667174239180 95.1
796728100 40874356432 97.2 21540667415698380 95.1
796781300 40874365432 97.2 21540679646051276 95.1
796798900 40874426232 97.2 21540714906778572 95.1
796804100 40874564432 97.2 21540807016618956 95.1
796807500 40874565132 97.2 21540807027882956 95.1
796831000 40874565732 97.2 21540807750826956 95.1
796840000 40874566032 97.2 21540807776017356 95.1
796962300 40874571932 97.2 21540807872273356 95.1
796980000 40874573032 97.2 21540809159646156 95.1
797028400 40874733532 97.2 21540925238746060 95.1
797028900 40874733932 97.2 21540925661112556 95.1
797041600 40874744132 97.2 21540929745967596 95.1
797043200 40874744832 97.2 21540931012165356 95.1
797050200 40874893032 97.2 21541031548149484 95.1
797269700 40875058832 97.2 21541144760516332 95.1
797326400 40875059332 97.2 21541145382575212 95.1
797345800 40875059732 97.2 21541146172488812 95.1
797584300 40875059832 97.2 21541146278082508 95.1
797645600 40875069232 97.2 21541153373788108 95.1
797671200 40875075632 97.2 21541163245270988 95.1
797696600 40875077532 97.2 21541164546358732 95.1
797764800 40875078032 97.2 21541165290322508 95.1
797776200 40875082932 97.2 21541170639577164 95.1
797794600 40875093632 97.2 21541170804645964 95.1
797800800 40875101232 97.2 21541174744606284 95.1
797839200 40875101632 97.2 21541175514831948 95.1
797845300 40875106132 97.2 21541175586283852 95.1
797861300 40875107432 97.2 21541176246441356 95.1
797876600 40875114032 97.2 21541176352732556 95.1
797881400 40875114432 97.2 21541177792195340 95.1
797890200 40875115232 97.2 21541177804892940 95.1
797890500 40875118332 97.2 21541177853236840 95.1
797895700 40875118732 97.2 21541178263781736 95.1
797898300 40875119132 97.2 21541178270335336 95.1
798081600 40878567632 97.2 21542568028193128 95.1
798082900 40878569232 97.2 21542569587426152 95.1
798119900 40878704532 97.2 21542672941491048 95.1
798120400 40878705132 97.2 21542673737798952 95.1
798178600 40878706632 97.2 21542674344375656 95.1
798377500 40878708032 97.2 21542674579486056 95.1
798383800 40878708532 97.2 21542674587268456 95.1
798423600 40878736832 97.2 21542699312901480 95.1
798562500 40878755432 97.2 21542708880259432 95.1
798581900 40878757332 97.2 21542708910979432 95.1
798589800 40878758832 97.2 21542711192246632 95.1
798778600 40878758932 97.2 21542711337040232 95.1
798909600 40878760732 97.2 21542714612116840 95.1
798914700 40878761832 97.2 21542716017044840 95.1
798987600 40878761932 97.2 21542716228398440 95.1
798994200 40878763332 97.2 21542717145196136 95.1
799053300 40878764232 97.2 21542718101897832 95.1
799078600 40879111632 97.2 21543200936608360 95.1
799117900 40879116832 97.2 21543208266992744 95.1
799184400 40879119332 97.2 21543212340181352 95.1
799233900 40879121432 97.2 21543212787990056 95.1
799279700 40879124132 97.2 21543216408721704 95.1
799358100 40879124732 97.2 21543217180048936 95.1
799369800 40879125932 97.2 21543217198480936 95.1
799383100 40879129532 97.2 21543218774167592 95.1
799417300 40879129732 97.2 21543219183972392 95.1
799523000 40879129832 97.2 21543219289569096 95.1
799559500 40879204132 97.2 21543267217717064 95.1
799600200 40879234232 97.2 21543288829615944 95.1
799638700 40879237032 97.2 21543290799177544 95.1
799825300 40879239132 97.2 21543291701731144 95.1
799846600 40879239532 97.2 21543292043972744 95.1
799868800 40879244432 97.2 21543293641730696 95.1
799900800 40879246732 97.2 21543293892922088 95.1
799959100 40879352332 97.2 21543389389032168 95.1
799964900 40879353732 97.2 21543389411764968 95.1
799975200 40879395232 97.2 21543415916684008 95.1
800040800 40879397632 97.2 21543415955596008 95.1
800046500 40879398132 97.2 21543416403810216 95.1
800058900 40879399132 97.2 21543417187169832 95.1
800117800 40879513132 97.2 21543544538805800 95.1
800171800 40879513532 97.2 21543544566044200 95.1
800203700 40879599932 97.2 21543674612512296 95.1
800372600 40879601132 97.2 21543675809773096 95.1
800410000 40879606932 97.2 21543680050453032 95.1
800412900 40879608632 97.2 21543682127907496 95.1
800420500 40879670732 97.2 21543727285164712 95.1
800436600 40879672032 97.2 21543727305849512 95.1
800444600 40879673832 97.2 21543727729490312 95.1
800446400 40879674932 97.2 21543727745680912 95.1
800446700 40879692632 97.2 21543739747532304 95.1
800453200 40879693932 97.2 21543740786172496 95.1
800463100 40879695532 97.2 21543741218006096 95.1
800586800 40879742132 97.2 21543799763424336 95.1
800777100 40879745632 97.2 21543800818632656 95.1
800798000 40879745832 97.2 21543800821704656 95.1
800805300 40879747132 97.2 21543802128943056 95.1
800811900 40879750732 97.2 21543802182609356 95.1
801009700 40879753532 97.2 21543803715679692 95.1
801068900 40879790332 97.2 21543829895472588 95.1
801276500 40879824032 97.2 21543863338233292 95.1
801369100 40879825532 97.2 21543864199197644 95.1
801391200 40880207832 97.2 21544121940784076 95.1
801647800 40880212932 97.2 21544122076019084 95.1
801832000 40880221232 97.2 21544122206082188 95.1
801836900 40880236532 97.2 21544128214767756 95.1
801931800 40880258232 97.2 21544135398610572 95.1
801987600 40880258432 97.2 21544136397335692 95.1
802072900 40880258732 97.2 21544136412286092 95.1
802112000 40880309732 97.2 21544165803576460 95.1
802222800 40880331932 97.2 21544185790811276 95.1
802370300 40880336132 97.2 21544187798875276 95.1
802442800 40880348732 97.2 21544188724781324 95.1
802576900 40880499132 97.2 21544283995267340 95.1
802691300 40880518232 97.2 21544293808249100 95.1
802704700 40880521232 97.2 21544293983180892 95.1
802705400 40880595132 97.2 21544339383552092 95.1
802717300 40880595432 97.2 21544339715655292 95.1
802739400 40880616532 97.2 21544353730146940 95.1
802928900 40880673232 97.2 21544400664695420 95.1
802955700 40881031432 97.2 21544683733815932 95.1
803024700 40881049432 97.2 21544707006235260 95.1
803194400 40881049632 97.2 21544707322985564 95.1
803292400 40881052032 97.2 21544707988585564 95.1
803532600 40881072932 97.2 21544720851706972 95.1
803717600 40881074132 97.2 21544721117773180 95.1
803748400 40881081532 97.2 21544725180973948 95.1
803825800 40881147832 97.2 21544801502258044 95.1
803846000 40881150632 97.2 21544801800651644 95.1
803923400 40881151732 97.2 21544802765629628 95.1
804077000 40881158932 97.2 21544809094157500 95.1
804133800 40881188932 97.2 21544823096352956 95.1
804305200 40881189632 97.2 21544823290308764 95.1
804309200 40881189832 97.2 21544825482078364 95.1
804370800 40881228632 97.2 21544844942971036 95.1
804429300 40881228832 97.2 21544845365022940 95.1
804429800 40881229232 97.2 21544846308946140 95.1
804502700 40881315832 97.2 21544919992791260 95.1
804935600 40881344832 97.2 21544939384371420 95.1
804988700 40881346732 97.2 21544940796057820 95.1
805069400 40881346832 97.2 21544940799949020 95.1
805088700 40881347732 97.2 21544940814489820 95.1
805094000 40883262132 97.2 21546246357145820 95.1
805165800 40883262732 97.2 21546246366976220 95.1
805171000 40883266032 97.2 21546248429312220 95.1
805245300 40883322332 97.2 21546287594068188 95.1
805887500 40883385132 97.2 21546400449394908 95.1
805920000 40883385732 97.2 21546400575059308 95.1
805949400 40883385832 97.2 21546400580179308 95.1
806028600 40883396932 97.2 21546406268864364 95.1
806315000 40883403132 97.2 21546406424512364 95.1
806581600 40883414432 97.2 21546412416791404 95.1
806638600 40883415532 97.2 21546414272074604 95.1
806646100 40883417732 97.2 21546414306276204 95.1
806675200 40883418332 97.2 21546415564977004 95.1
806783500 40883421032 97.2 21546417796398444 95.1
806883900 40883449232 97.2 21546435350084972 95.1
806981000 40883449332 97.2 21546435455682076 95.1
807214800 40883450132 97.2 21546436300475484 95.1
807857100 40886390632 97.2 21549076468567132 95.1
807882100 40886390832 97.2 21549076513663532 95.1
807892200 40886392632 97.2 21549076542540332 95.1
807911200 40886392932 97.2 21549076859330732 95.1
807962400 40886396532 97.2 21549078192730540 95.1
808069300 40886396732 97.2 21549078661648844 95.1
808088600 40886440532 97.2 21549109288180172 95.1
808232600 40886441032 97.2 21549109568346572 95.1
808429500 40886445032 97.2 21549110968940492 95.1
808498000 40886445132 97.2 21549111074536892 95.1
808535400 40886445732 97.2 21549111564418492 95.1
808541300 40886448332 97.2 21549113452469692 95.1
808751300 40886462432 97.2 21549124680054204 95.1
808756900 40886464632 97.2 21549125532284348 95.1
808759800 40886469532 97.2 21549128497322940 95.1
808993100 40886493632 97.2 21549143231881148 95.1
809445400 40886505632 97.2 21549151642197948 95.1
809544700 40886555732 97.2 21549190588440508 95.1
809789600 40886556732 97.2 21549191195012988 95.1
809826300 40886563232 97.2 21549191629310876 95.1
809973400 40886563332 97.2 21549191734920972 95.1
810015000 40886602232 97.2 21549207714334476 95.1
810043800 40886603132 97.2 21549208128849676 95.1
810061300 40886604132 97.2 21549208144619276 95.1
810066900 40886606132 97.2 21549209768478476 95.1
810269200 40886609332 97.2 21549212429854476 95.1
810626600 40886609532 97.2 21549212641080972 95.1
810671800 40886609732 97.2 21549212757742172 95.1
811188100 40886614232 97.2 21549216401052764 95.1
811374500 40886738832 97.2 21549317094437980 95.1
812201400 40886783132 97.2 21549351690056796 95.1
812231500 40886811332 97.2 21549365830059100 95.1
812398200 40886834232 97.2 21549383880774748 95.1
812406000 40886835732 97.2 21549384501893468 95.1
812421500 40886836332 97.2 21549385008568668 95.1
812428000 40886838532 97.2 21549385040949868 95.1
812483700 40886838832 97.2 21549385045660268 95.1
812490700 40886839532 97.2 21549385128604268 95.1
812835500 40886858532 97.2 21549407734327916 95.1
812845200 40886858632 97.2 21549407818500716 95.1
812917400 40887032832 97.2 21549567274207852 95.1
813021500 40887032932 97.2 21549567379803052 95.1
813055500 40887046332 97.2 21549584482799532 95.1
813096300 40887047532 97.2 21549585552639020 95.1
813220300 40887070532 97.2 21549595248172076 95.1
813225700 40887071632 97.2 21549595266399276 95.1
813233900 40887072332 97.2 21549595277868076 95.1
813242500 40887073832 97.2 21549595490655276 95.1
813267900 40887345732 97.2 21549962640137260 95.1
813351800 40887363332 97.2 21549976616751148 95.1
813683000 40887378132 97.2 21549989447471148 95.1
814519200 40887378232 97.2 21549989553065748 95.1
814668000 40887425532 97.2 21550026955476756 95.1
814748700 40889241032 97.2 21552668250787604 95.1
815220700 40889241432 97.2 21552669180989204 95.1
815224500 40889241732 97.2 21552669261885204 95.1
815756800 40889267432 97.2 21552694712024852 95.1
816095700 40889270832 97.2 21552697929853204 95.1
816827500 40889282632 97.2 21552707136639252 95.1
816934400 40889367832 97.2 21552802108707092 95.1
816976000 40889377032 97.2 21552816719121684 95.1
817115700 40889384532 97.2 21552816943289892 95.1
817927600 40889384632 97.2 21552816946157092 95.1
818115800 40889386232 97.2 21552819053167012 95.1
818301500 40889389132 97.2 21552820788158372 95.1
818872100 40889391032 97.2 21552821972358820 95.1
819300000 40889391432 97.2 21552822119510420 95.1
819659900 40889395832 97.2 21552825141837716 95.1
820537500 40889403132 97.2 21552833975492500 95.1
821103400 40889443732 97.2 21552859628539796 95.1
822725000 40889458632 97.2 21552860135820500 95.1
822731100 40889458932 97.2 21552860140735700 95.1
825839000 40889459832 97.2 21552860910980436 95.1
826981200 40890254832 97.2 21553759364713812 95.1
827222500 40890257632 97.2 21553760928060884 95.1
827926200 40890260732 97.2 21553763368507860 95.1
828411100 40890265632 97.2 21553765491518420 95.1
828429200 40890266632 97.2 21553765507492820 95.1
828905900 40890266832 97.2 21553765984676820 95.1
829050800 40890271632 97.2 21553770321421780 95.1
829742700 40890273632 97.2 21553770357056980 95.1
829750100 40890273932 97.2 21553770361972180 95.1
829753300 40890274832 97.2 21553772121613780 95.1
829759000 40890277832 97.2 21553772166484080 95.1
829813900 40890277932 97.2 21553772167917680 95.1
829817600 40890279132 97.2 21553772187578480 95.1
829823100 40890279832 97.2 21553772198842480 95.1
829824700 40890280232 97.2 21553772204781680 95.1
829825400 40890280432 97.2 21553772318787776 95.1
829826700 40890281132 97.2 21553772329846976 95.1
829831500 40890281832 97.2 21553772341110976 95.1
829958800 40890302432 97.2 21553785075153088 95.1
829984500 40890382832 97.2 21553852020353216 95.1
830037300 40890382932 97.2 21553852101863616 95.1
830046400 40890383032 97.2 21553852135041216 95.1
830048500 40890397132 97.2 21553866661029056 95.1
830075500 40890410132 97.2 21553879855457472 95.1
830088000 40890432432 97.2 21553905949203648 95.1
830173800 40890434332 97.2 21553906158742544 95.1
830180700 40890435032 97.2 21553906169801744 95.1
830230100 40890458932 97.2 21553938920000528 95.1
830239200 40890460232 97.2 21553941164489744 95.1
830392300 40890561532 97.2 21554015018638352 95.1
830494500 40890596732 97.2 21554043678770192 95.1
830505800 40890597032 97.2 21554043863090192 95.1
830569400 40890597532 97.2 21554044181729008 95.1
830875300 40890638832 97.2 21554082447879920 95.1
830887900 40890639832 97.2 21554082571988720 95.1
830908100 40890641132 97.2 21554083287559920 95.1
830942000 40890641932 97.2 21554083918677936 95.1
830955100 40890660232 97.2 21554094822879152 95.1
831004000 40890722032 97.2 21554160841592752 95.1
831050000 40890723432 97.2 21554162138848176 95.1
831223900 40890808632 97.2 21554208482892720 95.1
831231000 40890810132 97.2 21554208505215920 95.1
831364300 40892522232 97.2 21560147142130608 95.2
831563200 40892522332 97.2 21560147247728912 95.2
831752700 40892535732 97.2 21560156115354896 95.2
831794500 40892535832 97.2 21560156125390096 95.2
831874700 40892606032 97.2 21560217285412112 95.2
831906000 40892727232 97.2 21560350784333072 95.2
831966800 40892730332 97.2 21560350833894672 95.2
831981000 40892742632 97.2 21560359191619344 95.2
831982800 40892831032 97.2 21560411663591184 95.2
832014800 40892831132 97.2 21560411694925584 95.2
832026200 40892833932 97.2 21560414099603984 95.2
832074000 40892835232 97.2 21560414225272880 95.2
832086300 40892883632 97.2 21560477963415600 95.2
832097300 40892896832 97.2 21560496808325168 95.2
832163100 40892902032 97.2 21560497030942768 95.2
832171600 40892902432 97.2 21560497037291568 95.2
832202900 40892910732 97.2 21560500152725040 95.2
832287600 40892937132 97.2 21560515452599856 95.2
832427400 40894102232 97.2 21561310014996016 95.2
832512400 40894108832 97.2 21561311693138736 95.2
832580100 40894109032 97.2 21561311714233136 95.2
832634200 40894109232 97.2 21561311717509936 95.2
832647000 40894118532 97.2 21561312095987632 95.2
832658500 40894118932 97.2 21561312765274032 95.2
832696900 40894147232 97.2 21561330819712944 95.2
832708800 40894150932 97.2 21561332665575344 95.2
832973000 40894151032 97.2 21561332672128944 95.2
832982800 40894179432 97.2 21561352847011760 95.2
833043100 40894179732 97.2 21561352852336560 95.2
833045000 40894201332 97.2 21561369491135408 95.2
833050300 40894202132 97.2 21561369503628208 95.2
833107000 40894203132 97.2 21561369709707712 95.2
833182400 40894289132 97.2 21561416915104192 95.2
833279200 40894296532 97.2 21561424143893952 95.2
833295700 40894316332 97.2 21561431160075712 95.2
833468000 40894327332 97.2 21561445917149632 95.2
833480100 40894328132 97.2 21561446639218816 95.2
833495200 40894334232 97.2 21561453325944960 95.2
833595000 40894341432 97.2 21561457645860992 95.2
833596100 40894343632 97.2 21561459091513984 95.2
833685600 40894480732 97.2 21561543851475584 95.2
833690600 40894483932 97.2 21561543903289984 95.2
833693900 40894484132 97.2 21561543905133184 95.2
833705200 40894484832 97.2 21561543916192384 95.2
833718800 40894487632 97.2 21561549009773184 95.2
833727500 40894488232 97.2 21561549029433984 95.2
833811300 40894488332 97.2 21561549135054984 95.2
833883800 40894489732 97.2 21561549156354184 95.2
833893300 40894521132 97.2 21561559760515208 95.2
833908500 40894522532 97.2 21561561974246024 95.2
833917200 40894523432 97.2 21561563043836680 95.2
833993200 40894524232 97.2 21561563828425480 95.2
834107300 40894594432 97.2 21561610487173896 95.2
834129600 40894644732 97.2 21561667933692680 95.2
834224200 40894645232 97.2 21561668519137800 95.2
834364300 40894650832 97.2 21561671887990536 95.2
834380100 40894651132 97.2 21561672924073736 95.2
834385800 40894651632 97.2 21561672930639336 95.2
834392900 40894654532 97.2 21561672976116836 95.2
834394400 40894654632 97.2 21561673081711836 95.2
834398200 40894660732 97.2 21561675938911196 95.2
834427100 40894683732 97.2 21561691424955356 95.2
834472400 40894699332 97.2 21561700616571868 95.2
834473200 40894699932 97.2 21561701601373468 95.2
834479200 40894700632 97.2 21561701957315868 95.2
834519800 40894705232 97.2 21561702029405468 95.2
834527700 40894745132 97.2 21561730003834140 95.2
834592800 40894746332 97.2 21561730416506140 95.2
834785700 40894748532 97.2 21561731659846940 95.2
834862200 40894767732 97.2 21561746151487772 95.2
834873900 40895039532 97.2 21561933645445404 95.2
834952100 40895112932 97.2 21561992629369116 95.2
834981700 40895271132 97.2 21562138520402204 95.2
835012700 40895285032 97.2 21562146496784156 95.2
835063400 40895285132 97.2 21562146602380956 95.2
835069000 40895285632 97.2 21562146610572956 95.2
835167900 40895289332 97.2 21562146668326556 95.2
835180300 40895290932 97.2 21562147663040156 95.2
835213600 40895301432 97.2 21562152376841372 95.2
835383100 40895305632 97.2 21562156255607452 95.2
835427700 40895307032 97.2 21562157218622428 95.2
835437000 40895326832 97.2 21562178388175836 95.2
835452300 40895327232 97.2 21562178767875036 95.2
835547400 40895333732 97.2 21562179185426044 95.2
835575300 40896637632 97.2 21563227601911420 95.2
835687100 40896648532 97.2 21563243391309436 95.2
835744300 40896661332 97.2 21563258187721340 95.2
835749900 40896673132 97.2 21563265224739964 95.2
835829200 40896674432 97.2 21563266357898364 95.2
835921400 40896674732 97.2 21563266587522060 95.2
835936000 40896682432 97.2 21563273330776076 95.2
835956400 40896687232 97.2 21563275219457804 95.2
835987300 40896715932 97.2 21563294959916812 95.2
836147500 40896763332 97.2 21563376352737036 95.2
836168800 40896766032 97.2 21563378783345420 95.2
836205000 40896766232 97.2 21563378994540620 95.2
836354700 40898455632 97.2 21565811487436876 95.2
836405900 40899630432 97.2 21566610808008780 95.2
836439500 40899630532 97.2 21566610913603484 95.2
836472200 40899637832 97.2 21566618745421212 95.2
836553600 40899638432 97.2 21566618895886108 95.2
836598700 40899654432 97.2 21566633983961884 95.2
836606200 40899656932 97.2 21566635263998492 95.2
836613000 40899657932 97.2 21566635280177692 95.2
836672300 40899660932 97.2 21566635328715292 95.2
836679800 40899668832 97.2 21566642137782300 95.2
836716100 40899684032 97.2 21566656961446940 95.2
836795900 40899687532 97.2 21566657014694940 95.2
836802000 40899859132 97.2 21566869214512156 95.2
836840000 40899880332 97.2 21566882121321500 95.2
836845200 40899887932 97.2 21566882240701900 95.2
836886000 40899894732 97.2 21566890538696140 95.2
836958400 40899896332 97.2 21566895713377740 95.2
837011400 40899943732 97.2 21566937790447052 95.2
837132100 40899969832 97.2 21566962013431244 95.2
837192000 40900008632 97.2 21566998511277516 95.2
837407600 40900026832 97.2 21567013295354316 95.2
837410200 40900043732 97.2 21567022208288204 95.2
837440100 40900065632 97.2 21567045942754764 95.2
837519600 40900089632 97.2 21567064867231180 95.2
837555300 40900154432 97.2 21567103198983628 95.2
837564800 40900155632 97.2 21567103217210828 95.2
837661000 40900156732 97.2 21567104717734860 95.2
837663400 40900162232 97.2 21567110789734348 95.2
837677000 40900164732 97.2 21567110829875148 95.2
837684100 40900167432 97.2 21567113350450636 95.2
837728000 40900168332 97.2 21567114512406476 95.2
837855600 40900177932 97.2 21567120303253452 95.2
837867800 40900234232 97.2 21567172670773196 95.2
837894400 40900234432 97.2 21567173586761292 95.2
837898000 40900241032 97.2 21567180054255692 95.2
837898700 40900241432 97.2 21567180769325964 95.2
837907300 40900241632 97.2 21567180779565964 95.2
837910700 40903686632 97.2 21568574615073676 95.2
837919500 40903691432 97.2 21568579361518476 95.2
837933100 40903691732 97.2 21568579366228876 95.2
837939200 40903697732 97.2 21568579474374380 95.2
838003700 40903707232 97.2 21568584881595116 95.2
838018800 40903715132 97.2 21568587643215852 95.2
838038500 40903771432 97.2 21568621284077548 95.2
838043500 40903832432 97.2 21568670473179116 95.2
838152600 40903833432 97.2 21568671386840300 95.2
838244000 40903835932 97.2 21568673322814700 95.2
838322900 40903836932 97.2 21568673338789100 95.2
838334900 40903838132 97.2 21568673653976300 95.2
838398400 40903956232 97.2 21568766132464876 95.2
838416600 40903976732 97.2 21568788813458668 95.2
838419800 40904057032 97.2 21568881696763116 95.2
838429200 40904058532 97.2 21568881720929516 95.2
838431500 40904071932 97.2 21568893780139244 95.2
838504100 40904080432 97.2 21568899765684460 95.2
838576600 40904080632 97.2 21568899774081260 95.2
838640200 40904081132 97.2 21568899829172460 95.2
838707300 40904081332 97.2 21568899830810860 95.2
838713300 40905232932 97.2 21572743234095340 95.2
838715700 40905233232 97.2 21572744060514924 95.2
838720400 40905235832 97.2 21572744101679724 95.2
838727100 40905277432 97.2 21572772350693996 95.2
838747800 40905277932 97.2 21572772981342956 95.2
838788600 40905278132 97.2 21572773474408460 95.2
838864900 40905278832 97.2 21572773797760748 95.2
838894200 40905280232 97.2 21572773823565548 95.2
839003000 40905290732 97.2 21572785968647916 95.2
839008600 40905293432 97.2 21572789959499244 95.2
839010800 40905410132 97.2 21572938074037740 95.2
839018600 40905410232 97.2 21572938075676140 95.2
839029600 40905411332 97.2 21572939019943852 95.2
839036200 40905411832 97.2 21572939309326252 95.2
839063600 40905488132 97.2 21573020735381420 95.2
839145600 40905491632 97.2 21573024492642220 95.2
839209000 40905492232 97.2 21573025596396460 95.2
839215700 40905493632 97.2 21573026255162476 95.2
839269300 40905494132 97.2 21573027437268076 95.2
839394800 40905494232 97.2 21573027438906476 95.2
839401400 40905538232 97.2 21573072259017836 95.2
839492900 40905540932 97.2 21573076077493356 95.2
839530400 40905541032 97.2 21573076183095156 95.2
839570400 40905556132 97.2 21573082196155764 95.2
839583900 40905556632 97.2 21573082204347764 95.2
839631900 40905587532 97.2 21573100409472372 95.2
839634000 40905591732 97.2 21573102029896436 95.2
839647500 40905592132 97.2 21573102447404244 95.2
839670100 40905602732 97.2 21573112661882068 95.2
839678700 40905602932 97.2 21573112664954068 95.2
839788100 40905734032 97.2 21573180341429460 95.2
839796700 40905734432 97.2 21573180348597460 95.2
839818800 40905737732 97.2 21573181306856660 95.2
839825100 40905739532 97.2 21573181335938260 95.2
839847100 40905739732 97.2 21573181917775060 95.2
839874700 40905740032 97.2 21573182026646964 95.2
839926900 40905754032 97.2 21573191547606452 95.2
839947500 40905754432 97.2 21573191554160052 95.2
839954500 40905756532 97.2 21573192905225652 95.2
839959200 40905818932 97.2 21573236139427252 95.2
839965300 40905840332 97.2 21573253712995764 95.2
839977700 40905841932 97.2 21573255040139188 95.2
840004000 40905847532 97.2 21573260990810036 95.2
840034400 40905897632 97.2 21573312906504116 95.2
840052900 40905910932 97.2 21573332298844084 95.2
840054000 40905916432 97.2 21573332892160692 95.2
840055200 40905918632 97.2 21573335664538292 95.2
840074300 40905954232 97.2 21573369122624180 95.2
840080300 40906002032 97.2 21573404754604724 95.2
840098100 40906254432 97.2 21573525185352372 95.2
840236800 40906255932 97.2 21573525933916596 95.2
840255800 40906256032 97.2 21573526039520500 95.2
840270700 40906257932 97.2 21573526976890100 95.2
840363100 40906258332 97.2 21573527288595700 95.2
840397600 40906258932 97.2 21573528238544244 95.2
840517600 40906259932 97.2 21573528819326644 95.2
840702800 40906260132 97.2 21573528869502644 95.2
840754400 40906314832 97.2 21573613680524980 95.2
840856100 40906315132 97.2 21573613685440180 95.2
840862300 40906316032 97.2 21573613699571380 95.2
840866100 40906377232 97.2 21573671243861684 95.2
840866500 40906403732 97.2 21573690903793332 95.2
840877400 40906409532 97.2 21573696267427508 95.2
840907200 40906416832 97.2 21573706511728308 95.2
840964000 40908265132 97.2 21575365268782772 95.2
841035900 40908276332 97.2 21575372669834932 95.2
841070600 40908281932 97.2 21575380847453876 95.2
841127800 40908352332 97.2 21575440892110516 95.2
841154000 40908374632 97.2 21575457404380852 95.2
841165000 40908417532 97.2 21575490709434036 95.2
841170800 40908433832 97.2 21575502828008116 95.2
841249500 40908448332 97.2 21575524689744564 95.2
841327700 40908464032 97.2 21575541371092660 95.2
841396400 40908464532 97.2 21575542701299380 95.2
841566600 40908478232 97.2 21575559543163572 95.2
841729900 40908490332 97.2 21575567218198708 95.2
841769700 40910329232 97.2 21576222668245172 95.2
841798700 40910339832 97.2 21576227516054708 95.2
841986300 40910359532 97.2 21576246627740852 95.2
841995800 40910359932 97.2 21576246634294452 95.2
842392100 40910361932 97.2 21576246665219252 95.2
842398900 40910682532 97.3 21576461780470964 95.2
842443900 40910691832 97.3 21576472069507252 95.2
842455300 40910692832 97.3 21576473122588852 95.2
842455400 40910692932 97.3 21576473124227252 95.2
842461800 40910693432 97.3 21576473912289268 95.2
842662100 40910767832 97.3 21576534746093556 95.2
842676600 40910768132 97.3 21576534781728756 95.2
842696200 40910798032 97.3 21576556383703028 95.2
842762200 40910877332 97.3 21576644381356020 95.2
842788600 40910881132 97.3 21576644438290420 95.2
842797300 40910881932 97.3 21576644767813620 95.2
842866500 40910919432 97.3 21576661282672628 95.2
842866700 40910919532 97.3 21576661459005428 95.2
842891000 40910919732 97.3 21576661970595828 95.2
842942200 40910920032 97.3 21576661975920628 95.2
842956700 40910950532 97.3 21576675106365428 95.2
842970700 40910954532 97.3 21576679861411828 95.2
843025900 40910989432 97.3 21576723322531828 95.2
843033600 40910990832 97.3 21576723342200428 95.2
843074000 40910991632 97.3 21576724149832620 95.2
843086300 40910992432 97.3 21576724162735020 95.2
843231000 40910993732 97.3 21576724950395820 95.2
843474600 40910995532 97.3 21576725091214220 95.2
843480800 40911009232 97.3 21576738962473868 95.2
843487400 40911009632 97.3 21576738967593868 95.2
843598600 40911030532 97.3 21576765997423500 95.2
843659300 40911030832 97.3 21576766001929100 95.2
843665400 40911031032 97.3 21576766155449404 95.2
843693100 40911031332 97.3 21576766491783004 95.2
843700800 40911031832 97.3 21576766499360604 95.2
843736200 40911032132 97.3 21576766504071004 95.2
843737600 40911032232 97.3 21576766663405404 95.2
843743000 40911033532 97.3 21576766684295004 95.2
843750300 40911033832 97.3 21576766910646204 95.2
843872400 40911044132 97.3 21576776434317244 95.2
843892500 40911045032 97.3 21576776454182844 95.2
843892800 40911045332 97.3 21576776459098044 95.2
843902400 40911046432 97.3 21576776475283944 95.2
844005700 40911198432 97.3 21576939953590760 95.2
844008000 40911205832 97.3 21576945167920616 95.2
844044600 40911209332 97.3 21576945259466216 95.2
844060100 40911209432 97.3 21576945261104616 95.2
844164800 40911209532 97.3 21576945366698616 95.2
844170900 40911210432 97.3 21576945380010616 95.2
844213800 40911221432 97.3 21576957645990520 95.2
844282200 40911222232 97.3 21576957657459320 95.2
844292500 40911222332 97.3 21576957763048024 95.2
844405600 40911232932 97.3 21576965696017496 95.2
844499900 40911363232 97.3 21577060252554328 95.2
844514200 40911374232 97.3 21577062971259480 95.2
844560300 40911380532 97.3 21577065829249368 95.2
844609800 40911381132 97.3 21577065978753368 95.2
844631400 40911381932 97.3 21577067053616472 95.2
844632600 40911747932 97.3 21577304652680536 95.2
844636800 40911952332 97.3 21577420383128920 95.2
844711000 40911952732 97.3 21577420799896920 95.2
844956700 40911957032 97.3 21577423519925592 95.2
844972700 40911961032 97.3 21577426505945944 95.2
845108800 40911987132 97.3 21577444572187480 95.2
845207400 40911987232 97.3 21577444585294680 95.2
845213800 40911988632 97.3 21577444608027480 95.2
845219200 40912008132 97.3 21577452198197592 95.2
845220100 40912008232 97.3 21577452199835992 95.2
845220800 40912054832 97.3 21577506211801432 95.2
845276100 40912170932 97.3 21577582835239256 95.2
845348500 40912174232 97.3 21577584733530456 95.2
845496500 40912174432 97.3 21577585053352344 95.2
845701500 40912205332 97.3 21577620132168088 95.2
845720400 40912205632 97.3 21577621378376088 95.2
845725700 40912206632 97.3 21577621394760088 95.2
845727100 40912232332 97.3 21577635434838424 95.2
845783900 40912234632 97.3 21577637265766168 95.2
845878100 40912234932 97.3 21577637478393064 95.2
845908800 40912259732 97.3 21577659056293096 95.2
845973500 40912259832 97.3 21577659072472296 95.2
845984100 40912260832 97.3 21577659694780776 95.2
846079300 40912268532 97.3 21577665702628200 95.2
846127900 40912277432 97.3 21577673530577768 95.2
846135100 40912319532 97.3 21577709541016424 95.2
846163200 40912327432 97.3 21577714737777000 95.2
846228400 40912327532 97.3 21577714739620200 95.2
846244100 40912328732 97.3 21577715886277608 95.2
846475600 40912418332 97.3 21577799082107880 95.2
846520800 40912418832 97.3 21577799445627880 95.2
846526600 40912420332 97.3 21577800671845864 95.2
846535100 40912421032 97.3 21577800683519464 95.2
846615300 40912490532 97.3 21577855335423464 95.2
846667300 40912491932 97.3 21577855357746664 95.2
846673500 40912531732 97.3 21577885230589416 95.2
846729400 40912541832 97.3 21577899426571752 95.2
846795100 40912542332 97.3 21577900376371560 95.2
847107100 40912604832 97.3 21577955432624488 95.2
847116700 40912607032 97.3 21577957042352488 95.2
847206600 40912623132 97.3 21577972806949224 95.2
847214500 40912625332 97.3 21577972845861224 95.2
847220200 40912626532 97.3 21577974598539624 95.2
847228200 40912629832 97.3 21577978862680424 95.2
847241100 40914105132 97.3 21580047088007528 95.3
847317900 40914116832 97.3 21580059013947752 95.3
847320200 40914133232 97.3 21580070020736360 95.3
847376000 40914135032 97.3 21580072823833960 95.3
847403200 40914163232 97.3 21580101711308136 95.3
847483300 40914165632 97.3 21580102737982120 95.3
847580100 40916396132 97.3 21580844394672808 95.3
847595700 40916396332 97.3 21580844814512808 95.3
847659000 40916405632 97.3 21580849539018920 95.3
847711400 40916405732 97.3 21580849814270120 95.3
847797300 40916410132 97.3 21580856305865384 95.3
847817100 40916410532 97.3 21580857094140584 95.3
847832000 40916410832 97.3 21580858150857064 95.3
847961100 40916412632 97.3 21580858180143464 95.3
847966800 40916450232 97.3 21580890063241576 95.3
848033600 40916487032 97.3 21580916260317544 95.3
848056700 40916497232 97.3 21580929449453928 95.3
848115100 40916521532 97.3 21580947192482152 95.3
848549000 40916521632 97.3 21580947298081752 95.3
848572800 40916546532 97.3 21580966403777496 95.3
848645300 40916570732 97.3 21580981270524888 95.3
848650000 40916810832 97.3 21581210110899160 95.3
848662700 40916811532 97.3 21581210226125760 95.3
848912000 40916814632 97.3 21581214158143168 95.3
849016100 40916815032 97.3 21581214455635584 95.3
849184200 40916815532 97.3 21581214656544384 95.3
849225300 40916818132 97.3 21581216304556672 95.3
849263200 40916818832 97.3 21581216513452672 95.3
849311200 40916819232 97.3 21581216519596672 95.3
849322800 40916825132 97.3 21581220187564672 95.3
849340000 40916827132 97.3 21581221058181248 95.3
849399800 40916827232 97.3 21581221090949248 95.3
849403500 40916827932 97.3 21581221102213248 95.3
849409300 40916850132 97.3 21581238470686848 95.3
849433800 40916850832 97.3 21581239340102912 95.3
849455500 40916851532 97.3 21581239502714112 95.3
849471900 40916851632 97.3 21581239608315312 95.3
849562800 40916853332 97.3 21581242199935152 95.3
849619600 40916896332 97.3 21581291688609968 95.3
849696900 40916897132 97.3 21581291805668064 95.3
849756200 40916897332 97.3 21581291859940064 95.3
849757800 40916903632 97.3 21581300311566048 95.3
849792200 40916917532 97.3 21581306191956704 95.3
849803700 40916920332 97.3 21581306565307104 95.3
849814700 40916920432 97.3 21581306670899600 95.3
849819700 40916920932 97.3 21581307199693200 95.3
849829500 40916922432 97.3 21581307280138200 95.3
849836900 40916957732 97.3 21581356661866456 95.3
849844000 40916958432 97.3 21581356673335256 95.3
849861200 40916959132 97.3 21581356935763064 95.3
849990100 40916961432 97.3 21581358700729464 95.3
850028900 40916978032 97.3 21581366202244728 95.3
850088900 40916978132 97.3 21581366608158328 95.3
850106800 40916983132 97.3 21581373025629304 95.3
850118600 40916983632 97.3 21581373076624504 95.3
850123100 40916984232 97.3 21581373896848504 95.3
850174300 40918712832 97.3 21582912990671992 95.3
850245600 40918713132 97.3 21582913140585592 95.3
850297300 40918786732 97.3 21582965962839160 95.3
850302800 40918787232 97.3 21582965970826360 95.3
850360000 40918797432 97.3 21582968282962552 95.3
850371400 40918806932 97.3 21582980637604472 95.3
850387000 40918826532 97.3 21582993969219192 95.3
850387300 40918826632 97.3 21582993970857592 95.3
850387400 40918827332 97.3 21582993987446392 95.3
850396600 40918828232 97.3 21582994510095992 95.3
850397700 40918828432 97.3 21582994513372792 95.3
850405000 40918828532 97.3 21582994844739192 95.3
850520000 40918911232 97.3 21583067469424248 95.3
850583500 40918923832 97.3 21583072991494776 95.3
850591100 40918924432 97.3 21583073001120376 95.3
850696900 40918927432 97.3 21583073208582776 95.3
850712800 40918932232 97.3 21583079127195768 95.3
850822100 40918932332 97.3 21583079355138168 95.3
850861600 40918933632 97.3 21583080174542968 95.3
850887300 40919726832 97.3 21583709417463928 95.3
850982100 40919741232 97.3 21583718627960952 95.3
850983900 40919742032 97.3 21583718640453752 95.3
850993400 40919754132 97.3 21583727044515960 95.3
851023000 40919765032 97.3 21583736346765432 95.3
851071400 40919765132 97.3 21583736452359736 95.3
851380300 40920674432 97.3 21586749993723448 95.3
851381900 40920679832 97.3 21586751829027896 95.3
851387100 40920681532 97.3 21586751857495096 95.3
851434400 40920682632 97.3 21586751873682296 95.3
851440300 40920682932 97.3 21586752452242296 95.3
851441400 40920683332 97.3 21586752458386296 95.3
851514400 40920683832 97.3 21586752466373496 95.3
851519500 40920684632 97.3 21586752477432696 95.3
851525500 40920686432 97.3 21586752794097912 95.3
851720400 40920687132 97.3 21586753413003512 95.3
851762600 40920688332 97.3 21586753431447712 95.3
851771700 40920813232 97.3 21586865019857056 95.3
851869000 40920813632 97.3 21586865026001056 95.3
851878500 40920826732 97.3 21586871222210208 95.3
851901500 40920834532 97.3 21586877476598432 95.3
851932200 40920856232 97.3 21586894286197408 95.3
851964800 40920921732 97.3 21586943730971296 95.3
851971000 40920924732 97.3 21586945224015648 95.3
852098700 40920944532 97.3 21586959524603680 95.3
852132000 40920962332 97.3 21586984418385696 95.3
852175200 40920964732 97.3 21586984474508796 95.3
852224400 40920965132 97.3 21586984480857596 95.3
852231100 40921001732 97.3 21587011388872188 95.3
852273900 40921002232 97.3 21587011397268988 95.3
852280100 40921012732 97.3 21587023183171068 95.3
852283900 40921013332 97.3 21587023193411068 95.3
852414400 40921013432 97.3 21587023655439868 95.3
852620500 40921016432 97.3 21587026476894972 95.3
852637200 40921017332 97.3 21587026654059276 95.3
852639600 40921021732 97.3 21587029290518284 95.3
852932100 40921022232 97.3 21587029584815884 95.3
852938600 40921022632 97.3 21587029591164684 95.3
852967600 40921024032 97.3 21587029613487884 95.3
852974800 40921031232 97.3 21587030729033484 95.3
853102400 40921336232 97.3 21587229380249356 95.3
853129100 40921336632 97.3 21587229648537356 95.3
853210600 40921352232 97.3 21587243450065676 95.3
853243200 40921352332 97.3 21587243450680076 95.3
853248100 40921353632 97.3 21587245522961676 95.3
853254000 40921354332 97.3 21587245725713676 95.3
853255800 40921354932 97.3 21587245735134476 95.3
853360800 40921445832 97.3 21587350604981516 95.3
853373500 40921446132 97.3 21587351747355916 95.3
853429500 40921452732 97.3 21587355871097612 95.3
853463900 40921456332 97.3 21587362124689164 95.3
853513600 40921475132 97.3 21587379580534540 95.3
853538100 40921505932 97.3 21587403069579020 95.3
853539200 40921506132 97.3 21587403072651020 95.3
853545600 40921506332 97.3 21587403075927820 95.3
853654700 40921506732 97.3 21587403103575820 95.3
853752200 40921507232 97.3 21587403256561420 95.3
853888000 40921508232 97.3 21587403280965120 95.3
853892900 40921580032 97.3 21587476685110784 95.3
853901500 40921581832 97.3 21587476712151084 95.3
853989100 40921586632 97.3 21587480955029292 95.3
853993000 40921592432 97.3 21587485283285292 95.3
854101400 40921593632 97.3 21587485494024492 95.3
854155300 40921790832 97.3 21587640769403180 95.3
854166200 40921791832 97.3 21587640783943980 95.3
854167700 40921793932 97.3 21587647618992428 95.3
854190700 40921794532 97.3 21587647673878828 95.3
854808800 40921814532 97.3 21587677746260268 95.3
855045400 40921841032 97.3 21587699356207404 95.3
855133800 40921841232 97.3 21587699567396604 95.3
855288700 40921853432 97.3 21587704273700604 95.3
855408200 40921871832 97.3 21587717905119996 95.3
855504300 40921886532 97.3 21587729941044988 95.3
855533200 40921886932 97.3 21587730381569788 95.3
855535100 40921887132 97.3 21587730384846588 95.3
855542600 40921887632 97.3 21587730738945788 95.3
855616200 40921904132 97.3 21587739479948028 95.3
855850200 40921922232 97.3 21587744722209532 95.3
855894500 40921942532 97.3 21587764864527100 95.3
855917700 40921942632 97.3 21587764972456700 95.3
856431300 40921944732 97.3 21587767384419836 95.3
856438500 40921945232 97.3 21587767392611836 95.3
856459700 40921997132 97.3 21587804005953020 95.3
856578200 40921998932 97.3 21587804242738124 95.3
856581500 40922026632 97.3 21587824384703436 95.3
856753700 40922056432 97.3 21587860221627340 95.3
856920800 40922057732 97.3 21587860241299840 95.3
856929100 40922057832 97.3 21587860346897440 95.3
856931100 40922058832 97.3 21587860363076640 95.3
857149500 40922070332 97.3 21587880271866912 95.3
857296400 40922071232 97.3 21587880735861792 95.3
857315500 40922073432 97.3 21587881165030880 95.3
857409900 40922074932 97.3 21587882625254880 95.3
857475900 40922075232 97.3 21587883296589280 95.3
857753200 40922083232 97.3 21587887601894880 95.3
857933200 40922087532 97.3 21587890769511904 95.3
858416600 40922100932 97.3 21587896761145312 95.3
858612100 40922101132 97.3 21587896927852512 95.3
858642500 40922228132 97.3 21588011309619168 95.3
858802400 40922228632 97.3 21588011317811168 95.3
858805100 40922249732 97.3 21588040666490848 95.3
858810500 40922252532 97.3 21588040712775648 95.3
858858000 40922293632 97.3 21588077241415648 95.3
858873600 40922294732 97.3 21588077529159648 95.3
858879700 40922295932 97.3 21588077547192848 95.3
858886600 40922296032 97.3 21588077554360848 95.3
858961300 40922385932 97.3 21588144977793552 95.3
858969900 40922386432 97.3 21588144985985552 95.3
859388300 40922387632 97.3 21588147393409552 95.3
859882100 40922491032 97.3 21588244437807632 95.3
860291700 40923515032 97.3 21589165053260304 95.3
860496700 40923554932 97.3 21589197757307408 95.3
860507300 40923620032 97.3 21589236619909648 95.3
860824100 40923646432 97.3 21589258247694864 95.3
860825200 40923972032 97.3 21589533779028496 95.3
860930700 40924007332 97.3 21589567884913168 95.3
861585900 40924011132 97.3 21589572442447888 95.3
861970600 40924096632 97.3 21589666130288656 95.3
862213900 40924113132 97.3 21589685038276624 95.3
862347500 40924117632 97.3 21589685109751824 95.3
862351100 40924122732 97.3 21589687501662736 95.3
862353100 40924123532 97.3 21589688738334480 95.3
862766900 40924141032 97.3 21589706344036112 95.3
863009800 40924141832 97.3 21589706357143312 95.3
863010700 40924141932 97.3 21589706358781712 95.3
863015200 40924142232 97.3 21589706369021712 95.3
863017200 40924143032 97.3 21589706381924112 95.3
863019100 40924143532 97.3 21589706389501712 95.3
863234500 40924143732 97.3 21589707088893712 95.3
863340200 40924156532 97.3 21589721991852816 95.3
863436600 40924157932 97.3 21589722422423120 95.3
863578500 40924191932 97.3 21589755498776144 95.3
863582300 40924260132 97.3 21589803286877776 95.3
863608400 40924260232 97.3 21589803354256976 95.3
863627000 40924260632 97.3 21589803808708176 95.3
863677900 40924261832 97.3 21589804861807440 95.3
863697400 40924261932 97.3 21589805086063440 95.3
863748400 40924262632 97.3 21589806213938000 95.3
863862200 40924485332 97.3 21590062428044112 95.3
864118500 40924493232 97.3 21590067909995856 95.3
864749400 40924495632 97.3 21590068802514256 95.3
864924500 40924495732 97.3 21590069029637456 95.3
865009500 40924497032 97.3 21590071357189456 95.3
865133900 40924504532 97.3 21590076911884112 95.3
865605200 40924505032 97.3 21590077092850016 95.3
865623100 40924505132 97.3 21590077266725216 95.3
865623800 40924505432 97.3 21590077794410016 95.3
865629300 40924506332 97.3 21590077808746016 95.3
865832000 40924531832 97.3 21590097922344480 95.3
865883100 40924536632 97.3 21590103729295392 95.3
866052900 40924538532 97.3 21590107067493152 95.3
866169800 40924539032 97.3 21590107421491168 95.3
866213400 40924540432 97.3 21590107742235872 95.3
866434500 40924544532 97.3 21590110286875872 95.3
866697100 40924544932 97.3 21590110683288352 95.3
866726700 40924664632 97.3 21590212922643232 95.3
866810000 40924974432 97.3 21590488336634656 95.3
866875700 40924976932 97.3 21590489286631648 95.3
866894700 40924977432 97.3 21590489294618848 95.3
866902700 40924981032 97.3 21590490530001376 95.3
867372500 40924987832 97.3 21590494025331424 95.3
867378700 40924989232 97.3 21590494048064224 95.3
867393800 40924993032 97.3 21590499513398496 95.3
867474200 40925008432 97.3 21590511319494880 95.3
867484000 40925010832 97.3 21590514138362080 95.3
867562500 40925020932 97.3 21590520553357536 95.3
867587500 40925021932 97.3 21590521103181472 95.3
867626500 40925022032 97.3 21590521363891872 95.3
867799100 40925026932 97.3 21590526231253152 95.3
867840400 40925027232 97.3 21590526548023968 95.3
867865200 40925036832 97.3 21590538849634976 95.3
868271800 40925036932 97.3 21590538851068576 95.3
868279500 40925039032 97.3 21590539511257696 95.3
868340000 40925057932 97.3 21590563120347744 95.3
868347000 40925067132 97.3 21590563264948448 95.3
868401700 40925067732 97.3 21590563377307952 95.3
868478000 40925143432 97.3 21590632837865776 95.3
868609800 40925147132 97.3 21590635638187824 95.3
868902100 40925157632 97.3 21590645899495216 95.3
868908700 40925158632 97.3 21590646417229616 95.3
868998900 40925161932 97.3 21590649653069616 95.3
869005500 40925164132 97.3 21590651439556016 95.3
869012200 40925164732 97.3 21590651912402512 95.3
869238800 40925165032 97.3 21590652024758416 95.3
869269200 40925178632 97.3 21590668786868368 95.3
869282000 40925324632 97.3 21590800209674384 95.3
869323900 40925353232 97.3 21590825796944016 95.3
869436700 40925486132 97.3 21590945363001488 95.3
869463500 40925560832 97.3 21591040904921232 95.3
869518900 40925569432 97.3 21591042287332752 95.3
869613300 40925578132 97.3 21591052907481488 95.3
869615500 40925580832 97.3 21591053251750288 95.3
869738400 40925582232 97.3 21591054944779408 95.3
869769800 40925669732 97.3 21591147160075408 95.3
869918200 40925670532 97.3 21591147661835408 95.3
869977800 40925672132 97.3 21591149349592208 95.3
870008700 40925867132 97.3 21591285583412368 95.3
870163700 40925870032 97.3 21591290066941584 95.3
870170400 40925871232 97.3 21591290086807184 95.3
870219800 40925872632 97.3 21591290109539984 95.3
870227500 40925873332 97.3 21591290432784496 95.3
870263600 40925907032 97.3 21591315212370032 95.3
870279600 40925907232 97.3 21591315423572336 95.3
870461700 40925929032 97.3 21591330446065008 95.3
870468400 40925930332 97.3 21591330467159408 95.3
870562200 40925933532 97.3 21591330636529008 95.3
870572100 40925934832 97.3 21591331841777008 95.3
870588400 40925962932 97.3 21591355259542896 95.3
870605800 40926147332 97.3 21591515361795440 95.3
870622100 40926151732 97.3 21591516701160048 95.3
870676300 40926155332 97.3 21591522070294640 95.3
870763800 40926183732 97.3 21591544999098480 95.3
870812700 40926226132 97.3 21591591585855600 95.3
870872500 40926247532 97.3 21591604609847408 95.3
870888900 40926248632 97.3 21591605616005104 95.3
871132800 40926287632 97.3 21591636915671024 95.3
871158200 40926294232 97.3 21591638605688688 95.3
871321600 40926294832 97.3 21591638613687288 95.3
871328900 40926295532 97.3 21591638967093496 95.3
871385900 40926310932 97.3 21591653094309112 95.3
871595900 40926311832 97.3 21591653215960312 95.3
871705500 40926311932 97.3 21591653321561608 95.3
871712800 40926312832 97.3 21591653336102408 95.3
871779800 40926312932 97.3 21591653337740808 95.3
871784900 40926313832 97.3 21591653352896008 95.3
871788200 40926317532 97.3 21591656984000008 95.3
871811300 40926317632 97.3 21591657089598712 95.3
871814600 40926317732 97.3 21591657091032312 95.3
871819900 40926318832 97.3 21591657106597112 95.3
871826800 40926319232 97.3 21591657113150712 95.3
871835100 40926385732 97.3 21591733706343672 95.3
871916800 40926393132 97.3 21591737433530872 95.3
871930400 40926445932 97.3 21591772844069368 95.3
872019000 40926446832 97.3 21591773153726968 95.3
872078700 40926448532 97.3 21591774444369144 95.3
872275600 40926466132 97.3 21591790550706424 95.3
872405300 40926596032 97.3 21591903121238264 95.3
872441700 40926623332 97.3 21591934183831800 95.3
872492400 40926623432 97.3 21591934196324600 95.3
872515100 40927888932 97.3 21592716530817272 95.3
872586300 40927889132 97.3 21592716636903672 95.3
872694400 40927889332 97.3 21592716746676472 95.3
872802300 40927891532 97.3 21592717769107704 95.3
872890400 40927891732 97.3 21592717772179704 95.3
873027400 40927894432 97.3 21592718436646072 95.3
873205700 40927898432 97.3 21592719509234360 95.3
873277200 40927900332 97.3 21592719981303768 95.3
873421900 40927900932 97.3 21592720601510104 95.3
873450400 40927924532 97.3 21592748820859096 95.3
873455000 40927928432 97.3 21592748988712792 95.3
873464500 40927928832 97.3 21592748995061592 95.3
873469300 40927932532 97.3 21592750489799384 95.3
873500100 40927933132 97.3 21592751299168984 95.3
873541200 40927933732 97.3 21592751766112984 95.3
873548900 40927933932 97.3 21592751917404280 95.3
873643600 40927934032 97.3 21592752132649080 95.3
873732300 40927934232 97.3 21592752167260280 95.3
873762700 40927935432 97.3 21592754581914744 95.3
873764500 40927980332 97.3 21592774507768952 95.3
873781000 40927980632 97.3 21592774512684152 95.3
873787400 40928940932 97.3 21593462047845496 95.3
873882400 40928941932 97.3 21593462329916184 95.3
873922400 40928945532 97.3 21593465922895128 95.3
874116100 40928945832 97.3 21593466141262136 95.3
874210200 40928956132 97.3 21593471498687288 95.3
874399000 40928961632 97.3 21593474605393720 95.3
874399400 40928961932 97.3 21593475524126520 95.3
874425900 40928962232 97.3 21593475560974620 95.3
874433700 40928964032 97.3 21593475783797020 95.3
874519400 40928967832 97.3 21593475980483724 95.3
874552800 40928970632 97.3 21593482656543372 95.3
874667500 40928981232 97.3 21593492547989132 95.3
874703500 40928981632 97.3 21593492562529932 95.3
874704700 40929025332 97.3 21593519462655628 95.3
874710600 40929026232 97.3 21593519475979128 95.3
874738200 40929026432 97.3 21593519673786936 95.3
874791700 40929027432 97.3 21593520609927736 95.3
874868500 40929027532 97.3 21593520618529336 95.3
874880700 40929041332 97.3 21593527069093432 95.3
875165400 40929041932 97.3 21593527209761736 95.3
875294800 40929042532 97.3 21593527218977736 95.3
875303200 40929061232 97.3 21593541559943112 95.3
875338100 40929071632 97.3 21593555325574088 95.3
875355600 40929072332 97.3 21593555336838088 95.3
875361700 40929072632 97.3 21593555341753288 95.3
875362100 40929138232 97.3 21593623707249608 95.3
875586400 40929138332 97.3 21593624460708808 95.3
875780200 40929147332 97.3 21593632461613000 95.3
875869200 40929253232 97.3 21593724481218504 95.3
875988500 40929421032 97.3 21593896456972232 95.3
876033900 40929425932 97.3 21593896807716328 95.3
876079200 40929426032 97.3 21593896813041128 95.3
876102100 40929430432 97.3 21593897914828776 95.3
876194600 40929439632 97.3 21593899980859624 95.3
876200900 40929440632 97.3 21593899996219624 95.3
876343600 40929456032 97.3 21593900241577416 95.3
876343800 40929456132 97.3 21593900243215816 95.3
876349900 40929460032 97.3 21593903721952712 95.3
876350200 40929460232 97.3 21593903725229512 95.3
876350800 40929461232 97.3 21593903741408712 95.3
876554900 40929461532 97.3 21593903966688712 95.3
876710800 40929462532 97.3 21593905627682888 95.3
876928100 40929469032 97.3 21593905732540488 95.3
876934900 40929470232 97.3 21593906654754888 95.3
877127300 40929475832 97.3 21593906744866888 95.3
877133100 40929476132 97.3 21593907061665672 95.3
877270300 40929479532 97.3 21593909398198920 95.3
877349700 40929506432 97.3 21593930666363528 95.3
877390000 40929538232 97.3 21593955796667016 95.3
877396900 40929584532 97.3 21593994133994120 95.3
877403200 40929596532 97.3 21593999798688904 95.3
877426600 40929596832 97.3 21593999803604104 95.3
877434100 40929783532 97.3 21594145197251720 95.3
877505400 40929822732 97.3 21594172408988808 95.3
877706800 40929822932 97.3 21594172560663512 95.3
877913200 40929828432 97.3 21594179941747160 95.3
878321600 40929828632 97.3 21594179960998360 95.3
878419400 40929832332 97.3 21594180265020856 95.3
878621800 40929832732 97.3 21594180687405464 95.3
878627800 40929833732 97.3 21594180701109964 95.3
878654800 40929849832 97.3 21594190627746508 95.3
878671200 40929929632 97.3 21594259831493324 95.3
878809800 40929929732 97.3 21594259882898124 95.3
878888000 40929930032 97.3 21594260467602124 95.3
878920100 40929934532 97.3 21594260540306124 95.3
878926700 40929939232 97.3 21594265408897228 95.3
878928500 40929939732 97.3 21594265416884428 95.3
878948000 40929983332 97.3 21594299422943436 95.3
879013700 40930008232 97.3 21594319489921228 95.3
879032500 40930011932 97.3 21594319680999628 95.3
879127700 40930012232 97.3 21594320018335020 95.3
879153500 40930024232 97.3 21594336123973932 95.3
879219800 40930027832 97.3 21594340203174188 95.3
879236700 40930082432 97.3 21594393758071084 95.3
879244400 40930095432 97.3 21594405795395884 95.3
879369300 40930096432 97.3 21594406719658284 95.3
879374200 40930097832 97.3 21594408063146284 95.3
879412800 40930128332 97.3 21594432547684652 95.3
879431500 40930132132 97.3 21594440593867052 95.3
879733300 40930137132 97.3 21594446261724972 95.3
879946000 40930151932 97.3 21594459236416300 95.3
880018100 40930152732 97.3 21594459435306092 95.3
880047100 40930153132 97.3 21594459441654892 95.3
880053600 40932904732 97.3 21595601848560748 95.3
880354300 40932906532 97.3 21595604205334380 95.3
880427800 40932906632 97.3 21595604310928380 95.3
880542800 40932906832 97.3 21595604522111388 95.3
880573100 40933014332 97.3 21595704910459292 95.3
880896100 40933014532 97.3 21595705239163292 95.3
880958500 40933032832 97.3 21595722597958044 95.3
881023000 40933034332 97.3 21595724259503772 95.3
881064600 40933034432 97.3 21595724365103972 95.3
881097000 40933035032 97.3 21595724478283572 95.3
881575900 40933167732 97.3 21595834985635636 95.3
881662100 40933201932 97.3 21595856621365044 95.3
881676500 40933246732 97.3 21595884320022324 95.3
881789100 40933252332 97.3 21595884410134324 95.3
881795800 40933252632 97.3 21595884430819124 95.3
881834800 40933262132 97.3 21595890257078580 95.3
881914900 40933262232 97.3 21595890548508980 95.3
881937500 40933265332 97.3 21595890596432180 95.3
881945200 40933265932 97.3 21595890947694196 95.3
882231300 40933275632 97.3 21595891227144692 95.3
882482000 40933276532 97.3 21595892007227892 95.3
882592100 40933290332 97.3 21595901059131892 95.3
882601300 40933290832 97.3 21595901067119092 95.3
882663300 40933290932 97.3 21595901390907892 95.3
882669600 40933291832 97.3 21595901404219892 95.3
882742400 40933292232 97.3 21595902143001460 95.3
882830500 40933363832 97.3 21596004618957684 95.3
882936400 40933451032 97.3 21596027762574196 95.3
883435100 40933455732 97.3 21596032008161908 95.3
883794400 40933511232 97.3 21596089483397748 95.3
883972100 40935244532 97.3 21598547414223476 95.3
884003100 40935244732 97.3 21598547443919476 95.3
884342700 40935344132 97.3 21598619741579892 95.3
884425000 40935387632 97.3 21598660100360820 95.3
884565400 40935388432 97.3 21598660112042120 95.3
884572700 40935388632 97.3 21598660115318920 95.3
884573300 40935392732 97.3 21598660283821016 95.3
884834800 40935394332 97.3 21598660961600792 95.3
885008300 40935395932 97.3 21598661321959512 95.3
885021800 40935405632 97.3 21598667848116312 95.3
885308200 40935405832 97.3 21598668482586712 95.3
885327900 40935424932 97.3 21598682277689432 95.3
885417200 40936643932 97.3 21602874662008920 95.4
885804000 40936644632 97.3 21602875923706072 95.4
886019000 40936754932 97.3 21602995146535128 95.4
886054200 40936763432 97.3 21603002299304664 95.4
886401800 40936763932 97.3 21603002937461464 95.4
886451100 40936774032 97.3 21603012750769880 95.4
886457500 40936781332 97.3 21603012865686584 95.4
886567400 40936807432 97.3 21603031680945208 95.4
886729500 40936809332 97.3 21603033748755896 95.4
887113700 40936813332 97.3 21603036364612792 95.4
887921900 40937898632 97.3 21603759185339576 95.4
888031400 40937964532 97.3 21603809797477560 95.4
888124400 40937964832 97.3 21603809950686968 95.4
889221600 40938054032 97.3 21603869494951672 95.4
889538800 40938058232 97.3 21603869867112056 95.4
889666800 40938066532 97.3 21603878065335928 95.4
889759800 40938067032 97.3 21603878179748232 95.4
889806700 40938067732 97.3 21603878191012232 95.4
889807100 40938067832 97.3 21603878211287432 95.4
889813500 40938072132 97.3 21603878279272432 95.4
889938600 40938290032 97.3 21604137842546672 95.4
890063000 40938328532 97.3 21604168626366448 95.4
890069600 40938328832 97.3 21604168630872048 95.4
890115300 40938361932 97.3 21604196562341872 95.4
890256100 40938362232 97.3 21604196611493872 95.4
890577300 40938362432 97.3 21604196618047472 95.4
890585100 40938362532 97.3 21604196689522672 95.4
890616400 40938367032 97.3 21604197810184432 95.4
890763300 40938367132 97.3 21604197991022832 95.4
890948800 40938379232 97.3 21604208524830960 95.4
891019600 40938408632 97.3 21604227702487280 95.4
891081800 40938410832 97.3 21604229180600048 95.4
891412200 40940710632 97.3 21606270771965680 95.4
892003800 40940716432 97.3 21606270863101680 95.4
892009700 40940717332 97.3 21606270877847280 95.4
892010100 40940722432 97.3 21606276729629936 95.4
892020000 40940792932 97.3 21606313803279600 95.4
892099700 40940815432 97.3 21606330879384816 95.4
892304400 40942268932 97.3 21607324965149936 95.4
892464800 40942281432 97.3 21607329135476720 95.4
892507700 40942287932 97.3 21607333178129136 95.4
892511300 40942291332 97.3 21607336015928304 95.4
892846200 40942291532 97.3 21607336170050304 95.4
893150300 40942309132 97.3 21607347908950784 95.4
893161600 40942565532 97.3 21607696768023296 95.4
893315400 40942584632 97.3 21607697063811104 95.4
893323100 40942584732 97.3 21607697068931104 95.4
893323900 40942584932 97.3 21607697179637408 95.4
893325400 40942585032 97.3 21607697181071008 95.4
893326000 40942597232 97.3 21607707183421088 95.4
893398400 40942600132 97.3 21607710597784736 95.4
893431000 40942606332 97.3 21607710696088736 95.4
893438200 40943918732 97.3 21608756329194656 95.4
893438600 40943919132 97.3 21608756335338656 95.4
893516900 40943939132 97.3 21608779074966688 95.4
893538000 40944030732 97.3 21608852217263264 95.4
893810100 40944030832 97.3 21608852225864864 95.4
893812200 40944033332 97.3 21608855127344288 95.4
893901900 40944033432 97.3 21608855169533088 95.4
894046200 40944033732 97.3 21608855236707488 95.4
894066000 40944036832 97.3 21608856270980128 95.4
894107000 40944064032 97.3 21608905730376736 95.4
894334100 40944064132 97.3 21608905897493536 95.4
894606500 40944412932 97.3 21609347459007520 95.4
894756400 40944529232 97.3 21609444059751456 95.4
894993400 40944531232 97.3 21609445204664224 95.4
895021100 40944531432 97.3 21609445546475424 95.4
895075000 40944531632 97.3 21609445777899424 95.4
895202800 40944532832 97.3 21609446088214816 95.4
895462300 40944534032 97.3 21609446524999424 95.4
895469400 40944558932 97.3 21609493958850304 95.4
895596300 40944580432 97.3 21609507497911040 95.4
895740400 40944650132 97.3 21609557503898368 95.4
895777900 40944659732 97.3 21609565868758272 95.4
895859000 40945391932 97.3 21610030246368512 95.4
896091600 40945397932 97.3 21610034119311104 95.4
896114400 40945399332 97.3 21610035930562304 95.4
896146800 40945427432 97.3 21610056550096640 95.4
896388900 40945428632 97.3 21610058388414080 95.4
896555100 40945449532 97.3 21610060002906496 95.4
896587400 40945450232 97.3 21610060013556096 95.4
896588300 40945470832 97.3 21610081278947712 95.4
896594800 40945471532 97.3 21610081289802112 95.4
896610900 40945471632 97.3 21610081395385616 95.4
896664000 40945493432 97.3 21610090047500560 95.4
896671700 40945497532 97.3 21610093840585744 95.4
896692300 40945503832 97.3 21610100602283536 95.4
896699300 40945506932 97.3 21610100650411536 95.4
896701900 40945519632 97.3 21610111734197776 95.4
896869400 40945533032 97.3 21610125159398928 95.4
896873900 40945534732 97.3 21610127100916880 95.4
896907800 40945535732 97.3 21610127786548112 95.4
896988300 40945539832 97.3 21610131612651664 95.4
897042400 40945544932 97.3 21610136203038864 95.4
897148100 40945561232 97.3 21610155970658448 95.4
897208800 40945562532 97.3 21610156424803952 95.4
897251300 40945595132 97.3 21610179421845104 95.4
897295100 40945595632 97.3 21610180063893104 95.4
897315200 40945596232 97.3 21610182061102704 95.4
897376400 40945632332 97.3 21610207967051376 95.4
897475500 40945657332 97.3 21610247177879152 95.4
897476500 40945657932 97.3 21610248374698480 95.4
897487100 40945659732 97.3 21610249316983280 95.4
897573200 40945660132 97.3 21610250500112880 95.4
897681700 40945662732 97.3 21610254645180656 95.4
897925600 40945676632 97.3 21610262223674096 95.4
897966000 40945680532 97.3 21610266645920496 95.4
898100900 40945703832 97.3 21610291731544816 95.4
898547000 40945722232 97.3 21610304244981488 95.4
898592800 40945728532 97.3 21610307879976688 95.4
898607400 40945734832 97.3 21610314273152240 95.4
898724500 40945735732 97.3 21610314995035760 95.4
898730800 40945741832 97.3 21610318507221360 95.4
898774500 40945778332 97.3 21610359654228336 95.4
898805600 40945778432 97.3 21610359759831632 95.4
898852800 40945780232 97.3 21610363143222096 95.4
898853200 40945780332 97.3 21610363153462096 95.4
898965100 40945907032 97.3 21610436590924624 95.4
899078700 40945909332 97.3 21610438890986576 95.4
899367800 40945990132 97.3 21610533683002448 95.4
899371700 40946005332 97.3 21610550672133200 95.4
899566000 40946005832 97.3 21610550981995600 95.4
899679000 40946014432 97.3 21610555164025424 95.4
899684900 40946037732 97.3 21610571413797456 95.4
899756200 40946038432 97.3 21610572940186064 95.4
899815000 40946123532 97.3 21610667283960272 95.4
899871300 40946125732 97.3 21610668651647952 95.4
900008900 40946126532 97.3 21610669910238160 95.4
900136400 40946128632 97.3 21610672218752976 95.4
900325800 40946128732 97.3 21610672256436176 95.4
900364000 40946137332 97.3 21610682800075728 95.4
900384500 40946164532 97.3 21610705206959056 95.4
900409800 40946164632 97.3 21610705213717456 95.4
900462300 40946165332 97.3 21610706835119056 95.4
900670300 40946165632 97.3 21610707151871760 95.4
900688400 40946167532 97.3 21610708379875472 95.4
900748400 40946172332 97.3 21610710186733712 95.4
900756000 40946172932 97.3 21610710196359312 95.4
900996100 40946173332 97.3 21610710618730416 95.4
901005000 40946181832 97.3 21610715979959216 95.4
901011700 40946212232 97.3 21610747431154608 95.4
901155800 40946214732 97.3 21610747471500208 95.4
901162000 40946286132 97.3 21610819407041456 95.4
901282200 40946289732 97.3 21610821848191152 95.4
901288200 40946292232 97.3 21610821886693552 95.4
901599100 40946292532 97.3 21610823151474352 95.4
901642500 40946308232 97.3 21610832385857200 95.4
901644500 40946310432 97.3 21610834404570800 95.4
901716700 40946317532 97.3 21610843217440432 95.4
901848000 40946339832 97.3 21610868432879280 95.4
901883100 40946340532 97.3 21610871741013680 95.4
901888500 40946347932 97.3 21610880651032240 95.4
901892700 40946348132 97.3 21610881099465328 95.4
901928900 40946348432 97.3 21610881274774128 95.4
902041700 40946352132 97.3 21610884044898928 95.4
902075900 40946352932 97.3 21610884753964912 95.4
902338700 40946353432 97.3 21610885530874928 95.4
902344700 40946355632 97.3 21610885564268828 95.4
902563000 40946415832 97.3 21610940998955292 95.4
902691900 40946417932 97.3 21610943145259292 95.4
902693000 40946420832 97.3 21610945051835932 95.4
902895900 40946421132 97.3 21610945368618044 95.4
902904000 40946428632 97.3 21610951047801916 95.4
902909100 40946428732 97.3 21610951153400716 95.4
903004500 40946436232 97.3 21610957693699980 95.4
903089400 40946444332 97.3 21610960741091212 95.4
903397500 40946470932 97.3 21610980811702156 95.4
903439300 40946528232 97.3 21611028748410764 95.4
903501200 40946547932 97.3 21611038664090508 95.4
903506100 40946552732 97.3 21611041720544396 95.4
903611900 40946553432 97.3 21611043223362444 95.4
903617200 40946557632 97.3 21611043290138844 95.4
903623200 40946558232 97.3 21611043512616748 95.4
903630600 40946565532 97.3 21611049257189676 95.4
903633600 40946565632 97.3 21611049262309676 95.4
903821900 40946568232 97.3 21611052440396076 95.4
903872400 40946568532 97.3 21611052506956076 95.4
903970800 40946570932 97.3 21611052863163884 95.4
903993500 40946584832 97.3 21611061950841324 95.4
904006200 40946600532 97.3 21611083298120172 95.4
904043700 40946600832 97.3 21611083931333100 95.4
904125200 40946620032 97.3 21611096761961964 95.4
904271800 40946641532 97.3 21611127540006380 95.4
904366100 40946641732 97.3 21611128066137580 95.4
904412500 40946642532 97.3 21611128403033580 95.4
904427500 40946655032 97.3 21611134835043308 95.4
904430200 40946655332 97.3 21611134839958508 95.4
904436600 40946679332 97.3 21611165359430636 95.4
904546100 40946679532 97.3 21611165570606444 95.4
904591000 40946679632 97.3 21611165760660844 95.4
904736600 40946682732 97.3 21611168836362860 95.4
904839600 40946684432 97.3 21611170479063660 95.4
904881100 40946724832 97.3 21611208870412908 95.4
904943400 40946750032 97.3 21611231324703340 95.4
904951300 40946750732 97.3 21611231336786540 95.4
905186000 40946816732 97.3 21611242995990124 95.4
905505100 40946860532 97.3 21611324581666412 95.4
905595400 40946861232 97.3 21611326981039212 95.4
905611500 40946863332 97.3 21611328840742508 95.4
905658200 40946863432 97.3 21611328946342812 95.4
905707500 40946863632 97.3 21611329157524412 95.4
905818200 40946869232 97.3 21611332487973052 95.4
905856500 40946869532 97.3 21611332591806652 95.4
905912600 40946916432 97.3 21611367398447292 95.4
905941300 40946927632 97.3 21611373668598460 95.4
906130200 40946940132 97.3 21611378618513596 95.4
906197700 40946942132 97.3 21611379854700988 95.4
906267900 40946961332 97.3 21611393450769852 95.4
906341500 40946978832 97.3 21611415058650556 95.4
906421800 40946979332 97.3 21611415272052156 95.4
906428300 40946979832 97.3 21611415280039356 95.4
906435900 40946989532 97.3 21611423484874684 95.4
906438800 40947002532 97.3 21611429091686332 95.4
906441900 40947016332 97.3 21611429308170940 95.4
906450800 40947017432 97.3 21611429869376572 95.4
906502400 40947033232 97.3 21611449318192188 95.4
906603000 40947061832 97.3 21611492481053756 95.4
907057200 40947077432 97.3 21611497363268156 95.4
907171400 40947078032 97.3 21611497373098556 95.4
907177900 40947086432 97.3 21611504391841340 95.4
907219500 40947086832 97.3 21611504783182140 95.4
907284600 40947087832 97.3 21611504799156540 95.4
907287400 40947100532 97.3 21611517858654524 95.4
907292900 40947102532 97.3 21611518861560124 95.4
907490000 40947122332 97.3 21611536155234620 95.4
907525800 40947138732 97.3 21611552091708732 95.4
907532500 40947143632 97.3 21611552167484732 95.4
907541900 40947144132 97.3 21611552594083132 95.4
907570400 40947144232 97.3 21611552699680636 95.4
907600500 40947146232 97.3 21611553726064380 95.4
907748800 40947146432 97.3 21611553937277884 95.4
907772600 40947147532 97.3 21611554498634684 95.4
907826300 40947148932 97.3 21611554788146300 95.4
907905000 40947158332 97.3 21611563672540284 95.4
907928900 40947160832 97.3 21611566390031484 95.4
907981900 40947161332 97.3 21611566917987484 95.4
908064300 40947164032 97.3 21611568295022876 95.4
908150300 40947173632 97.3 21611575073420572 95.4
908180200 40947236732 97.3 21611633694237980 95.4
908185100 40947236932 97.3 21611633708164380 95.4
908286000 40947238032 97.3 21611634423735580 95.4
908286700 40947238132 97.3 21611634529336476 95.4
908587700 40947245132 97.3 21611639430188188 95.4
908701200 40947286332 97.3 21611673102482588 95.4
908823300 40947309432 97.3 21611688281621660 95.4
908871800 40947316032 97.3 21611696432074908 95.4
909272600 40947322832 97.3 21611702117373084 95.4
909418400 40947329432 97.3 21611702221623684 95.4
909427500 40947346532 97.3 21611718093114756 95.4
909428500 40947347132 97.3 21611718102945156 95.4
909587200 40947351932 97.3 21611721995078020 95.4
909640800 40947368932 97.3 21611737185115524 95.4
909683500 40947375132 97.3 21611737284455524 95.4
909687800 40947375232 97.3 21611737286093924 95.4
909693100 40947414132 97.3 21611765845263460 95.4
909694700 40947414732 97.3 21611765854889060 95.4
910024200 40947415632 97.3 21611766361769060 95.4
910392000 40947421132 97.3 21611769423511908 95.4
910520800 40947421332 97.3 21611769594666916 95.4
910548900 40947430832 97.3 21611777808214436 95.4
910551100 40947437832 97.3 21611784361609636 95.4
910599700 40947449232 97.3 21611795131364772 95.4
910633000 40947467332 97.3 21611806584717732 95.4
910636000 40947469532 97.3 21611809286034596 95.4
910737700 40947540532 97.3 21611848078140580 95.4
910788300 40947547632 97.3 21611852573256868 95.4
910964600 40947553332 97.3 21611858129126052 95.4
911036600 40947569032 97.3 21611869896067748 95.4
911069000 40947590832 97.3 21611885026720420 95.4
911220400 40947734532 97.3 21612023632591524 95.4
911251900 40947741732 97.3 21612032729516708 95.4
911350300 40947743532 97.3 21612033387710820 95.4
911354300 40947941132 97.3 21612301676022116 95.4
911428000 40947948332 97.3 21612309607578980 95.4
911598200 40947967232 97.3 21612320453004644 95.4
911651700 40947967332 97.3 21612320478399844 95.4
911713800 40947971332 97.3 21612322412004708 95.4
911851100 40950647332 97.3 21613379680306532 95.4
911866000 40950651532 97.3 21613384214722916 95.4
911892800 40950660932 97.3 21613389602297700 95.4
911895600 40950661732 97.3 21613390503703524 95.4
911948600 40950661932 97.3 21613390511485924 95.4
912084700 40952414432 97.3 21615983450141668 95.4
912165600 40952448332 97.3 21616004800603108 95.4
912166300 40952451232 97.3 21616005562049508 95.4
912177500 40952456332 97.3 21616007232193508 95.4
912194200 40952469232 97.3 21616017962722276 95.4
912371800 40952483032 97.3 21616023172501476 95.4
912484900 40952487932 97.3 21616025922566884 95.4
912713800 40952522032 97.3 21616051773006564 95.4
912734100 40952531832 97.3 21616063881961188 95.4
912794200 40952538332 97.3 21616069825976548 95.4
912834600 40952541432 97.3 21616069875742948 95.4
912837500 40952541532 97.3 21616069877381348 95.4
912845300 40952542332 97.3 21616069890488548 95.4
912847600 40952542632 97.3 21616070456555748 95.4
913399800 40952559332 97.3 21616083642426596 95.4
913530900 40952611532 97.3 21616174076634340 95.4
913613900 40952621832 97.3 21616191917122788 95.4
913621200 40952664232 97.3 21616226317542628 95.4
913869300 40952817832 97.4 21616434967799012 95.4
913958400 40953260832 97.4 21616742924543204 95.4
914075200 40953265932 97.4 21616747398260964 95.4
914637000 40954504032 97.4 21620942410311908 95.4
914646000 40954504432 97.4 21620942416865508 95.4
914992700 40954504832 97.4 21620942527155908 95.4
915241300 40954506932 97.4 21620943027687108 95.4
915640800 40954511532 97.4 21620944473978052 95.4
915883200 40954649332 97.4 21621058723927236 95.4
915908900 40954652732 97.4 21621062260833988 95.4
915966400 40954667732 97.4 21621070057640132 95.4
916216600 40954679832 97.4 21621086095193284 95.4
916245400 40954684632 97.4 21621089364306884 95.4
916785900 40954903832 97.4 21621285653408708 95.4
916798900 40954926832 97.4 21621305817539524 95.4
917360200 40954935332 97.4 21621315631278020 95.4
917449000 40954950932 97.4 21621328775177156 95.4
917621800 40954960532 97.4 21621340514361284 95.4
917858600 40954962432 97.4 21621341355736452 95.4
917916000 40954964132 97.4 21621342933108868 95.4
919575800 40954983532 97.4 21621360520020100 95.4
920134600 40955042432 97.4 21621416359563396 95.4
920158800 40955059032 97.4 21621434212462724 95.4
920508500 40955059632 97.4 21621434222088324 95.4
920515800 40955083232 97.4 21621456504918148 95.4
920518600 40955084832 97.4 21621456530927748 95.4
920714100 40955101332 97.4 21621464473825412 95.4
920848500 40955102532 97.4 21621465064437636 95.4
920855400 40955103932 97.4 21621465086146436 95.4
920910800 40955104732 97.4 21621465378396036 95.4
921197700 40955144632 97.4 21621496990150532 95.4
921285500 40955152032 97.4 21621504113051012 95.4
921416000 40955157632 97.4 21621509255225732 95.4
921724100 40956759532 97.4 21622945730421124 95.4
921812800 40956779732 97.4 21622959640606084 95.4
921869200 40956780432 97.4 21622960171652484 95.4
922019800 40956780532 97.4 21622960277250084 95.4
922081000 40956850132 97.4 21623015989366820 95.4
922170400 40956861832 97.4 21623024293426212 95.4
922462200 40956861932 97.4 21623024394187812 95.4
922755400 40956862032 97.4 21623024499786116 95.4
923089300 40956862332 97.4 21623024504496516 95.4
923102300 40956862432 97.4 21623024509616516 95.4
923362300 40957925832 97.4 21623961684836740 95.4
923569400 40957929832 97.4 21623969326319492 95.4
923570400 40958323232 97.4 21624501020968836 95.5
923807100 40958332132 97.4 21624505335687044 95.5
924037300 40958332232 97.4 21624505372551044 95.5
924141100 40958363732 97.4 21624528811110276 95.5
924469500 40958369132 97.4 21624533321495428 95.5
924470200 40958370432 97.4 21624534735670916 95.5
924574300 40958373232 97.4 21624535938269700 95.5
924688800 40958374432 97.4 21624537975210500 95.5
925079200 40958384332 97.4 21624547904847364 95.5
925529400 40958384432 97.4 21624547906485764 95.5
925706200 40958430632 97.4 21624596669918724 95.5
925901000 40958434232 97.4 21624601421567492 95.5
925956300 40958440432 97.4 21624607615936004 95.5
925972600 40958447832 97.4 21624614219292164 95.5
926017500 40958493532 97.4 21624655074475524 95.5
926136200 40958495132 97.4 21624655665173124 95.5
926153300 40958497032 97.4 21624657218171524 95.5
926208500 40958507032 97.4 21624665678185092 95.5
926264200 40958508732 97.4 21624667263541892 95.5
926270400 40958510532 97.4 21624667291610292 95.5
926438700 40958516732 97.4 21624670682612404 95.5
926629200 40958524932 97.4 21624677740325044 95.5
926735900 40958525032 97.4 21624678165489844 95.5
926862600 40958525732 97.4 21624678333754948 95.5
926912400 40958530332 97.4 21624678511556356 95.5
926989500 40958558032 97.4 21624700907208452 95.5
927177500 40958560532 97.4 21624701399700164 95.5
927303100 40958560732 97.4 21624701431767764 95.5
927317700 40958581432 97.4 21624711502416596 95.5
927325500 40958582232 97.4 21624711515523796 95.5
927607100 40958607632 97.4 21624724719850196 95.5
927667200 40958609532 97.4 21624727051642324 95.5
927778000 40958621232 97.4 21624737566662100 95.5
927784800 40958621632 97.4 21624737573010900 95.5
927789100 40958622332 97.4 21624737584479700 95.5
927792300 40958625632 97.4 21624738131090900 95.5
927799000 40958630532 97.4 21624742418430420 95.5
927872400 40958633832 97.4 21624742468629120 95.5
927882100 40958642132 97.4 21624748378146944 95.5
927896200 40958647132 97.4 21624753857499776 95.5
927925600 40958652132 97.4 21624759181070976 95.5
928114800 40958654932 97.4 21624762442597760 95.5
928227000 40959236132 97.4 21625541427217792 95.5
928254000 40959295532 97.4 21625585734116736 95.5
928311100 40959298732 97.4 21625589577294720 95.5
928496500 40959322432 97.4 21625602382460800 95.5
928525500 40959324732 97.4 21625602424649600 95.5
928528700 40959329532 97.4 21625607406614400 95.5
928643800 40959345632 97.4 21625631336486784 95.5
928650800 40959346132 97.4 21625631918376064 95.5
928729600 40959346232 97.4 21625632023973760 95.5
928798600 40959347332 97.4 21625635242943360 95.5
928831700 40959358932 97.4 21625649860654976 95.5
928887600 40959359032 97.4 21625649959778176 95.5
929038800 40959408532 97.4 21625694106236800 95.5
929201500 40959410332 97.4 21625695677168000 95.5
929297700 40959423432 97.4 21625705001051520 95.5
929543000 40959423732 97.4 21625705928512448 95.5
929680700 40959425332 97.4 21625705953293248 95.5
929688100 40959465532 97.4 21625739280772032 95.5
929752100 40959466632 97.4 21625739940228032 95.5
929856700 40959480732 97.4 21625758367374272 95.5
930127900 40959495632 97.4 21625771907643328 95.5
930267400 40959503132 97.4 21625779304426944 95.5
930293500 40959506532 97.4 21625782709623744 95.5
930333000 40959506632 97.4 21625782815220944 95.5
930488500 40959553332 97.4 21625814787030224 95.5
930584500 40959554632 97.4 21625816093449424 95.5
930653400 40959555232 97.4 21625816708732240 95.5
930956100 40959581332 97.4 21625839277305168 95.5
931013200 40960605032 97.4 21626416803147088 95.5
931030800 40960612832 97.4 21626427196682576 95.5
931053500 40960613632 97.4 21626427209380176 95.5
931059800 40960623332 97.4 21626430634893136 95.5
931124900 40960628232 97.4 21626434537174352 95.5
931175900 40960671032 97.4 21626476727448912 95.5
931220700 40960671132 97.4 21626477010072912 95.5
931311400 40960671232 97.4 21626477011711312 95.5
931319100 40960711932 97.4 21626518846448976 95.5
931319700 40960712132 97.4 21626518849725776 95.5
931402000 40960723132 97.4 21626525746219856 95.5
931445500 40960724632 97.4 21626526210961264 95.5
931474700 40960759232 97.4 21626558604009328 95.5
931485100 40960759332 97.4 21626558709594328 95.5
931554700 40960774832 97.4 21626571370525912 95.5
931666500 40960775032 97.4 21626572064719192 95.5
931860800 40960775132 97.4 21626572170315992 95.5
931894100 40960869832 97.4 21626631432358104 95.5
931903500 40960872332 97.4 21626632628684248 95.5
931973600 40960874932 97.4 21626633495779672 95.5
932098800 40960891932 97.4 21626644362831192 95.5
932122400 40960940432 97.4 21626697651795288 95.5
932351500 40960940732 97.4 21626697793312088 95.5
932406900 40961832932 97.4 21627296622351704 95.5
932425200 40961838032 97.4 21627303640475480 95.5
932432800 40961838532 97.4 21627303648462680 95.5
932648500 40961870332 97.4 21627323706828632 95.5
932648900 40961870432 97.4 21627323708467032 95.5
932656000 40961870532 97.4 21627323710105432 95.5
932660300 40961870732 97.4 21627323713177432 95.5
932662600 40961872832 97.4 21627325645575768 95.5
932827500 40961873332 97.4 21627325923284568 95.5
932837200 40961875332 97.4 21627327327285592 95.5
932962400 40961875432 97.4 21627327503413592 95.5
933084800 40961885632 97.4 21627339892563288 95.5
933107000 40961895332 97.4 21627351115465048 95.5
933119200 40961908632 97.4 21627361802442072 95.5
933135600 40961908832 97.4 21627361807971672 95.5
933472400 40961910432 97.4 21627362049665464 95.5
933502100 40961920832 97.4 21627368934966712 95.5
933619500 40961924732 97.4 21627372653033912 95.5
933622800 40961935432 97.4 21627380171538872 95.5
933640600 40962083332 97.4 21627495408681400 95.5
933689600 40962094832 97.4 21627512428053944 95.5
933827400 40962095832 97.4 21627512933090744 95.5
934319200 40962096132 97.4 21627513041552648 95.5
934359200 40962260432 97.4 21627610563519752 95.5
934406700 40962260632 97.4 21627610568251752 95.5
934894600 40962267132 97.4 21627614605090664 95.5
935000900 40962305432 97.4 21627657493278568 95.5
935043700 40962315432 97.4 21627664173953896 95.5
935185900 40962315632 97.4 21627664622670696 95.5
935394300 40962342132 97.4 21627677438071656 95.5
935402300 40962347532 97.4 21627677526340456 95.5
935412900 40962347732 97.4 21627677529617256 95.5
935413400 40962397032 97.4 21627716526592872 95.5
935525300 40962399732 97.4 21627718731674472 95.5
935532400 40962403932 97.4 21627718797016972 95.5
935552300 40962411332 97.4 21627721049018508 95.5
935680700 40962444432 97.4 21627744872528012 95.5
935780900 40962445532 97.4 21627745512375692 95.5
935901100 40962445832 97.4 21627745869751692 95.5
935946800 40962445932 97.4 21627745975353892 95.5
935957800 40962447232 97.4 21627747610722084 95.5
936010700 40962488332 97.4 21627798596427556 95.5
936213500 40962502632 97.4 21627806203647268 95.5
936264500 40962506532 97.4 21627812846801700 95.5
936712600 40962510532 97.4 21627819559165732 95.5
936738100 40962512832 97.4 21627819699582724 95.5
936740200 40962512932 97.4 21627819701221124 95.5
936744900 40963246432 97.4 21630253503264516 95.5
936746800 40963246532 97.4 21630253778310916 95.5
936747200 40963246932 97.4 21630253784864516 95.5
936839500 40963276432 97.4 21630285360107268 95.5
936845800 40963284132 97.4 21630285481576372 95.5
936970200 40963291232 97.4 21630286448038708 95.5
936979900 40963291532 97.4 21630286452544308 95.5
936988600 40963293432 97.4 21630287416461492 95.5
937193200 40963296732 97.4 21630291407176372 95.5
937291000 40963297032 97.4 21630292006955700 95.5
937460300 40963317232 97.4 21630307301265076 95.5
937470700 40963318332 97.4 21630307711684276 95.5
937535200 40963318432 97.4 21630308666052276 95.5
937696500 40963322332 97.4 21630313939279028 95.5
937792300 40963370732 97.4 21630387120577716 95.5
937800200 40963371432 97.4 21630387131841716 95.5
937997300 40965075432 97.4 21630976548797620 95.5
938050100 40965081532 97.4 21630978942258100 95.5
938255800 40965083932 97.4 21630981290563252 95.5
938290700 40965089632 97.4 21630985381160372 95.5
938401200 40965097132 97.4 21630996753834420 95.5
938512300 40965097832 97.4 21630996808720820 95.5
938540600 40965925932 97.4 21631648563323316 95.5
938676900 40965926432 97.4 21631649249510708 95.5
938718700 40965926632 97.4 21631649256064308 95.5
938888500 40965926732 97.4 21631649337984308 95.5
938902400 40965931032 97.4 21631653578177076 95.5
939102400 40965962032 97.4 21631689016220212 95.5
939193400 40965962132 97.4 21631689121817316 95.5
939560500 40965962232 97.4 21631689126937316 95.5
939567000 40965962932 97.4 21631689138201316 95.5
939574300 40965969132 97.4 21631696230991588 95.5
939637700 40965969332 97.4 21631696442184884 95.5
940206900 40966076232 97.4 21631797292717236 95.5
940318400 40966090932 97.4 21631814383146164 95.5
940406600 40966092332 97.4 21631814439754964 95.5
940519100 40966123932 97.4 21631831688135892 95.5
940660500 40966125132 97.4 21631832402683092 95.5
940848400 40966129132 97.4 21631836979173076 95.5
940962800 40966135232 97.4 21631844797571796 95.5
941011900 40966145232 97.4 21631853948975828 95.5
941017900 40966145332 97.4 21631853950614228 95.5
941118300 40966145732 97.4 21631854616214228 95.5
941144800 40966171232 97.4 21631875550933716 95.5
941223000 40966177532 97.4 21631876741640916 95.5
941331600 40966180432 97.4 21631876994759508 95.5
941357600 40966243232 97.4 21631933554924372 95.5
941451800 40966247232 97.4 21631936843709012 95.5
941455500 40966247532 97.4 21631936848419412 95.5
941462100 40966247732 97.4 21631936890198612 95.5
941803900 40966269732 97.4 21631956476432980 95.5
941986600 40966271432 97.4 21631958550969172 95.5
942147300 40966271632 97.4 21631958762168372 95.5
942318800 40966309332 97.4 21631991579183156 95.5
942396000 40966315032 97.4 21631998248774196 95.5
942404300 40966327032 97.4 21632006801544756 95.5
942522500 40966328532 97.4 21632008767010356 95.5
942562700 40966340832 97.4 21632031270833716 95.5
942666300 40966388532 97.4 21632063474193972 95.5
942747600 40966424332 97.4 21632083622149684 95.5
942799500 40966425032 97.4 21632084531670004 95.5
942944600 40966446032 97.4 21632097323382772 95.5
942996900 40966446232 97.4 21632097370077172 95.5
943156400 40966467732 97.4 21632116499150836 95.5
943238800 40966488432 97.4 21632132166537204 95.5
943246400 40966495832 97.4 21632136857449460 95.5
943263500 40966511232 97.4 21632144820454388 95.5
943575300 40966511632 97.4 21632144891519988 95.5
943762700 40966524032 97.4 21632159593566196 95.5
944515500 40966538732 97.4 21632166014951924 95.5
944521600 40966539932 97.4 21632166034407924 95.5
944524000 40966570732 97.4 21632197249159668 95.5
944594600 40966656532 97.4 21632267480658420 95.5
945075400 40966677632 97.4 21632290225734132 95.5
945171000 40966698032 97.4 21632336998146548 95.5
945400900 40966698132 97.4 21632337181647348 95.5
945482400 40966708132 97.4 21632347992848884 95.5
945685100 40966714232 97.4 21632350494773748 95.5
946293500 40966729432 97.4 21632362874106356 95.5
946317500 40966753132 97.4 21632378640850420 95.5
946343800 40966753532 97.4 21632378733010420 95.5
946359100 40966773132 97.4 21632400057116148 95.5
946510600 40966775532 97.4 21632402123752052 95.5
946556200 40966796732 97.4 21632421925642868 95.5
946744100 40966796832 97.4 21632422031240268 95.5
946955200 40966803332 97.4 21632432672933964 95.5
946992100 40966804232 97.4 21632433544381772 95.5
947059000 40966824432 97.4 21632433861252556 95.5
947065600 40966830332 97.4 21632440189386700 95.5
947687900 40966830532 97.4 21632440374037100 95.5
947733600 40966855832 97.4 21632465466755692 95.5
947757600 40966871232 97.4 21632480093524588 95.5
947845200 40966881032 97.4 21632489033928300 95.5
948101200 40966883232 97.4 21632490739241068 95.5
948215400 40966883332 97.4 21632490763817068 95.5
948358300 40966889132 97.4 21632499951245420 95.5
948360900 40966889232 97.4 21632499951655020 95.5
948387600 40966889632 97.4 21632500282407020 95.5
948610000 40966902932 97.4 21632519624278124 95.5
948657900 40966904232 97.4 21632520899147756 95.5
948661100 40966904932 97.4 21632520911026156 95.5
948668400 40966906232 97.4 21632520931506156 95.5
948757600 40966906332 97.4 21632521037102756 95.5
948828700 40966906832 97.4 21632521299041956 95.5
949135700 40966918032 97.4 21632524970000036 95.5
949165700 40966921032 97.4 21632527786339748 95.5
949351800 40966927132 97.4 21632531286403492 95.5
949434000 40966927332 97.4 21632531497573588 95.5
949786800 40966939632 97.4 21632542564476116 95.5
949935500 40966972432 97.4 21632567730248916 95.5
950106400 40966976632 97.4 21632572232770772 95.5
950304500 40966977932 97.4 21632573470106964 95.5
950561000 40966978032 97.4 21632573971047764 95.5
950746400 40966981632 97.4 21632576495131476 95.5
951086700 40966993132 97.4 21632585664703316 95.5
951103000 40967044232 97.4 21632630128814932 95.5
951162300 40967064432 97.4 21632649494848340 95.5
951283100 40967064732 97.4 21632649518809940 95.5
951346200 40967064832 97.4 21632649727910740 95.5
951351400 40967071932 97.4 21632655431935316 95.5
951457000 40967083432 97.4 21632661335924564 95.5
951508600 40967083732 97.4 21632662510580564 95.5
951822000 40967083832 97.4 21632662882497364 95.5
952094800 40967098032 97.4 21632676723933012 95.5
952198900 40967118732 97.4 21632700392740692 95.5
952518100 40967134732 97.4 21632714172208980 95.5
952722500 40967155532 97.4 21632724902618964 95.5
952736800 40967155932 97.4 21632725324937172 95.5
953201700 40967156032 97.4 21632725538543572 95.5
953347500 40967167432 97.4 21632735540230100 95.5
953455700 40967208732 97.4 21632767620218836 95.5
953496900 40967208832 97.4 21632767682478036 95.5
953510200 40967208932 97.4 21632767853690836 95.5
953572700 40967211432 97.4 21632769425035604 95.5
953668300 40967232932 97.4 21632785043853652 95.5
953673600 40967243032 97.4 21632787484484692 95.5
953675600 40967243332 97.4 21632787488785492 95.5
953896200 40967248432 97.4 21632794170442836 95.5
953919300 40967260532 97.4 21632804620472404 95.5
954152400 40967260832 97.4 21632804866065396 95.5
954217700 40967260932 97.4 21632805125137396 95.5
954275100 40967287832 97.4 21632820457639924 95.5
954339600 40967290032 97.4 21632823205383412 95.5
954411400 40967293832 97.4 21632826632421364 95.5
954427000 40967293932 97.4 21632827232485364 95.5
954472400 40967296632 97.4 21632829090430964 95.5
954645000 40967296732 97.4 21632829177266164 95.5
954661900 40967296832 97.4 21632829432856564 95.5
954676400 40967297432 97.4 21632829806206964 95.5
954689800 40967298032 97.4 21632830439752948 95.5
954704600 40968745332 97.4 21634133167899892 95.5
954774900 40968745732 97.4 21634133590295380 95.5
954821100 40968759932 97.4 21634135457995092 95.5
954910300 40968767432 97.4 21634141231282516 95.5
954959300 40968770832 97.4 21634144334223188 95.5
954991600 40968845732 97.4 21634196828919636 95.5
955049700 40968896032 97.4 21634210251267924 95.5
955134400 40968907132 97.4 21634225202606932 95.5
955162000 40968914832 97.4 21634228311076948 95.5
955181700 40968924732 97.4 21634238543722580 95.5
955230700 40968934832 97.4 21634247250028628 95.5
955241600 40968941632 97.4 21634251559844948 95.5
955271600 40968992932 97.4 21634292652719188 95.5
955272500 40969002832 97.4 21634294599647828 95.5
955316100 40969023332 97.4 21634307913487956 95.5
955371900 40969023432 97.4 21634308389033556 95.5
955421700 40969033832 97.4 21634324865161812 95.5
955436200 40969034332 97.4 21634325191378100 95.5
955453400 40969036932 97.4 21634328579550644 95.5
955641500 40969100932 97.4 21634385434869172 95.5
955706400 40969101732 97.4 21634385618945076 95.5
955986000 40969102932 97.4 21634387631309876 95.5
956028200 40969106832 97.4 21634393182955060 95.5
956034300 40969107732 97.4 21634393714811156 95.5
956179700 40969107932 97.4 21634393846292756 95.5
956216000 40969111732 97.4 21634400087751444 95.5
956352000 40969168732 97.4 21634450855586580 95.5
956368400 40969168932 97.4 21634451681954580 95.5
956483400 40970435132 97.4 21635441897294612 95.5
956533700 40970454732 97.4 21635459273124628 95.5
956539500 40970455332 97.4 21635459898993428 95.5
956724400 40971857132 97.4 21637439162346260 95.5
956727700 40971893632 97.4 21637503385135892 95.5
956777900 40971895232 97.4 21637504323947092 95.5
956942800 40971898232 97.4 21637505335936596 95.5
956963300 40971898532 97.4 21637505444797300 95.5
957092500 40971901532 97.4 21637506396707188 95.5
957131600 40971901832 97.4 21637506408175988 95.5
957191000 40971913832 97.4 21637519551763828 95.5
957347000 40971934532 97.4 21637540451478900 95.5
957422800 40971942332 97.4 21637543635503988 95.5
957632800 40971954132 97.4 21637562254046068 95.5
957670100 40971983632 97.4 21637596916708212 95.5
957756000 40971985232 97.4 21637597812484724 95.5
957781800 40971993932 97.4 21637608309637748 95.5
957827700 40972010432 97.4 21637623567901300 95.5
957876200 40972043832 97.4 21637649260800628 95.5
957980600 40972044032 97.4 21637649649715828 95.5
958314500 40972044632 97.4 21637649816832628 95.5
958320800 40972052432 97.4 21637654066708596 95.5
958478700 40972085632 97.4 21637680235950196 95.5
958554600 40972097732 97.4 21637690932368500 95.5
958574200 40972102632 97.4 21637696691479668 95.5
958865900 40972118532 97.4 21637699822008180 95.5
959131100 40972149532 97.4 21637733050023796 95.5
959567300 40972169032 97.4 21637753080498036 95.5
959641100 40972234032 97.4 21637789641475956 95.5
959656700 40972234932 97.4 21637790622877556 95.5
959708300 40972263232 97.4 21637811345139572 95.5
959712400 40973233632 97.4 21638428549687156 95.5
959851000 40973233832 97.4 21638428760879860 95.5
959955800 40973238532 97.4 21638436047194868 95.5
960070900 40973241432 97.4 21638439028468468 95.5
960137900 40973264832 97.4 21638455960336116 95.5
960183400 40973284732 97.4 21638482403788532 95.5
960257500 40973285632 97.4 21638483955049204 95.5
960287500 40973286332 97.4 21638484346422004 95.5
960362800 40973286632 97.4 21638485327616372 95.5
960499300 40973286932 97.4 21638485632358772 95.5
960523700 40973339432 97.4 21638520717482356 95.5
960527500 40973406032 97.4 21638553072064884 95.5
960564700 40973466432 97.4 21638618701007220 95.5
960570200 40973579632 97.4 21638732341791092 95.5
960574900 40973579932 97.4 21638732448082292 95.5
960611300 40974420132 97.4 21639319722207604 95.5
960728700 40974422232 97.4 21639321735539188 95.5
960977100 40974422532 97.4 21639322365742196 95.5
960985600 40974437832 97.4 21639332096917620 95.5
961090800 40974463232 97.4 21639353057345652 95.5
961123600 40974468932 97.4 21639357112102516 95.5
961148500 40974469032 97.4 21639357217707516 95.5
961163100 40974503432 97.4 21639390451914236 95.5
961213100 40974504132 97.4 21639391506839036 95.5
961240300 40974512632 97.4 21639399180312060 95.5
961327500 40974537432 97.4 21639415725579772 95.5
961361200 40974542432 97.4 21639425977591292 95.5
961510400 40974621132 97.4 21639509647492604 95.5
961562100 40974656932 97.4 21639537607755260 95.5
961576900 40974675432 97.4 21639548592541180 95.5
961588500 40974677532 97.4 21639550654877180 95.5
961606700 40974678632 97.4 21639551374459772 95.5
961651300 40974678932 97.4 21639551671829372 95.5
961781300 40974775732 97.4 21639631288501116 95.5
961854400 40974784232 97.4 21639638448616828 95.5
962008300 40974784432 97.4 21639638659804124 95.5
962153600 40974793232 97.4 21639644296006108 95.5
962461300 40974793332 97.4 21639645105990108 95.5
962494300 40974793632 97.4 21639645329871900 95.5
962606100 40974794032 97.4 21639645765481500 95.5
962609200 40974794232 97.4 21639646009807900 95.5
962701200 40974803532 97.4 21639650068845596 95.5
962701900 40974803632 97.4 21639650071507996 95.5
962754800 40974816332 97.4 21639658086179356 95.5
962827300 40974817432 97.4 21639658397927772 95.5
962865600 40974825832 97.4 21639658532276572 95.5
962870700 40974826132 97.4 21639658552756572 95.5
962872800 40974826832 97.4 21639659372980572 95.5
962885500 40974826932 97.4 21639659478577972 95.5
962908000 40974828032 97.4 21639659494359172 95.5
962915800 40974829232 97.4 21639659617774572 95.5
962983100 40974829432 97.4 21639659961633772 95.5
963008200 40975694432 97.4 21642602294987756 95.5
963118500 40975694632 97.4 21642602834635756 95.5
963135300 40975732332 97.4 21642630846467052 95.5
963251600 40975732532 97.4 21642631296751468 95.5
963283000 40975790032 97.4 21642682340251500 95.5
963443000 40975790332 97.4 21642682657130604 95.5
963480800 40975803932 97.4 21642695519687788 95.5
963655000 40975853732 97.4 21642725466838124 95.5
963657200 40975856232 97.4 21642728231379308 95.5
963672000 40975867832 97.4 21642729263066796 95.5
963862700 40975874732 97.4 21642735335181996 95.5
963867900 40975876032 97.4 21642735668359596 95.5
963940500 40975990632 97.4 21642807823045036 95.5
963949300 40975994932 97.4 21642813390337452 95.5
963987100 40975995032 97.4 21642813495921756 95.5
964122400 40975997332 97.4 21642816319294556 95.5
964231100 40975997832 97.4 21642818967003740 95.5
964440400 40975999232 97.4 21642819435995740 95.5
964444800 40975999332 97.4 21642819500712540 95.5
964498100 40976001732 97.4 21642820080110876 95.5
964509600 40976002232 97.4 21642820683617564 95.5
964522400 40976012432 97.4 21642828158367516 95.5
964522600 40976014332 97.4 21642830702138908 95.5
964723400 40976015132 97.4 21642832954549276 95.5
964733300 40976015632 97.4 21642834138907676 95.5
964758300 40976020132 97.4 21642840061722652 95.5
964851300 40976068532 97.4 21642882415276060 95.5
964971300 40976068632 97.4 21642882766303260 95.5
965036200 40976076132 97.4 21642887990931996 95.5
965093300 40976076732 97.4 21642888600662940 95.5
965305400 40976076832 97.4 21642888706259436 95.5
965454700 40976213032 97.4 21642994545621484 95.5
965572700 40976214832 97.4 21642997182488556 95.5
965654900 40976214932 97.4 21642997204197356 95.5
965663700 40976215532 97.4 21642998615269356 95.5
965716300 40976250132 97.4 21643032081688556 95.5
965746500 40976282532 97.4 21643038803300332 95.5
965747600 40976304132 97.4 21643058753722348 95.5
965787400 40976309732 97.4 21643065155822060 95.5
965795400 40976310532 97.4 21643065168724460 95.5
965967300 40976311432 97.4 21643065626657260 95.5
966435300 40976311532 97.4 21643065732257460 95.5
967100100 40976315132 97.4 21643068447950260 95.5
967338400 40976516032 97.4 21643222705702324 95.5
967378500 40976535832 97.4 21643254800876980 95.5
967466900 40976536132 97.4 21643254996807876 95.5
967540100 40976536432 97.4 21643255313600868 95.5
967605500 40976720032 97.4 21643482235801956 95.5
967971500 40976728232 97.4 21643486468088420 95.5
968118500 40976752732 97.4 21643502042412644 95.5
968191000 40976769732 97.4 21643520784221796 95.5
968204300 40976776032 97.4 21643529380079204 95.5
968222200 40976776432 97.4 21643529548220004 95.5
968322200 40976785332 97.4 21643534014947940 95.5
968385500 40976785432 97.4 21643534120542340 95.5
968436400 40976817232 97.4 21643558709502084 95.5
968535100 40976817932 97.4 21643559666599300 95.5
968777100 40976819232 97.4 21643560093108804 95.5
968785600 40976819732 97.4 21643561290984004 95.5
968786700 40976869332 97.4 21643600703900228 95.5
968795000 40976869732 97.4 21643600986524228 95.5
968849900 40976896832 97.4 21643626414099012 95.5
968967100 40976899032 97.4 21643628279363524 95.5
968984000 40976902232 97.4 21643631024941508 95.5
969012300 40976905032 97.4 21643633141959108 95.5
969031700 40976947932 97.4 21643678430837188 95.5
969125900 40976948732 97.4 21643678855387588 95.5
969207300 40977021432 97.4 21643735309429188 95.5
969232100 40977023532 97.4 21643736835313604 95.5
969254000 40978902232 97.4 21644424299630532 95.5
969318100 40978903332 97.4 21644425493814852 95.5
969354000 40978923132 97.4 21644440944616004 95.5
969468300 40978942532 97.4 21644468199477828 95.5
969622500 40978942732 97.4 21644468410666228 95.5
969773700 40978943832 97.4 21644468427061928 95.5
969782500 40978952332 97.4 21644483616958120 95.5
970165200 40978971432 97.4 21644519742068392 95.5
970407000 40979047532 97.4 21644578490222248 95.5
970440200 40979047732 97.4 21644578519847048 95.5
970547100 40979066232 97.4 21644588783093896 95.5
970576300 40979066332 97.4 21644588864194696 95.5
970593200 40979068032 97.4 21644589328590600 95.5
970680100 40979068332 97.4 21644590422947336 95.5
970709900 40979086332 97.4 21644617309302280 95.5
970711300 40979087332 97.4 21644617621417480 95.5
970748100 40979092832 97.4 21644621438070280 95.5
970767400 40979096832 97.4 21644624585374728 95.5
970833500 40979107532 97.4 21644639756333064 95.5
970867400 40979109432 97.4 21644640794259464 95.5
970879300 40979109632 97.4 21644641174573064 95.5
970928600 40979109732 97.4 21644641185222664 95.5
970970900 40979109832 97.4 21644641290809264 95.5
971314500 40979110032 97.4 21644641320246064 95.5
971368000 40979197932 97.4 21644700193319728 95.5
971831900 40979203632 97.4 21644701955375536 95.5
971845700 40979468232 97.4 21644900059365808 95.5
971899200 40979469832 97.4 21644901079593008 95.5
972040900 40979482432 97.4 21644919878756400 95.5
972048300 40979485532 97.4 21644919929137200 95.5
972099500 40979485632 97.4 21644920034739000 95.5
972193900 40979488632 97.4 21644924482586936 95.5
972356700 40979490832 97.4 21644926000359736 95.5
972461600 40979600932 97.4 21645005010078008 95.5
972586800 40979601032 97.4 21645005115665912 95.5
972636200 40979601132 97.4 21645005221262616 95.5
972786000 40981552232 97.4 21646832754226456 95.5
972796700 40981552432 97.4 21646833028248856 95.5
972867000 40981552532 97.4 21646833160754456 95.5
972896400 40981552632 97.4 21646833210520856 95.5
973023000 40981554532 97.4 21646834820453656 95.5
973058900 40981555932 97.4 21646835862066456 95.5
973085900 40981557432 97.4 21646836725319064 95.5
973086800 40981558632 97.4 21646837245242968 95.5
973149400 40981559132 97.4 21646837787348568 95.5
973262700 40981562532 97.4 21646841067247960 95.5
973269100 40981577232 97.4 21646865658562904 95.5
973346800 40981577332 97.4 21646865764157904 95.5
973350300 40981580232 97.4 21646866457934416 95.5
973432300 40982345632 97.4 21647405769472592 95.6
973702300 40982348632 97.4 21647407218833744 95.6
973765700 40982362132 97.4 21647416312631632 95.6
973781600 40982362232 97.4 21647416418226832 95.6
973788700 40982365432 97.4 21647416470246032 95.6
973809200 40982366532 97.4 21647416486846032 95.6
973816000 40982367832 97.4 21647416561008832 95.6
973853200 40982382632 97.4 21647430931973312 95.6
973969500 40982427732 97.4 21647468958127296 95.6
974014600 40982429532 97.4 21647469566997696 95.6
974029900 40982437932 97.4 21647471759621312 95.6
974086900 40982438032 97.4 21647471810206912 95.6
974089300 40982441832 97.4 21647472775264320 95.6
974093900 40982442032 97.4 21647472785299520 95.6
974140400 40982442432 97.4 21647472911792920 95.6
974144700 40982442532 97.4 21647473049213720 95.6
974197100 40982442832 97.4 21647473360304920 95.6
974286900 40982442932 97.4 21647473465901920 95.6
974400900 40982443232 97.4 21647473782688224 95.6
974413500 40982447932 97.4 21647482623108576 95.6
974414700 40982450032 97.4 21647483913758176 95.6
974419400 40982450232 97.4 21647484096769376 95.6
974498900 40982450332 97.4 21647484202367680 95.6
974583900 40982450832 97.4 21647484857522880 95.6
974606700 40982460132 97.4 21647491133197504 95.6
974607600 40982462332 97.4 21647492352740544 95.6
974710700 40982463232 97.4 21647493996766400 95.6
974729300 40982463432 97.4 21647494326699200 95.6
974775100 40982467932 97.4 21647498750854848 95.6
974869500 40982472432 97.4 21647501044367296 95.6
975016400 40982479932 97.4 21647505907497408 95.6
975041000 40982480732 97.4 21647505965046208 95.6
975092600 40982480932 97.4 21647505998022908 95.6
975195400 40982481532 97.4 21647507001915708 95.6
975320800 40982518332 97.4 21647540547752252 95.6
975362900 40982518532 97.4 21647541143231356 95.6
975410600 40982518632 97.4 21647541357042556 95.6
975432700 40982525132 97.4 21647545965478268 95.6
975802600 40982526032 97.4 21647546856153468 95.6
975952000 40982557432 97.4 21647568332149116 95.6
976136100 40982557532 97.4 21647568754154620 95.6
976343600 40982558932 97.4 21647568776682620 95.6
976351000 40982559032 97.4 21647568882270020 95.6
976392000 40982561332 97.4 21647568920772420 95.6
976398900 40982834932 97.4 21647950544600900 95.6
976537500 40982836332 97.4 21647950861680004 95.6
976894300 40982890032 97.4 21647992298892676 95.6
976960400 40983804032 97.4 21649327228284292 95.6
977055100 40983840332 97.4 21649360608890244 95.6
977393100 40983948432 97.4 21649479542656388 95.6
977401000 40983949432 97.4 21649479567846788 95.6
977436400 40983953032 97.4 21649482570712708 95.6
977599300 40983957332 97.4 21649482636476808 95.6
977607900 40983968732 97.4 21649491855706504 95.6
977610000 40983969532 97.4 21649492655658824 95.6
977659900 40983973832 97.4 21649499464595272 95.6
977722400 40983974032 97.4 21649500035987272 95.6
977842000 40983984232 97.4 21649511377414984 95.6
977973700 40983984332 97.4 21649511482995480 95.6
978142100 40983991832 97.4 21649522712602392 95.6
978198200 40983992932 97.4 21649523102951192 95.6
978255600 40984004032 97.4 21649527275446552 95.6
978729400 40984019332 97.4 21649545861116184 95.6
978858000 40984019432 97.4 21649545862754584 95.6
978907500 40984038132 97.4 21649568165505304 95.6
978914200 40984136432 97.4 21649569731088792 95.6
978918900 40984136932 97.4 21649569851907288 95.6
978936900 40984149932 97.4 21649578682867928 95.6
978958800 40984154432 97.4 21649583010732248 95.6
979134200 40984169332 97.4 21649597129214168 95.6
979205100 40984172832 97.4 21649597183486168 95.6
979211900 40984174132 97.4 21649598591895768 95.6
979252700 40984187132 97.4 21649613096915160 95.6
979393400 40984203932 97.4 21649621588092632 95.6
979960500 40984204132 97.4 21649621591164632 95.6
979968400 40984219632 97.4 21649628271545048 95.6
980051600 40984233232 97.4 21649645104539352 95.6
980088900 40984234932 97.4 21649646510623064 95.6
980260900 40984262132 97.4 21649667212804440 95.6
980386800 40984262932 97.4 21649668139319640 95.6
980532200 40984263932 97.4 21649670878087000 95.6
980698700 40984286132 97.4 21649689148387160 95.6
980715400 40984287232 97.4 21649689362774760 95.6
980953900 40984360832 97.4 21649771299715816 95.6
981125600 40984365632 97.4 21649775821697256 95.6
981135300 40984367632 97.4 21649775852428456 95.6
981266900 40984377532 97.4 21649781923675304 95.6
981359500 40984385632 97.4 21649787814092456 95.6
981517000 40984400432 97.4 21649804222921384 95.6
981634700 40984413132 97.4 21649822583589544 95.6
981779800 40984413232 97.4 21649822586866344 95.6
981981500 40984413532 97.4 21649823178533544 95.6
982096700 40984422232 97.4 21649832006547112 95.6
982131400 40985442032 97.4 21650461204182696 95.6
982674700 40985455532 97.4 21650468796536488 95.6
982890700 40985457132 97.4 21650475282003624 95.6
982897200 40985462332 97.4 21650475365971624 95.6
983011500 40985470732 97.4 21650482605178536 95.6
983215000 40985812632 97.4 21650945856224936 95.6
983567500 40985815332 97.4 21650945899642536 95.6
983574800 40985821832 97.4 21650952052889256 95.6
983575400 40985822732 97.4 21650952066610856 95.6
983725100 40985824432 97.4 21650954146860456 95.6
983777600 40985830732 97.4 21650956547495080 95.6
983784200 40985831032 97.4 21650956552819880 95.6
983805300 40985956332 97.4 21651097891738792 95.6
983818600 40985957132 97.4 21651098812314792 95.6
984151300 40985999132 97.4 21651141696394408 95.6
984322500 40985999232 97.4 21651141700695208 95.6
984375700 40986009732 97.4 21651151555927208 95.6
984388000 40986013032 97.4 21651152385631528 95.6
985377900 40986013132 97.4 21651152386041128 95.6
986109800 40986019632 97.4 21651156461804840 95.6
987007700 40988118732 97.4 21651985764900136 95.6
990999200 40988121832 97.4 21651987018907176 95.6
992385600 40988122032 97.4 21651987022593576 95.6
992394800 40988517632 97.4 21653320601943592 95.6
995030900 40988541532 97.4 21653339637931560 95.6
996310900 40988552932 97.4 21653346307669032 95.6
996410000 40988595332 97.4 21653387001023528 95.6
997291400 40988595532 97.4 21653387050175528 95.6
997382600 40988612132 97.4 21653402257417256 95.6
997564800 40988613832 97.4 21653404019098024 95.6
997572800 40988615632 97.4 21653404047770024 95.6
997774900 40988616132 97.4 21653404059238824 95.6
997888200 40988616632 97.4 21653404679373224 95.6
997920000 40988628332 97.4 21653412910519208 95.6
997969300 40988631332 97.4 21653412958237608 95.6
997977200 40988683032 97.4 21653451699930024 95.6
998255600 40988685232 97.4 21653454081344424 95.6
998545700 40990097932 97.4 21653962646012840 95.6
998561200 40990190632 97.4 21654022301709224 95.6
998893800 40990195732 97.4 21654025925636776 95.6
999359200 40990195832 97.4 21654026042577576 95.6
999429800 40990205432 97.4 21654032116403368 95.6
999455900 40990211532 97.4 21654036929546920 95.6
999574400 40990212232 97.4 21654037109354312 95.6
999627400 40990215132 97.4 21654042465776968 95.6
999728000 40990216632 97.4 21654042491172168 95.6
999736600 40990216732 97.4 21654042510832968 95.6
999865700 40990220532 97.4 21654045726152008 95.6
1000016100 40990221632 97.4 21654046931011272 95.6
1000031300 40990221932 97.4 21654047746983496 95.6
1000079900 40990222032 97.4 21654047852577592 95.6
1000092200 40990222532 97.4 21654048988574136 95.6
1000340800 40990223932 97.4 21654049011102136 95.6
1000350200 40990224032 97.4 21654049017860536 95.6
1000363700 40990229032 97.4 21654052025571256 95.6
1000372700 40990229232 97.4 21654052031100856 95.6
1000583500 40990236432 97.4 21654056882990008 95.6
1000621000 40990243732 97.4 21654064058462648 95.6
1000802900 40990245532 97.4 21654064087339448 95.6
1000814600 40990246032 97.4 21654064213018648 95.6
1000904300 40990270632 97.4 21654087136610328 95.6
1000942500 40990275632 97.4 21654090185372440 95.6
1000974200 40990276432 97.4 21654090754900056 95.6
1001007500 40990285132 97.4 21654100710842456 95.6
1001047700 40990285432 97.4 21654101027652760 95.6
1001073200 40990285632 97.4 21654101277303960 95.6
1001101300 40990288032 97.4 21654101729092760 95.6
1001101900 40990289232 97.4 21654102690264280 95.6
1001106100 40990328332 97.4 21654138192614616 95.6
1001174100 40990328432 97.4 21654138298212120 95.6
1001181400 40990328532 97.4 21654138330775320 95.6
1001232900 40990377032 97.4 21654202993258264 95.6
1001271400 40990377632 97.4 21654204049447064 95.6
1001297800 40990377732 97.4 21654204117850264 95.6
1001370100 40990397032 97.4 21654234011336856 95.6
1001391300 40990442832 97.4 21654280084459672 95.6
1001429400 40990447232 97.4 21654284558193816 95.6
1001433200 40990451632 97.4 21654294133617816 95.6
1001615200 40990453132 97.4 21654296337069720 95.6
1001670600 40990459932 97.4 21654307741890200 95.6
1001752800 40990465932 97.4 21654309123676184 95.6
1001830000 40990468132 97.4 21654311331975960 95.6
1001878300 40990509032 97.4 21654335989613336 95.6
1001949100 40990523032 97.4 21654343367905048 95.6
1002100100 40990531632 97.4 21654346718433816 95.6
1002123900 40990536032 97.4 21654350138773272 95.6
1002229800 40990536332 97.4 21654350420168472 95.6
1002330900 40990537232 97.4 21654351366139672 95.6
1002356500 40990537432 97.4 21654351577330472 95.6
1002429800 40991514432 97.4 21657751424840488 95.6
1002475500 40991524932 97.4 21657759265896744 95.6
1002566100 40991525432 97.4 21657759960578344 95.6
1002646200 40991535032 97.4 21657767490441512 95.6
1002670800 40991539932 97.4 21657772339813672 95.6
1002697800 40992576932 97.4 21659202973785384 95.6
1002750100 40992583232 97.4 21659209327221032 95.6
1002754100 40992583432 97.4 21659209330702632 95.6
1002761800 40992584132 97.4 21659209341966632 95.6
1002874900 40992596032 97.4 21659217999024424 95.6
1002882600 40992596932 97.4 21659220471370024 95.6
1002896200 40992600232 97.4 21659224956285224 95.6
1002950200 40992622532 97.4 21659246842765608 95.6
1003077100 40992624832 97.4 21659248976068776 95.6
1003155700 40992628932 97.4 21659256225069224 95.6
1003180600 40992885932 97.4 21659415438407848 95.6
1003183200 40992899032 97.4 21659425679792296 95.6
1003190000 40992904432 97.4 21659425764996696 95.6
1003253300 40992908332 97.4 21659428625318488 95.6
1003517700 40992908732 97.4 21659428938220888 95.6
1003536100 40992916432 97.4 21659429062739288 95.6
1003543600 40992919532 97.4 21659432623056472 95.6
1003680800 40992942832 97.4 21659447248050776 95.6
1003791300 40992945732 97.4 21659449066731096 95.6
1003932300 40992947032 97.4 21659450604350808 95.6
1004006500 40993650532 97.4 21659948555660632 95.6
1004028400 40993651632 97.4 21659949050398424 95.6
1004046800 40993706432 97.4 21659989857580760 95.6
1004058100 40993706532 97.4 21659989864339160 95.6
1004072100 40993706732 97.4 21659990131720056 95.6
1004207400 40993719032 97.4 21659999276935032 95.6
1004337300 40993736232 97.4 21660018171903864 95.6
1004381200 40993765132 97.4 21660044816232312 95.6
1004382600 40993765332 97.4 21660044964302712 95.6
1004406000 40993766432 97.4 21660046328680312 95.6
1004469500 40993774232 97.4 21660049361563512 95.6
1004756800 40993775632 97.4 21660051066107256 95.6
1004776000 40993779032 97.4 21660053900354680 95.6
1004808100 40993779132 97.4 21660053940700280 95.6
1004816900 40993779632 97.4 21660054570869880 95.6
1004874800 40993788132 97.4 21660060269929080 95.6
1004926500 40993788332 97.4 21660060287951480 95.6
1005026800 40993791632 97.4 21660064017008504 95.6
1005040700 40993791932 97.4 21660064176547704 95.6
1005043900 40993792232 97.4 21660064235678604 95.6
1005096100 40993874832 97.4 21660146963794828 95.6
1005213800 40993875732 97.4 21660147254406028 95.6
1005221000 40993886232 97.4 21660150691469708 95.6
1005222200 40993913732 97.4 21660179882224012 95.6
1005236100 40993915632 97.4 21660181934537868 95.6
1005264800 40993917032 97.4 21660183185865868 95.6
1005335400 40993975132 97.4 21660232669695116 95.6
1005370600 40993977732 97.4 21660234330514956 95.6
1005385100 40994004732 97.4 21660272012310028 95.6
1005388300 40994008832 97.4 21660278067682316 95.6
1005388600 40994025832 97.4 21660278334152316 95.6
1005396500 40994027732 97.4 21660279667458684 95.6
1005398800 40994028132 97.4 21660279672373884 95.6
1005415200 40994045232 97.4 21660289358936700 95.6
1005459400 40994045332 97.4 21660289464527804 95.6
1005531700 40994049432 97.4 21660293659452860 95.6
1005548800 40994072232 97.4 21660300309596092 95.6
1005574900 40994073432 97.4 21660302211873596 95.6
1005819500 40994828032 97.5 21660796733782844 95.6
1006115200 40994829532 97.5 21660799009225020 95.6
1006132900 40994830532 97.5 21660799188704524 95.6
1006343700 40994833832 97.5 21660802673020428 95.6
1006378400 40994853932 97.5 21660846199737868 95.6
1006420100 40994854132 97.5 21660846410939660 95.6
1006489200 40994856532 97.5 21660847621666444 95.6
1006535900 40994864532 97.5 21660850792712844 95.6
1006733400 40994867932 97.5 21660853136135308 95.6
1006742800 40994873732 97.5 21660856268472204 95.6
1006815900 40994882432 97.5 21660865757300620 95.6
1006990300 40994882732 97.5 21660866547009420 95.6
1007115400 40994892332 97.5 21660874490623884 95.6
1007208900 40994903432 97.5 21660883497989004 95.6
1007220400 40994905732 97.5 21660883534648204 95.6
1007246200 40994907532 97.5 21660884349882892 95.6
1007260200 40994921032 97.5 21660893491894796 95.6
1007262200 40994921832 97.5 21660894336643596 95.6
1007405000 40994936232 97.5 21660905690050060 95.6
1007453600 40994942732 97.5 21660912115005452 95.6
1007638000 40994943132 97.5 21660912774871052 95.6
1007675100 40994943232 97.5 21660912880468452 95.6
1007730000 40994945932 97.5 21660916027220452 95.6
1007730800 40994948132 97.5 21660918650996452 95.6
1007774200 40994959832 97.5 21660948736792292 95.6
1007868900 40994977632 97.5 21660965723351780 95.6
1007948200 40994979232 97.5 21660966712740580 95.6
1008042000 40994979332 97.5 21660966716426980 95.6
1008078600 40994981432 97.5 21660969348983780 95.6
1008283000 40995018232 97.5 21661007337708516 95.6
1008449900 40995094932 97.5 21661065532156900 95.6
1008512100 40995107832 97.5 21661075907727332 95.6
1008576500 40995108332 97.5 21661076099215332 95.6
1008588000 40995114432 97.5 21661080422593508 95.6
1008590000 40995117432 97.5 21661080469697508 95.6
1008591600 40995117832 97.5 21661080476046308 95.6
1008596900 40995157132 97.5 21661124003681252 95.6
1008600700 40995157232 97.5 21661124005319652 95.6
1008761300 40995158632 97.5 21661125817072100 95.6
1008795700 40995184132 97.5 21661149101261284 95.6
1008830900 40995186932 97.5 21661151608583140 95.6
1008915100 40995213732 97.5 21661174092659684 95.6
1008927300 40995246832 97.5 21661197972181988 95.6
1008931100 40995249132 97.5 21661200229897188 95.6
1008947600 40995249332 97.5 21661200342268788 95.6
1008953800 40995520732 97.5 21661577425992564 95.6
1008970100 40995576732 97.5 21661636713769844 95.6
1009087800 40995576832 97.5 21661636734659444 95.6
1009144300 40995600732 97.5 21661653819194228 95.6
1009148100 40995607632 97.5 21661655922376180 95.6
1009390000 40995608032 97.5 21661656929992180 95.6
1009464900 40995613732 97.5 21661663664390132 95.6
1009689500 40995617932 97.5 21661665256644980 95.6
1009872900 40995621132 97.5 21661670739666804 95.6
1009982800 40995631332 97.5 21661681049922420 95.6
1010029900 40995636532 97.5 21661688472089972 95.6
1010143000 40995636732 97.5 21661688683273572 95.6
1010312800 40995646532 97.5 21661699426443620 95.6
1010436100 40995665232 97.5 21661719184079204 95.6
1010446100 40995665432 97.5 21661719188380004 95.6
1010537800 40995768032 97.5 21661865274251620 95.6
1010589400 40995768432 97.5 21661865360677220 95.6
1010594800 40995774632 97.5 21661869801854308 95.6
1010662600 40995788632 97.5 21661878122752356 95.6
1010682400 40995789132 97.5 21661878412953956 95.6
1010773300 40995790032 97.5 21661879319239460 95.6
1010855400 40995800832 97.5 21661892683421476 95.6
1010905800 40995801032 97.5 21661892686698276 95.6
1010919600 40995812832 97.5 21661899399146788 95.6
1011313700 40995814432 97.5 21661900278148388 95.6
1011320600 40995817532 97.5 21661900326481188 95.6
1011369600 40995817732 97.5 21661900334263588 95.6
1011606800 40995825232 97.5 21661904482763812 95.6
1011633900 40995829632 97.5 21661908383444772 95.6
1011749000 40995829732 97.5 21661908426043172 95.6
1011767300 40995837432 97.5 21661915179939620 95.6
1011865900 40995838032 97.5 21661916299786020 95.6
1011914900 40995853232 97.5 21661936687402788 95.6
1011916500 40995854232 97.5 21661937804779172 95.6
1012103100 40995856032 97.5 21661941529104036 95.6
1012119300 40995876232 97.5 21661947175536804 95.6
1012197100 40995880232 97.5 21661949206055588 95.6
1012200100 40995882232 97.5 21661951438488228 95.6
1012240800 40995895532 97.5 21661962675859108 95.6
1012425700 40995899932 97.5 21661968450809508 95.6
1012744400 40995900532 97.5 21661969864302756 95.6
1012934400 40995945632 97.5 21662006177521828 95.6
1012934700 40995949232 97.5 21662011147462820 95.6
1012973600 40995949432 97.5 21662011326253220 95.6
1012977800 40995952632 97.5 21662017881875108 95.6
1013124000 40995952932 97.5 21662018374009508 95.6
1013132300 40995954932 97.5 21662020056269860 95.6
1013194300 40996121732 97.5 21662171288388644 95.6
1013223500 40996157832 97.5 21662195596446756 95.6
1013510400 40996252932 97.5 21662257369279524 95.6
1013571300 40996267832 97.5 21662257604799524 95.6
1013572000 40996268032 97.5 21662257608076324 95.6
1013578400 40996278732 97.5 21662264467934244 95.6
1013581500 40996278832 97.5 21662264469572644 95.6
1013650300 40997066932 97.5 21662897563978788 95.6
1013696000 40998173532 97.5 21663879141674020 95.6
1014059000 40998187732 97.5 21663890601750564 95.6
1014330600 40998188432 97.5 21663891061936164 95.6
1014533200 40998190832 97.5 21663893314206756 95.6
1014674800 40998191232 97.5 21663893719505956 95.6
1014711500 40998197432 97.5 21663898904229924 95.6
1014775100 40998197832 97.5 21663899209996324 95.6
1015033500 40998209332 97.5 21663904121978404 95.6
1015168900 40998210932 97.5 21663906417376804 95.6
1015175700 40998211532 97.5 21663906427002404 95.6
1015511200 40998228932 97.5 21663923291535908 95.6
1015572800 40998229332 97.5 21663924535286308 95.6
1015618800 40998230032 97.5 21663926982563364 95.6
1015626200 40998234032 97.5 21663930513094180 95.6
1015657400 40998316632 97.5 21663989125240356 95.6
1015695700 40998321732 97.5 21663999578779172 95.6
1015763800 40998346432 97.5 21664017995701796 95.6
1016041600 40998349032 97.5 21664019641746724 95.6
1016159500 40998382532 97.5 21664055473153316 95.6
1016287500 40998384532 97.5 21664059467424292 95.6
1016376800 40998384732 97.5 21664059499888692 95.6
1016378900 40998565532 97.5 21664204143607860 95.6
1016551000 40998567332 97.5 21664204172279860 95.6
1016559200 40998568232 97.5 21664205198123060 95.6
1016698100 40998568332 97.5 21664205303717260 95.6
1016809100 40998570832 97.5 21664207523301004 95.6
1016823700 40998601732 97.5 21664231338129036 95.6
1016828600 40998602732 97.5 21664231960608716 95.6
1016836000 40998603032 97.5 21664231965523916 95.6
1016918400 40998603532 97.5 21664232106631116 95.6
1016949100 40998607232 97.5 21664237437465036 95.6
1017082000 40998607432 97.5 21664237648655132 95.6
1017086400 40998608232 97.5 21664237661352732 95.6
1017094600 40998609632 97.5 21664238819701532 95.6
1017094700 40998610032 97.5 21664238936314228 95.6
1017255400 40998611432 97.5 21664239105479028 95.6
1017354700 40998611532 97.5 21664239211079124 95.6
1017523500 40998611732 97.5 21664239422268116 95.6
1017540800 40998642932 97.5 21664274323821268 95.6
1017592600 40998655132 97.5 21664282879284948 95.6
1017799600 40998655632 97.5 21664284239738836 95.6
1017813200 40998656032 97.5 21664285178951636 95.6
1017857000 40998656732 97.5 21664286234286036 95.6
1017991300 40998668732 97.5 21664297824873428 95.6
1017999100 40998669332 97.5 21664297834499028 95.6
1018093500 40998711732 97.5 21664343605783508 95.6
1018260100 40998725432 97.5 21664355737889748 95.6
1018544000 40998725532 97.5 21664355739323348 95.6
1018617700 40998726632 97.5 21664356817224916 95.6
1018725000 40998737832 97.5 21664369892715732 95.6
1018867800 40998740632 97.5 21664372730391764 95.6
1018878500 40998740732 97.5 21664372735511764 95.6
1018991000 40998743632 97.5 21664374110968404 95.6
1019034000 40998745332 97.5 21664375446193236 95.6
1019137300 40998745732 97.5 21664375821591636 95.6
1019573900 40998763532 97.5 21664385749630036 95.6
1019625100 40999177032 97.5 21664749457521748 95.6
1019667500 40999197932 97.5 21664765078894676 95.6
1019719500 40999198932 97.5 21664765798979540 95.6
1019753600 40999238032 97.5 21664801992259540 95.6
1019775800 40999239432 97.5 21664803842669908 95.6
1019789300 40999239532 97.5 21664803847585108 95.6
1019819900 40999239832 97.5 21664803977633108 95.6
1019876000 40999240532 97.5 21664804137489604 95.6
1020113900 40999244432 97.5 21664804198724804 95.6
1020121500 40999251432 97.5 21664812823342276 95.6
1020129800 40999284832 97.5 21664826193212612 95.6
1020330900 40999286132 97.5 21664827063829828 95.6
1020338100 40999286232 97.5 21664827245897028 95.6
1020357200 40999375232 97.5 21664894942901572 95.6
1020588100 40999386932 97.5 21664919109705028 95.6
1020677100 40999394632 97.5 21664927388150084 95.6
1020802300 40999433432 97.5 21664980172269892 95.6
1020875000 40999434632 97.5 21664981173332292 95.6
1020875100 40999435032 97.5 21664981179681092 95.6
1020884700 40999448532 97.5 21664981389442292 95.6
1020979600 40999458532 97.5 21664993741987060 95.6
1021059400 40999469732 97.5 21665006057158900 95.6
1021165400 40999833732 97.5 21665315100817652 95.6
1021248100 40999868832 97.5 21665335042775284 95.6
1021484000 40999870532 97.5 21665337142989556 95.6
1021860900 40999888232 97.5 21665355451446004 95.6
1021960800 40999907932 97.5 21665367651628788 95.6
1021973800 40999916932 97.5 21665381228979956 95.6
1021985700 40999966132 97.5 21665422622213876 95.6
1022271800 40999966832 97.5 21665422633477876 95.6
1022272900 40999967032 97.5 21665422647199476 95.6
1022281300 40999968832 97.5 21665422674642676 95.6
1022282600 40999969132 97.5 21665422679557876 95.6
1022305500 40999971932 97.5 21665423092778164 95.6
1022729400 40999974732 97.5 21665426071068340 95.6
1022857500 40999975332 97.5 21665426319236340 95.6
1022892300 40999976032 97.5 21665427631749108 95.6
1022901000 40999977332 97.5 21665427652433908 95.6
1022944300 40999977432 97.5 21665427735992308 95.6
1023070000 41000253832 97.5 21665654711572468 95.6
1023082800 41000255332 97.5 21665656422599924 95.6
1023520400 41000316232 97.5 21665700253187316 95.6
1023844700 41000316832 97.5 21665700991071092 95.6
1024158000 41000324332 97.5 21665706355761012 95.6
1024810700 41000332332 97.5 21665713216316788 95.6
1024817500 41000332632 97.5 21665713221231988 95.6
1024896400 41000334632 97.5 21665717337224052 95.6
1024986200 41000334732 97.5 21665717442081652 95.6
1025196300 41000335132 97.5 21665718153474548 95.6
1025234300 41000339532 97.5 21665722678131188 95.6
1025743200 41000344032 97.5 21665726100748788 95.6
1025952500 41000365232 97.5 21665746189539828 95.6
1025959800 41000367432 97.5 21665746225789428 95.6
1025998300 41000367832 97.5 21665746294386028 95.6
1026082400 41000369732 97.5 21665748620384620 95.6
1026211200 41000369832 97.5 21665748805523820 95.6
1026411400 41000370632 97.5 21665750047431020 95.6
1026472000 41000371532 97.5 21665750849837420 95.6
1026477000 41000373232 97.5 21665755120157036 95.6
1026482200 41000411832 97.5 21665786746206572 95.6
1026549600 41000418932 97.5 21665789608022892 95.6
1026577100 41000419532 97.5 21665789819765292 95.6
1026638600 41000419832 97.5 21665789974184492 95.6
1026768500 41000419932 97.5 21665790079767692 95.6
1026778200 41000420632 97.5 21665790091236492 95.6
1026799800 41000429032 97.5 21665801025435788 95.6
1026802900 41000432632 97.5 21665801082779788 95.6
1026811600 41000433332 97.5 21665801624066188 95.6
1026945500 41000477632 97.5 21665838674925708 95.6
1027014100 41000485232 97.5 21665842523976076 95.6
1027142400 41000489332 97.5 21665842589512076 95.6
1027150400 41000489932 97.5 21665842599342476 95.6
1027150700 41000515532 97.5 21665863012415884 95.6
1027359900 41000555532 97.5 21665897257367948 95.6
1027364600 41000556632 97.5 21665897273751948 95.6
1027371700 41000557932 97.5 21665897294846348 95.6
1027374500 41000560132 97.5 21665897993706828 95.6
1027489600 41000560532 97.5 21665898413187532 95.6
1027708700 41000563032 97.5 21665900190073932 95.6
1027723200 41000667532 97.5 21665975454868556 95.6
1027964000 41000667632 97.5 21665975560461956 95.6
1028045700 41000682732 97.5 21665992520466052 95.6
1028146800 41000690832 97.5 21665995855514244 95.6
1028189500 41000695732 97.5 21665995931699844 95.6
1028197000 41000698532 97.5 21665997233613444 95.6
1028197600 41000698632 97.5 21665997246311044 95.6
1028203400 41001597432 97.5 21666441830050436 95.6
1028207100 41001600532 97.5 21666445089032836 95.6
1028391000 41001600632 97.5 21666445090671236 95.6
1028392900 41001602832 97.5 21666445902703236 95.6
1028401300 41001602932 97.5 21666445904341636 95.6
1028403000 41001603332 97.5 21666445909267936 95.6
1028448200 41001603432 97.5 21666445916026336 95.6
1028501600 41001604032 97.5 21666445969888736 95.6
1028655300 41001605232 97.5 21666446103377840 95.6
1028677500 41001607532 97.5 21666448486430640 95.6
1028750700 41001609832 97.5 21666448523294640 95.6
1028758500 41001630732 97.5 21666467928821680 95.6
1028973400 41001649732 97.5 21666482920570800 95.6
1029589800 41001656532 97.5 21666489470462896 95.6
1029597300 41001658332 97.5 21666489499134896 95.6
1029985700 41001667432 97.5 21666505493512112 95.6
1030237000 41001694732 97.5 21666531584040880 95.6
1030476500 41001713532 97.5 21666547143997360 95.6
1030619500 41001715032 97.5 21666547856041456 95.6
1030694700 41001721132 97.5 21666555149924336 95.6
1030751300 41001721932 97.5 21666559446865904 95.6
1030810300 41001903732 97.5 21666738332588016 95.6
1030940400 41003214632 97.5 21667247232735216 95.6
1030942300 41003216132 97.5 21667248186693616 95.6
1031023800 41003254832 97.5 21667272340359152 95.6
1031154700 41003286932 97.5 21667296045252592 95.6
1031629000 41003289032 97.5 21667298905235440 95.6
1031630600 41003289532 97.5 21667299433216336 95.6
1031633400 41003307632 97.5 21667314481115472 95.6
1032045000 41003311132 97.5 21667314661134672 95.6
1032304500 41003311732 97.5 21667315169857872 95.6
1032330200 41003369432 97.5 21667366333657424 95.6
1032332400 41003573632 97.5 21667535011590480 95.6
1032341000 41003574332 97.5 21667535022854480 95.6
1032405500 41003575432 97.5 21667536309408080 95.6
1032629700 41003597732 97.5 21667550506342736 95.6
1032820900 41003619032 97.5 21667570744996176 95.6
1033142300 41003619832 97.5 21667572095073360 95.6
1033578300 41003646532 97.5 21667595183254608 95.6
1033631700 41003652432 97.5 21667599393565008 95.6
1033965600 41003654132 97.5 21667602164279888 95.6
1034444100 41003666732 97.5 21667608114029648 95.6
1034983700 41003980432 97.5 21667996031771728 95.6
1035344400 41003992032 97.5 21668011088602192 95.6
1035381500 41004597432 97.5 21668442365584464 95.6
1035824300 41005205232 97.5 21670555411768400 95.7
1035940500 41005262132 97.5 21670594339968080 95.7
1036018800 41005280532 97.5 21670625483043920 95.7
1036125400 41005299732 97.5 21670644379186256 95.7
1036869400 41005302132 97.5 21670645406705680 95.7
1037230500 41005305832 97.5 21670647595020304 95.7
1037429100 41005306732 97.5 21670648563519504 95.7
1037553700 41005311132 97.5 21670649548031376 95.7
1037587300 41005318732 97.5 21670654166047632 95.7
1038714500 41005340132 97.5 21670679573384080 95.7
1039322500 41005342632 97.5 21670681993300880 95.7
1039572800 41005351232 97.5 21670686626722192 95.7
1039574400 41005367432 97.5 21670697480061328 95.7
1039763400 41005374432 97.5 21670705839249296 95.7
1040172200 41005463732 97.5 21670768643532688 95.7
1040438800 41005464832 97.5 21670770381465488 95.7
1041150300 41005828432 97.5 21670915915655056 95.7
1041389600 41005829932 97.5 21670916957795472 95.7
1041631400 41005832332 97.5 21670917892715600 95.7
1042952200 41005834632 97.5 21670919485938128 95.7
1043112200 41005836432 97.5 21670921029731408 95.7
1043274000 41006120332 97.5 21671101773726800 95.7
1043418500 41006176632 97.5 21671164124697680 95.7
1043541600 41006176732 97.5 21671164325811280 95.7
1043762100 41006177532 97.5 21671165295414864 95.7
1043829400 41006254832 97.5 21671229661265488 95.7
1044140800 41006257132 97.5 21671231793889744 95.7
1044558700 41006258232 97.5 21671233439457744 95.7
1044873400 41006275132 97.5 21671249201027536 95.7
1045105200 41006293532 97.5 21671276303763920 95.7
1045712500 41006294832 97.5 21671278512421584 95.7
1045724600 41006302532 97.5 21671282821748432 95.7
1046041600 41006302932 97.5 21671283297908432 95.7
1046356900 41006317832 97.5 21671293957247696 95.7
1046904900 41006333632 97.5 21671312467186384 95.7
1047412400 41006468632 97.5 21671380741317328 95.7
1047517300 41006478632 97.5 21671394804968144 95.7
1047524800 41006479932 97.5 21671394826062544 95.7
1047812600 41006480932 97.5 21671395073870544 95.7
1047874500 41006481032 97.5 21671395410356944 95.7
1048009200 41006481132 97.5 21671395415272144 95.7
1048053200 41006496832 97.5 21671407055157968 95.7
1048150400 41006542832 97.5 21671437987179216 95.7
1048217100 41006560532 97.5 21671453899326160 95.7
1048835700 41006592232 97.5 21671479015353040 95.7
1049659100 41009192932 97.5 21674468837927632 95.7
1049872600 41009195832 97.5 21674474178389200 95.7
1049874500 41009197532 97.5 21674474851566800 95.7
1050163400 41009204532 97.5 21674479766895312 95.7
1050482200 41009280032 97.5 21674527561886416 95.7
1050847100 41009294332 97.5 21674536181139152 95.7
1050994300 41009298132 97.5 21674540793235152 95.7
1051004000 41009309532 97.5 21674550176482000 95.7
1051079900 41009434732 97.5 21674637893141200 95.7
1051912000 41009518632 97.5 21674723908322000 95.7
1051935000 41009536032 97.5 21674737021683408 95.7
1051954800 41009538032 97.5 21674737480536400 95.7
1051997600 41009539832 97.5 21674739272536400 95.7
1052300800 41009540932 97.5 21674741584238160 95.7
1052409200 41009542332 97.5 21674742031316560 95.7
1052444200 41009546032 97.5 21674748630259280 95.7
1052709300 41009550132 97.5 21674751977713232 95.7
1052925800 41009550532 97.5 21674751984266832 95.7
1052935100 41009557532 97.5 21674758223204432 95.7
1052948000 41009560832 97.5 21674761482313296 95.7
1053139200 41009585032 97.5 21674791282572880 95.7
1053200400 41009659032 97.5 21674858249756240 95.7
1053266100 41009661532 97.5 21674860787228240 95.7
1053279000 41009662332 97.5 21674861653737040 95.7
1053625200 41009668232 97.5 21674864381913424 95.7
1053735300 41009669032 97.5 21674865235929424 95.7
1054055700 41009682332 97.5 21674877507457360 95.7
1054096600 41009684232 97.5 21674880445541968 95.7
1054155700 41009748132 97.5 21674932266823248 95.7
1054157400 41009845932 97.5 21675006403612240 95.7
1054863400 41009850132 97.5 21675012399226448 95.7
1054907900 41009858332 97.5 21675021136815696 95.7
1055059800 41009915932 97.5 21675088921503312 95.7
1055074100 41009916232 97.5 21675089582392912 95.7
1055108200 41009920732 97.5 21675093404847696 95.7
1055238100 41009922532 97.5 21675093653450592 95.7
1055357800 41009922832 97.5 21675093929930592 95.7
1055366400 41009924432 97.5 21675093956144992 95.7
1055405100 41009933032 97.5 21675101573607264 95.7
1055708100 41009938532 97.5 21675108203216736 95.7
1055875700 41009938632 97.5 21675108204855136 95.7
1055876800 41009942032 97.5 21675110170246112 95.7
1055884500 41009942232 97.5 21675110173522912 95.7
1056055600 41009949932 97.5 21675115175893472 95.7
1056109300 41009950232 97.5 21675115599076064 95.7
1056206500 41009969732 97.5 21675127950065376 95.7
1056440700 41009970132 97.5 21675128135614176 95.7
1056538400 41009972732 97.5 21675128760254176 95.7
1056605500 41009973032 97.5 21675128814321376 95.7
1056717400 41009987132 97.5 21675145326158560 95.7
1056867500 41009997132 97.5 21675154261306080 95.7
1056936600 41009998832 97.5 21675156723723488 95.7
1056944800 41010046632 97.5 21675157480103200 95.7
1056968300 41010047532 97.5 21675158111236896 95.7
1056980400 41010048432 97.5 21675158125777696 95.7
1056984100 41010048832 97.5 21675158130897696 95.7
1056988100 41010051132 97.5 21675160495799584 95.7
1056988700 41010061632 97.5 21675167918086944 95.7
1056992700 41010068732 97.5 21675174204603680 95.7
1057087800 41010671232 97.5 21675598796815648 95.7
1057156200 41010675732 97.5 21675600333580192 95.7
1057171800 41010677132 97.5 21675601590642592 95.7
1057259100 41010679832 97.5 21675602644543392 95.7
1057259800 41010680832 97.5 21675602659300192 95.7
1057267300 41010682332 97.5 21675602683671392 95.7
1057312200 41010685932 97.5 21675602741629792 95.7
1057322000 41010701232 97.5 21675614751931232 95.7
1057414300 41010706932 97.5 21675619009884256 95.7
1057708800 41010707532 97.5 21675619128222752 95.7
1058228700 41010708432 97.5 21675620011729952 95.7
1058499200 41010708532 97.5 21675620013368352 95.7
1058507400 41010715932 97.5 21675623058230560 95.7
1058630400 41010721932 97.5 21675627700227360 95.7
1058900300 41010723532 97.5 21675627723779360 95.7
1058909000 41010734632 97.5 21675633063413024 95.7
1058944400 41010734932 97.5 21675633452942624 95.7
1058953300 41010739532 97.5 21675633523598624 95.7
1059025200 41010869732 97.5 21675786544686368 95.7
1059247700 41010873032 97.5 21675789211408160 95.7
1059482500 41011618232 97.5 21678390418609952 95.7
1059625100 41012270332 97.5 21678913715541792 95.7
1059792800 41012270532 97.5 21678913718613792 95.7
1059800600 41012278232 97.5 21678919444956960 95.7
1059904800 41012279232 97.5 21678920889590816 95.7
1059910500 41012279332 97.5 21678920896349216 95.7
1060090600 41012281932 97.5 21678922688991136 95.7
1060187800 41012283632 97.5 21678924049601952 95.7
1060217800 41012286032 97.5 21678924680410912 95.7
1060334000 41012286632 97.5 21678925527678176 95.7
1060359900 41012307232 97.5 21678938481974496 95.7
1060372600 41012309332 97.5 21678939708931296 95.7
1060466400 41012309432 97.5 21678939715689696 95.7
1060702000 41012316432 97.5 21678947961939168 95.7
1060934300 41012339632 97.5 21678972052774112 95.7
1061018600 41012344532 97.5 21678975949708512 95.7
1061026300 41012345532 97.5 21678975964249312 95.7
1061065500 41012347232 97.5 21678976143858912 95.7
1061073100 41012348032 97.5 21678976156351712 95.7
1061084500 41012367632 97.5 21678991727245536 95.7
1061092700 41012368432 97.5 21678991739738336 95.7
1061182600 41012370832 97.5 21678992598055136 95.7
1061367300 41012374332 97.5 21678996700545248 95.7
1061368900 41012374432 97.5 21678996702183648 95.7
1061376700 41012375432 97.5 21678996718567648 95.7
1061496200 41012384632 97.5 21679003731227360 95.7
1061518200 41012415832 97.5 21679030109711072 95.7
1061746200 41012418932 97.5 21679031178181856 95.7
1061924200 41012447732 97.5 21679072159816928 95.7
1062151800 41012450232 97.5 21679073421972960 95.7
1062676000 41012458632 97.5 21679076769662432 95.7
1062797200 41012458732 97.5 21679076776420832 95.7
1062914500 41012464232 97.5 21679081289577952 95.7
1062937200 41012465132 97.5 21679081302889952 95.7
1062945100 41012466132 97.5 21679081320912352 95.7
1062991700 41012467632 97.5 21679083908878816 95.7
1063160800 41012472132 97.5 21679089138856416 95.7
1063164200 41012763032 97.5 21679475751219680 95.7
1063255000 41012763432 97.5 21679476170240480 95.7
1063459800 41012764632 97.5 21679477153485280 95.7
1063766400 41012765532 97.5 21679477168026080 95.7
1063775900 41012769032 97.5 21679481767317472 95.7
1064040600 41012775832 97.5 21679488057749472 95.7
1064514100 41012781532 97.5 21679493582090720 95.7
1065084700 41012786832 97.5 21679498554762208 95.7
1065348000 41012798132 97.5 21679512163333088 95.7
1065633700 41013087432 97.5 21679772494787552 95.7
1065759600 41013087732 97.5 21679772498064352 95.7
1065767300 41013087832 97.5 21679772783965152 95.7
1065859600 41013092832 97.5 21679779212298208 95.7
1065869400 41013103832 97.5 21679787560765408 95.7
1065973600 41013109532 97.5 21679791330017504 95.7
1065997200 41013126832 97.5 21679802919455968 95.7
1066494500 41013128332 97.5 21679804750802912 95.7
1066509900 41013131332 97.5 21679804797504612 95.7
1066517500 41013133032 97.5 21679806025485412 95.7
1066525200 41013133132 97.5 21679806027328612 95.7
1066572800 41013136332 97.5 21679809282752612 95.7
1066769900 41013137732 97.5 21679814253658212 95.7
1066779700 41013140132 97.5 21679814798326116 95.7
1066896800 41013144232 97.5 21679818836600420 95.7
1067184900 41013145232 97.5 21679819652933220 95.7
1067232000 41013146732 97.5 21679822617208420 95.7
1067354700 41013174632 97.5 21679846480952932 95.7
1067358100 41013175932 97.5 21679847016300132 95.7
1067636400 41013176432 97.5 21679847835041828 95.7
1067643300 41013915832 97.5 21680505547718692 95.7
1067836100 41013923132 97.5 21680505664659492 95.7
1067843700 41013924432 97.5 21680506317559524 95.7
1067981900 41013924532 97.5 21680506320221924 95.7
1069559800 41013924832 97.5 21680506639948036 95.7
1069870700 41014653632 97.5 21681578637728004 95.7
1069887500 41014658232 97.5 21681589715707140 95.7
1070654700 41014701232 97.5 21681649941869828 95.7
1071893900 41014750732 97.5 21681689974568196 95.7
1071959800 41014750832 97.5 21681689974772996 95.7
1071971300 41014751532 97.5 21681690797659396 95.7
1072076100 41014753032 97.5 21681691800357508 95.7
1072265400 41014753732 97.5 21681692782553924 95.7
1072365200 41014823032 97.5 21681741991385924 95.7
1072687000 41014825832 97.5 21681744638069572 95.7
1073148000 41014841632 97.5 21681757243845444 95.7
1073163000 41014841732 97.5 21681757245279044 95.7
1073163700 41015148932 97.5 21682187424959300 95.7
1073173400 41015149032 97.5 21682187426597700 95.7
1073380700 41015185532 97.5 21682216066794308 95.7
1073381900 41015186332 97.5 21682216870634308 95.7
1073521100 41015187232 97.5 21682217357563204 95.7
1073848300 41015200932 97.5 21682237126579524 95.7
1074455200 41015208832 97.5 21682241192893508 95.7
1074646300 41015562832 97.5 21682536595659844 95.7
1075327500 41015567932 97.5 21682538199940420 95.7
1075723500 41015569732 97.5 21682539850733636 95.7
1075982500 41016341932 97.5 21682978048350276 95.7
1076199800 41016342232 97.5 21682978088081476 95.7
1076201600 41016342332 97.5 21682978612779076 95.7
1076207800 41016343832 97.5 21682978635921476 95.7
1076212100 41016344432 97.5 21682978645547076 95.7
1076264700 41016347832 97.5 21682981180356676 95.7
1076302100 41016374732 97.5 21682998131108932 95.7
1076344000 41016376432 97.5 21682998588632132 95.7
1076359200 41016386132 97.5 21683007903626308 95.7
1076362800 41016386732 97.5 21683008142552900 95.7
1076478200 41016388932 97.5 21683010548465988 95.7
1076481800 41016389232 97.5 21683010553381188 95.7
1076490900 41016389632 97.5 21683010559115588 95.7
1076510600 41016397132 97.5 21683014637786692 95.7
1076605100 41016403032 97.5 21683016450650436 95.7
1076621700 41016403532 97.5 21683017633247556 95.7
1076764200 41016407432 97.5 21683021180352068 95.7
1076772100 41016409132 97.5 21683022872097476 95.7
1076845700 41016409832 97.5 21683022883975876 95.7
1076849400 41016410332 97.5 21683022909575876 95.7
1076855000 41016411132 97.5 21683023614692996 95.7
1076857500 41016412532 97.5 21683023638449796 95.7
1077406500 41016416032 97.5 21683025898580100 95.7
1077427400 41016420432 97.5 21683030071193220 95.7
1077671800 41016431232 97.5 21683036167263876 95.7
1077929100 41016447432 97.5 21683065897592452 95.7
1078187400 41016451632 97.5 21683068252411012 95.7
1078206000 41016478232 97.5 21683082508305540 95.7
1078324200 41016478332 97.5 21683082509943940 95.7
1078325800 41016481132 97.5 21683082556228740 95.7
1078333500 41016482332 97.5 21683083920196740 95.7
1078336200 41016482832 97.5 21683083928183940 95.7
1078339100 41016483132 97.5 21683083933099140 95.7
1078525000 41016485432 97.5 21683086742490756 95.7
1078949300 41016486432 97.5 21683088500597636 95.7
1078959100 41016487832 97.5 21683088523330436 95.7
1079045800 41016493232 97.5 21683089972713092 95.7
1079070400 41016522032 97.5 21683128722654852 95.7
1079084600 41016526632 97.5 21683131097362564 95.7
1079093400 41016526732 97.5 21683131098796164 95.7
1079179100 41016532132 97.5 21683138477829252 95.7
1079281600 41016545032 97.5 21683149205765252 95.7
1079373400 41016555532 97.5 21683160477980804 95.7
1079397800 41016558332 97.5 21683164872238724 95.7
1079626100 41016561232 97.5 21683164918523524 95.7
1079634200 41016562532 97.5 21683167789204100 95.7
1080177800 41016564132 97.5 21683169484097668 95.7
1080297400 41016599032 97.5 21683197933363332 95.7
1080341300 41017088532 97.5 21683555833421956 95.7
1080396200 41017098232 97.5 21683571466219652 95.7
1080404700 41017098432 97.5 21683571469496452 95.7
1080578200 41017104132 97.5 21683586582924420 95.7
1080730200 41017105732 97.5 21683587900607620 95.7
1081134000 41017107932 97.5 21683588375929412 95.7
1081196400 41017120832 97.5 21683594481236548 95.7
1081208900 41017122132 97.5 21683594499463748 95.7
1081216500 41017130532 97.5 21683603880918596 95.7
1081218000 41017130632 97.5 21683603882556996 95.7
1081219000 41017131632 97.5 21683605294177092 95.7
1081226300 41017160032 97.5 21683627559289668 95.7
1081247900 41017160732 97.5 21683627570553668 95.7
1081256200 41018406932 97.5 21684083674276676 95.7
1081260400 41018408732 97.5 21684086139044676 95.7
1081293300 41018409432 97.5 21684086220350276 95.7
1081344300 41018414332 97.5 21684091417192772 95.7
1081426400 41018414732 97.5 21684091630929476 95.7
1081446900 41018418432 97.5 21684096903162436 95.7
1081576600 41018429132 97.5 21684100887133252 95.7
1081658900 41018430532 97.5 21684100962090052 95.7
1081723200 41018431832 97.5 21684101420500644 95.7
1081852500 41018467332 97.5 21684119565168292 95.7
1081862900 41018467432 97.5 21684119566806692 95.7
1081907600 41018471432 97.5 21684122979958436 95.7
1082054500 41018472432 97.5 21684123552169636 95.7
1082055100 41018472632 97.5 21684123555036836 95.7
1082066700 41018478332 97.5 21684128614866596 95.7
1082081200 41018516432 97.5 21684155384581796 95.7
1082125200 41018555532 97.5 21684180196083364 95.7
1082157700 41018570732 97.5 21684193447853732 95.7
1082166900 41018572132 97.5 21684194385600036 95.7
1082230100 41018585132 97.5 21684213288873508 95.7
1082684200 41018644332 97.5 21684267006234148 95.7
1082720600 41018655532 97.5 21684273758836260 95.7
1082734200 41018663732 97.5 21684283823955492 95.7
1083170700 41018690832 97.5 21684309829355044 95.7
1083210800 41018695532 97.5 21684312214953764 95.7
1083302300 41018699132 97.5 21684318616748836 95.7
1083311800 41018699332 97.5 21684318620025636 95.7
1083470100 41018819232 97.5 21684381468939044 95.7
1083740500 41018888132 97.5 21684431311897380 95.7
1084278700 41018897132 97.5 21684437490155812 95.7
1084315100 41018899632 97.5 21684438642961828 95.7
1084728500 41019281532 97.5 21684560233246116 95.7
1084886100 41019419632 97.5 21684673465118116 95.7
1084909200 41019446732 97.5 21684688908072356 95.7
1085087300 41019543732 97.5 21684774916027812 95.7
1085140600 41019569432 97.5 21684789871429028 95.7
1085577200 41019582632 97.5 21684801068089764 95.7
1085675800 41019588932 97.5 21684806883667364 95.7
1085809400 41019603332 97.5 21684815046018980 95.7
1085906400 41019603832 97.5 21684815338936164 95.7
1086354900 41019605732 97.5 21684817414477412 95.7
1086531400 41019623232 97.5 21684833100459620 95.7
1086653100 41019632332 97.5 21684836836335716 95.7
1086676800 41019633232 97.5 21684837639766116 95.7
1086751800 41019649432 97.5 21684848404299876 95.7
1086763800 41019649732 97.5 21684848489613876 95.7
1087492600 41019699332 97.5 21684887106648628 95.7
1088192200 41019701132 97.5 21684887959778932 95.7
1088227200 41019705532 97.5 21684894291721332 95.7
1088577700 41019712932 97.5 21684899795622516 95.7
1088819100 41019726132 97.5 21684912651601524 95.7
1089141300 41019782532 97.5 21684956489193076 95.7
1091252100 41019787732 97.5 21684958963887732 95.7
1091814800 41019790432 97.5 21684961195499636 95.7
1091861900 41020183732 97.5 21686303735193716 95.7
1091869300 41020183932 97.5 21686303738265716 95.7
1092089900 41020203332 97.5 21686325825464436 95.7
1092377000 41020203532 97.5 21686325828741236 95.7
1092377800 41020203832 97.5 21686325832837236 95.7
1092383100 41020209832 97.5 21686329052519796 95.7
1092387100 41020210132 97.5 21686329057025396 95.7
1092387900 41020210332 97.5 21686329060302196 95.7
1092390600 41020211332 97.5 21686329076276596 95.7
1093572700 41020213532 97.5 21686329573795188 95.7
1093632400 41020218432 97.5 21686336594357620 95.7
1093772800 41020225032 97.5 21686340357148020 95.7
1093960400 41020225232 97.5 21686340522421620 95.7
1095845200 41020231732 97.5 21686348656336244 95.7
1095891800 41020248432 97.5 21686358169494900 95.7
1096305900 41020310332 97.5 21686391005021556 95.7
1096553600 41020312932 97.5 21686392535238772 95.7
1096876000 41020317432 97.5 21686397272980084 95.7
1097095500 41020317632 97.5 21686397276256884 95.7
1097098500 41020318032 97.5 21686397282810484 95.7
1097108800 41020318632 97.5 21686397292640884 95.7
1097109400 41020320432 97.5 21686400102199156 95.7
1097208900 41020328432 97.5 21686411869984628 95.7
1097953400 41020329632 97.5 21686411889235828 95.7
1097957100 41020365932 97.5 21686433725466484 95.7
1097964400 41020368632 97.5 21686437467981684 95.7
1098300300 41020535732 97.5 21686576395978612 95.7
1098311600 41020536032 97.5 21686576400689012 95.7
1098333300 41020536332 97.5 21686576423421812 95.7
1098420400 41020542032 97.5 21686578195140212 95.7
1098497500 41020609932 97.5 21686630950481524 95.7
1098507500 41020610432 97.5 21686632005708340 95.7
1098704500 41020682932 97.5 21686660397503028 95.7
1099347500 41020813032 97.5 21686703348453940 95.7
1099980200 41020813132 97.5 21686703366681140 95.7
1100144400 41020815632 97.5 21686707804815924 95.7
1100144500 41020815732 97.5 21686707806454324 95.7
1100155800 41020818232 97.5 21686707845980724 95.7
1100226900 41020820132 97.5 21686708997161524 95.7
1100236200 41020820832 97.5 21686709008425524 95.7
1100320000 41020835732 97.5 21686736027578932 95.7
1100331500 41020835832 97.5 21686736029012532 95.7
1100368300 41020872832 97.5 21686749879920180 95.7
1100378000 41020873932 97.5 21686749897123380 95.7
1100527900 41020885632 97.5 21686764790421044 95.7
1100644700 41020886032 97.5 21686765434107444 95.7
1100691400 41020913232 97.5 21686784067888692 95.7
1100816000 41020915332 97.5 21686786061002292 95.7
1101251200 41020916432 97.5 21686787010250292 95.7
1101260300 41020916632 97.5 21686787013527092 95.7
1101800400 41020967532 97.5 21686826983712308 95.7
1101801100 41020967632 97.5 21686826985350708 95.7
1101811300 41020968732 97.5 21686827002349108 95.7
1101913500 41022009632 97.5 21687746822456884 95.7
1102054500 41022014832 97.5 21687749740170548 95.7
1102424400 41022014932 97.5 21687749741808948 95.7
1102424700 41022203032 97.5 21687984526626100 95.7
1102437700 41022203132 97.5 21687984528264500 95.7
1102659300 41022212432 97.5 21687991964084532 95.7
1102672500 41022212532 97.5 21687991965722932 95.7
1102726100 41022228132 97.5 21688005872933172 95.7
1102962800 41022230232 97.5 21688007542257972 95.7
1103227500 41022252232 97.5 21688016738078004 95.7
1103560900 41022276332 97.5 21688052183760180 95.7
1103727900 41022297732 97.5 21688067875243316 95.7
1103922800 41022323832 97.5 21688092457962804 95.7
1104244400 41022336832 97.5 21688120143602996 95.7
1104428000 41022337532 97.5 21688120154662196 95.7
1104439500 41022342432 97.5 21688122152835636 95.7
1104657700 41022350332 97.5 21688126767036980 95.7
1104751000 41022351732 97.5 21688128078090932 95.7
1104973300 41023205732 97.5 21689322378760884 95.7
1105170300 41023205932 97.5 21689322410800884 95.7
1105275800 41023207132 97.5 21689322993866484 95.7
1105300500 41023210432 97.5 21689323692283060 95.7
1105307600 41023217332 97.5 21689327219821748 95.7
1105497500 41023222032 97.5 21689330845813940 95.7
1105715600 41023246232 97.5 21689350432441524 95.7
1105931700 41023270332 97.5 21689376461771956 95.7
1106101200 41023278832 97.5 21689384485609652 95.7
1106271900 41023279032 97.5 21689384868585652 95.7
1106713400 41023288332 97.5 21689389904718004 95.7
1107063500 41023298832 97.5 21689399995721908 95.7
1107174400 41023300532 97.5 21689401615075508 95.7
1107364700 41023313832 97.5 21689408310866612 95.7
1107435900 41023316032 97.5 21689410824664244 95.7
1107454700 41023317232 97.5 21689411658609844 95.7
1107660400 41023317632 97.5 21689411814462644 95.7
1108054300 41023330332 97.5 21689423670151348 95.7
1108062100 41023330932 97.5 21689423679981748 95.7
1108230100 41023338332 97.5 21689433315402932 95.7
1108400100 41023399732 97.5 21689489311720628 95.7
1108703400 41023401232 97.5 21689495822070452 95.7
1108718900 41023404632 97.5 21689498918077108 95.7
1108801000 41023435032 97.5 21689516324803252 95.7
1109652900 41023437432 97.5 21689516934799732 95.7
1109873200 41023438332 97.5 21689517595279732 95.7
1110144800 41023438732 97.5 21689518057718132 95.7
1110166300 41023441032 97.5 21689520472508276 95.7
1110370400 41023441532 97.5 21689521225557876 95.7
1110398600 41023441632 97.5 21689521331158580 95.7
1110413100 41023442232 97.5 21689522610953780 95.7
1110424200 41023442532 97.5 21689522743049780 95.7
1110511200 41023446332 97.5 21689525910371636 95.7
1110589200 41023591332 97.5 21689695585287476 95.7
1110787000 41023594532 97.5 21689699164607540 95.7
1110856900 41023634532 97.5 21689723698125876 95.7
1111403300 41023693132 97.5 21689763614104628 95.7
1111431100 41023695332 97.5 21689764839133236 95.7
1111431200 41023695532 97.5 21689764842410036 95.7
1111438600 41023695832 97.5 21689764847325236 95.7
1111440800 41023696732 97.5 21689764862070836 95.7
1111472300 41023705532 97.5 21689765802519476 95.7
1112130200 41023705632 97.5 21689765803748276 95.7
1112195000 41023706232 97.5 21689766065862868 95.7
1112243900 41023706732 97.5 21689766544369972 95.7
1112379600 41023725332 97.5 21689786506346804 95.7
1112539200 41023727832 97.5 21689790001598772 95.7
1112563800 41023728732 97.5 21689791117185076 95.7
1112714100 41023728932 97.5 21689791123533876 95.7
1113430900 41023737932 97.5 21689806111123508 95.7
1113687000 41023738932 97.5 21689807120377908 95.7
1113765800 41023739132 97.5 21689807331577716 95.7
1113799500 41023741532 97.5 21689808235566836 95.7
1114156400 41023774032 97.5 21689823849438964 95.7
1114450600 41023845732 97.5 21689859646689012 95.7
1114464900 41023847132 97.5 21689859991604212 95.7
1114677800 41023854832 97.5 21689870056811508 95.7
1115762200 41023867732 97.5 21689885578992628 95.7
1116489500 41023958532 97.5 21689956152089588 95.7
1116554900 41024092932 97.5 21690025254632436 95.7
1116693300 41024094532 97.5 21690025687798452 95.7
1116729700 41024094632 97.5 21690025993360052 95.7
1117001400 41024098532 97.5 21690029703926452 95.7
1117105300 41024099232 97.5 21690030618153652 95.7
1117315600 41024137732 97.5 21690062900908724 95.7
1117892200 41024140132 97.5 21690063377564820 95.7
1118568800 41024148032 97.5 21690069927018644 95.7
1118695300 41024199332 97.5 21690098025210004 95.7
1119095700 41024201432 97.5 21690101236678804 95.7
1119179200 41024202932 97.5 21690101512339604 95.7
1119354000 41024203532 97.5 21690102502797908 95.7
1119516900 41024228832 97.5 21690124301750868 95.7
1120054200 41024229032 97.5 21690124756534772 95.7
1120742600 41024302532 97.5 21690192334915060 95.7
1121045500 41024304032 97.5 21690194406262260 95.7
1121315900 41024304532 97.5 21690195250685044 95.7
1121501900 41024304632 97.5 21690195252323444 95.7
1121514100 41024309932 97.5 21690196333879924 95.7
1121617400 41024908832 97.5 21690682621026932 95.7
1121774700 41024987132 97.5 21690744141820532 95.7
1121825500 41024993532 97.5 21690746472208500 95.7
1122707300 41024994532 97.5 21690746489002100 95.7
1122716300 41024995132 97.5 21690747122591028 95.7
1122751200 41025008432 97.5 21690765021807924 95.7
1123214100 41025009632 97.5 21690765740429044 95.7
1123576200 41025010032 97.5 21690766329843444 95.7
1123585400 41025012332 97.5 21690766377561844 95.7
1123878600 41025068632 97.5 21690816159198964 95.7
1124163800 41025069832 97.5 21690818496202484 95.7
1124212200 41025070032 97.5 21690818499274484 95.7
1124215600 41025071232 97.5 21690819755413876 95.7
1124223600 41025075532 97.5 21690819825455476 95.7
1124228900 41025104532 97.5 21690847579572596 95.7
1124333900 41025104832 97.5 21690847896359604 95.7
1124965800 41025104932 97.5 21690848001956604 95.7
1125046100 41025106232 97.5 21690848024689404 95.7
1125050300 41025106332 97.5 21690848026327804 95.7
1125056300 41025634732 97.5 21692715005410044 95.8
1125058600 41025634832 97.5 21692715005614844 95.8
1125139200 41025636832 97.5 21692718753659644 95.8
1125416700 41025647532 97.5 21692729728473852 95.8
1125423100 41025652432 97.5 21692733894515452 95.8
1125478400 41025652732 97.5 21692733899430652 95.8
1125479400 41025653132 97.5 21692733905984252 95.8
1125487800 41025654032 97.5 21692733920525052 95.8
1125488700 41025654732 97.5 21692734243443164 95.8
1125524300 41025655232 97.5 21692734771430556 95.8
1125763300 41025655632 97.5 21692735117870940 95.8
1125765100 41025655932 97.5 21692735418649532 95.8
1125845300 41025657232 97.5 21692736760423356 95.8
1125862400 41025658432 97.5 21692737917748156 95.8
1125913100 41025659832 97.5 21692739724194492 95.8
1125914000 41025662732 97.5 21692740642756860 95.8
1125980800 41025663032 97.5 21692741065934748 95.8
1126043500 41026357032 97.5 21693137385785244 95.8
1126149700 41026402232 97.5 21693145076949404 95.8
1126414000 41026406332 97.5 21693149724149148 95.8
1126737300 41026408232 97.5 21693149756302748 95.8
1126746800 41026408532 97.5 21693150073097948 95.8
1126889200 41026413132 97.5 21693151320205532 95.8
1126903400 41026554332 97.5 21693248994830556 95.8
1127228200 41026558132 97.5 21693252026348764 95.8
1127349200 41026594632 97.5 21693278819710172 95.8
1127446900 41026626532 97.5 21693312799587548 95.8
1127512900 41026628932 97.5 21693313439673180 95.8
1127519600 41026631732 97.5 21693313513545276 95.8
1127808300 41026632032 97.5 21693313658134076 95.8
1127927100 41026633632 97.5 21693315321528764 95.8
1128150300 41026635132 97.5 21693316666112444 95.8
1128202100 41026667532 97.5 21693325139243452 95.8
1128271800 41026671532 97.5 21693330450936252 95.8
1128351900 41026672532 97.5 21693332149730748 95.8
1128359600 41026672932 97.5 21693332156079548 95.8
1128576000 41026674932 97.5 21693332977266876 95.8
1128584800 41026676332 97.5 21693332999590076 95.8
1128798700 41028029032 97.5 21694441466056892 95.8
1128832800 41028030532 97.5 21694441718984892 95.8
1128848500 41028030732 97.5 21694441722261692 95.8
1128858600 41028030932 97.5 21694441962287292 95.8
1128859000 41028057732 97.5 21694461917569212 95.8
1129093500 41028060232 97.5 21694461958119612 95.8
1129101400 41028060932 97.5 21694462963482812 95.8
1129107400 41028067532 97.5 21694475479843004 95.8
1129159800 41028068732 97.5 21694477604028604 95.8
1129407800 41028068832 97.5 21694477605667004 95.8
1129409700 41028069332 97.5 21694477798179004 95.8
1129412400 41028070032 97.5 21694477809647804 95.8
1129421600 41028073932 97.5 21694477873135804 95.8
1129422100 41028074632 97.5 21694477883183104 95.8
1129422300 41028074932 97.5 21694477887893504 95.8
1129478600 41028075132 97.5 21694477891170304 95.8
1129479900 41028099232 97.5 21694538141728768 95.8
1129488500 41028101832 97.5 21694538181869568 95.8
1130331700 41028108032 97.5 21694544692161536 95.8
1130417300 41028112032 97.5 21694545975335424 95.8
1131077300 41028211232 97.5 21694674063809024 95.8
1131143300 41028247932 97.5 21694703022490112 95.8
1131154000 41028253832 97.5 21694703113626112 95.8
1131309900 41028276532 97.5 21694717988114944 95.8
1131370300 41028278432 97.5 21694720362377728 95.8
1131831600 41028286532 97.5 21694729572360704 95.8
1131863700 41028287232 97.5 21694730071254912 95.8
1132116500 41028342332 97.5 21694787021371264 95.8
1132152900 41028363732 97.5 21694802048256896 95.8
1132343400 41028440132 97.5 21694847241939840 95.8
1132462900 41028758132 97.5 21695089200819072 95.8
1132803900 41028761632 97.5 21695093094908800 95.8
1132814300 41028763432 97.5 21695093124195200 95.8
1132913600 41028775832 97.5 21695106409063296 95.8
1132970100 41028776232 97.5 21695106420941696 95.8
1133395600 41028781532 97.5 21695108409414528 95.8
1133453900 41028972832 97.5 21695362242433920 95.8
1133466300 41028985532 97.5 21695385229468544 95.8
1133649400 41028993532 97.5 21695388402136192 95.8
1133652500 41029028032 97.5 21695412460930176 95.8
1133991300 41029318232 97.5 21695645410313344 95.8
1134314500 41029368832 97.5 21695703269667968 95.8
1134323200 41029370132 97.5 21695703290551168 95.8
1134976400 41030315432 97.5 21697023931259776 95.8
1135150000 41030316432 97.5 21697024264495072 95.8
1135525700 41030318732 97.5 21697027016309728 95.8
1135569600 41030340132 97.5 21697054457402336 95.8
1135715500 41030344732 97.5 21697059352935904 95.8
1135898200 41030346132 97.5 21697061554432480 95.8
1135992700 41030346232 97.5 21697061695949280 95.8
1136096600 41030346532 97.5 21697061700864480 95.8
1136105200 41030347832 97.5 21697062302681952 95.8
1136214100 41030351832 97.5 21697066574814816 95.8
1136333100 41030357932 97.5 21697071513675360 95.8
1136367900 41030358132 97.5 21697071516747360 95.8
1136373600 41030358432 97.5 21697071825380960 95.8
1136378900 41030358732 97.5 21697072073598560 95.8
1136388200 41030363632 97.5 21697073766783584 95.8
1136420000 41030364032 97.5 21697074039167584 95.8
1136496400 41030365532 97.5 21697076693580384 95.8
1136535100 41030365832 97.5 21697076996274784 95.8
1136547200 41030368632 97.5 21697077039305084 95.8
1136586800 41030368732 97.5 21697077224649084 95.8
1136594000 41030377032 97.5 21697081166972028 95.8
1136652600 41030377132 97.5 21697081272648828 95.8
1136764300 41030378232 97.5 21697081608102332 95.8
1136777500 41030382232 97.5 21697081671397032 95.8
1136781900 41030382732 97.5 21697082252414632 95.8
1136826300 41030382832 97.5 21697082253848232 95.8
1136837000 41030384932 97.5 21697083944816936 95.8
1136903100 41030385932 97.5 21697084282983528 95.8
1136923100 41030393332 97.5 21697088587798632 95.8
1137377900 41030393432 97.5 21697088693383032 95.8
1137835800 41030395132 97.5 21697090321672312 95.8
1137841600 41030398132 97.5 21697091352225912 95.8
1138127600 41030398532 97.5 21697091503368312 95.8
1138170500 41030606432 97.5 21697301085857912 95.8
1138232600 41030608532 97.5 21697301509793912 95.8
1138511600 41030633132 97.5 21697319586261112 95.8
1138559300 41030658832 97.5 21697344972718200 95.8
1138696600 41030663632 97.5 21697349221312888 95.8
1139102500 41030663732 97.5 21697349222746488 95.8
1139112600 41030664732 97.5 21697349275380088 95.8
1139182900 41030665432 97.5 21697349909031288 95.8
1139185900 41030665532 97.5 21697349910669688 95.8
1139194300 41030667732 97.5 21697349945690488 95.8
1139559400 41030667832 97.5 21697349948967288 95.8
1139996500 41030706632 97.5 21697378243873144 95.8
1140299100 41030713532 97.5 21697388399200632 95.8
1140438200 41030716832 97.5 21697392456721272 95.8
1140508000 41030720332 97.5 21697395846366072 95.8
1140509600 41030739032 97.5 21697409269447544 95.8
1140515200 41030739732 97.5 21697409280916344 95.8
1140517500 41030743032 97.5 21697413441489784 95.8
1140529900 41030744532 97.5 21697413464234684 95.8
1140568100 41030759832 97.5 21697429856340668 95.8
1140809200 41030782032 97.5 21697444197955260 95.8
1140843000 41031875932 97.5 21697896149087932 95.8
1141274800 41031878532 97.5 21697901708476604 95.8
1141457200 41031882632 97.5 21697903292463420 95.8
1142104000 41031882832 97.5 21697903293897020 95.8
1142136200 41031883632 97.5 21697903479036220 95.8
1142259000 41031890332 97.5 21697908568202556 95.8
1142414200 41031890632 97.5 21697908816624956 95.8
1142468400 41032882032 97.5 21698792909061436 95.8
1142749100 41032887432 97.5 21698793187794236 95.8
1142756900 41032887632 97.5 21698793191071036 95.8
1142766700 41032888032 97.5 21698793197624636 95.8
1142855700 41032888132 97.5 21698793200287036 95.8
1142856800 41032888832 97.5 21698793831890236 95.8
1142899300 41032889032 97.5 21698794093343340 95.8
1143033000 41032889132 97.5 21698794198945036 95.8
1143058700 41032889332 97.5 21698794412551436 95.8
1143140300 41033277232 97.5 21700131355602188 95.8
1143155300 41033278732 97.5 21700132925394188 95.8
1143766700 41033279332 97.5 21700133465882764 95.8
1144384800 41033279432 97.5 21700133571481868 95.8
1144434400 41033308932 97.5 21700145823262988 95.8
1144448600 41033310532 97.5 21700145848862988 95.8
1144880800 41033320432 97.5 21700150596066572 95.8
1145306600 41033320532 97.5 21700150699900172 95.8
1145359100 41033322932 97.5 21700151577568972 95.8
1145825300 41033323832 97.5 21700152715739468 95.8
1145849500 41033324732 97.5 21700153673209740 95.8
1146062700 41033324832 97.5 21700153849132940 95.8
1146475800 41033351832 97.5 21700159625239436 95.8
1146515000 41033745532 97.5 21700437137857420 95.8
1146610000 41033749332 97.5 21700439925079436 95.8
1146844600 41033754732 97.5 21700447837542284 95.8
1147541600 41033754932 97.5 21700447842047884 95.8
1147600600 41033907732 97.5 21700565911967628 95.8
1148359300 41033910632 97.5 21700567602682252 95.8
1148769800 41033911832 97.5 21700567883863948 95.8
1148787500 41033913732 97.5 21700569331155724 95.8
1149300100 41033913832 97.5 21700569337709324 95.8
1149376000 41033920232 97.5 21700577140378380 95.8
1149606200 41033925532 97.5 21700580506622220 95.8
1149680400 41033925632 97.5 21700580596529420 95.8
1150352900 41033928332 97.5 21700582407150604 95.8
1150359700 41033941832 97.5 21700600828335116 95.8
1150766100 41034014832 97.5 21700661049443340 95.8
1150855600 41034016332 97.5 21700664110283276 95.8
1152520900 41034016432 97.5 21700664112945676 95.8
1152696200 41034019032 97.5 21700664663038476 95.8
1152967700 41034019932 97.5 21700664747416076 95.8
1153061200 41034030532 97.5 21700669993025548 95.8
1153845100 41034094532 97.5 21700731213586444 95.8
1153979400 41034096432 97.5 21700732416015372 95.8
1154054200 41034096632 97.5 21700732419292172 95.8
1154056400 41034096832 97.5 21700732422364172 95.8
1154058200 41034098432 97.5 21700732666596172 95.8
1154062200 41034099332 97.5 21700732681136972 95.8
1154065400 41034099732 97.5 21700732687280972 95.8
1154066400 41034118332 97.5 21700732979771980 95.8
1154234600 41034125332 97.5 21700739423418956 95.8
1154667500 41034961532 97.5 21701806865463884 95.8
1154677600 41034965932 97.5 21701807716872396 95.8
1155978600 41034967932 97.5 21701810172466892 95.8
1156053000 41034988732 97.5 21701818949959372 95.8
1156198300 41035033932 97.5 21701869742309068 95.8
1157096700 41035035032 97.5 21701870007629772 95.8
1157252000 41035247932 97.5 21702104497141708 95.8
1157340900 41035248132 97.5 21702104528271308 95.8
1157804800 41035250832 97.5 21702107173392588 95.8
1158065800 41035251032 97.5 21702107187114188 95.8
1158588600 41035252032 97.5 21702108570747340 95.8
1158611500 41035252432 97.5 21702108957659852 95.8
1159449200 41035256132 97.5 21702113994693324 95.8
1159783500 41035256632 97.5 21702114035653324 95.8
1159835600 41035257732 97.5 21702116234058444 95.8
1159964500 41035357732 97.5 21702159884171980 95.8
1159979500 41035358332 97.5 21702160910015180 95.8
1160078100 41035358632 97.5 21702160934591180 95.8
1160236300 41035359032 97.5 21702161090034380 95.8
1160302700 41035361132 97.5 21702162742155980 95.8
1160926900 41035362032 97.5 21702163320511180 95.8
1160930500 41035365632 97.5 21702167987963084 95.8
1161140100 41035370932 97.5 21702169615476940 95.8
1161157800 41035371832 97.5 21702171109145548 95.8
1161205300 41035372832 97.5 21702172518579148 95.8
1161280800 41035374232 97.5 21702173460350348 95.8
1161304300 41035379232 97.5 21702177763406732 95.8
1161363000 41035380732 97.5 21702183548392332 95.8
1161944300 41035383732 97.5 21702186714805132 95.8
1161949100 41035384832 97.5 21702187728351820 95.8
1164295600 41035454432 97.5 21702243060200012 95.8
1165168200 41035457232 97.5 21702247530536524 95.8
1165352300 41035573732 97.5 21702356316864076 95.8
1165358400 41035602032 97.5 21702372929512012 95.8
1165682600 41036810932 97.5 21703011246088780 95.8
1165919500 41036811332 97.5 21703011944999180 95.8
1166045500 41036811732 97.5 21703012367385676 95.8
1166321000 41037621332 97.6 21703729450304588 95.8
1166329600 41037646632 97.6 21703729846843788 95.8
1166939300 41037647932 97.6 21703731219510796 95.8
1166972600 41037648532 97.6 21703731324421100 95.8
1167065200 41037650532 97.6 21703734191248364 95.8
1168659400 41037651732 97.6 21703734332873964 95.8
1168693900 41037651832 97.6 21703734438460364 95.8
1168876700 41037659132 97.6 21703741982040524 95.8
1169314500 41037796532 97.6 21703901186679244 95.8
1170420100 41037796732 97.6 21703901397867548 95.8
1170600200 41037796832 97.6 21703901414661148 95.8
1171371800 41037798432 97.6 21703903473367324 95.8
1171437000 41037798732 97.6 21703903922084124 95.8
1171480500 41037827732 97.6 21703925947275548 95.8
1171546300 41037828132 97.6 21703926676717724 95.8
1172469400 41038250132 97.6 21704189011378332 95.8
1172622600 41038251932 97.6 21704190261131932 95.8
1172637600 41038252232 97.6 21704190574497948 95.8
1173126200 41038252832 97.6 21704191163093148 95.8
1173163500 41038268132 97.6 21704200690184348 95.8
1173211900 41038623632 97.6 21705434670280860 95.8
1173355500 41038624332 97.6 21705435359228060 95.8
1175092100 41038625832 97.6 21705436574345372 95.8
1175190000 41038628132 97.6 21705436622473372 95.8
1175966900 41038760532 97.6 21705625812568220 95.8
1176767600 41038760632 97.6 21705625918166420 95.8
1183056200 41039825632 97.6 21706884899198356 95.8
1183069400 41039826232 97.6 21706884935204956 95.8
1183102300 41039827432 97.6 21706887875396956 95.8
1184498400 41039898732 97.6 21706945061651804 95.8
1187032200 41039899432 97.6 21706946490890460 95.8
1187032700 41039899532 97.6 21706946596488156 95.8
1187147800 41039899632 97.6 21706946702082756 95.8
1188432700 41041240332 97.6 21707654583026372 95.8
1188606900 41041240432 97.6 21707654688620868 95.8
1188625100 41041240532 97.6 21707654794222068 95.8
1190252300 41041597932 97.6 21708064389405172 95.8
1191504700 41041614632 97.6 21708069446000116 95.8
1203116300 41041615232 97.6 21708070871542516 95.8
1203835200 41041615332 97.6 21708070977135220 95.8
1203885900 41041615732 97.6 21708071585236980 95.8
1204264500 41041615832 97.6 21708071690834276 95.8
1204304200 41041615932 97.6 21708071746539876 95.8
1204305600 41041646032 97.6 21708097278626148 95.8
1204326200 41042790432 97.6 21708952873453924 95.8
1204493300 41042790832 97.6 21708953401284132 95.8
1204500700 41042791032 97.6 21708953450436132 95.8
1204501400 41042840232 97.6 21708954225457060 95.8
1205003600 41042929632 97.6 21709031026145188 95.8
1205262900 41042929932 97.6 21709031552116900 95.8
1205572100 41042930032 97.6 21709031657714004 95.8
1205633400 41042930132 97.6 21709031700926804 95.8
1205677900 41042930232 97.6 21709031806522708 95.8
1206048700 41043116132 97.6 21709247513138516 95.8
1210638700 41043440432 97.6 21710378538276180 95.8
1210734500 41043462932 97.6 21710399474290004 95.8
1213608200 41043464132 97.6 21710399635058004 95.8
1214992000 41043464332 97.6 21710399846243300 95.8
1216111300 41043484532 97.6 21710413799266276 95.8
1216410000 41043484632 97.6 21710413904858980 95.8
1217575100 41043485832 97.6 21710416022490980 95.8
1217588500 41043908432 97.6 21710676778815332 95.8
1217620400 41043908532 97.6 21710676882853732 95.8
1217631600 41043915732 97.6 21710681431391076 95.8
1217636200 41043917132 97.6 21710683045313508 95.8
1217792800 41043917432 97.6 21710683549940708 95.8
1217833700 41043919132 97.6 21710684867828708 95.8
1218516300 41043921932 97.6 21710687313911524 95.8
1218529900 41043922132 97.6 21710687377809124 95.8
1218586200 41043924032 97.6 21710689381572324 95.8
1221817200 41043925332 97.6 21710689976311524 95.8
1221826200 41044038332 97.6 21710840192556772 95.8
1221854400 41044038432 97.6 21710840192966372 95.8
1221858800 41044039132 97.6 21710840486854372 95.8
1222818600 41044039232 97.6 21710840506310372 95.8
1224019200 41044042132 97.6 21710844711478500 95.8
1224922300 41044048132 97.6 21710846308346852 95.8
1224930500 41044048232 97.6 21710846617799652 95.8
1224960000 41045024232 97.6 21711317959330788 95.8
1225505800 41045024432 97.6 21711318170514980 95.8
1226220200 41045809432 97.6 21712193329346084 95.8
1226310800 41045810032 97.6 21712194400654180 95.8
1229834900 41046145732 97.6 21712517899850596 95.8
1233889900 41046147232 97.6 21712519247109732 95.8
1234832800 41046147332 97.6 21712519669112228 95.8
1235114400 41047302032 97.6 21713317416451492 95.8
1235116300 41047338132 97.6 21713317980124004 95.8
1235472600 41047412032 97.6 21713369904370532 95.8
1236551600 41047414132 97.6 21713370528805732 95.8
1240779200 41047617132 97.6 21713454604022628 95.8
1241566600 41047617232 97.6 21713462925661028 95.8
1242546500 41047618232 97.6 21713463579840548 95.8
1242791100 41047620332 97.6 21713467394169380 95.8
1243558700 41047825932 97.6 21713683172825636 95.8
1244900700 41047827332 97.6 21713683942087460 95.8
1244973200 41048121732 97.6 21714693145762596 95.8
1246125500 41048122232 97.6 21714693829546084 95.8
1247483000 41048123232 97.6 21714693934119284 95.8
1248523100 41048156032 97.6 21714710037772660 95.8
1249220300 41048180132 97.6 21714724620427636 95.8
1249604400 41048533032 97.6 21714955935474036 95.8
1249645000 41048533632 97.6 21714956591858036 95.8
1249705500 41048547532 97.6 21714962021090676 95.8
1250225300 41048549332 97.6 21714965463815028 95.8
1250399700 41048579632 97.6 21714999731942260 95.9
1251659000 41048721432 97.6 21715176069968756 95.9
1258204900 41048722032 97.6 21715176153711756 95.9
1258235300 41049681132 97.6 21716312550966412 95.9
1258255500 41049682132 97.6 21716313893716236 95.9
1263800000 41049682932 97.6 21716314121863436 95.9
1263801500 41049683032 97.6 21716314332908428 95.9
1263823300 41050281332 97.6 21716780909644684 95.9
1277425300 41050404432 97.6 21716803882773388 95.9
1277433600 41050404532 97.6 21716803895675788 95.9
1277807100 41051514432 97.6 21717729117850508 95.9
1277815500 41051559932 97.6 21717729838389580 95.9
1279444000 41051634132 97.6 21717784947505484 95.9
1281232600 41052401332 97.6 21718077566335308 95.9
1282318400 41052406832 97.6 21718085253210956 95.9
1286410200 41052667332 97.6 21718969752494924 95.9
1290611300 41052670632 97.6 21718970698507724 95.9
1291366300 41052672432 97.6 21718972011122380 95.9
1291395100 41052870532 97.6 21719190016036556 95.9
1291405900 41052875532 97.6 21719191416746444 95.9
1291457400 41052879232 97.6 21719196099088844 95.9
1291470000 41052879432 97.6 21719196263543244 95.9
1292401300 41052879532 97.6 21719196266205644 95.9
1292420200 41053197332 97.6 21719370798649804 95.9
1293775200 41053213532 97.6 21719384621654476 95.9
1293850300 41053244132 97.6 21719404067799500 95.9
1293967800 41053244432 97.6 21719405186256716 95.9
1295001900 41053245032 97.6 21719406241657164 95.9
1295004000 41053245132 97.6 21719406250258764 95.9
1295704400 41053245232 97.6 21719406255583564 95.9
1295707400 41053563832 97.6 21719680836317516 95.9
1296954300 41053564332 97.6 21719681183213004 95.9
1296971300 41053564932 97.6 21719681198163404 95.9
1300237800 41054106332 97.6 21720325288920524 95.9
1300253400 41054111232 97.6 21720330917564364 95.9
1302421900 41054111432 97.6 21720331147964364 95.9
1302874300 41054670532 97.6 21720751698898892 95.9
1309563400 41055157432 97.6 21721188730564556 95.9
1309599600 41055161232 97.6 21721194260574156 95.9
1309602900 41055188832 97.6 21721194696284844 95.9
1314479400 41055759632 97.6 21721420210592428 95.9
1314647600 41055770532 97.6 21721430154830508 95.9
1314679500 41055777032 97.6 21721431017151020 95.9
1314694800 41055777332 97.6 21721431040498220 95.9
1314697800 41055778232 97.6 21721432374761132 95.9
1317067800 41055827932 97.6 21721473113884332 95.9
1319041100 41055956932 97.6 21721616761095852 95.9
1319059800 41055958432 97.6 21721617102046444 95.9
1323143700 41056172432 97.6 21722366401414380 95.9
1323348300 41056188032 97.6 21722372737891052 95.9
1326880100 41056200432 97.6 21722376194799340 95.9
1328413700 41056429332 97.6 21722510926165740 95.9
1329172800 41056583432 97.6 21722582586775276 95.9
1329198600 41056584732 97.6 21722583981258476 95.9
1330838800 41056679632 97.6 21722737365956332 95.9
1336383800 41057244232 97.6 21723393362179820 95.9
1350581600 41057595332 97.6 21723710762661612 95.9
1350683000 41057596532 97.6 21723711468402412 95.9
1350870100 41057606532 97.6 21723721926309612 95.9
1354654800 41058228532 97.6 21724201569548012 95.9
1355647100 41058816432 97.6 21724439189599980 95.9
1355655300 41058843732 97.6 21724439618070988 95.9
1355673500 41058847432 97.6 21724444458004940 95.9
1355683200 41058847932 97.6 21724444489544140 95.9
1355853000 41058850432 97.6 21724447662510540 95.9
1355853100 41058850732 97.6 21724447696916940 95.9
1356646100 41058889432 97.6 21724475186575820 95.9
1356864600 41058906132 97.6 21724487003779532 95.9
1359314300 41059012732 97.6 21724849425723852 95.9
1363673800 41059183332 97.6 21724969791975884 95.9
1363682300 41059183432 97.6 21724969804878284 95.9
1363714000 41059185432 97.6 21724970261005900 95.9
1364648400 41059365032 97.6 21725046742050380 95.9
1367612100 41059366432 97.6 21725046961511884 95.9
1368727300 41059490032 97.6 21725097943731660 95.9
1369290300 41059511232 97.6 21725137817247180 95.9
1369309400 41059511532 97.6 21725137978834380 95.9
1369318300 41059512732 97.6 21725138441682380 95.9
1374533900 41059847832 97.6 21725532431302092 95.9
1383059800 41060131832 97.6 21725797875744204 95.9
1383120800 41060142332 97.6 21725807739289036 95.9
1387811700 41060487732 97.6 21726070757522892 95.9
1387837600 41060487932 97.6 21726070829407692 95.9
1389720700 41060488232 97.6 21726071687519692 95.9
1389729900 41060490132 97.6 21726073865977292 95.9
1389738600 41060490432 97.6 21726074144505292 95.9
1390604200 41060530932 97.6 21726101081116108 95.9
1390610600 41060549732 97.6 21726101374422604 95.9
1391560600 41060552032 97.6 21726105643444044 95.9
1391836400 41060571132 97.6 21726118958516044 95.9
1391840600 41060571432 97.6 21726118980839244 95.9
1393278300 41060630932 97.6 21726186694727500 95.9
1393281400 41060631132 97.6 21726186700257100 95.9
1393372100 41060632332 97.6 21726190228346700 95.9
1397586900 41060716032 97.6 21726483902469964 95.9
1399122800 41060982632 97.6 21726592716797772 95.9
1399173200 41060987532 97.6 21726594099461836 95.9
1400307400 41061095432 97.6 21726662346399436 95.9
1401116000 41061160132 97.6 21726689359216332 95.9
1401123100 41061161832 97.6 21726689803837132 95.9
1401484200 41061167432 97.6 21726691704290508 95.9
1405975700 41061168032 97.6 21726691724360908 95.9
1406600300 41061168732 97.6 21726692823029836 95.9
1408921500 41061280232 97.6 21726816341964876 95.9
1419723200 41061499832 97.6 21727062526244940 95.9
1424411500 41061499932 97.6 21727062559832140 95.9
1424412600 41061631432 97.6 21727169143625804 95.9
1424462500 41061632932 97.6 21727170442467404 95.9
1424474500 41061633132 97.6 21727170495254504 95.9
1424748800 41061633432 97.6 21727170501808104 95.9
1425070700 41061648632 97.6 21727181274815464 95.9
1425109400 41061648732 97.6 21727181281573864 95.9
1425114200 41061657632 97.6 21727181424122168 95.9
1425270800 41061658432 97.6 21727181992237368 95.9
1426135600 41061679032 97.6 21727196674913592 95.9
1428773600 41061682932 97.6 21727198461461048 95.9
1428806400 41061683332 97.6 21727198581006552 95.9
1432856200 41061714332 97.6 21727226233700568 95.9
1434220600 41061743932 97.6 21727244186329304 95.9
1434223400 41061745632 97.6 21727244214386904 95.9
1441511700 41061854532 97.6 21727302368219352 95.9
1445645700 41061879432 97.6 21727378618757336 95.9
1455621400 41061938132 97.6 21727423645704408 95.9
1456682300 41061954932 97.6 21727438363499736 95.9