# 41504083968 23157911756734464 950340 2721350300 2326063305486400 0 0
18400 21664079872 52.2 6556422196166656 28.3
1912500 24424661504 58.8 9313929981329408 40.2
3465300 25395935488 61.2 10102236935880704 43.6
4871300 26028930688 62.7 10608742563315712 45.8
6203300 26505518080 63.9 10989106477662208 47.5
7445700 26889203488 64.8 11293463026860032 48.8
8691700 27210382080 65.6 11547851339333632 49.9
9893200 27487452864 66.2 11768158213898240 50.8
11053100 27732427360 66.8 11963690475585536 51.7
12114500 27951032160 67.3 12138696098709504 52.4
13192200 28148489360 67.8 12296925512466432 53.1
14407000 28329203760 68.3 12441627524071424 53.7
15437900 28495767072 68.7 12575464996470784 54.3
16449800 28649888464 69.0 12699380456882176 54.8
17482700 28794006160 69.4 12815123374669824 55.3
18200200 28930226864 69.7 12925116497264640 55.8
19312200 29056801864 70.0 13027302510166016 56.3
20409400 29175962568 70.3 13123574931914752 56.7
21232100 29288861368 70.6 13214825228271616 57.1
22230700 29396064760 70.8 13301531382120448 57.4
23175900 29498194160 71.1 13383820573147136 57.8
23704300 29504088960 71.1 13388704974897152 57.8
25135300 29683930256 71.5 13533898424713216 58.4
25310600 29695279756 71.5 13543034634895360 58.5
26715700 29859808860 71.9 13676076422660096 59.1
27197600 29870343960 72.0 13683749280546816 59.1
28440600 30021391352 72.3 13806669919158272 59.6
28856400 30031092952 72.4 13814083860037632 59.7
29954100 30171632056 72.7 13928293642272768 60.1
30106600 30181088356 72.7 13935655505100800 60.2
32186400 30312116852 73.0 14042366752587776 60.6
32333100 30320941752 73.1 14049044386545664 60.7
33497900 30443906152 73.4 14149166734770176 61.1
33742700 30451362252 73.4 14154641982357504 61.1
34899900 30457697352 73.4 14159258511736832 61.1
35109300 30574159752 73.7 14253920991838208 61.6
36259000 30684773752 73.9 14343626131767296 61.9
36769000 30693012452 74.0 14351645127213056 62.0
38193200 30702797852 74.0 14362758006964224 62.0
38198500 30803266156 74.2 14440883176865792 62.4
39703400 30898471452 74.4 14514937346916352 62.7
39961400 30907803152 74.5 14525382188335104 62.7
40865700 30909083052 74.5 14526833465098240 62.7
41642700 31042622748 74.8 14630272333381632 63.2
41720900 31055760448 74.8 14644904262500352 63.2
41968800 31059876048 74.8 14651562512482304 63.3
43429800 31180017144 75.1 14739953417584640 63.6
43827700 31192575544 75.2 14753863386398720 63.7
44352300 31198717444 75.2 14763367537704960 63.8
45872100 31309467540 75.4 14844091993292800 64.1
46534700 31321422640 75.5 14857265399332864 64.2
46770100 31328915540 75.5 14868402262114304 64.2
47733000 31340305040 75.5 14880782809432064 64.3
47919400 31442105040 75.8 14953905105797120 64.6
48419100 31450385040 75.8 14965716909686784 64.6
50224300 31546323136 76.0 15034793518825472 64.9
50630300 31554581736 76.0 15045290666360832 65.0
50748700 31565439936 76.1 15057060934057984 65.0
52074400 31575307836 76.1 15068083644661760 65.1
52221800 31665135236 76.3 15133214890131456 65.3
52973300 31674121636 76.3 15144108440289280 65.4
53764200 31758563732 76.5 15204886493134848 65.7
54380900 31768140332 76.5 15215739835645952 65.7
54916600 31776447332 76.6 15224622627028992 65.7
55450600 31779205332 76.6 15228699725660160 65.8
56618400 31790574332 76.6 15241698767142912 65.8
56620400 31896847628 76.9 15317926299697152 66.1
57102500 31902623828 76.9 15324349982703616 66.2
58128000 31907644228 76.9 15331559766360064 66.2
59144000 31913794928 76.9 15337741539213312 66.2
59746600 31919200428 76.9 15342092094930944 66.2
59797600 32023074924 77.2 15419219507019776 66.6
60025400 32030803124 77.2 15428006634192896 66.6
61737600 32126160924 77.4 15500094229315584 66.9
62183900 32131579924 77.4 15504406747152384 67.0
62324400 32137078124 77.4 15510237499228160 67.0
62500500 32148916524 77.5 15524639924420608 67.0
64372500 32153953024 77.5 15528283171061760 67.1
64788100 32158608524 77.5 15532873687891968 67.1
64936900 32244785628 77.7 15594730083713024 67.3
64957900 32257157228 77.7 15610571234869248 67.4
66107600 32339204532 77.9 15669479727038464 67.7
66467700 32339679832 77.9 15670007647305728 67.7
67287300 32344741932 77.9 15673683092307968 67.7
67401900 32349134932 77.9 15678071332012032 67.7
68014600 32363270232 78.0 15696218703396864 67.8
68526500 32460589832 78.2 15766099079593984 68.1
69464500 32467973532 78.2 15772478449254400 68.1
69933000 32469197532 78.2 15773675684495360 68.1
70462900 32473096332 78.2 15777061821087744 68.1
70937700 32485254432 78.3 15792966227591168 68.2
72746500 32486787232 78.3 15795140338384896 68.2
72904800 32494117632 78.3 15802045837344768 68.2
73008000 32495640232 78.3 15803502082654208 68.2
73582000 32506802332 78.3 15817864887402496 68.3
74159700 32599447332 78.5 15883025371365376 68.6
75007700 32687515236 78.8 15945080317149184 68.9
75535800 32694653436 78.8 15952053938421760 68.9
75635400 32695993336 78.8 15953757922525184 68.9
75928900 32696831736 78.8 15954524962619392 68.9
76114800 32707465836 78.8 15968569899941888 69.0
77700700 32712633636 78.8 15972669495246848 69.0
77729400 32797443132 79.0 16033110422519808 69.2
78238900 32801724732 79.0 16039403546279936 69.3
78547700 32802857132 79.0 16040502379544576 69.3
78754900 32803508132 79.0 16041139504414720 69.3
79328700 32812244132 79.1 16051558431326208 69.3
81113900 32812825232 79.1 16051901020471296 69.3
81211900 32817079832 79.1 16055143248134144 69.3
81254000 32823856732 79.1 16065073039507456 69.4
81436300 32918738428 79.3 16131271362052096 69.7
81926000 32922767728 79.3 16136798643650560 69.7
83303200 32929935328 79.3 16144649179594752 69.7
84206000 33017830128 79.6 16204182048440320 70.0
85382100 33019494228 79.6 16206662471483392 70.0
85749900 33027417628 79.6 16215667037143040 70.0
85984900 33028262128 79.6 16216275292553216 70.0
86267800 33032002528 79.6 16221948218212352 70.0
86817300 33038888128 79.6 16229574986989568 70.1
86929300 33047265928 79.6 16239133219651584 70.1
86978500 33130571024 79.8 16295697385291776 70.4
87011300 33132296024 79.8 16298170489798656 70.4
88788500 33137379824 79.8 16303347100844032 70.4
88911500 33141581324 79.9 16310759461519360 70.4
89314600 33149417624 79.9 16316268509429760 70.5
91031300 33153080124 79.9 16322965380038656 70.5
91139200 33156862024 79.9 16328354629189632 70.5
91480900 33166178624 79.9 16333970103894016 70.5
91504100 33236681520 80.1 16380561066065920 70.7
92052000 33237092520 80.1 16381016443584512 70.7
92863100 33246358320 80.1 16391613963960320 70.8
93140400 33251677320 80.1 16397166690304000 70.8
93794400 33257164020 80.1 16402905844023296 70.8
93822500 33266498120 80.2 16413105028202496 70.9
93851000 33344070320 80.3 16464071702216704 71.1
93939900 33344495520 80.3 16464455637336064 71.1
94768300 33349614220 80.4 16470894335950848 71.1
95085800 33353461120 80.4 16473258628153344 71.1
95956500 33358892120 80.4 16480674533015552 71.2
95998100 33431145616 80.5 16528240461152256 71.4
96471300 33431919916 80.6 16528957714923520 71.4
97007800 33440111116 80.6 16538300565880832 71.4
97369300 33446086116 80.6 16544565433139200 71.4
97920800 33451274016 80.6 16550853793218560 71.5
98307000 33457178916 80.6 16558484403978240 71.5
98757600 33460889116 80.6 16560003383099392 71.5
100073700 33529342716 80.8 16605080088281088 71.7
100446600 33529861016 80.8 16605589784363008 71.7
100874800 33530452716 80.8 16606258253529088 71.7
101243100 33539656616 80.8 16617333447458816 71.8
101823400 33543817216 80.8 16622598042943488 71.8
102042200 33548489016 80.8 16628662831415296 71.8
102660700 33551246916 80.8 16629389780975616 71.8
103691000 33557843216 80.9 16636698131300352 71.8
103959000 33637030720 81.0 16691848669691904 72.1
104113200 33637819020 81.0 16692764907077632 72.1
104825400 33638991720 81.0 16693993365241856 72.1
105112500 33643346920 81.1 16698075157037056 72.1
105322900 33649969020 81.1 16705428309868544 72.1
105385000 33651939620 81.1 16708933407932416 72.2
105574700 33654669820 81.1 16709492278689792 72.2
105596300 33658845820 81.1 16714774251175936 72.2
107592500 33736542220 81.3 16769672804171776 72.4
107781200 33737076720 81.3 16770263691624448 72.4
107942800 33737394920 81.3 16770647012507648 72.4
108468600 33743012020 81.3 16776549098160128 72.4
108514600 33748075320 81.3 16781639848132608 72.5
108930000 33750142920 81.3 16785008448602112 72.5
108978300 33754939120 81.3 16790820260773888 72.5
109052100 33760606320 81.3 16793273860980736 72.5
109362600 33760951420 81.3 16793865756508160 72.5
110495900 33841253724 81.5 16850205124231168 72.8
111069400 33847110524 81.6 16856594349457408 72.8
111338600 33847914624 81.6 16857362394611712 72.8
111428000 33849976724 81.6 16859896199348224 72.8
111579100 33852053224 81.6 16863649520517120 72.8
111860300 33855858924 81.6 16867353708560384 72.8
112091600 33859292524 81.6 16872119017242624 72.9
113381300 33862764524 81.6 16873690062094336 72.9
113429300 33868759624 81.6 16879781204426752 72.9
114673300 33938645528 81.8 16925310667948032 73.1
114825800 33939595928 81.8 16926111262867456 73.1
115001600 33945045528 81.8 16931984445571072 73.1
115334700 33946171728 81.8 16933589625765888 73.1
115370800 33949973428 81.8 16937424882925568 73.1
115422200 33951868928 81.8 16940783396356096 73.2
115879000 33956878628 81.8 16948110780956672 73.2
116554500 33960668228 81.8 16950258358059008 73.2
116860900 33967328228 81.8 16956862802984960 73.2
117492300 33969099928 81.8 16958361517326336 73.2
118780000 34041260824 82.0 17005523840172032 73.4
118813800 34041630324 82.0 17005923363946496 73.4
118988000 34046534024 82.0 17010670992588800 73.5
119784700 34046878624 82.0 17011230321901568 73.5
119858500 34047958024 82.0 17012732792111104 73.5
119859300 34053250624 82.0 17020486113001472 73.5
120005100 34057419624 82.1 17025402095239168 73.5
120302000 34061347824 82.1 17030328930238464 73.5
120972500 34064966424 82.1 17033366241247232 73.6
122005900 34070291024 82.1 17036941868367872 73.6
122492600 34070335424 82.1 17036982372487168 73.6
122929000 34070588724 82.1 17037434387222528 73.6
123101500 34071029024 82.1 17038219625811968 73.6
123975100 34139508928 82.3 17082692397355008 73.8
124044300 34139716428 82.3 17082883601584128 73.8
124317200 34146986528 82.3 17091343267909632 73.8
124762000 34147282728 82.3 17091620155150336 73.8
124813200 34147337828 82.3 17091692796178432 73.8
124831800 34154425728 82.3 17103312107728896 73.9
125204900 34154527128 82.3 17103545131511808 73.9
125446300 34165255028 82.3 17111017584504832 73.9
126591900 34166128128 82.3 17111735428755456 73.9
126609300 34166232028 82.3 17111965692801024 73.9
126667400 34170048428 82.3 17116841301716992 73.9
127473600 34170096328 82.3 17116878093414400 73.9
127652100 34242745736 82.5 17164033449521152 74.1
127897200 34248738436 82.5 17173610926698496 74.2
128364000 34253721236 82.5 17180595987935232 74.2
128402800 34254253836 82.5 17181226687787008 74.2
130218100 34260379536 82.5 17187426864721920 74.2
130776600 34266928536 82.6 17191680943845376 74.2
130801200 34267022336 82.6 17191787585024000 74.2
131396100 34267520436 82.6 17192380719181824 74.2
131474400 34268368136 82.6 17193236866609152 74.2
131771000 34270829036 82.6 17194938398748672 74.3
132132300 34275349436 82.6 17201615622189056 74.3
132160900 34278236736 82.6 17205614019424256 74.3
132201100 34278567036 82.6 17206187916603392 74.3
132331700 34284463536 82.6 17209704491593728 74.3
132420000 34284974536 82.6 17210115717181440 74.3
132492200 34285969936 82.6 17210902231494656 74.3
132634500 34351855536 82.8 17253661789237248 74.5
133747600 34361288036 82.8 17265371846651904 74.6
134100400 34361647836 82.8 17265740016300032 74.6
135365900 34362364336 82.8 17266161568985088 74.6
135527600 34362381336 82.8 17266181599633408 74.6
135830400 34362451336 82.8 17266275463299072 74.6
135973300 34364932836 82.8 17270361234702336 74.6
136062100 34431552236 83.0 17313650432376832 74.8
136307400 34433771036 83.0 17317131025219584 74.8
137587100 34433878836 83.0 17317277283270656 74.8
137771800 34441888236 83.0 17323700433076224 74.8
138237100 34444472736 83.0 17325516441272320 74.8
138561400 34445362136 83.0 17326469660164096 74.8
138961900 34451378836 83.0 17334313529786368 74.9
139053000 34454663636 83.0 17336719094464512 74.9
140777000 34454709736 83.0 17336783911211008 74.9
140781400 34455596636 83.0 17337901599641600 74.9
141299600 34458644836 83.0 17343442905944064 74.9
141313800 34458819536 83.0 17343782189715456 74.9
141316300 34458881136 83.0 17343880889053184 74.9
141370800 34525187136 83.2 17386530883186688 75.1
141393000 34527022836 83.2 17387928944586752 75.1
141622300 34527078536 83.2 17387989985607680 75.1
141792600 34527997736 83.2 17388801246117888 75.1
142819300 34528058436 83.2 17388862590947328 75.1
143318800 34535522836 83.2 17396442420219904 75.1
143491700 34547004636 83.2 17408222047506432 75.2
144413200 34547309436 83.2 17408530092199936 75.2
144515900 34547321736 83.2 17408535867001344 75.2
145510300 34547457736 83.2 17408700668152320 75.2
145559000 34547559836 83.2 17408854368881152 75.2
145852600 34550082336 83.2 17413121881836032 75.2
145959000 34550489436 83.2 17413593018632704 75.2
146033400 34551197636 83.2 17414088061716992 75.2
146053000 34618383836 83.4 17457369734810112 75.4
147548700 34627437236 83.4 17465945831344640 75.4
148384300 34631138436 83.4 17469699466037760 75.4
148648400 34631185336 83.4 17469771061611008 75.4
148669100 34633365736 83.4 17473582883097088 75.5
148724500 34635405936 83.5 17474636570118656 75.5
148900200 34637155536 83.5 17475932782021120 75.5
149002500 34638059636 83.5 17477036256741888 75.5
149091500 34698244436 83.6 17515645332572672 75.6
149209500 34698379736 83.6 17515942848023040 75.6
149455400 34698800936 83.6 17516519907969536 75.6
149466200 34698876536 83.6 17516692749666816 75.6
149469700 34703121336 83.6 17519768014670336 75.7
149592000 34704762736 83.6 17520827794377216 75.7
149722000 34712357636 83.6 17529798546606592 75.7
149762500 34712370036 83.6 17529810992916992 75.7
149947000 34712424436 83.6 17529877125958144 75.7
150201900 34713113936 83.6 17531026497767936 75.7
150278500 34713973136 83.6 17531718918048256 75.7
150644200 34720204436 83.7 17539994512099840 75.7
150869100 34726086636 83.7 17547840937101824 75.8
152031400 34728036236 83.7 17548732447885824 75.8
152320600 34790244136 83.8 17588555724392960 76.0
152422900 34790304736 83.8 17588640906193408 76.0
153867400 34790442636 83.8 17588815684545024 76.0
154486400 34791478736 83.8 17590205017729536 76.0
155000500 34792333536 83.8 17590876506008064 76.0
155171500 34792429736 83.8 17591068362254848 76.0
155839000 34796130436 83.8 17595089550813696 76.0
156599300 34796340736 83.8 17595494248327680 76.0
157082700 34796526236 83.8 17595700161440256 76.0
157816100 34802661436 83.9 17599655529572864 76.0
158174300 34807581636 83.9 17604936816814592 76.0
158244300 34809678336 83.9 17606448127175168 76.0
158265900 34816026636 83.9 17615324706793984 76.1
158366500 34816381236 83.9 17615761206995456 76.1
158392200 34816774136 83.9 17616218457598464 76.1
158467100 34816829836 83.9 17616283550775808 76.1
158643800 34880314136 84.0 17658857154050560 76.3
158754900 34880450136 84.0 17658992963009024 76.3
159249000 34881867036 84.0 17660307614251520 76.3
159361900 34882652536 84.0 17660851640121856 76.3
159388600 34883672636 84.0 17662333499521536 76.3
160333800 34945727036 84.2 17701540402084352 76.4
160454500 34945775536 84.2 17701620358846976 76.4
160820000 34947615936 84.2 17703760700119552 76.4
160943500 34950407136 84.2 17706328406104576 76.5
160971300 34950495236 84.2 17706512752515584 76.5
161079400 34950561036 84.2 17706590392629760 76.5
161289800 34952180436 84.2 17707719008664064 76.5
161341500 34953871036 84.2 17708958771657216 76.5
161579000 34960203336 84.2 17714019754654208 76.5
161808200 34960219636 84.2 17714042554972672 76.5
161877700 34966375236 84.2 17722466193799680 76.5
162212800 34968679136 84.3 17726858268932608 76.5
162592000 34969352936 84.3 17727216791583232 76.5
164258600 34969439636 84.3 17727328174635520 76.5
164586100 34976817736 84.3 17736182585260544 76.6
164725000 34976850436 84.3 17736211212999168 76.6
164766100 34978644836 84.3 17738062589270528 76.6
164794900 34981546436 84.3 17738694267771392 76.6
164903400 34981950236 84.3 17739050512554496 76.6
165216400 34983522136 84.3 17740222362032640 76.6
165651100 34983856336 84.3 17740659868113408 76.6
165975200 34984017736 84.3 17740849964882432 76.6
166194800 34984303836 84.3 17741368045246976 76.6
166963600 35040774336 84.4 17768341731711488 76.7
167239000 35040986436 84.4 17768714548746752 76.7
167408500 35041007136 84.4 17768734028124672 76.7
168005900 35047243036 84.4 17775494748099072 76.8
168134700 35047322436 84.4 17775584617918976 76.8
168195400 35051201536 84.5 17789016737018368 76.8
168581600 35051955636 84.5 17789533239144960 76.8
168683700 35052088836 84.5 17789704630088192 76.8
169061300 35054164436 84.5 17791265792373248 76.8
169086300 35055229136 84.5 17792879664083456 76.8
169204100 35057074136 84.5 17796157489066496 76.8
169284000 35057513636 84.5 17796578830561792 76.8
169421400 35057583436 84.5 17796668253295104 76.8
169949800 35060642436 84.5 17797462832796160 76.9
170258600 35067835136 84.5 17804191901504000 76.9
170503400 35072218936 84.5 17810991079051776 76.9
170841600 35072691336 84.5 17811257532994048 76.9
171311000 35073072436 84.5 17811694439191040 76.9
172953500 35074209536 84.5 17812543460758016 76.9
173265500 35076248036 84.5 17815347441324544 76.9
173373500 35078002836 84.5 17816087021834752 76.9
173379200 35079115736 84.5 17816892344521216 76.9
173727700 35079217836 84.5 17817091167785472 76.9
173841500 35137758236 84.7 17854438051713536 77.1
174093300 35137983936 84.7 17854621224587776 77.1
174392300 35138091436 84.7 17854784111038976 77.1
175081300 35143682136 84.7 17863119628587520 77.1
175153100 35143892336 84.7 17863328288231936 77.1
175543600 35143954436 84.7 17863441360728576 77.1
175544100 35145513836 84.7 17864584873619968 77.1
175827300 35145691936 84.7 17864781669937664 77.1
175978100 35146186736 84.7 17865309016404480 77.1
176383400 35146580936 84.7 17865635042734592 77.1
176587900 35146617136 84.7 17865669176224256 77.1
176689600 35146665536 84.7 17865714603727360 77.1
176819700 35146921536 84.7 17866260553341440 77.1
176904900 35148469136 84.7 17867469449009664 77.2
177124800 35148567936 84.7 17867629187865088 77.2
177220300 35152123036 84.7 17872409475979776 77.2
177532000 35154528836 84.7 17876244322884096 77.2
177535200 35156826336 84.7 17877940907973120 77.2
177667600 35158807136 84.7 17881794567117312 77.2
177944200 35158856336 84.7 17881861640182272 77.2
177958300 35163792636 84.7 17887809692260864 77.2
177986700 35166636836 84.7 17888355859782144 77.2
178320200 35167661536 84.7 17889840094861824 77.3
178971500 35167735336 84.7 17889919435528704 77.3
179351900 35174443736 84.7 17894188714547712 77.3
179684400 35175267136 84.8 17895270773021184 77.3
179754300 35235504636 84.9 17934572781427200 77.4
179875700 35235640336 84.9 17934877044431360 77.4
180212300 35239919336 84.9 17940138906802688 77.5
180675900 35240195036 84.9 17940404996823552 77.5
180740600 35241094636 84.9 17941594923227648 77.5
180771000 35244079236 84.9 17944249244998144 77.5
181174600 35244401936 84.9 17944598833027584 77.5
181628100 35302200736 85.1 17981180675906048 77.6
182700100 35302356836 85.1 17981388280584704 77.6
182797200 35304494236 85.1 17985328851999232 77.7
183332200 35305565436 85.1 17986169498917376 77.7
183561700 35305732136 85.1 17986389249186304 77.7
184295100 35306876136 85.1 17987336379980288 77.7
184345100 35312271736 85.1 17994597463120384 77.7
184738400 35312304736 85.1 17994629678998016 77.7
184953900 35312619836 85.1 17994973285720576 77.7
185452700 35312673436 85.1 17995059139543552 77.7
185651900 35315085336 85.1 17998590362878464 77.7
186154600 35315553436 85.1 17999029576696320 77.7
186195300 35318338436 85.1 18009735120323072 77.8
186345900 35319667736 85.1 18011682283487744 77.8
186510100 35319796536 85.1 18011894459875840 77.8
186590200 35322884936 85.1 18012599988470272 77.8
186787100 35327214336 85.1 18016607218123264 77.8
187153400 35327330936 85.1 18016731893375488 77.8
187797200 35327616836 85.1 18017025902092800 77.8
187873500 35327638336 85.1 18017051102118400 77.8
187954400 35327684036 85.1 18017103527645696 77.8
188411400 35327741936 85.1 18017169056801280 77.8
188561700 35382864236 85.3 18041612344828416 77.9
188578700 35383972636 85.3 18043151434588672 77.9
188746500 35391670336 85.3 18050174527676928 77.9
188917500 35391687936 85.3 18050214144799232 77.9
188947600 35391860036 85.3 18050403406279168 77.9
188999200 35395569636 85.3 18054703721574912 78.0
189102300 35395716136 85.3 18055070673367552 78.0
189189900 35397360436 85.3 18056873541726720 78.0
189331200 35397545336 85.3 18057145819787776 78.0
189392600 35397629136 85.3 18057296292639232 78.0
189456800 35400081836 85.3 18059291541008896 78.0
189682200 35403392436 85.3 18071953838600704 78.0
189967400 35405797236 85.3 18075849570284032 78.1
189992600 35406974736 85.3 18077552942019072 78.1
189996000 35407012636 85.3 18077589889946112 78.1
190047000 35407397636 85.3 18077929382941184 78.1
190102100 35411134736 85.3 18083336064143872 78.1
190429000 35412875836 85.3 18084173185815040 78.1
190448700 35414197436 85.3 18085097329267200 78.1
190710300 35414677736 85.3 18085601426149888 78.1
191020000 35415638136 85.3 18086896486846976 78.1
191798400 35415675936 85.3 18086950336549376 78.1
191825400 35416127836 85.3 18087509410402816 78.1
191939100 35416236336 85.3 18087635856077312 78.1
192090800 35470732436 85.5 18111370877153792 78.2
192547300 35470811236 85.5 18111514476294656 78.2
192785600 35470987936 85.5 18111692258243072 78.2
193067300 35475341536 85.5 18114726267023872 78.2
193114300 35475384336 85.5 18114785762267648 78.2
193151300 35475732536 85.5 18114989271323136 78.2
193161400 35475950636 85.5 18115365968810496 78.2
193253000 35476833036 85.5 18116117732987392 78.2
193675000 35476915936 85.5 18116203566617088 78.2
193937700 35480136036 85.5 18128579677409792 78.3
193959200 35480349736 85.5 18128802547798528 78.3
194433600 35482700136 85.5 18132272837595648 78.3
194584700 35482714736 85.5 18132301928186368 78.3
194628500 35482747236 85.5 18132345903030784 78.3
194788300 35483258136 85.5 18133100984574464 78.3
194951600 35490405136 85.5 18140122519478784 78.3
195759400 35494643536 85.5 18144593889763840 78.4
195838300 35496283236 85.5 18146946420875776 78.4
195852500 35497799136 85.5 18148135542891008 78.4
195934700 35497811936 85.5 18148148101227008 78.4
196088800 35498754536 85.5 18148803860472320 78.4
196237600 35554342236 85.7 18173765658845696 78.5
196242700 35554480736 85.7 18173910848119296 78.5
196628300 35554649036 85.7 18174105191244288 78.5
196679200 35554655136 85.7 18174109514981888 78.5
197186700 35554772136 85.7 18174240212263424 78.5
197473700 35554860636 85.7 18174335653372416 78.5
197766700 35555017536 85.7 18174504072602112 78.5
197899700 35556946936 85.7 18178372358857216 78.5
198093100 35559309636 85.7 18181374971961856 78.5
198189100 35559996336 85.7 18181920481010176 78.5
198374300 35562031436 85.7 18183566997381632 78.5
198528200 35562077436 85.7 18183645941907968 78.5
198655800 35569107136 85.7 18190267902247424 78.5
198760800 35570408936 85.7 18191191892673024 78.6
199171600 35570448236 85.7 18191252433453568 78.6
199253700 35570480936 85.7 18191307614827008 78.6
199364100 35570569036 85.7 18191413244932608 78.6
199472600 35624398936 85.8 18215440132944384 78.7
199532200 35624951636 85.8 18215965486723584 78.7
199978000 35625035336 85.8 18216153709326848 78.7
200079600 35628003836 85.8 18218388424536576 78.7
200579600 35628329936 85.8 18218751458521600 78.7
200750000 35628516236 85.8 18219158873354752 78.7
200781900 35631218536 85.8 18222517614850560 78.7
200874200 35631290436 85.9 18222589590680064 78.7
201000500 35632170136 85.9 18223243386663424 78.7
201266200 35634768336 85.9 18226762402476544 78.7
201280400 35636924236 85.9 18228550851211776 78.7
201839800 35640137536 85.9 18240890445345280 78.8
201868700 35641072836 85.9 18241599027196416 78.8
202146600 35641164336 85.9 18241710792421888 78.8
202611000 35641210336 85.9 18241806200664576 78.8
202726100 35641739136 85.9 18242349659845120 78.8
203425800 35643787736 85.9 18250041896989184 78.8
203554000 35651864636 85.9 18257586086212096 78.8
203895900 35652024636 85.9 18257698257457664 78.8
204100200 35654230636 85.9 18261336950657536 78.9
204460600 35654352636 85.9 18261435470025216 78.9
204886900 35654584536 85.9 18261681380905472 78.9
205264100 35655462336 85.9 18262325399114240 78.9
205441500 35655662736 85.9 18262584044048896 78.9
205534000 35656782236 85.9 18263363361526272 78.9
206237700 35656803436 85.9 18263391504863744 78.9
206439500 35658457436 85.9 18266146786677248 78.9
206513300 35658476636 85.9 18266168282550784 78.9
206666700 35658504236 85.9 18266202041698816 78.9
206795700 35658638536 85.9 18266367960861184 78.9
207220100 35713685436 86.0 18292404805487104 79.0
207402800 35715186436 86.1 18293919968184832 79.0
207529200 35715295236 86.1 18294088891124224 79.0
207545700 35715589436 86.1 18294380066163200 79.0
207682000 35715613036 86.1 18294426878839296 79.0
208156900 35717957236 86.1 18297960821393920 79.0
208333700 35718001636 86.1 18298045829941760 79.0
208392600 35721405036 86.1 18310440190151168 79.1
209310900 35724125536 86.1 18312551876987392 79.1
209360400 35724834736 86.1 18313361087990272 79.1
209831200 35725945636 86.1 18314162539399680 79.1
209970100 35726141936 86.1 18314372645358080 79.1
210043900 35733746136 86.1 18321569886996992 79.1
210546400 35734316536 86.1 18322033055369728 79.1
210586600 35734690136 86.1 18322364731034112 79.1
211043700 35734716636 86.1 18322398517533184 79.1
211407400 35734727236 86.1 18322408857956864 79.1
211449900 35734807036 86.1 18322504339673600 79.1
211792500 35735118636 86.1 18322777114907136 79.1
211956700 35735483236 86.1 18323195924353536 79.1
212237500 35735565336 86.1 18323290475008512 79.1
213136000 35736589636 86.1 18324318782820864 79.1
213586000 35790486136 86.2 18348481274778112 79.2
213815600 35790889536 86.2 18348867938357760 79.2
214125300 35791848036 86.2 18349825203638784 79.2
214356400 35791875936 86.2 18349875980919296 79.2
214701900 35791896536 86.2 18349901538966016 79.2
214730300 35796642436 86.2 18357150913182208 79.3
214879100 35797432836 86.3 18357773708474880 79.3
214902100 35797575036 86.3 18357913551747584 79.3
215066900 35798908436 86.3 18359112019065344 79.3
215651000 35799153536 86.3 18359487028050432 79.3
215685300 35799160636 86.3 18359494596194304 79.3
215709700 35799204536 86.3 18359589070491648 79.3
215949100 35799915636 86.3 18360630327103488 79.3
216253500 35800241936 86.3 18360940540416000 79.3
216265900 35802310536 86.3 18364081757966336 79.3
216420400 35802319836 86.3 18364093261656064 79.3
216438800 35803352936 86.3 18366045760106496 79.3
216481700 35803379336 86.3 18366096056258560 79.3
216637400 35806616936 86.3 18378392854859776 79.4
216784100 35813620336 86.3 18385256213123072 79.4
216846300 35813627436 86.3 18385260028547072 79.4
216860100 35814581636 86.3 18385978575998976 79.4
216908100 35814693436 86.3 18386162166009856 79.4
217004300 35818532336 86.3 18387291658391552 79.4
217020700 35819682836 86.3 18388504353312768 79.4
217104300 35820267636 86.3 18388854522646528 79.4
217404900 35820905336 86.3 18389781919109120 79.4
217417700 35821665336 86.3 18390345844330496 79.4
217611500 35821734136 86.3 18390422087536640 79.4
217884600 35821946936 86.3 18390632391987200 79.4
217908300 35822108736 86.3 18390806520549376 79.4
217919700 35822304336 86.3 18391023026130944 79.4
218170900 35877988536 86.4 18415731557748736 79.5
218733100 35878726336 86.4 18416714750775296 79.5
218757900 35879357836 86.4 18417296271560704 79.5
218791600 35879466436 86.4 18417431254429696 79.5
218915700 35881466236 86.5 18418381605007360 79.5
219210800 35881479536 86.5 18418402372186112 79.5
219277600 35881508236 86.5 18418437230587904 79.5
219350900 35881987536 86.5 18418889410277376 79.5
219474400 35883328336 86.5 18420746645204992 79.5
219618400 35883609636 86.5 18420940252622848 79.5
219628000 35883682736 86.5 18421043127660544 79.5
219711800 35883769736 86.5 18421246546653184 79.5
219714000 35884240636 86.5 18421664172978176 79.5
219719400 35884286436 86.5 18421755344875520 79.5
219722400 35884540036 86.5 18421939079999488 79.5
220078000 35884765236 86.5 18422163566129152 79.6
220641400 35884780836 86.5 18422194049216512 79.6
220644500 35889853836 86.5 18430062133604352 79.6
220749600 35895053436 86.5 18445785630339072 79.7
221839600 35895551236 86.5 18446436915048448 79.7
223061800 35895610636 86.5 18446512240029696 79.7
223494600 35900073736 86.5 18457592696762368 79.7
223855300 35900123036 86.5 18457637430198272 79.7
224070700 35900187836 86.5 18457719653326848 79.7
224303400 35900411036 86.5 18457950923448320 79.7
224415300 35900444736 86.5 18458008903401472 79.7
224648600 35903344036 86.5 18462301252403200 79.7
224708300 35908232236 86.5 18466195283296256 79.7
224712000 35961957236 86.6 18490360992284672 79.8
224832200 35962259236 86.6 18490720212500480 79.8
225028600 35963699136 86.7 18492025531285504 79.9
225286500 35964110836 86.7 18492516429742080 79.9
225409100 35964139236 86.7 18492547476877312 79.9
225429300 35964141836 86.7 18492548733530112 79.9
225453900 35964197936 86.7 18492623725449216 79.9
225707100 35964221136 86.7 18492658307739648 79.9
226024500 35965303936 86.7 18493622402330624 79.9
226061200 35965697736 86.7 18494272123351040 79.9
226083600 35967450536 86.7 18496912923209728 79.9
226110200 35967502236 86.7 18496989196914688 79.9
226650500 35967661036 86.7 18497166248890368 79.9
226661500 35969097336 86.7 18498235037962240 79.9
227152500 35973105036 86.7 18500843749298176 79.9
227172200 35973535936 86.7 18501425155461120 79.9
227686400 35973552736 86.7 18501447053803520 79.9
228035400 35973742736 86.7 18501794538979328 79.9
228217600 35973777936 86.7 18501836631941120 79.9
228407400 35976894336 86.7 18506220707225600 79.9
228510900 35976946036 86.7 18506330226614272 79.9
228530000 35977017436 86.7 18506423129882624 79.9
228695500 35977073136 86.7 18506492954853376 79.9
229029100 35982150936 86.7 18513479274905600 79.9
229173600 36035520236 86.8 18537141231206400 80.0
229208100 36035570636 86.8 18537195953422336 80.0
229769700 36036024936 86.8 18537864354693120 80.0
230187700 36036047636 86.8 18537895338461184 80.0
230582700 36036272536 86.8 18538273753614336 80.1
230668800 36036539436 86.8 18538520086726656 80.1
231723100 36042948336 86.8 18554727779158016 80.1
231749800 36042960136 86.8 18554747973611520 80.1
231788400 36047559136 86.9 18561642948538368 80.2
232223300 36047649236 86.9 18561744666882048 80.2
232260000 36049312736 86.9 18562888170336256 80.2
232487200 36049375336 86.9 18562969252966400 80.2
232516300 36049388036 86.9 18562997347323904 80.2
232644700 36049416536 86.9 18563035238170624 80.2
232787500 36054172236 86.9 18564944319021056 80.2
232810500 36054209036 86.9 18565018320863232 80.2
232858500 36054881136 86.9 18565665425752064 80.2
232888100 36054951836 86.9 18565786122027008 80.2
232971000 36055350336 86.9 18566152073641984 80.2
232985300 36055501036 86.9 18566502726565888 80.2
233414300 36056343736 86.9 18567478006841344 80.2
233574000 36058833536 86.9 18569179964178432 80.2
233807800 36058852236 86.9 18569193216659456 80.2
233867600 36058874036 86.9 18569217062991872 80.2
233982300 36058910836 86.9 18569278687074304 80.2
234182400 36058925336 86.9 18569298847821824 80.2
234411700 36061170536 86.9 18570912063778816 80.2
234465100 36061421836 86.9 18571285021290496 80.2
234535600 36061591036 86.9 18571619544821760 80.2
234606000 36062763736 86.9 18572672196898816 80.2
234815600 36064458736 86.9 18574034032357376 80.2
234893800 36066976036 86.9 18575732800319488 80.2
235172900 36070206336 86.9 18581720088539136 80.2
235756000 36070240136 86.9 18581794011320320 80.2
235919000 36070258636 86.9 18581824704266240 80.2
235968400 36070335036 86.9 18581928274796544 80.2
236107400 36070423336 86.9 18582022448783360 80.2
236119700 36070485636 86.9 18582129249198080 80.2
236156800 36070527336 86.9 18582189123829760 80.2
236397000 36070612636 86.9 18582384890789888 80.2
236428700 36070683436 86.9 18582464365338624 80.2
236458200 36072454136 86.9 18585017142484992 80.3
236496200 36072476836 86.9 18585060039815168 80.3
236497500 36072541836 86.9 18585121744732160 80.3
236704400 36072909236 86.9 18585468383739904 80.3
236845400 36073492636 86.9 18586060262162432 80.3
236878400 36073505136 86.9 18586072691679232 80.3
237230300 36073600536 86.9 18586169288957952 80.3
237303100 36073643736 86.9 18586217771626496 80.3
237305300 36081081836 86.9 18604867641602048 80.3
237457800 36081165336 86.9 18605050095284224 80.3
237700200 36081722236 86.9 18605765575913472 80.3
237878200 36082077136 86.9 18606061386117120 80.3
237997800 36084540736 86.9 18609951324155904 80.4
238008200 36140385136 87.1 18634962128777216 80.5
238556700 36143384936 87.1 18636240945721344 80.5
238749900 36144874136 87.1 18638430780174336 80.5
238821500 36144885536 87.1 18638450246801408 80.5
238879600 36144914236 87.1 18638501301860352 80.5
238884800 36144933836 87.1 18638527420108800 80.5
239104700 36145054336 87.1 18638657036521472 80.5
239493500 36145351236 87.1 18639113938669568 80.5
239772800 36145417536 87.1 18639179594272768 80.5
239776300 36146512336 87.1 18640399289094144 80.5
240134200 36147499636 87.1 18640958070591488 80.5
240185100 36148881236 87.1 18642692806938624 80.5
240256800 36148963736 87.1 18642846852222976 80.5
240901200 36151785636 87.1 18647190488911872 80.5
241292100 36152216036 87.1 18647924820316160 80.5
241333600 36155909836 87.1 18653473058230272 80.5
241478900 36155972836 87.1 18653608072073216 80.5
241508100 36156042836 87.1 18653727069687808 80.6
241570500 36159059236 87.1 18664994618593280 80.6
241625800 36161608836 87.1 18666766471516160 80.6
241690500 36161633836 87.1 18666795420168192 80.6
241801800 36162105236 87.1 18667105302163456 80.6
241848900 36162382636 87.1 18667490048290816 80.6
241971300 36162910436 87.1 18668204541095936 80.6
242023700 36165758936 87.1 18670374683684864 80.6
242086800 36165832436 87.1 18670506876596224 80.6
242435500 36165949136 87.1 18670644631777280 80.6
242659400 36166493936 87.1 18671358374785024 80.6
242698400 36166624636 87.1 18671443439882240 80.6
242781000 36166710736 87.1 18671628471521280 80.6
243113800 36166742136 87.1 18671683617386496 80.6
243136200 36222018936 87.3 18695681740861440 80.7
243183000 36223754336 87.3 18698580004401152 80.7
243240300 36223802336 87.3 18698657188311040 80.7
243271200 36223868736 87.3 18698721508564992 80.7
243359200 36223976736 87.3 18698833189019648 80.7
243832300 36224082136 87.3 18699027558064128 80.7
244057800 36224114236 87.3 18699079864578048 80.7
244097000 36224128736 87.3 18699094066664448 80.7
244163600 36224276636 87.3 18699298122011648 80.7
244762900 36226928836 87.3 18700132272346112 80.8
244838500 36226970736 87.3 18700185801978880 80.8
244859400 36227106036 87.3 18700326603387904 80.8
245188600 36227117236 87.3 18700338613230592 80.8
246107800 36227828936 87.3 18700751805127680 80.8
246602800 36281507136 87.4 18723999714417664 80.9
246659500 36281553136 87.4 18724076439911424 80.9
247041000 36282806536 87.4 18725532978560000 80.9
247076500 36286680536 87.4 18738942297422848 80.9
247288900 36288193236 87.4 18740262501530624 80.9
247315700 36288205636 87.4 18740277886508032 80.9
247919800 36288343236 87.4 18740449314397184 80.9
247926200 36288403236 87.4 18740596617796608 80.9
248626700 36297605536 87.5 18750912548330496 81.0
248990200 36297626936 87.5 18750934715776000 81.0
249035300 36297788036 87.5 18751097884228608 81.0
249431500 36301925936 87.5 18757242035223552 81.0
249468500 36301941036 87.5 18757258218513408 81.0
249747300 36302382536 87.5 18757558529008640 81.0
249972000 36302406736 87.5 18757595290686464 81.0
250099100 36302488336 87.5 18757724561527808 81.0
250102800 36302594036 87.5 18757850554618880 81.0
250436500 36302599636 87.5 18757860026458112 81.0
250597100 36302624536 87.5 18757891890976768 81.0
250836300 36302651536 87.5 18757923863533568 81.0
250931100 36302746936 87.5 18758021907240960 81.0
251011600 36302841236 87.5 18758142094006272 81.0
251254900 36303230536 87.5 18758456263137280 81.0
251306800 36306622636 87.5 18759900550354944 81.0
251600800 36307320936 87.5 18761013306939392 81.0
251663500 36307416136 87.5 18761241731586048 81.0
251758600 36308823036 87.5 18763840697718784 81.0
251795800 36308881936 87.5 18763905313814528 81.0
252323300 36309249136 87.5 18764549799032832 81.0
252421900 36363778236 87.6 18788153108477952 81.1
252848200 36364124036 87.6 18788529736660992 81.1
253015200 36364420636 87.6 18788785169840128 81.1
253104200 36364509636 87.6 18788941998340096 81.1
253147100 36364558736 87.6 18789000403814400 81.1
253210000 36364629036 87.6 18789082063276032 81.1
253396100 36364649536 87.6 18789119981770752 81.1
254913600 36367538836 87.6 18791361250318336 81.1
256069300 36369932436 87.6 18793104740833280 81.2
256077100 36370046236 87.6 18793211751741440 81.2
256150700 36373235236 87.6 18805444247468032 81.2
256263500 36373302436 87.6 18805521537546240 81.2
256337200 36373325036 87.6 18805580276279296 81.2
256706200 36374945736 87.6 18807534200268800 81.2
256790700 36375014536 87.6 18807619308357632 81.2
256907800 36380837136 87.7 18815900343470080 81.3
257239300 36381622036 87.7 18816370335909888 81.3
257331000 36381804036 87.7 18816641638565888 81.3
257337600 36381990136 87.7 18817008138127360 81.3
257619300 36382010836 87.7 18817029002876928 81.3
257737400 36382270336 87.7 18817381416228864 81.3
257786800 36382497036 87.7 18817633274025984 81.3
257922300 36382561436 87.7 18817788217907200 81.3
257960200 36382601936 87.7 18817869608187904 81.3
258021200 36382633236 87.7 18817915056412672 81.3
258023700 36382748536 87.7 18818027789522944 81.3
258304200 36382823436 87.7 18818188373202944 81.3
258463700 36382837036 87.7 18818202800296960 81.3
258587000 36385843536 87.7 18820508014679040 81.3
258651800 36385868136 87.7 18820538522121216 81.3
258783300 36389425836 87.7 18822787380524032 81.3
259537000 36393976036 87.7 18826255671735296 81.3
259760200 36395806536 87.7 18829719538480128 81.3
259925100 36395869036 87.7 18829792395211776 81.3
260019600 36395976536 87.7 18829900343669760 81.3
260272000 36395983436 87.7 18829908055203840 81.3
261014100 36396218936 87.7 18830169327165440 81.3
261519700 36396239036 87.7 18830188673996800 81.3
261798600 36396375036 87.7 18830313011550208 81.3
261859100 36397388536 87.7 18831765734692864 81.3
262302000 36398799836 87.7 18832984460761088 81.3
262727600 36398805936 87.7 18832989043030016 81.3
262967800 36398828636 87.7 18833013676224512 81.3
263569500 36402026636 87.7 18845269616013312 81.4
263752200 36402058436 87.7 18845307946819584 81.4
263929800 36403275636 87.7 18846742103613440 81.4
263953500 36403387236 87.7 18846874268180480 81.4
263976100 36403398236 87.7 18846900011651072 81.4
264023700 36403414036 87.7 18846915463353344 81.4
264085000 36403691136 87.7 18847197787296768 81.4
264362900 36457108436 87.8 18870242237191168 81.5
264384800 36457232036 87.8 18870527377871872 81.5
264395300 36460741936 87.8 18875493712729088 81.5
264403800 36465443336 87.9 18880532781011968 81.5
264669100 36465542236 87.9 18880661956613120 81.5
265418900 36465550536 87.9 18880669161894912 81.5
265437400 36467662336 87.9 18883610814985216 81.5
265753300 36467713436 87.9 18883683171079168 81.5
265780300 36467837736 87.9 18883945988871168 81.5
266002500 36467858536 87.9 18883985340191744 81.5
266235900 36467862636 87.9 18883991093407232 81.5
266343200 36467865736 87.9 18883997268683264 81.5
266526900 36470545336 87.9 18886216457103872 81.6
266730300 36470596136 87.9 18886295206095360 81.6
267199000 36472905336 87.9 18888813860219392 81.6
267281700 36473041136 87.9 18889051755801088 81.6
267518400 36473114336 87.9 18889154486479360 81.6
267579400 36475356736 87.9 18890787005540864 81.6
267597600 36477774836 87.9 18894736846105088 81.6
267734400 36477809336 87.9 18894777825077760 81.6
267785000 36477834836 87.9 18894806899612160 81.6
267798700 36480555336 87.9 18895386592729600 81.6
268502100 36480764136 87.9 18895670003259904 81.6
268957100 36480832236 87.9 18895748163779072 81.6
269777000 36480902736 87.9 18895823966624256 81.6
270549300 36481024836 87.9 18895960960809472 81.6
270646400 36481087736 87.9 18896074508761600 81.6
270796300 36482746436 87.9 18898090777672192 81.6
271361400 36482877136 87.9 18898356974483968 81.6
271405200 36482900236 87.9 18898383888132608 81.6
271556800 36482920836 87.9 18898407976200704 81.6
271762500 36483299136 87.9 18898715853253120 81.6
271865500 36483307636 87.9 18898725695056384 81.6
272151200 36484364036 87.9 18899800296319488 81.6
272234300 36484373236 87.9 18899810155870720 81.6
272796800 36485110636 87.9 18900859620997632 81.6
272816300 36485129736 87.9 18900884133300736 81.6
272848500 36485190136 87.9 18901022878960128 81.6
273000100 36486910536 87.9 18904263325354496 81.6
273079400 36486964236 87.9 18904322403924480 81.6
273261200 36487295336 87.9 18904553739139584 81.6
273394700 36487588036 87.9 18904868871748096 81.6
273681900 36487596136 87.9 18904885016241664 81.6
273867100 36487603336 87.9 18904894516640256 81.6
273873200 36487661236 87.9 18905000276359680 81.6
274015600 36541408536 88.0 18928319467846144 81.7
274174200 36542381236 88.0 18929722420853248 81.7
274714400 36545354036 88.1 18941247404603904 81.8
275214700 36554838036 88.1 18953245531011584 81.8
275344000 36554855736 88.1 18953270099776000 81.8
275476300 36555357736 88.1 18953661158199808 81.8
277178900 36555373636 88.1 18953677100756480 81.8
277595900 36555435936 88.1 18953752054853120 81.8
277596300 36555458636 88.1 18953787259817472 81.8
277913600 36555481536 88.1 18953806039449088 81.8
278061700 36555901836 88.1 18954087766064640 81.8
278255400 36555911536 88.1 18954100488485376 81.8
278360600 36556061936 88.1 18954249234561536 81.8
278741300 36557411936 88.1 18955313684560384 81.9
279030700 36557426736 88.1 18955330584437248 81.9
279244700 36557479236 88.1 18955412423688704 81.9
279265500 36557491136 88.1 18955439722521088 81.9
279357900 36557582436 88.1 18955507807781376 81.9
279765700 36557602236 88.1 18955526914824704 81.9
279954600 36557654436 88.1 18955585485396480 81.9
280119800 36557694936 88.1 18955637515500032 81.9
280373400 36611404336 88.2 18979038764349952 82.0
280505700 36616551236 88.2 18984206059321856 82.0
280654500 36617334136 88.2 18984838474119680 82.0
281060400 36617819636 88.2 18985174059530752 82.0
281153300 36620554036 88.2 18985719860083200 82.0
281593500 36623077036 88.2 18990246289521152 82.0
281767800 36623243736 88.2 18990672483531264 82.0
281815800 36623281736 88.2 18990724171205120 82.0
281929200 36623298236 88.2 18990746113767936 82.0
282683400 36623438836 88.2 18990928961026560 82.0
282956600 36623458636 88.2 18990959657617920 82.0
283150700 36623535536 88.2 18991062259952128 82.0
283316000 36623581336 88.2 18991135850473984 82.0
283483200 36623606236 88.2 18991189071989248 82.0
283601200 36629111036 88.3 19005645851167232 82.1
284703200 36629158236 88.3 19005741629590016 82.1
285183400 36629852936 88.3 19006627339192832 82.1
286047900 36631391636 88.3 19007754677668352 82.1
286398700 36631405836 88.3 19007779167633920 82.1
286476800 36634909536 88.3 19013949448618496 82.1
287198400 36635368236 88.3 19014322686099968 82.1
287548800 36635455936 88.3 19014480001663488 82.1
287703100 36635470536 88.3 19014493233480192 82.1
287895800 36635480536 88.3 19014509385626112 82.1
287920500 36639891636 88.3 19021059330814464 82.1
288125100 36639897536 88.3 19021066074468864 82.1
288202800 36639972636 88.3 19021139194483200 82.1
288894300 36640277436 88.3 19021356171022848 82.1
288894700 36640298036 88.3 19021377125528064 82.1
288946700 36640483736 88.3 19021551084827136 82.1
289710500 36640550436 88.3 19021685242556928 82.1
289740500 36641053336 88.3 19022199193301504 82.1
289864100 36643059336 88.3 19023681168306688 82.1
289986100 36643109236 88.3 19023786281300480 82.1
290123900 36643139836 88.3 19023817800632832 82.1
290233600 36645156036 88.3 19025580896504320 82.2
290334900 36645169536 88.3 19025603258749440 82.2
290586600 36645213636 88.3 19025667697148416 82.2
290637600 36645456736 88.3 19025964505793024 82.2
291264800 36645456936 88.3 19025964591809024 82.2
291269200 36645477136 88.3 19025992009214464 82.2
291277000 36645589836 88.3 19026260135700992 82.2
291300700 36648520636 88.3 19027102329989632 82.2
291320700 36652685836 88.3 19030352653969920 82.2
291563300 36652699636 88.3 19030369416285696 82.2
292716200 36652794536 88.3 19030461203983872 82.2
293002800 36652892636 88.3 19030567259516416 82.2
293315400 36652913036 88.3 19030594290101760 82.2
293487200 36707324936 88.4 19054149115489792 82.3
293868500 36707346136 88.4 19054174206770688 82.3
293957800 36707354336 88.4 19054188933085696 82.3
294175100 36707799836 88.4 19054512553064960 82.3
294408300 36707927136 88.4 19054634767481344 82.3
294730300 36707952936 88.4 19054664386812416 82.3
295072200 36713217836 88.5 19062205161347584 82.3
295113800 36716684736 88.5 19075344427850240 82.4
295128500 36716831436 88.5 19075448300280320 82.4
295216600 36718891236 88.5 19079053666851328 82.4
295422200 36718986936 88.5 19079155835058688 82.4
295607700 36718992636 88.5 19079163118900736 82.4
295814100 36719011336 88.5 19079179892681216 82.4
295840900 36719045636 88.5 19079261194709504 82.4
295850000 36719080436 88.5 19079310991600128 82.4
296465100 36719091836 88.5 19079324120883712 82.4
296509000 36719175936 88.5 19079489236509184 82.4
296534100 36719613636 88.5 19080102806888960 82.4
296570800 36719619136 88.5 19080111084851200 82.4
296959300 36721000436 88.5 19081842827776000 82.4
297301400 36721021636 88.5 19081882456551424 82.4
297910000 36721072736 88.5 19081932391358464 82.4
298021900 36721099636 88.5 19081976947105792 82.4
298045600 36728398136 88.5 19092220731416576 82.4
299068300 36728455836 88.5 19092336602218496 82.4
299125800 36728457736 88.5 19092337485192896 82.4
299126800 36728472136 88.5 19092363218220736 82.4
299264600 36728651236 88.5 19092584902227648 82.4
299291000 36728677136 88.5 19092634985584320 82.4
299715000 36728691436 88.5 19092654793225920 82.4
299781200 36728709136 88.5 19092675650172608 82.4
300144100 36728814436 88.5 19092810676483776 82.4
300232000 36728914936 88.5 19092915128317632 82.4
300507300 36730012336 88.5 19094913063270080 82.5
300909800 36730040236 88.5 19094950514042560 82.5
301954100 36732622336 88.5 19096700254987968 82.5
302084700 36732673436 88.5 19096804720166592 82.5
302270900 36732736936 88.5 19096939973674688 82.5
302625100 36733845036 88.5 19098579889915584 82.5
303018600 36733930936 88.5 19098673605985984 82.5
303192200 36739517636 88.5 19108772935321280 82.5
303612500 36739560136 88.5 19108817160083136 82.5
305793000 36739631636 88.5 19108926705129152 82.5
305813300 36740704136 88.5 19109689950164672 82.5
307052900 36740766136 88.5 19109765312591552 82.5
307236800 36740858636 88.5 19109970184107712 82.5
307475200 36740869136 88.5 19109988067899072 82.5
307991600 36796129636 88.7 19133687292688064 82.6
308172600 36796164736 88.7 19133756963550912 82.6
308323100 36796195836 88.7 19133795138012864 82.6
308353100 36796770436 88.7 19134522688472768 82.6
308438900 36797444136 88.7 19135361483671232 82.6
308444700 36797447836 88.7 19135363788490432 82.6
308462200 36797468636 88.7 19135395648591552 82.6
308511100 36797475236 88.7 19135401040761536 82.6
308791200 36797482036 88.7 19135409970979520 82.6
308881900 36797501136 88.7 19135431798543040 82.6
308884100 36800805936 88.7 19138389674414784 82.6
309271500 36800809836 88.7 19138395815342784 82.6
309670100 36803073536 88.7 19140907637469888 82.7
309839900 36803167436 88.7 19141014100488896 82.7
309958500 36803188736 88.7 19141043019336384 82.7
310073500 36803237636 88.7 19141083154143936 82.7
310637300 36803256936 88.7 19141114392480448 82.7
310663800 36803280536 88.7 19141145087898304 82.7
311039400 36803330636 88.7 19141198035702464 82.7
311133200 36803340836 88.7 19141206342348992 82.7
311274600 36803347336 88.7 19141213045043392 82.7
311489300 36803401636 88.7 19141345143115968 82.7
311541500 36805990636 88.7 19143137616941248 82.7
311710900 36807399536 88.7 19144572720730304 82.7
311729100 36807530336 88.7 19144709440803008 82.7
311851400 36812583136 88.7 19151847183093952 82.7
311969700 36814306636 88.7 19155110077927616 82.7
312050400 36814325736 88.7 19155128485710016 82.7
312323500 36814365636 88.7 19155196077103296 82.7
312346900 36814382336 88.7 19155212850223296 82.7
312579500 36817755336 88.7 19160248076523712 82.7
312827900 36817784136 88.7 19160277977856192 82.7
313345000 36818082036 88.7 19160637821057216 82.7
313619900 36818084536 88.7 19160640087953856 82.7
313679000 36820151736 88.7 19162397115322816 82.7
313713700 36820155736 88.7 19162403327989184 82.7
314073700 36820185636 88.7 19162436653325760 82.7
315044400 36823636136 88.7 19163611679202752 82.8
315240800 36823661036 88.7 19163637222718912 82.8
315433700 36823667936 88.7 19163645202352064 82.8
315601500 36824773836 88.7 19165739408771008 82.8
315944500 36824800636 88.7 19165770519820224 82.8
315948800 36824929636 88.7 19165900180125632 82.8
316194800 36824941336 88.7 19165926318151616 82.8
316218200 36830550736 88.7 19182029275666368 82.8
316602600 36830582936 88.7 19182086635960256 82.8
318669800 36830801936 88.7 19182233767245760 82.8
318679200 36830802336 88.7 19182233933338560 82.8
319459300 36832568236 88.7 19184629684131776 82.8
319516400 36835187836 88.8 19186444925556672 82.9
319536800 36835190936 88.8 19186447723817664 82.9
319790300 36835208336 88.8 19186469898332864 82.9
319861900 36835343536 88.8 19186579374631616 82.9
320562600 36836356436 88.8 19187030432672448 82.9
320607300 36836363836 88.8 19187042468768448 82.9
320829000 36836454436 88.8 19187135050533568 82.9
320954700 36892853536 88.9 19211956169853632 83.0
320985000 36892881736 88.9 19211991703046848 83.0
320994800 36895236136 88.9 19215087244626624 83.0
321092300 36895240036 88.9 19215094794772160 83.0
321220100 36895272136 88.9 19215154318737088 83.0
321402100 36895485436 88.9 19215613178314432 83.0
321635200 36895523336 88.9 19215687010369216 83.0
321749700 36895594236 88.9 19215741442473664 83.0
321749900 36895596336 88.9 19215742218460864 83.0
322971800 36896130136 88.9 19216400247807680 83.0
324125400 36896634336 88.9 19216622564318912 83.0
324366800 36896645536 88.9 19216631559713472 83.0
324422800 36896689936 88.9 19216684319634112 83.0
324495700 36896717436 88.9 19216734518579904 83.0
324974400 36902656536 88.9 19225013747520192 83.0
325191000 36905495136 88.9 19225974408680128 83.0
325251800 36905595936 88.9 19226112963089088 83.0
325594400 36905654036 88.9 19226246860894912 83.0
325622400 36905673036 88.9 19226269574779584 83.0
325755200 36905687236 88.9 19226282993036992 83.0
325919300 36910069136 88.9 19230021303578304 83.0
326099900 36910271536 88.9 19230228427681472 83.0
326256900 36910375536 88.9 19230463531478720 83.0
326621400 36910589736 88.9 19230679191711424 83.0
327038000 36910616836 88.9 19230707940761280 83.0
327174900 36913070736 88.9 19235717038644928 83.1
327199100 36913088036 88.9 19235738524169920 83.1
327737000 36915229336 88.9 19238522445215424 83.1
327835100 36915233936 88.9 19238527866238144 83.1
327964000 36915305336 88.9 19238694991951040 83.1
328272300 36915329336 88.9 19238744353694912 83.1
328553000 36915338136 88.9 19238761298262208 83.1
328720100 36915347436 88.9 19238772167085248 83.1
328809800 36915371436 88.9 19238801213775040 83.1
328927600 36915421236 88.9 19238867288403136 83.1
329086200 36915422936 88.9 19238869537721536 83.1
329310600 36920089836 89.0 19253496001662144 83.1
329555500 36920101036 89.0 19253506905802944 83.1
329569400 36920104536 89.0 19253513408016064 83.1
329585000 36920114336 89.0 19253520615776448 83.1
329702700 36920154936 89.0 19253566280089792 83.1
330000400 36920171036 89.0 19253575519577280 83.1
330469100 36922834836 89.0 19255450379232448 83.1
330611400 36979060636 89.1 19279664905725120 83.3
330616600 36979498136 89.1 19280310761497792 83.3
332167100 36981607436 89.1 19283706133947584 83.3
332459100 36981614436 89.1 19283713118225088 83.3
332918400 36981630836 89.1 19283732711641792 83.3
333058700 36981653636 89.1 19283757147595456 83.3
333157800 36981659236 89.1 19283763363321536 83.3
333317900 36983611036 89.1 19285197945706176 83.3
333423000 36983698336 89.1 19285324559890112 83.3
333707600 36983710136 89.1 19285338778226368 83.3
333742600 36983719436 89.1 19285349484831424 83.3
334670900 36988144036 89.1 19291867657642688 83.3
335250000 36988157336 89.1 19291880240199360 83.3
335594600 36988160936 89.1 19291886431177408 83.3
335622900 36988265636 89.1 19292025334336192 83.3
336284600 36990797236 89.1 19294790422694592 83.3
336720600 36990952636 89.1 19295159389588160 83.3
337347400 36990959036 89.1 19295164927480512 83.3
338024600 36990988336 89.1 19295196041720512 83.3
338326300 36993260536 89.1 19298418668090048 83.3
338361200 36993287936 89.1 19298494236185280 83.3
338438100 36993299836 89.1 19298506507721408 83.3
338463400 36993638836 89.1 19298706145729216 83.3
338473400 36993642036 89.1 19298707868302016 83.3
338482500 36993648136 89.1 19298712620761792 83.3
338606400 36993708836 89.1 19298777755398848 83.3
338738600 36994064236 89.1 19299140033917632 83.3
338902600 36994084636 89.1 19299164421337792 83.3
339165700 36994093336 89.1 19299174889767616 83.3
339314400 36994102536 89.1 19299188979356352 83.3
339318100 36994135536 89.1 19299233803502272 83.3
339341500 36994226136 89.1 19299405868991168 83.3
339412200 36998686836 89.1 19302960656450240 83.4
339456400 36998725736 89.1 19303042266317504 83.4
339456800 36998752036 89.1 19303082898318016 83.4
339651900 36998763936 89.1 19303092588390080 83.4
339714000 36998830236 89.1 19303163199407808 83.4
340795500 36998846736 89.1 19303179358058176 83.4
340949900 36999014436 89.1 19303334823999168 83.4
341004900 37001296536 89.2 19304937672685248 83.4
341251100 37004183936 89.2 19307603352368832 83.4
341277700 37004194436 89.2 19307612729426624 83.4
342123400 37004206136 89.2 19307635360314048 83.4
342634800 37011463436 89.2 19323023074702016 83.4
343311600 37011476236 89.2 19323045218937536 83.4
343457900 37011484036 89.2 19323054623056576 83.4
344473200 37011497936 89.2 19323067550914240 83.4
345150800 37011502436 89.2 19323072852981440 83.4
345473000 37069217736 89.3 19348058001045184 83.5
345607800 37070417636 89.3 19349066878416576 83.6
345708200 37070430736 89.3 19349083345254080 83.6
346084200 37070444236 89.3 19349091587083968 83.6
346725600 37070448936 89.3 19349096028991168 83.6
347312500 37071687736 89.3 19350015977877184 83.6
347810700 37071700336 89.3 19350033023727296 83.6
348131900 37071802136 89.3 19350184281028288 83.6
348240400 37071856936 89.3 19350256601839296 83.6
348444400 37071934436 89.3 19350436077663936 83.6
348777500 37072832536 89.3 19351114107221696 83.6
349072500 37072858536 89.3 19351165296449216 83.6
349103500 37072868136 89.3 19351179643569856 83.6
349451900 37075723436 89.3 19354286566917824 83.6
350015100 37075748436 89.3 19354311378509504 83.6
350023300 37075820836 89.3 19354381180059328 83.6
350039600 37081638036 89.3 19362750275632832 83.6
350178100 37081650436 89.3 19362765807781568 83.6
350271600 37081653436 89.3 19362769431585984 83.6
350370100 37086143836 89.4 19368425508725952 83.6
350475400 37086188636 89.4 19368531288999104 83.6
350504600 37086195436 89.4 19368538142063296 83.6
350505700 37088589336 89.4 19373439040010944 83.7
350598100 37088597536 89.4 19373451544432320 83.7
350740400 37088615836 89.4 19373481306134208 83.7
351147200 37088652736 89.4 19373522797708992 83.7
351288300 37088727036 89.4 19373605987149504 83.7
351302800 37089723536 89.4 19375242565117632 83.7
351332900 37090384536 89.4 19375493413480128 83.7
351374400 37090450836 89.4 19375555277190848 83.7
351375100 37090453436 89.4 19375556339283648 83.7
351420300 37090517836 89.4 19375665186674368 83.7
351683500 37090917236 89.4 19375985562261184 83.7
351864000 37090920536 89.4 19375990114078400 83.7
351907300 37091011036 89.4 19376080087355072 83.7
351915100 37091033536 89.4 19376107621019328 83.7
352068600 37091059036 89.4 19376137515529920 83.7
352116500 37091123336 89.4 19376282551645888 83.7
352117100 37091136436 89.4 19376305633703616 83.7
352173500 37091154036 89.4 19376325303355072 83.7
352418500 37091179236 89.4 19376354457173696 83.7
352561400 37091444936 89.4 19376610679652032 83.7
353260000 37093143136 89.4 19377879827676864 83.7
354299100 37095004636 89.4 19379967948947136 83.7
355083000 37095013536 89.4 19379976563742400 83.7
355332900 37096472036 89.4 19381943840822976 83.7
355335000 37096482836 89.4 19381955640426176 83.7
356036000 37096489236 89.4 19381960576759488 83.7
356309400 37096518136 89.4 19381983860205248 83.7
356789800 37099147536 89.4 19382615660799680 83.7
357177600 37099160036 89.4 19382625897583296 83.7
357573800 37099197736 89.4 19382711728255680 83.7
358274400 37099216436 89.4 19382734186697408 83.7
358405400 37099263536 89.4 19382817972974272 83.7
358998000 37099283636 89.4 19382838975666880 83.7
359104400 37102917436 89.4 19396817443756736 83.8
360248600 37102933436 89.4 19396838048318144 83.8
360902400 37104582036 89.4 19399727211528896 83.8
361673500 37165894136 89.5 19428515322446528 83.9
362253400 37165902636 89.5 19428522480295104 83.9
362512900 37165922436 89.5 19428564228873408 83.9
364541600 37165945036 89.5 19428584723260608 83.9
364580300 37166266536 89.5 19428917113103552 83.9
365001400 37166271436 89.5 19428920772011968 83.9
365417500 37167303136 89.6 19429414341453760 83.9
365661100 37167315236 89.6 19429424194061248 83.9
365744300 37167414136 89.6 19429531413480384 83.9
365861000 37167421136 89.6 19429539060729792 83.9
365864600 37167431136 89.6 19429554607306688 83.9
366023200 37167442036 89.6 19429568135948224 83.9
366312200 37169537936 89.6 19430717273008064 83.9
366397500 37169886936 89.6 19430982295103424 83.9
366496400 37170061336 89.6 19431171836110784 83.9
366679000 37170078136 89.6 19431184241644480 83.9
366705800 37177286136 89.6 19439739288540096 83.9
366943900 37177299236 89.6 19439754284280768 83.9
366982300 37177309136 89.6 19439773286138816 83.9
367211200 37177324636 89.6 19439788939002816 83.9
367279000 37177337736 89.6 19439807674807232 83.9
367326400 37177354036 89.6 19439833672864704 83.9
367341900 37177360136 89.6 19439838250349504 83.9
367718100 37177366236 89.6 19439845161384896 83.9
367733900 37179585136 89.6 19441447038958528 84.0
367736800 37181943336 89.6 19446137042058176 84.0
367743900 37181943936 89.6 19446137405578176 84.0
367828400 37182381936 89.6 19446796096641984 84.0
368254000 37184458236 89.6 19449993339345856 84.0
368555200 37184471536 89.6 19450009339532224 84.0
368618000 37184510836 89.6 19450060325868480 84.0
368694300 37184538036 89.6 19450095040902080 84.0
368740800 37184711536 89.6 19450519004033984 84.0
368762500 37184718736 89.6 19450527970579392 84.0
369240200 37184723236 89.6 19450530998103488 84.0
369918900 37186142336 89.6 19452381643386304 84.0
370181700 37186153236 89.6 19452396590720448 84.0
370220900 37186163036 89.6 19452411561356736 84.0
370359400 37186175236 89.6 19452428154672576 84.0
370818300 37188410936 89.6 19455153295168960 84.0
371026600 37188419936 89.6 19455165158675904 84.0
371166100 37188426736 89.6 19455176267762112 84.0
371241200 37188435336 89.6 19455181511580608 84.0
371537100 37188440836 89.6 19455186031732160 84.0
371800200 37188459436 89.6 19455218988471744 84.0
371934100 37189061936 89.6 19456179822384576 84.0
372433700 37189069136 89.6 19456188602033600 84.0
372587800 37192322636 89.6 19458709738923456 84.0
373753500 37192331636 89.6 19458721440724416 84.0
374676300 37199172236 89.6 19462869039838656 84.0
375084400 37199532036 89.6 19463223956829632 84.0
375397600 37199552736 89.6 19463251605648832 84.0
376034500 37199560436 89.6 19463257925890496 84.0
376202000 37199571236 89.6 19463269226600896 84.0
376231500 37199584836 89.6 19463289140173248 84.0
376473100 37199636536 89.6 19463356890438080 84.0
376781700 37199769136 89.6 19463683460815296 84.0
377033400 37199771436 89.6 19463685404981696 84.0
377211700 37199777736 89.6 19463689094863296 84.0
377783800 37199786536 89.6 19463698003714496 84.0
378116900 37259624836 89.8 19489511738630592 84.2
378448200 37263303736 89.8 19503743880323520 84.2
378932200 37263337836 89.8 19503793303273920 84.2
379149500 37263342636 89.8 19503795412509120 84.2
379182700 37263426236 89.8 19503995977245120 84.2
379877500 37271211236 89.8 19516354511806912 84.3
379976300 37271216336 89.8 19516358787067840 84.3
380581600 37271223636 89.8 19516360917128256 84.3
380622500 37271227736 89.8 19516364665667904 84.3
380650000 37271231036 89.8 19516368997947712 84.3
380764100 37271234136 89.8 19516370493397312 84.3
380782900 37271235936 89.8 19516372048238912 84.3
380833600 37271244836 89.8 19516386405742912 84.3
381201200 37271251236 89.8 19516388909760064 84.3
381376900 37271281336 89.8 19516428354330176 84.3
381603900 37271303136 89.8 19516471864946240 84.3
381800200 37271326036 89.8 19516503485933120 84.3
382142300 37271335536 89.8 19516512961728064 84.3
382276900 37276964036 89.8 19525732223323712 84.3
382609400 37277300736 89.8 19526150809521728 84.3
382615300 37277521036 89.8 19526560141086272 84.3
383507800 37277523636 89.8 19526562818846272 84.3
383520900 37277529236 89.8 19526565925867072 84.3
383554800 37277573436 89.8 19526625090055744 84.3
383615800 37277740136 89.8 19527038559399488 84.3
383726100 37279834736 89.8 19527931741482560 84.3
384112700 37283057436 89.8 19530250169757248 84.3
384301600 37283077236 89.8 19530269372182080 84.3
384899900 37283157536 89.8 19530344941801024 84.3
385563400 37288691136 89.8 19535956746489408 84.4
385650800 37288692836 89.8 19535958168825408 84.4
386026700 37288716436 89.8 19535981453841984 84.4
386090500 37288750736 89.8 19536042688095808 84.4
386304800 37288755536 89.8 19536048904568384 84.4
386553000 37288760736 89.8 19536059141374528 84.4
386757400 37288783636 89.8 19536079636251200 84.4
386764400 37288857436 89.8 19536149161747008 84.4
386780000 37288949536 89.8 19536258621096512 84.4
387162600 37288954736 89.8 19536267259499072 84.4
387280700 37289280936 89.8 19536597863846464 84.4
387691700 37289287736 89.8 19536604939481664 84.4
388165800 37289300636 89.8 19536619586572864 84.4
388487100 37289313536 89.8 19536642706764352 84.4
389393300 37291015836 89.8 19538792766370368 84.4
389434100 37291015936 89.8 19538792774152768 84.4
389627400 37291080636 89.8 19538849629135424 84.4
389656100 37293934036 89.9 19539573472420416 84.4
390081600 37293939336 89.9 19539582208386624 84.4
390942600 37293941336 89.9 19539583964854080 84.4
391187700 37293950736 89.9 19539605921326912 84.4
391461200 37293971936 89.9 19539627340666688 84.4
391848200 37293980436 89.9 19539638486937408 84.4
392354700 37293984236 89.9 19539640152512064 84.4
392642400 37296025536 89.9 19542990848546368 84.4
392654500 37296050736 89.9 19543028597962304 84.4
392706400 37296066536 89.9 19543054688378432 84.4
393350000 37296201436 89.9 19543191077797440 84.4
393701400 37296998436 89.9 19544687857647168 84.4
393746300 37297010336 89.9 19544703738074688 84.4
393979000 37300128636 89.9 19551092261279296 84.4
394093000 37300131636 89.9 19551094193567296 84.4
394218300 37303916736 89.9 19565714614564416 84.5
394413800 37303925836 89.9 19565724496575040 84.5
394727200 37303940336 89.9 19565743265958464 84.5
394748800 37303953936 89.9 19565756268325440 84.5
394855000 37304000036 89.9 19565829637139008 84.5
395147000 37304017036 89.9 19565845000789568 84.5
395171500 37369264736 90.0 19595389673971264 84.6
395329400 37369278636 90.0 19595407117196864 84.6
395359900 37369290436 90.0 19595419390647872 84.6
395400400 37369346536 90.0 19595549711924800 84.6
395507600 37369368136 90.0 19595582107457088 84.6
395607200 37370156836 90.0 19596118228768320 84.6
395702100 37370174636 90.0 19596148434116160 84.6
395775700 37370177636 90.0 19596152179515200 84.6
395836900 37417468136 90.2 19613128094375744 84.7
395877300 37417929836 90.2 19614143135276864 84.7
395962100 37417948236 90.2 19614162143049536 84.7
396120900 37418885036 90.2 19614374405781312 84.7
396218900 37420500436 90.2 19617392011425600 84.7
396327500 37430876236 90.2 19624994705946432 84.7
396332500 37430897436 90.2 19625027183863616 84.7
396640400 37431043636 90.2 19625144961943360 84.7
396648600 37431113836 90.2 19625210184791872 84.7
396668400 37431521036 90.2 19625579352913728 84.7
396697700 37431586836 90.2 19625739193448256 84.7
396738200 37432071936 90.2 19626165062137664 84.7
396752100 37432595736 90.2 19626793558210368 84.8
396762200 37439300336 90.2 19636248229312320 84.8
396902300 37439305436 90.2 19636253948557120 84.8
397126100 37439320736 90.2 19636278246195008 84.8
397140400 37439328136 90.2 19636285210758464 84.8
397151100 37439433536 90.2 19636402988854592 84.8
397447200 37446749136 90.2 19647435817168192 84.8
397568200 37446759636 90.2 19647445023747392 84.8
397575900 37446791236 90.2 19647483486137664 84.8
397817900 37446803536 90.2 19647501944216896 84.8
397879900 37447201136 90.2 19647856120880448 84.8
398016200 37447205036 90.2 19647861671828800 84.8
398109300 37447568036 90.2 19648801041915200 84.8
398173200 37447590536 90.2 19648826713587008 84.8
398243000 37447598436 90.2 19648835861798208 84.8
398243400 37447604236 90.2 19648843358269248 84.8
398300700 37447670136 90.2 19648952610467648 84.8
398304000 37447758636 90.2 19649064243154752 84.8
398319400 37447761536 90.2 19649066163483968 84.8
398338800 37447765836 90.2 19649070400732480 84.8
398451500 37452639736 90.2 19653255271218496 84.9
398577900 37463681036 90.3 19664522366090560 84.9
398641100 37463713036 90.3 19664568266071360 84.9
398673500 37463736836 90.3 19664598605487424 84.9
398714600 37463752036 90.3 19664622851798336 84.9
398720500 37470729036 90.3 19667851031950656 84.9
398806100 37470736336 90.3 19667860059691328 84.9
398879800 37470743636 90.3 19667868156185920 84.9
398947500 37470754636 90.3 19667879540884800 84.9
398952700 37470767036 90.3 19667893186147648 84.9
399035200 37470788136 90.3 19667919757563200 84.9
399056300 37470850336 90.3 19667988889212224 84.9
399060900 37470852236 90.3 19667989367420224 84.9
399139600 37470873036 90.3 19668028912571712 84.9
399144400 37477668736 90.3 19675174801773888 85.0
399179600 37479321236 90.3 19677511764677952 85.0
399381100 37479349936 90.3 19677551630615872 85.0
399628000 37479361636 90.3 19677559216037696 85.0
399706300 37479368036 90.3 19677563785717568 85.0
399757200 37479391936 90.3 19677597457338176 85.0
400035200 37479397136 90.3 19677601058646848 85.0
400202000 37479410336 90.3 19677618717289280 85.0
400274200 37487781436 90.3 19691017481186112 85.0
400366700 37491364536 90.3 19694073234811712 85.0
400502400 37491374936 90.3 19694087043725120 85.0
400513500 37491379936 90.3 19694091903363392 85.0
400583600 37491392036 90.3 19694104370078016 85.0
400664400 37491445536 90.3 19694163188007232 85.0
400672700 37491447236 90.3 19694163864256832 85.0
400722300 37491460736 90.3 19694180354233664 85.0
400727400 37491730936 90.3 19694337800688960 85.0
400741700 37491743036 90.3 19694347423575360 85.0
400758400 37491770836 90.3 19694385255755072 85.0
400797700 37491805236 90.3 19694442067742016 85.0
400930400 37491814136 90.3 19694452192518464 85.0
400976300 37491820336 90.3 19694462826029376 85.0
400978000 37491826436 90.3 19694467598483776 85.0
401075400 37491850636 90.3 19694502958481728 85.0
401153300 37491852936 90.3 19694504446921280 85.0
401233800 37491857436 90.3 19694512577652288 85.0
401263600 37491861636 90.3 19694518564261952 85.0
401357000 37492277836 90.3 19694891386835008 85.0
401386000 37492281036 90.3 19694895589636928 85.0
401790600 37492288236 90.3 19694903267417920 85.0
402152600 37492556936 90.3 19695541228134208 85.0
402341000 37495135836 90.3 19699007741747008 85.1
402430500 37495139936 90.3 19699012287373632 85.1
402438800 37495152736 90.3 19699026533364032 85.1
402587000 37495168836 90.3 19699038912985408 85.1
402865000 37495191536 90.3 19699061756696896 85.1
403128200 37499905036 90.4 19702692639578432 85.1
403138800 37500327036 90.4 19703042636355904 85.1
403167200 37500329236 90.4 19703044912093504 85.1
403334300 37504266436 90.4 19709803470428480 85.1
403348300 37504279736 90.4 19709819047941440 85.1
403600900 37504289436 90.4 19709827942180160 85.1
403677700 37504304336 90.4 19709848341773632 85.1
403702500 37504330236 90.4 19709876181437760 85.1
403751900 37505185836 90.4 19711049676393792 85.1
403838200 37505724436 90.4 19712391473827136 85.1
403881100 37508167836 90.4 19714223619214656 85.1
403934700 37508269936 90.4 19714367186963776 85.1
403969500 37508278936 90.4 19714376593632576 85.1
404022600 37508296036 90.4 19714400595674432 85.1
404228200 37508956836 90.4 19715034448004416 85.1
404340000 37510526136 90.4 19717237631747392 85.1
404794500 37514669836 90.4 19721347395355968 85.2
405128700 37514672136 90.4 19721349234546368 85.2
405178500 37514677936 90.4 19721353711078080 85.2
405309000 37514681336 90.4 19721357849847744 85.2
405465600 37515815936 90.4 19722456707884992 85.2
405534300 37515824136 90.4 19722467974756288 85.2
405609400 37515827836 90.4 19722475286913984 85.2
405850100 37515840736 90.4 19722495397784512 85.2
406003500 37515843836 90.4 19722498423840192 85.2
406030400 37515846436 90.4 19722499586145728 85.2
406049300 37520136736 90.4 19737905895980480 85.2
406106300 37520141436 90.4 19737914213688768 85.2
406206700 37520144636 90.4 19737918218452416 85.2
406333300 37520156736 90.4 19737931144931776 85.2
406403100 37520170736 90.4 19737947756860864 85.2
406737700 37520190036 90.4 19737970588839360 85.2
406838200 37521606136 90.4 19739169302048192 85.2
406871100 37521613636 90.4 19739176315790784 85.2
407215800 37521624436 90.4 19739187340414400 85.2
407289200 37521685036 90.4 19739248257891776 85.2
407344500 37528984136 90.4 19750055559527872 85.3
407614700 37529124736 90.4 19750158360624576 85.3
407743500 37529134736 90.4 19750171727220160 85.3
407783500 37529180536 90.4 19750228348480960 85.3
407885200 37529186636 90.4 19750234094286272 85.3
408031900 37529213536 90.4 19750264475207104 85.3
408038000 37529247136 90.4 19750300759979456 85.3
408080000 37529257336 90.4 19750319297775040 85.3
408133400 37532837036 90.4 19751069169141184 85.3
408147600 37532850736 90.4 19751077669979584 85.3
408241300 37532851836 90.4 19751078125659584 85.3
408284600 37532862736 90.4 19751091138751936 85.3
408311600 37535994636 90.4 19753834915851712 85.3
408324400 37538398236 90.4 19762533222346176 85.3
408407200 37538401136 90.4 19762538471683520 85.3
408418200 37538828836 90.4 19762949354124736 85.3
408482400 37539324136 90.4 19763166805374400 85.3
408519700 37539356636 90.4 19763228417066432 85.3
408574100 37539376736 90.4 19763249417260480 85.3
408629200 37607217136 90.6 19794211607907776 85.5
408988800 37607235936 90.6 19794227985288640 85.5
408996100 37607554236 90.6 19794530885307840 85.5
409169300 37608803236 90.6 19795251425316288 85.5
409446400 37608804936 90.6 19795253042417088 85.5
409498600 37608867036 90.6 19795311734582720 85.5
409680100 37608967736 90.6 19795454275546560 85.5
409701500 37609052336 90.6 19795526136360384 85.5
409709900 37609104336 90.6 19795569677413824 85.5
409874100 37613050436 90.6 19810447567859136 85.5
409958900 37613111836 90.6 19810494820617664 85.5
410007800 37614746436 90.6 19812725396049344 85.6
410024500 37614968536 90.6 19813007903034816 85.6
410172000 37614978836 90.6 19813016545681856 85.6
410364500 37615490636 90.6 19813179965874624 85.6
410517500 37615771136 90.6 19813873923432896 85.6
410894200 37615774136 90.6 19813879521102784 85.6
411080200 37618664436 90.6 19818670471662528 85.6
411214100 37618700536 90.6 19818706700520384 85.6
411264700 37618723236 90.6 19818728620878784 85.6
411589600 37619311636 90.6 19819281681607616 85.6
411670400 37619315436 90.6 19819287790571456 85.6
411834800 37619330336 90.6 19819306799886272 85.6
411866100 37619488736 90.6 19819674054127552 85.6
411918500 37619507136 90.6 19819704348979136 85.6
412007600 37620062836 90.6 19820226389192640 85.6
412022400 37620293136 90.6 19820506495004608 85.6
412105400 37620306936 90.6 19820523635109824 85.6
413293400 37620309236 90.6 19820525915523008 85.6
413774200 37682992336 90.8 19847676360443840 85.7
413807000 37695354236 90.8 19856100119857088 85.7
415351000 37695366536 90.8 19856115281961920 85.7
415728000 37695371436 90.8 19856118941942720 85.7
416366200 37697308836 90.8 19858805417771968 85.8
416452000 37697333936 90.8 19858829429752768 85.8
416550600 37697355536 90.8 19858851270235072 85.8
416603100 37697356036 90.8 19858851651367872 85.8
416605900 37697767436 90.8 19859137615967168 85.8
416614200 37697776136 90.8 19859144036821440 85.8
416630700 37698398236 90.8 19859646306888128 85.8
416798100 37700370136 90.8 19863517600721344 85.8
416846600 37700377136 90.8 19863522484739520 85.8
417077300 37700639636 90.8 19864149581028800 85.8
417264500 37700650936 90.8 19864166055600576 85.8
417460900 37700666536 90.8 19864177528248768 85.8
417495500 37700683236 90.8 19864201394133440 85.8
417665500 37700687236 90.8 19864205981653440 85.8
417686100 37700687436 90.8 19864206158805440 85.8
417796500 37701256236 90.8 19865662385633728 85.8
418285400 37701274036 90.8 19865675971416512 85.8
418535200 37701279736 90.8 19865680579006912 85.8
418556500 37701339536 90.8 19865760784511424 85.8
418642300 37701582136 90.8 19865965564654016 85.8
418879300 37701585936 90.8 19865968313274816 85.8
419009500 37709036636 90.9 19871827758584256 85.8
419263200 37712101636 90.9 19874056734937536 85.8
419345500 37712141636 90.9 19874114515677632 85.8
419675400 37712150636 90.9 19874120190741440 85.8
419747900 37712163636 90.9 19874132139787200 85.8
420610000 37712171336 90.9 19874136384496576 85.8
420783000 37712201036 90.9 19874178880496576 85.8
421929200 37714350736 90.9 19876691856319424 85.8
425616300 37714463236 90.9 19876809830400960 85.8
427181800 37714473036 90.9 19876820885833664 85.8
427230200 37714808836 90.9 19877125985601472 85.8
427450600 37718016636 90.9 19879617110411200 85.8
428902200 37718069736 90.9 19879724770854848 85.8
429143400 37724198536 90.9 19885203516491712 85.9
429246800 37724237736 90.9 19885246565640128 85.9
429454100 37724261736 90.9 19885273002129344 85.9
429546700 37724274536 90.9 19885287901779904 85.9
429563400 37724302036 90.9 19885320636999616 85.9
430517800 37724827636 90.9 19885535037319104 85.9
431467300 37724962236 90.9 19885641670141888 85.9
431783900 37725005436 90.9 19885678354827200 85.9
431871600 37725047436 90.9 19885712516966336 85.9
432186000 37725065336 90.9 19885734808217536 85.9
432228500 37735000836 90.9 19902185744066496 85.9
433391100 37735042136 90.9 19902225938556864 85.9
433766300 37735476636 90.9 19903814797010880 85.9
433939600 37737153336 90.9 19905996786673600 86.0
434833000 37737501336 90.9 19907215151638464 86.0
434981000 37740795836 90.9 19919891972007872 86.0
435364900 37740810336 90.9 19919908222398400 86.0
435676000 37740819536 90.9 19919912546565056 86.0
435871100 37740825736 90.9 19919918562195392 86.0
436356700 37740859436 90.9 19919964310882240 86.0
436454500 37741360336 90.9 19920688365651904 86.0
436582400 37741765336 90.9 19921110672033728 86.0
436913300 37741791936 90.9 19921145914464192 86.0
437087300 37743629736 90.9 19923489233835968 86.0
437317700 37743708936 90.9 19923611836495808 86.0
437562300 37744582936 90.9 19924335173449664 86.0
437584000 37744677636 90.9 19924406378313664 86.0
438179500 37744745736 90.9 19924534586898368 86.0
438206800 37746577236 90.9 19926063597352896 86.0
438265800 37746697836 90.9 19926238658426816 86.0
439104100 37750348336 91.0 19929157512853440 86.1
439409800 37750354636 91.0 19929164791476160 86.1
439520600 37750783636 91.0 19929567300612032 86.1
439701600 37750825436 91.0 19929615530033088 86.1
441933600 37751342536 91.0 19931556245635008 86.1
442876100 37751558536 91.0 19931723091820480 86.1
443143000 37752010336 91.0 19932471781048256 86.1
443201100 37754384436 91.0 19936056295374784 86.1
443914700 37758014136 91.0 19939059023822784 86.1
444752300 37758430536 91.0 19939379688849344 86.1
445268000 37758556536 91.0 19939538388467648 86.1
446427800 37759000436 91.0 19940420989829056 86.1
447246300 37759891036 91.0 19941141157461952 86.1
447282400 37760019936 91.0 19941250336153536 86.1
447447200 37760101936 91.0 19941365100470208 86.1
448975200 37760478936 91.0 19941778126299072 86.1
449531900 37761712936 91.0 19942247399415744 86.1
449924900 37761947836 91.0 19942434550865856 86.1
450198200 37761956836 91.0 19942446248837056 86.1
450547500 37763495636 91.0 19943657276391360 86.1
451089600 37763749936 91.0 19943780597555136 86.1
451740300 37763857136 91.0 19943872832782272 86.1
452681500 37764250336 91.0 19944192288341952 86.1
453833400 37764325136 91.0 19944356215078848 86.1
453968900 37764360136 91.0 19944395450048448 86.1
454951500 37764371836 91.0 19944409027333056 86.1
454954000 37764434536 91.0 19944504449870784 86.1
455676600 37764495636 91.0 19944580319128512 86.1
455734600 37764753136 91.0 19944729429306304 86.1
456186600 37764823136 91.0 19944806006803392 86.1
456464700 37764830536 91.0 19944818318034880 86.1
456524100 37764857236 91.0 19944845447669696 86.1
456559900 37766590836 91.0 19947474782398400 86.1
456909100 37813788236 91.1 19967006097942464 86.2
457220300 37813842836 91.1 19967076688029632 86.2
457986800 37816699936 91.1 19976592610650048 86.3
458248000 37825001936 91.1 19982414244308928 86.3
458474100 37825006836 91.1 19982419281483200 86.3
458514300 37825031836 91.1 19982477898114496 86.3
459010200 37826567036 91.1 19984732926338496 86.3
459098900 37826614936 91.1 19984773694072256 86.3
459227700 37826619336 91.1 19984780245331904 86.3
459476800 37827008436 91.1 19985204661743552 86.3
459927800 37827029636 91.1 19985238019821504 86.3
460281100 37827054836 91.1 19985290118614976 86.3
460314100 37827064436 91.1 19985301280768960 86.3
460358300 37827069736 91.1 19985304641741760 86.3
460534800 37827852736 91.1 19985464842920896 86.3
460903000 37828027136 91.1 19985655174734784 86.3
461621300 37828074736 91.1 19985753360892864 86.3
461672800 37828343836 91.1 19985982538056640 86.3
461726700 37828365136 91.1 19986015988630464 86.3
461805200 37828382236 91.1 19986045440670656 86.3
461854200 37828388036 91.1 19986050623544256 86.3
461967100 37828391136 91.1 19986051566238656 86.3
462406200 37828410336 91.1 19986079313466304 86.3
462751200 37828429736 91.1 19986126994273216 86.3
463008200 37828471036 91.1 19986225446294464 86.3
463052500 37828550936 91.1 19986304208073664 86.3
463176500 37828563536 91.1 19986321365869504 86.3
463179700 37828567636 91.1 19986323373728704 86.3
463280100 37828573736 91.1 19986330619347904 86.3
463515600 37828785036 91.1 19986577897571264 86.3
463881000 37831750236 91.2 19989265833542592 86.3
464006400 37831788036 91.2 19989303874081728 86.3
464121600 37831824136 91.2 19989339981214656 86.3
464171100 37831884636 91.2 19989395369956288 86.3
464438100 37832299136 91.2 19989835019228096 86.3
464636300 37832301036 91.2 19989836927144896 86.3
465089800 37832332236 91.2 19989870086120384 86.3
465171900 37832403036 91.2 19989973500945344 86.3
465333500 37832414036 91.2 19989988867946432 86.3
465334300 37836024736 91.2 19993594006190016 86.3
465339400 37836046436 91.2 19993618244474816 86.3
465749000 37836069236 91.2 19993647921962944 86.3
465749500 37836127136 91.2 19993700488683456 86.3
465886600 37836276036 91.2 19993811510984640 86.3
466235200 37837020436 91.2 19994358644506560 86.3
466311300 37837057336 91.2 19994434650849216 86.3
466674800 37837068136 91.2 19994448474113984 86.3
466841400 37837762936 91.2 19995352991369152 86.3
466869200 37837773236 91.2 19995365625570240 86.3
467061600 37837797736 91.2 19995386365230016 86.3
467124800 37837800136 91.2 19995390302917056 86.3
467281300 37837942036 91.2 19995637067239872 86.3
467442200 37837944836 91.2 19995639313486272 86.3
467509900 37838082036 91.2 19995684496425408 86.3
467548800 37838150736 91.2 19995769525551552 86.3
467595800 37838415836 91.2 19995925217362368 86.3
467676600 37838481936 91.2 19996051733651904 86.3
467859500 37838497636 91.2 19996079322413504 86.3
468090500 37840051736 91.2 19998034318047680 86.4
468541100 37840117336 91.2 19998079209413056 86.4
468677200 37840196736 91.2 19998128483600832 86.4
468714400 37840428436 91.2 19998297782634944 86.4
468839400 37841505536 91.2 19999635234376128 86.4
469064400 37841534036 91.2 19999674425371072 86.4
469390800 37842076736 91.2 20000484187269568 86.4
469473500 37842081336 91.2 20000488050734528 86.4
469578300 37842990236 91.2 20001125556630976 86.4
469594900 37843131536 91.2 20001246065915328 86.4
469742400 37843208436 91.2 20001364758812096 86.4
469882000 37843389936 91.2 20001487303628224 86.4
469890100 37843410836 91.2 20001513819782592 86.4
470222900 37843438736 91.2 20001550445374912 86.4
470302800 37843988036 91.2 20002125332540864 86.4
470689600 37845134836 91.2 20003632390925760 86.4
470965300 37845136936 91.2 20003634527452224 86.4
471011400 37846918836 91.2 20005010024414272 86.4
471218900 37846931736 91.2 20005024733002816 86.4
471288400 37853936636 91.2 20012837641845824 86.4
471291700 37853972836 91.2 20012917283609664 86.4
471339900 37853976836 91.2 20012921492379200 86.4
471449000 37854029636 91.2 20012967910946368 86.4
471450100 37854094336 91.2 20013052996113984 86.4
471490900 37854109636 91.2 20013076262514240 86.4
471665600 37854126936 91.2 20013102163224128 86.4
471710300 37854197036 91.2 20013270077384256 86.4
471726500 37854198736 91.2 20013271974037056 86.4
471743400 37854687336 91.2 20013617880450624 86.4
471763800 37854697836 91.2 20013627912868416 86.4
472103300 37854730736 91.2 20013669530550848 86.4
472120600 37854884536 91.2 20013797659460160 86.4
472216100 37854929436 91.2 20013842966544960 86.4
472271900 37862283736 91.2 20020681182577216 86.5
472289300 37891782136 91.3 20031579851883072 86.5
472322300 37891802236 91.3 20031602045649472 86.5
472361800 37891851936 91.3 20031657547969088 86.5
472368200 37896015936 91.3 20036288934097472 86.5
472617100 37896111236 91.3 20036398087565888 86.5
472647900 37896130136 91.3 20036416676946496 86.5
472854200 37896590736 91.3 20037094677996096 86.5
472964600 37896596936 91.3 20037097954386496 86.5
473069600 37899274036 91.3 20047303897686592 86.6
473480500 37899490736 91.3 20047521251467840 86.6
474139300 37899580936 91.3 20047652922253888 86.6
474309700 37899896136 91.3 20047854910349888 86.6
474486400 37899959336 91.3 20047956831060544 86.6
474569800 37899967836 91.3 20047975608906304 86.6
474686100 37900080236 91.3 20048039414043200 86.6
474728900 37924864436 91.4 20056933951574592 86.6
474956200 37924884036 91.4 20056963298746944 86.6
474961000 37924903436 91.4 20056975802902080 86.6
475039500 37924920336 91.4 20056992851257920 86.6
475049600 37925221736 91.4 20057137736149568 86.6
475210400 37925228536 91.4 20057146404864576 86.6
475575600 37925321836 91.4 20057266517393984 86.6
475652300 37925503436 91.4 20057402057876032 86.6
475798500 37925551436 91.4 20057463587955264 86.6
476172200 37935877236 91.4 20065859442664000 86.6
476243600 37935913936 91.4 20065920321606208 86.6
476504500 37935921136 91.4 20065935814371904 86.6
476687600 37936959036 91.4 20067747467700800 86.7
476706900 37937080036 91.4 20067800261417536 86.7
476995600 37937094936 91.4 20067818041473600 86.7
476999600 37937099536 91.4 20067824376515136 86.7
477376700 37939429236 91.4 20076744316848704 86.7
477418800 37939510436 91.4 20076836822329920 86.7
477526400 37939520536 91.4 20076854930870848 86.7
477593600 37939815636 91.4 20077004800168512 86.7
477595000 37939843936 91.4 20077063820505664 86.7
477697000 37939849736 91.4 20077069065720384 86.7
478035600 37939885236 91.4 20077097888197184 86.7
478200800 37939897736 91.4 20077112377559616 86.7
478410900 37939954236 91.4 20077206895299136 86.7
478545300 37940114536 91.4 20077470215801408 86.7
478614400 37940134436 91.4 20077489255139904 86.7
478627900 37940192736 91.4 20077536357706304 86.7
479218000 37940202336 91.4 20077549777297984 86.7
479716700 37940464236 91.4 20077697388536384 86.7
479826400 37940642136 91.4 20078037198627392 86.7
479915700 37940646936 91.4 20078047875749440 86.7
479961400 37940691036 91.4 20078088685803072 86.7
480004200 37940692936 91.4 20078091636187712 86.7
480328900 37940730236 91.4 20078122974769728 86.7
480400800 37940772036 91.4 20078166354338368 86.7
480464500 37940809936 91.4 20078246529565248 86.7
480683400 37940827336 91.4 20078286385107520 86.7
480771200 37940845636 91.4 20078323821617728 86.7
481208400 37940849136 91.4 20078328196145728 86.7
481448900 37940887436 91.4 20078356077081152 86.7
481763300 37940895536 91.4 20078371511819840 86.7
481784400 37940901336 91.4 20078379570465856 86.7
481865900 37942117636 91.4 20079609773067328 86.7
481996400 37946334836 91.4 20082480915188800 86.7
482056200 37946359236 91.4 20082512020378688 86.7
482087500 37946391836 91.4 20082541953119296 86.7
482442700 37946396736 91.4 20082553590716480 86.7
483029000 37946403936 91.4 20082566866879552 86.7
483053100 37946432636 91.4 20082592282856512 86.7
483246800 37946438936 91.4 20082596536872512 86.7
483362200 37946455436 91.4 20082618609397312 86.7
483517900 37946457236 91.4 20082619997736512 86.7
483954900 37946466336 91.4 20082625998857792 86.7
484493100 37946570036 91.4 20082711988717120 86.7
484599300 37947017236 91.4 20083183759967808 86.7
484890600 37948895936 91.4 20085591506732608 86.7
485062700 37949320736 91.4 20086578315445824 86.7
486003100 37950130136 91.4 20087180700665408 86.7
486055800 37950138136 91.4 20087191023766080 86.7
486371500 37950145736 91.4 20087203596776000 86.7
486485300 37950159936 91.4 20087218015822400 86.7
486669300 37950162236 91.4 20087220697473600 86.7
486692000 37950165736 91.4 20087223312871744 86.7
486809800 37950551436 91.4 20087650009149760 86.7
487641500 37950555136 91.4 20087652788481600 86.7
487838000 37950560336 91.4 20087659867723328 86.7
487885700 37950570736 91.4 20087672612386368 86.7
487912400 37950591436 91.4 20087703401887296 86.7
488137900 37950593236 91.4 20087706517925696 86.7
488236500 37952964936 91.4 20089762338598720 86.8
488481700 37952973536 91.4 20089781018490688 86.8
488722000 37953028836 91.4 20089839901730624 86.8
488904800 37953075936 91.4 20089915135051584 86.8
489385400 37953081236 91.4 20089919092811584 86.8
489610900 37953166336 91.4 20090113027942208 86.8
490031600 37953353836 91.4 20090281001101120 86.8
490092900 37953949036 91.4 20090695879042880 86.8
490538800 37953957736 91.4 20090704159326016 86.8
490622500 37953963436 91.4 20090714698538816 86.8
490660900 37954146936 91.4 20090939156012864 86.8
490725100 37954422336 91.4 20091169492344640 86.8
491007700 37954785836 91.4 20091424374234944 86.8
491069100 37956894236 91.5 20091952656981824 86.8
491262300 37957298536 91.5 20092247052590912 86.8
491426100 37957593836 91.5 20092382887345984 86.8
491493800 37957597736 91.5 20092385507352384 86.8
491735900 37958224236 91.5 20093243447254848 86.8
491905900 37958229636 91.5 20093248734963520 86.8
491919100 37958316836 91.5 20093343398143808 86.8
492034400 37958319736 91.5 20093345370982208 86.8
492045400 37958352836 91.5 20093431867762496 86.8
492141100 37958445536 91.5 20093502514947904 86.8
492271000 37961634636 91.5 20098207387903808 86.8
492275100 37961660636 91.5 20098268072056640 86.8
492417600 37961686836 91.5 20098327360010048 86.8
492517400 37961690536 91.5 20098329478739776 86.8
492779700 37961704536 91.5 20098348221314880 86.8
492797800 37961714536 91.5 20098363958708032 86.8
492868000 37961743736 91.5 20098422448916288 86.8
492958700 37961788936 91.5 20098488894834496 86.8
493036600 37962092036 91.5 20098695054804800 86.8
493084900 37962098836 91.5 20098704399828800 86.8
493126200 37962153436 91.5 20098809489934144 86.8
493894000 37962159436 91.5 20098814555280192 86.8
493962200 37962168236 91.5 20098832286477120 86.8
493966000 37962174236 91.5 20098837388239680 86.8
494172800 37962182236 91.5 20098845580908864 86.8
494394900 37962183136 91.5 20098846310816064 86.8
494526200 37962214336 91.5 20098898877708608 86.8
494566700 37962315136 91.5 20099002912299328 86.8
494803000 37962338336 91.5 20099065887271232 86.8
494920400 37962383736 91.5 20099102023817536 86.8
495178000 37967633236 91.5 20105199429818688 86.8
495206500 37967717236 91.5 20105340892354880 86.8
495359600 37967732636 91.5 20105356214795584 86.8
495403500 37999066436 91.6 20119774850972992 86.9
495546500 37999328436 91.6 20120225719188800 86.9
496016000 37999337036 91.6 20120235182728512 86.9
496693900 37999347736 91.6 20120249371176256 86.9
497366400 37999443336 91.6 20120346389122368 86.9
498136000 37999445736 91.6 20120348437327168 86.9
498139900 37999504236 91.6 20120408206204224 86.9
498706100 37999529036 91.6 20120438133853504 86.9
501015800 38000004536 91.6 20120798935289152 86.9
519893500 38000025936 91.6 20120833022942528 86.9
519929500 38000420036 91.6 20121374534196544 86.9
520269600 38000430236 91.6 20121393342700864 86.9
520358300 38000760136 91.6 20121529726082368 86.9
520804200 38001589636 91.6 20122942621424960 86.9
520881300 38001649536 91.6 20123093316869440 86.9
521274200 38001650736 91.6 20123094956737344 86.9
521672500 38001850036 91.6 20123329173717824 86.9
521857400 38002115236 91.6 20123566397866816 86.9
521904500 38002117336 91.6 20123568805835584 86.9
521943000 38002120536 91.6 20123574827620672 86.9
522822000 38002126536 91.6 20123580959052608 86.9
522851700 38002137336 91.6 20123599571692352 86.9
522947200 38002139436 91.6 20123601045301312 86.9
523179900 38002188036 91.6 20123643208120384 86.9
523338600 38002190636 91.6 20123645777970752 86.9
523807300 38002240536 91.6 20123701271361088 86.9
524404400 38002242636 91.6 20123703342745920 86.9
524762000 38009150536 91.6 20128439787800896 86.9
524964000 38010697336 91.6 20131210219178304 86.9
525012400 38010718936 91.6 20131229757630784 86.9
525209100 38012794736 91.6 20133367619676480 86.9
525420200 38014605736 91.6 20135988681664832 87.0
525457000 38014682036 91.6 20136062023436608 87.0
525662900 38014682136 91.6 20136062026099008 87.0
525715900 38014744836 91.6 20136128038594880 87.0
526013600 38014759936 91.6 20136162744543552 87.0
526122200 38014770936 91.6 20136185974194496 87.0
526267100 38014775636 91.6 20136190091600960 87.0
526487400 38014821536 91.6 20136305446593600 87.0
527075800 38014835336 91.6 20136338679620672 87.0
527351200 38014894736 91.6 20136410539025472 87.0
527717800 38014903736 91.6 20136420647582784 87.0
527797100 38014988436 91.6 20136557457349696 87.0
527811600 38014989436 91.6 20136558807248704 87.0
527936700 38017361736 91.6 20145529016315712 87.0
527945300 38017368436 91.6 20145541203768128 87.0
528210900 38017395936 91.6 20145600868893504 87.0
528402900 38017407836 91.6 20145629597512512 87.0
528813200 38017411736 91.6 20145635994440512 87.0
529113200 38017424436 91.6 20145652850368320 87.0
529688700 38017462536 91.6 20145734062415680 87.0
529719900 38018534536 91.6 20146795175255872 87.0
529852000 38018765936 91.6 20147120287555392 87.0
530034600 38018772936 91.6 20147125873384768 87.0
530658600 38018850136 91.6 20147214017731904 87.0
531077300 38018957936 91.6 20147333926870336 87.0
531195000 38019001436 91.6 20147441839643968 87.0
531339400 38019016536 91.6 20147462169220416 87.0
531441800 38019080936 91.6 20147528470730048 87.0
531564900 38019676336 91.6 20148269872092480 87.0
531877000 38019886836 91.6 20148437435585856 87.0
531912200 38019887536 91.6 20148438179829056 87.0
532396100 38049016136 91.7 20162425671963968 87.1
532434700 38049022836 91.7 20162434514067776 87.1
532680600 38049333436 91.7 20162911046443328 87.1
532784500 38049334036 91.7 20162911395627328 87.1
532797100 38049344036 91.7 20162925975339328 87.1
533193300 38049346536 91.7 20162929572284736 87.1
533253900 38049349436 91.7 20162935283545920 87.1
533695100 38049384936 91.7 20162977143433024 87.1
533867200 38049389836 91.7 20162982647128896 87.1
534142100 38050025936 91.7 20163715596837696 87.1
534875700 38050029136 91.7 20163718810629440 87.1
534942500 38051936636 91.7 20164005622019392 87.1
534986500 38051936736 91.7 20164005707011392 87.1
535024000 38051940836 91.7 20164009410000192 87.1
535028600 38051980536 91.7 20164051955287360 87.1
535567600 38051983136 91.7 20164053671671744 87.1
536243600 38051984136 91.7 20164053988906944 87.1
536265300 38051987136 91.7 20164057861112256 87.1
536333400 38052707636 91.7 20164564394951104 87.1
536619300 38052760736 91.7 20164679161184704 87.1
536924100 38052766436 91.7 20164688219709888 87.1
537074000 38052777036 91.7 20164700458964416 87.1
537195400 38052799036 91.7 20164723880109504 87.1
537439400 38052800736 91.7 20164728093397696 87.1
537665100 38052825736 91.7 20164745580667584 87.1
537857300 38054279736 91.7 20166979798590144 87.1
537860700 38054295836 91.7 20166999000650432 87.1
537870300 38054297736 91.7 20167000285975232 87.1
537923200 38054338736 91.7 20167037160161984 87.1
537939700 38056329336 91.7 20174669885899456 87.1
538346600 38056486536 91.7 20174950511018688 87.1
538537200 38056822636 91.7 20175208853701312 87.1
538581000 38056828536 91.7 20175217648502464 87.1
538953800 38056926836 91.7 20175286138226368 87.1
538997300 38056965636 91.7 20175337173034688 87.1
539105500 38056969236 91.7 20175341011601088 87.1
539365200 38056995636 91.7 20175379770582720 87.1
539397200 38057025936 91.7 20175415483438784 87.1
539777700 38057035036 91.7 20175424212639424 87.1
539855700 38057038836 91.7 20175429519826624 87.1
539857700 38057114036 91.7 20175516695797440 87.1
540094900 38057115936 91.7 20175518130626240 87.1
540179100 38057138136 91.7 20175538791202496 87.1
540357000 38057471536 91.7 20175866890993344 87.1
540394500 38057471936 91.7 20175867225022144 87.1
540411300 38057480236 91.7 20175874670446784 87.1
540411700 38057570236 91.7 20175959543908544 87.1
540577100 38057600636 91.7 20176026459896000 87.1
540580400 38057810036 91.7 20176205576026304 87.1
540617400 38058648836 91.7 20177715548141760 87.1
540835300 38058787036 91.7 20177824428300480 87.1
541250200 38058818036 91.7 20177846710354112 87.1
541807600 38058893736 91.7 20177936357597376 87.1
542064700 38062303936 91.7 20182837095112896 87.2
542332400 38062381136 91.7 20182880123629760 87.2
542339600 38062408336 91.7 20182914062880960 87.2
542399600 38062415036 91.7 20182922588206272 87.2
542538900 38062416136 91.7 20182923816187072 87.2
542703400 38062431736 91.7 20182942630466752 87.2
542820600 38062454236 91.7 20183002890593472 87.2
542913100 38062463036 91.7 20183020995577024 87.2
542932300 38063139636 91.7 20183307196335296 87.2
543208700 38065931436 91.7 20186117511873728 87.2
543294900 38066292936 91.7 20186383398339776 87.2
543475600 38066564636 91.7 20186657145832640 87.2
543623600 38072646636 91.7 20190999839589568 87.2
543656400 38072647836 91.7 20191001115905728 87.2
543867700 38073324136 91.7 20191536494595776 87.2
544191500 38073349136 91.7 20191567499923136 87.2
544262000 38073359136 91.7 20191577135697600 87.2
544302100 38073435236 91.7 20191626860404416 87.2
544434900 38073553636 91.7 20191948217392832 87.2
544481800 38073582336 91.7 20192015481159360 87.2
544507900 38073613536 91.7 20192044004462272 87.2
544792800 38073616836 91.7 20192048243935936 87.2
545275900 38095576036 91.8 20199466046720704 87.2
545340700 38096038036 91.8 20199772443052736 87.2
545396500 38096175536 91.8 20199929441356480 87.2
545406200 38096291336 91.8 20200003289336512 87.2
545422900 38096338136 91.8 20200049188391616 87.2
545539400 38096372136 91.8 20200076708063936 87.2
546107300 38096493236 91.8 20200138674162368 87.2
546131400 38096494036 91.8 20200138910706368 87.2
546415500 38096499336 91.8 20200153612125888 87.2
546751100 38096542336 91.8 20200221195630272 87.2
546973900 38096560836 91.8 20200239348950720 87.2
547111600 38097029036 91.8 20200618057868992 87.2
547323200 38097076936 91.8 20200667020342976 87.2
547908100 38097084736 91.8 20200679568672448 87.2
548042500 38097087236 91.8 20200684570321600 87.2
549007900 38097094736 91.8 20200690944603840 87.2
549475800 38097149736 91.8 20200748746233536 87.2
549563500 38097264636 91.8 20200842364286656 87.2
549607200 38097311536 91.8 20200923171387072 87.2
549690100 38097311636 91.8 20200923512379072 87.2
549726400 38097352236 91.8 20200965131835072 87.2
549740400 38097521836 91.8 20201105870952128 87.2
550001300 38097522636 91.8 20201107313407040 87.2
550097000 38097621936 91.8 20201221972481088 87.2
550169700 38097662136 91.8 20201245035111488 87.2
550208900 38097668136 91.8 20201250693926464 87.2
550940300 38097703336 91.8 20201341627665984 87.2
551394100 38097710736 91.8 20201357067500096 87.2
551426900 38097736236 91.8 20201382419077696 87.2
551495500 38097761336 91.8 20201438863575616 87.2
551515500 38097769336 91.8 20201447170878016 87.2
551558000 38097776636 91.8 20201455882263104 87.2
551571400 38097778336 91.8 20201456921008704 87.2
551878500 38099563136 91.8 20201734933502528 87.2
552134400 38099589636 91.8 20201761725370944 87.2
552285800 38099590436 91.8 20201762009245056 87.2
552289000 38099592836 91.8 20201766888809856 87.2
552374800 38101788536 91.8 20205423767201152 87.3
552386300 38101796336 91.8 20205434467961216 87.3
552863500 38101849836 91.8 20205486076488064 87.3
553041200 38101866336 91.8 20205502964047232 87.3
553521700 38101921536 91.8 20205566880976256 87.3
553902200 38101933836 91.8 20205584082457984 87.3
554016500 38102022136 91.8 20205671401280896 87.3
554096400 38102121336 91.8 20205869567776128 87.3
554555100 38102132036 91.8 20205881497918848 87.3
554562800 38102142636 91.8 20205896888248704 87.3
555069500 38102167836 91.8 20205929116273024 87.3
555153900 38102243136 91.8 20206057620752768 87.3
555839600 38102246436 91.8 20206062332995968 87.3
555930000 38102260636 91.8 20206077399227776 87.3
556845100 38102411436 91.8 20206215379082624 87.3
557241600 38103658936 91.8 20207279057198464 87.3
557260600 38105503336 91.8 20207616126573952 87.3
557319400 38105901736 91.8 20207864912387456 87.3
557657300 38105905136 91.8 20207869404255616 87.3
557765100 38105982536 91.8 20207949253490048 87.3
557769200 38105986236 91.8 20207952797589632 87.3
557976600 38105986536 91.8 20207953028194432 87.3
558104100 38105994536 91.8 20207970208166016 87.3
558202500 38106062836 91.8 20208026020384896 87.3
558438300 38106073036 91.8 20208036879434880 87.3
558442000 38106079036 91.8 20208043228826752 87.3
558533200 38106083936 91.8 20208047429744512 87.3
558648300 38106136936 91.8 20208088118015872 87.3
558668900 38106177836 91.8 20208195514267520 87.3
558955000 38106331336 91.8 20208293758891904 87.3
558992300 38106415536 91.8 20208336371324800 87.3
559096800 38106549036 91.8 20208421072402304 87.3
559115800 38106553936 91.8 20208424030421888 87.3
559237500 38106565936 91.8 20208434679122816 87.3
559314300 38106734836 91.8 20208849873472384 87.3
559361800 38107469936 91.8 20209373898836864 87.3
559539600 38107515136 91.8 20209402340055936 87.3
559612400 38107516636 91.8 20209402921687936 87.3
559628900 38107601736 91.8 20209491481811840 87.3
559879500 38111887236 91.8 20220697550609280 87.3
559966500 38112009836 91.8 20220826107386752 87.3
559973600 38112972636 91.8 20221653204540288 87.3
560082400 38112981236 91.8 20221660489626496 87.3
560308300 38113213536 91.8 20221822212846464 87.3
560370300 38113218336 91.8 20221825761215616 87.3
560380900 38114052436 91.8 20223492189783168 87.3
560503200 38114060936 91.8 20223505894191232 87.3
560581600 38114243136 91.8 20223676332044416 87.3
560701800 38114335736 91.8 20223750545633408 87.3
560770600 38114528636 91.8 20223886315147392 87.3
560830500 38114598636 91.8 20223952546779264 87.3
560924300 38114635536 91.8 20224036280995968 87.3
560975800 38114639836 91.8 20224041599944320 87.3
560990800 38115029936 91.8 20224332306728576 87.3
560995700 38115036236 91.8 20224341346945664 87.3
561232700 38115275236 91.8 20224583164594816 87.3
561255800 38115287336 91.8 20224595465087616 87.3
561494600 38115327836 91.8 20224657430391424 87.3
561547300 38115336136 91.8 20224663898560128 87.3
561565500 38115364236 91.8 20224724461037184 87.3
561654000 38115504736 91.8 20224868242613888 87.3
561686000 38115508536 91.8 20224873512447616 87.3
561742000 38116181636 91.8 20225967585177216 87.3
561762200 38116194436 91.8 20225980745020032 87.3
561896300 38116201436 91.8 20225988420095616 87.3
561993300 38116712436 91.8 20226426423168640 87.3
562149300 38116857436 91.8 20226538416344704 87.3
562224600 38116889436 91.8 20226570456780416 87.3
562272500 38116914336 91.8 20226596686941824 87.3
562332700 38117007536 91.8 20226689146343040 87.3
562351600 38117010836 91.8 20226695812677248 87.3
562353500 38117014336 91.8 20226701556074112 87.3
562368400 38117014636 91.8 20226701669123712 87.3
562422600 38117021936 91.8 20226710037437056 87.3
562438400 38117042036 91.8 20226734171200128 87.3
562515200 38117064436 91.8 20226754369176192 87.3
562603500 38117114536 91.8 20226875430380160 87.3
562663600 38117139136 91.8 20226925766886016 87.3
562756700 38117183736 91.8 20226965837484672 87.3
562800200 38117200636 91.8 20226985012998784 87.3
562879500 38117227336 91.8 20227022283969152 87.3
562881000 38120150136 91.8 20231432023675520 87.4
562948000 38120150636 91.8 20231432091054720 87.4
562951700 38120334536 91.8 20231676333568640 87.4
562957800 38120337336 91.8 20231678704650368 87.4
562964600 38120339236 91.8 20231679689797248 87.4
563049000 38120343236 91.8 20231690482425472 87.4
563061500 38120680936 91.8 20231876709015168 87.4
563134700 38120699836 91.8 20231921372999296 87.4
563176300 38120701936 91.8 20231924436288640 87.4
563199800 38120706736 91.8 20231932106889344 87.4
563202100 38120709736 91.8 20231937693855360 87.4
563203500 38120946236 91.8 20232119514050176 87.4
563256700 38120955936 91.8 20232131970308736 87.4
563276500 38120960936 91.8 20232139281343104 87.4
563277800 38120962536 91.8 20232139619672704 87.4
563334700 38120965936 91.8 20232143223822208 87.4
563380300 38121006236 91.8 20232208405604224 87.4
563404000 38124614736 91.9 20241741288941440 87.4
563491400 38124634836 91.9 20241786271283072 87.4
563566200 38126014236 91.9 20244466566543232 87.4
563566400 38126045036 91.9 20244502204028800 87.4
563573700 38126046636 91.9 20244505253714560 87.4
563575500 38126050636 91.9 20244507092613760 87.4
563583500 38126052136 91.9 20244511621036160 87.4
563652800 38126064936 91.9 20244536369793152 87.4
563725100 38126082436 91.9 20244557119002752 87.4
563784300 38126111636 91.9 20244614350510208 87.4
563795500 38126123736 91.9 20244626404423808 87.4
563813900 38126151136 91.9 20244656572745856 87.4
563827000 38126173936 91.9 20244678067796096 87.4
563983800 38126175236 91.9 20244678519101312 87.4
564050700 38126227236 91.9 20244713788815232 87.4
564091100 38126229736 91.9 20244716745511296 87.4
564092200 38127519236 91.9 20246059198697856 87.4
564155600 38127529936 91.9 20246075110024576 87.4
564161500 38127546836 91.9 20246087389115776 87.4
564189900 38127570436 91.9 20246125459010944 87.4
564263300 38127943936 91.9 20246537236739456 87.4
564371400 38128021736 91.9 20246576502855040 87.4
564396900 38128067236 91.9 20246618708272512 87.4
564511000 38128187136 91.9 20246755713230208 87.4
564540800 38128262036 91.9 20246935494075776 87.4
564581200 38128579536 91.9 20247169708729728 87.4
564635500 38128608936 91.9 20247242852500864 87.4
564664900 38128764136 91.9 20247361317193088 87.4
564712900 38129179036 91.9 20247705831589248 87.4
564832500 38129583636 91.9 20248103625934208 87.4
564937000 38129586736 91.9 20248105593857408 87.4
565072600 38129588336 91.9 20248107428251008 87.4
565079300 38129618136 91.9 20248145526171008 87.4
565213300 38129643636 91.9 20248205577487744 87.4
565399500 38130261036 91.9 20248957178152320 87.4
565402700 38130428036 91.9 20249141005616512 87.4
565475400 38135995836 91.9 20253054761534848 87.5
565496900 38136015036 91.9 20253080045612416 87.5
565507300 38136019936 91.9 20253086525751680 87.5
565705800 38136978436 91.9 20254768698425728 87.5
565739500 38136991236 91.9 20254778549253504 87.5
565799500 38137026536 91.9 20254816166471040 87.5
565807000 38137068636 91.9 20254859543483776 87.5
565819900 38137069136 91.9 20254859748693376 87.5
565833100 38137076736 91.9 20254866885820288 87.5
565890000 38142642336 91.9 20258672846815104 87.5
565910800 38142704636 91.9 20258741571501952 87.5
565943300 38142788636 91.9 20258840963719040 87.5
565949500 38142993036 91.9 20258980792491904 87.5
566013200 38142996836 91.9 20258985489368960 87.5
566081500 38143001536 91.9 20258989499731840 87.5
566108100 38143005136 91.9 20258992677368192 87.5
566125900 38143057136 91.9 20259123603435904 87.5
566202600 38143059336 91.9 20259125627118976 87.5
566204800 38143134836 91.9 20259225367455104 87.5
566303100 38143402436 91.9 20259434215155072 87.5
566337100 38143424436 91.9 20259482474710400 87.5
566457000 38143431236 91.9 20259488234012544 87.5
566513300 38143446836 91.9 20259507795025792 87.5
566573600 38143459136 91.9 20259521574070144 87.5
566682300 38143615536 91.9 20259664364005248 87.5
566684000 38143616236 91.9 20259665181609728 87.5
566774500 38143637036 91.9 20259682949963520 87.5
566885100 38145213936 91.9 20259869758070528 87.5
566885900 38145994836 91.9 20261317401911040 87.5
566945900 38146050136 91.9 20261359278440192 87.5
566978600 38146077336 91.9 20261378764027648 87.5
567183600 38146328436 91.9 20261492765210368 87.5
567203800 38170281836 92.0 20273032973235968 87.5
567254600 38170290736 92.0 20273056444268288 87.5
567274700 38170292236 92.0 20273057921081088 87.5
567352600 38170436436 92.0 20273157561491200 87.5
567412600 38170438436 92.0 20273162229875456 87.5
567495800 38170449836 92.0 20273178928461568 87.5
567521800 38170475136 92.0 20273223089633024 87.5
567539600 38170501436 92.0 20273241485117184 87.5
567638800 38170529236 92.0 20273294311360256 87.5
567786200 38170532836 92.0 20273298780896000 87.5
567799800 38170579536 92.0 20273324281230080 87.5
567873800 38170700636 92.0 20273409578627840 87.5
568001100 38170716936 92.0 20273429805880064 87.5
568113600 38170836436 92.0 20273574867718912 87.5
568349400 38170979836 92.0 20273740079469312 87.5
568379400 38170981836 92.0 20273741827139072 87.5
568537700 38170992536 92.0 20273751808948736 87.5
568788900 38171275336 92.0 20273803242383872 87.5
568797800 38171295136 92.0 20273822660872704 87.5
568868300 38171342636 92.0 20273894950824448 87.5
568902200 38171361636 92.0 20273911545405952 87.5
569008600 38171362936 92.0 20273913917355264 87.5
569111800 38171384636 92.0 20273966214243584 87.5
569289000 38171395736 92.0 20273976137595136 87.5
569318700 38171449936 92.0 20274021680052480 87.5
569470100 38172159036 92.0 20274515038697728 87.5
569587700 38172165336 92.0 20274531424364800 87.5
569755900 38172183336 92.0 20274554635776256 87.5
569782000 38172186336 92.0 20274561491333376 87.5
569874800 38172243036 92.0 20274607463092480 87.5
569886300 38172264336 92.0 20274628962838784 87.5
570025800 38172294436 92.0 20274712294869248 87.5
570026600 38172298836 92.0 20274716933998848 87.5
570078300 38172306536 92.0 20274734598838528 87.5
570196100 38172366036 92.0 20274790660368640 87.6
570217200 38172424436 92.0 20274842968688896 87.6
570324200 38172508036 92.0 20274937581660416 87.6
570401300 38172528036 92.0 20274957254187264 87.6
570415100 38172604436 92.0 20275018379577600 87.6
570627200 38172840736 92.0 20275218977442048 87.6
570631600 38172841836 92.0 20275221070293248 87.6
570729900 38173175536 92.0 20275473370491136 87.6
570907900 38173248136 92.0 20275527978932480 87.6
571337900 38173249236 92.0 20275528764135680 87.6
571417800 38178889536 92.0 20279885182703872 87.6
571433700 38178955036 92.0 20279946853067008 87.6
571473100 38178959736 92.0 20279956524543232 87.6
571545000 38179161936 92.0 20280045719727360 87.6
571575500 38179169236 92.0 20280052410732800 87.6
572197400 38179177036 92.0 20280059320184064 87.6
572260200 38179240336 92.0 20280163152022784 87.6
572499000 38179292736 92.0 20280287896980736 87.6
572523700 38179313836 92.0 20280320457096448 87.6
572755200 38181075336 92.0 20287082173218048 87.6
572761300 38181078736 92.0 20287086230920448 87.6
572765600 38181726036 92.0 20287783309499648 87.6
572820700 38181796536 92.0 20287841687031040 87.6
572967100 38181843036 92.0 20287890402479360 87.6
573029100 38182286036 92.0 20288276982435072 87.6
573111600 38182294536 92.0 20288296182861056 87.6
573342700 38182307636 92.0 20288329037896960 87.6
573512400 38182316736 92.0 20288336321299712 87.6
573777500 38182323436 92.0 20288342556024576 87.6
574216600 38182324536 92.0 20288343430315776 87.6
574227500 38182389536 92.0 20288430051475200 87.6
574480000 38182580136 92.0 20288525540523776 87.6
574773300 38202500636 92.0 20295090596740864 87.6
574913100 38202530336 92.0 20295114440580864 87.6
574980800 38202531036 92.0 20295114698424064 87.6
575020200 38202603336 92.0 20295223577960192 87.6
575025500 38202605036 92.0 20295224896835840 87.6
575075000 38202611736 92.0 20295236827911424 87.6
575129500 38202621836 92.0 20295247395441920 87.6
575147200 38202658736 92.0 20295314336685312 87.6
575157200 38202678336 92.0 20295355241610496 87.6
575222500 38202712836 92.0 20295381873997056 87.6
575356500 38202838336 92.0 20295468647134464 87.6
575397900 38203036736 92.0 20295594876171520 87.6
575591200 38203228036 92.0 20295829155443968 87.6
575637700 38203240536 92.0 20295839236318464 87.6
575698900 38203262836 92.0 20295861498451200 87.6
575710400 38203290736 92.0 20295905359369472 87.6
575878900 38203320036 92.0 20295941791651072 87.6
576135200 38203366336 92.0 20296027342836992 87.6
576241700 38203376136 92.0 20296043698075904 87.6
576283300 38203424736 92.0 20296162766231808 87.6
576473200 38203452236 92.0 20296195436777728 87.6
576711500 38203453736 92.0 20296198962045184 87.6
576737400 38203458536 92.0 20296203910166784 87.6
576813800 38203459236 92.0 20296204043491584 87.6
576826300 38203473936 92.0 20296220415166720 87.6
577054400 38203475436 92.0 20296221520432128 87.6
577168000 38203476636 92.0 20296222971440128 87.6
577250300 38204317536 92.0 20297658266463232 87.6
577292200 38204319036 92.0 20297658949676032 87.6
577369100 38204321536 92.0 20297662323310848 87.6
577493300 38204338636 92.0 20297683347089664 87.6
577581800 38204364436 92.0 20297706237028608 87.6
577601100 38204572236 92.1 20297864577886464 87.6
577782400 38204577936 92.1 20297870027020544 87.6
578041500 38204899836 92.1 20298174114748672 87.7
578183000 38204917436 92.1 20298193947171072 87.7
578198200 38205176436 92.1 20298380327655680 87.7
578213400 38205194336 92.1 20298409517291776 87.7
578241300 38205221036 92.1 20298446511876352 87.7
578383900 38205222636 92.1 20298448725606912 87.7
578497700 38205236836 92.1 20298469090589184 87.7
578526800 38205237736 92.1 20298469406185984 87.7
578585500 38205277036 92.1 20298508745972224 87.7
578655800 38205287436 92.1 20298529855478272 87.7
578675500 38205475036 92.1 20298667997600256 87.7
578804900 38207477636 92.1 20299362848086528 87.7
579138000 38208107536 92.1 20300482822412800 87.7
579251000 38208636336 92.1 20300879380158976 87.7
579370900 38208639836 92.1 20300881901577216 87.7
579402800 38208697736 92.1 20301037241689088 87.7
579487800 38208796936 92.1 20301106305876992 87.7
579533000 38208807836 92.1 20301124583650304 87.7
580237000 38214005836 92.1 20309237289808896 87.7
580386100 38214089536 92.1 20309316630516736 87.7
580460200 38214130236 92.1 20309368339985408 87.7
580612600 38234640036 92.1 20316391319303168 87.7
580638500 38234657636 92.1 20316408721681408 87.7
580648100 38234731336 92.1 20316477175229440 87.7
580675000 38234739136 92.1 20316482955202048 87.7
580692700 38234741136 92.1 20316484967477376 87.7
580989300 38234940136 92.1 20316688577736832 87.7
581454600 38234941436 92.1 20316690383485568 87.7
581780800 38235025436 92.1 20316794635074176 87.7
581954200 38235094836 92.1 20316864815733376 87.7
582014200 38235106236 92.1 20316876800901760 87.7
582123600 38235108536 92.1 20316878946668032 87.7
582141900 38235117736 92.1 20316894501373440 87.7
582305500 38235118936 92.1 20316895010344960 87.7
582312400 38235184136 92.1 20316962148110336 87.7
582659000 38235190036 92.1 20316972044493824 87.7
582676300 38235194436 92.1 20316977160620032 87.7
582677500 38235231536 92.1 20317074450630656 87.7
582868000 38235270036 92.1 20317137436518400 87.7
583257300 38235273936 92.1 20317140629519872 87.7
583463700 38235278736 92.1 20317143424251136 87.7
583506000 38235282436 92.1 20317146278470912 87.7
583776000 38235895336 92.1 20317986868045056 87.7
584111500 38235898336 92.1 20317989947218944 87.7
584251200 38236455536 92.1 20318749407026176 87.7
584659100 38236501536 92.1 20318797405879296 87.7
584753000 38236581236 92.1 20318880178723840 87.7
584765200 38236582236 92.1 20318882002467840 87.7
584971800 38236585536 92.1 20318884496587264 87.7
585048000 38236680936 92.1 20318963182885376 87.7
585122400 38236683236 92.1 20318966814482944 87.7
585135100 38236700436 92.1 20318987975870976 87.7
585369400 38236705736 92.1 20318991646644224 87.7
585452300 38236707436 92.1 20318995094704384 87.7
585532400 38236711636 92.1 20319005232748800 87.7
585661300 38236727936 92.1 20319034537543936 87.7
585669100 38236866336 92.1 20319112204011776 87.7
585807600 38236931236 92.1 20319159207090432 87.7
586115800 38237036936 92.1 20319216171337984 87.7
586120500 38237660636 92.1 20319734925609216 87.7
586333900 38237664036 92.1 20319743139727616 87.7
586481500 38237692536 92.1 20319770373622016 87.7
586802800 38237694336 92.1 20319773260216064 87.7
587081600 38237708136 92.1 20319781493445888 87.7
587265000 38239522936 92.1 20326754564216064 87.8
587413600 38239548236 92.1 20326813256561920 87.8
587508300 38239567236 92.1 20326833857692928 87.8
587514500 38239603836 92.1 20326874142434560 87.8
587804000 38239617236 92.1 20326899722870016 87.8
587968200 38239618136 92.1 20326900887036160 87.8
587973900 38239701236 92.1 20327099185471744 87.8
588026700 38239703036 92.1 20327100563640576 87.8
588094900 38239704736 92.1 20327103680782592 87.8
588134000 38239705336 92.1 20327104466845824 87.8
588171900 38240158736 92.1 20327437357154432 87.8
588545900 38240162236 92.1 20327441647262336 87.8
588813600 38240174736 92.1 20327453688571520 87.8
589013000 38240344336 92.1 20327561618916992 87.8
589202100 38240347036 92.1 20327564200243072 87.8
589229000 38240355936 92.1 20327578058681216 87.8
589289300 38240376136 92.1 20327597477620608 87.8
589296900 38240384936 92.1 20327607218637696 87.8
589299600 38240461636 92.1 20327767480667008 87.8
589307100 38240511436 92.1 20327835837913984 87.8
589328500 38240520136 92.1 20327846477241216 87.8
589342200 38240523336 92.1 20327848942378368 87.8
589458700 38240539536 92.1 20327868541746560 87.8
589507600 38242550436 92.1 20329219805592960 87.8
589517100 38242728136 92.1 20329407499386240 87.8
589768200 38243182936 92.1 20329718505323904 87.8
589838200 38243184236 92.1 20329721361961856 87.8
589839600 38243219336 92.1 20329755019613056 87.8
589856700 38243227036 92.1 20329762542903680 87.8
590023300 38243233136 92.1 20329773477773696 87.8
590167900 38243236836 92.1 20329776561533824 87.8
590541800 38243264136 92.1 20329825936888704 87.8
590580700 38243271036 92.1 20329830227573120 87.8
590635800 38243285836 92.1 20329845106288000 87.8
590702300 38243299336 92.1 20329870187304320 87.8
590854500 38243342736 92.1 20329985699239296 87.8
590868900 38243344836 92.1 20329988726738304 87.8
590911900 38243348936 92.1 20329994414086528 87.8
591083000 38243350036 92.1 20329995013331328 87.8
591179400 38243408636 92.1 20330045654522240 87.8
591330500 38243523936 92.1 20330181643106688 87.8
591378200 38243561836 92.1 20330267501582720 87.8
591440300 38243563336 92.1 20330269905320320 87.8
591531300 38243674936 92.1 20330351546153344 87.8
591645300 38243680036 92.1 20330360376317312 87.8
591673900 38243680136 92.1 20330360778134912 87.8
591924400 38244629836 92.1 20331435124594048 87.8
591946400 38250213636 92.2 20335288116057472 87.8
591949000 38250216336 92.2 20335290014758272 87.8
592084000 38250244936 92.2 20335325025305984 87.8
592194700 38250253836 92.2 20335335565337984 87.8
592217700 38250274436 92.2 20335357736934784 87.8
592253800 38250279736 92.2 20335361857913728 87.8
592290900 38250281836 92.2 20335363048211328 87.8
592300000 38250281936 92.2 20335363295200128 87.8
592413000 38250306336 92.2 20335420113101696 87.8
592464200 38250315136 92.2 20335428314770816 87.8
592714300 38250374936 92.2 20335468884950400 87.8
592761300 38250386136 92.2 20335482615076224 87.8
593182800 38250404036 92.2 20335501175911808 87.8
593270200 38250405536 92.2 20335502855023232 87.8
593492400 38250799136 92.2 20335929191115392 87.8
593722100 38250848836 92.2 20336056076954240 87.8
593878200 38278091836 92.2 20351857536363136 87.9
594250400 38278122836 92.2 20351882359921280 87.9
594275100 38278124136 92.2 20351883862581120 87.9
594293800 38278125736 92.2 20351884627465920 87.9
594415100 38278129336 92.2 20351890004551360 87.9
594516800 38278135636 92.2 20351893116077760 87.9
594760000 38278198336 92.2 20351935160383168 87.9
594937900 38278199536 92.2 20351936782229952 87.9
595145000 38278223236 92.2 20351964780583360 87.9
595405100 38278242836 92.2 20352009511442880 87.9
596663500 38278243236 92.2 20352009667910080 87.9
596680100 38278254136 92.2 20352025763937728 87.9
596965600 38278344336 92.2 20352244858404288 87.9
597880700 38278345636 92.2 20352246771236288 87.9
598909500 38278434136 92.2 20352306816900544 87.9
599311400 38278680036 92.2 20352448858185152 87.9
601103700 38278683536 92.2 20352453528361408 87.9
606137800 38278856436 92.2 20352539288222144 87.9
607776900 38278857536 92.2 20352539570787040 87.9
607965100 38279524136 92.2 20353114628412128 87.9
608611000 38279537536 92.2 20353127230696160 87.9
608658400 38279779636 92.2 20353339016932064 87.9
608791900 38279785536 92.2 20353348895941344 87.9
608912300 38279853736 92.2 20353409165988576 87.9
608919300 38279859836 92.2 20353420633963232 87.9
609050900 38279918036 92.2 20353479419857632 87.9
609169100 38279946336 92.2 20353492092834528 87.9
609359400 38281546536 92.2 20356520769868512 87.9
609404500 38281677036 92.2 20356665146413792 87.9
609459200 38281678136 92.2 20356666670944992 87.9
609537800 38281733636 92.2 20356707020116704 87.9
609581000 38281736136 92.2 20356710777145568 87.9
610034000 38281742536 92.2 20356726651634912 87.9
610394000 38281743236 92.2 20356727321334688 87.9
610523300 38281749436 92.2 20356732787003808 87.9
610757900 38281797036 92.2 20356778899784096 87.9
610973800 38281798636 92.2 20356781243446944 87.9
611540700 38281909836 92.2 20356874731746976 87.9
611795100 38281919736 92.2 20356887838537376 87.9
611945600 38282137936 92.2 20357206905599648 87.9
612088600 38283278336 92.2 20358150977238688 87.9
613352600 38283282736 92.2 20358155684526752 87.9
613499100 38283288236 92.2 20358168005374624 87.9
613908000 38283356236 92.2 20358235205169824 87.9
614015900 38283388036 92.2 20358312868786848 87.9
614934700 38283393636 92.2 20358319991243424 87.9
615257400 38283427936 92.2 20358399236924064 87.9
615477700 38283458336 92.2 20358430829951648 87.9
615934100 38283907436 92.2 20358900064238240 87.9
617597500 38283911336 92.2 20358906325487264 87.9
617677600 38283913536 92.2 20358910033632416 87.9
617686500 38283971336 92.2 20358975815158944 87.9
618638400 38283974036 92.2 20358982338648224 87.9
618703100 38283976836 92.2 20358985820941216 87.9
618743500 38283981436 92.2 20358990453106080 87.9
618745400 38283990536 92.2 20359003420360096 87.9
618942400 38283991536 92.2 20359003737850080 87.9
618974300 38283991636 92.2 20359003740512480 87.9
618992600 38284347436 92.2 20359264384000224 87.9
619004500 38284360236 92.2 20359286818283744 87.9
619053400 38284361936 92.2 20359288875782496 87.9
619401900 38284386336 92.2 20359304379386208 87.9
619720900 38285281036 92.2 20359992002824544 87.9
619864700 38285285836 92.2 20359995956078944 87.9
619947400 38285313236 92.2 20360059139402080 87.9
620067200 38285314836 92.2 20360061724790624 87.9
620240400 38285362136 92.2 20360107540639584 87.9
620262600 38285443736 92.2 20360186081857376 87.9
620310500 38285940036 92.2 20360461713887072 87.9
620346000 38285996236 92.2 20360600954949472 87.9
620598100 38285997436 92.2 20360602739167072 87.9
620763200 38286000836 92.2 20360607329945440 87.9
620773300 38286071336 92.2 20360656294041440 87.9
620868900 38286071636 92.2 20360657241241440 87.9
621081100 38286074236 92.2 20360660383397216 87.9
621238900 38286103736 92.2 20360694762968416 87.9
621463800 38286106036 92.2 20360696734782816 87.9
621744100 38286109436 92.2 20360699424421216 87.9
621793600 38286114236 92.2 20360702799443040 87.9
622094100 38286116736 92.2 20360705104467040 87.9
622131300 38286133636 92.2 20360727953845344 87.9
622686000 38292916836 92.3 20365975392005216 87.9
623476800 38293000236 92.3 20366069917871200 87.9
623695600 38293002536 92.3 20366071093547232 87.9
624032500 38293004836 92.3 20366073592476896 87.9
624303100 38293034836 92.3 20366145505408224 87.9
624382600 38293040436 92.3 20366157547504864 87.9
624562100 38293048936 92.3 20366164901250272 87.9
624596200 38293063136 92.3 20366180915431648 87.9
624667400 38293066636 92.3 20366185996064480 87.9
624710700 38293128336 92.3 20366232433329888 87.9
625170700 38295008236 92.3 20373443282339552 88.0
625215800 38295023536 92.3 20373459103782624 88.0
625365700 38295034636 92.3 20373480242648800 88.0
625718100 38295035536 92.3 20373480967436000 88.0
625924300 38295066436 92.3 20373546540234464 88.0
625974900 38299435536 92.3 20378013717788384 88.0
625990900 38299436436 92.3 20378014757148384 88.0
626069700 38299439736 92.3 20378018650106080 88.0
626278800 38299440136 92.3 20378019827296480 88.0
626406200 38299507736 92.3 20378088665295072 88.0
626507900 38299532436 92.3 20378111682703584 88.0
626819900 38299533436 92.3 20378112468701024 88.0
626821700 38299551736 92.3 20378137928617824 88.0
627144900 38299552836 92.3 20378138602205024 88.0
627208500 38299782536 92.3 20378443242794848 88.0
627288600 38299799636 92.3 20378459066753888 88.0
627466400 38300507336 92.3 20378870816760672 88.0
627741600 38300512736 92.3 20378876966839136 88.0
627767200 38300531236 92.3 20378896469807968 88.0
627812100 38300614736 92.3 20379000949830496 88.0
627838400 38300618636 92.3 20379004248838752 88.0
627875500 38300619136 92.3 20379004437869152 88.0
627900400 38300621236 92.3 20379005763539552 88.0
627984000 38300640636 92.3 20379021285015136 88.0
628090500 38300642736 92.3 20379024005373536 88.0
628391400 38300648836 92.3 20379033372431968 88.0
628506200 38300653636 92.3 20379040086957664 88.0
628662500 38300654436 92.3 20379040818132192 88.0
628761800 38300868036 92.3 20379190414800096 88.0
628839400 38300882736 92.3 20379214753776864 88.0
628840300 38300888336 92.3 20379219676716256 88.0
628895000 38300908136 92.3 20379241460045024 88.0
628963600 38301069236 92.3 20379408412153056 88.0
629476200 38301084836 92.3 20379429924676832 88.0
630053800 38301137036 92.3 20379500733351136 88.0
630077500 38301144236 92.3 20379517765264608 88.0
630082600 38301145736 92.3 20379520102998752 88.0
630106500 38301148836 92.3 20379524465495776 88.0
630200000 38301212736 92.3 20379593811644128 88.0
630223800 38301842736 92.3 20380137774599904 88.0
630230500 38301879336 92.3 20380180615655136 88.0
630353900 38301913336 92.3 20380232409071328 88.0
630449400 38301921136 92.3 20380240413683424 88.0
630451200 38301984936 92.3 20380287784791776 88.0
630592800 38303663836 92.3 20381857537666784 88.0
630609900 38303666536 92.3 20381862207744736 88.0
631170100 38303667836 92.3 20381863565363936 88.0
631249300 38303669636 92.3 20381866016205536 88.0
631252300 38303680036 92.3 20381876131642080 88.0
631299500 38303683536 92.3 20381877744237280 88.0
631517700 38303694036 92.3 20381905276244704 88.0
631557800 38303697436 92.3 20381909185429728 88.0
631627400 38303703936 92.3 20381922188957920 88.0
631633500 38303704936 92.3 20381922338257120 88.0
631822300 38304060936 92.3 20382828690389216 88.0
631899700 38304085536 92.3 20382866725873888 88.0
632216900 38304203436 92.3 20383068745246944 88.0
632432500 38304222036 92.3 20383098683029728 88.0
632641200 38304254036 92.3 20383128727965920 88.0
633021600 38304255836 92.3 20383129965572320 88.0
633072200 38305865136 92.3 20386386208239840 88.0
633196700 38305938536 92.3 20386444525641952 88.0
633203000 38305939736 92.3 20386445359997152 88.0
633242900 38305940136 92.3 20386445638729952 88.0
633268900 38307952636 92.3 20394149328421088 88.1
633272600 38308048036 92.3 20394240707207392 88.1
633568900 38308050636 92.3 20394243783477728 88.1
633836700 38308052136 92.3 20394244145900928 88.1
633864800 38308054736 92.3 20394247881833600 88.1
634142100 38332193136 92.4 20406136178293888 88.1
634562000 38332204736 92.4 20406149473380480 88.1
634618000 38332208236 92.4 20406152164563584 88.1
634703900 38332369936 92.4 20406237247675008 88.1
634748600 38332375336 92.4 20406243255483008 88.1
634786900 38332378636 92.4 20406246386403456 88.1
634794700 38333246936 92.4 20406993900636288 88.1
634949200 38333250636 92.4 20406996520540544 88.1
635208200 38333309936 92.4 20407044205267328 88.1
635301300 38333310036 92.4 20407044431366528 88.1
635304100 38333380336 92.4 20407110353586560 88.1
635341000 38333494936 92.4 20407189187676544 88.1
635635100 38333496636 92.4 20407191909058944 88.1
635663500 38333499736 92.4 20407195596958592 88.1
636103100 38333505636 92.4 20407203707554176 88.1
636563900 38333646336 92.4 20407321975335296 88.1
636642300 38333647936 92.4 20407323790454400 88.1
636848100 38333658236 92.4 20407341261424256 88.1
636909800 38333662836 92.4 20407347614525056 88.1
636999800 38333691336 92.4 20407362656912000 88.1
637255700 38333747036 92.4 20407422875861632 88.1
637302800 38333756136 92.4 20407431600546432 88.1
637306900 38333757536 92.4 20407433802433664 88.1
637327000 38333765836 92.4 20407446335523968 88.1
637608500 38333776636 92.4 20407460082055296 88.1
637782400 38335045436 92.4 20409440763607168 88.1
637891800 38336883336 92.4 20410958303819904 88.1
638254400 38337035136 92.4 20411060766800000 88.1
638429400 38337036136 92.4 20411061745832896 88.1
638468900 38337126836 92.4 20411208680166336 88.1
638470000 38337130436 92.4 20411213655914432 88.1
638668400 38337700336 92.4 20411723691931584 88.1
638744800 38337847636 92.4 20411826962126784 88.1
638952700 38338814336 92.4 20412526698911680 88.1
638990100 38338973936 92.4 20412812736452544 88.1
639009600 38338975236 92.4 20412813028344352 88.1
639445800 38338985436 92.4 20412832959214112 88.1
639524200 38339015636 92.4 20412865055474208 88.1
639624900 38339016136 92.4 20412865359602208 88.1
639724900 38339206136 92.4 20413013599789600 88.1
640095900 38339281636 92.4 20413097826910752 88.1
640210000 38339540036 92.4 20413411149546016 88.1
640503500 38340623336 92.4 20415418016137760 88.2
640596600 38340681436 92.4 20415458152550944 88.2
640708500 38340702536 92.4 20415473602746912 88.2
640723400 38340703536 92.4 20415475870525984 88.2
640723500 38340705136 92.4 20415477618374816 88.2
640728300 38340709836 92.4 20415480643139744 88.2
640975800 38340798936 92.4 20415569719146656 88.2
641177600 38340810536 92.4 20415577277809824 88.2
641370600 38341025536 92.4 20415874216477856 88.2
641461400 38341028136 92.4 20415875879490976 88.2
641635400 38347727936 92.4 20420374823654816 88.2
641911900 38347732336 92.4 20420379451645344 88.2
641938500 38347829036 92.4 20420475401395616 88.2
642373100 38347832936 92.4 20420478902864032 88.2
643137900 38348028836 92.4 20420690590533792 88.2
643222400 38348136936 92.4 20420797920659616 88.2
643639100 38348139236 92.4 20420800009199776 88.2
643741500 38348209836 92.4 20420846190186656 88.2
643956900 38348400736 92.4 20421000683212960 88.2
643994300 38348402536 92.4 20421003915161760 88.2
644019100 38348405136 92.4 20421007272243360 88.2
644112900 38348431936 92.4 20421061677678752 88.2
644383300 38350023736 92.4 20421223021707424 88.2
644506400 38350043936 92.4 20421243132657824 88.2
644582900 38350059936 92.4 20421257620127904 88.2
645050500 38350207236 92.4 20421397904556192 88.2
645115100 38350208136 92.4 20421399467273120 88.2
645121500 38350228936 92.4 20421447697554336 88.2
645204800 38350231136 92.4 20421450320560032 88.2
645380700 38350251836 92.4 20421473404501920 88.2
645504500 38350263436 92.4 20421497637345184 88.2
645637700 38350263536 92.4 20421497645946784 88.2
645665400 38350278536 92.4 20421519121299360 88.2
645802200 38350281236 92.4 20421520839493536 88.2
645841600 38350301736 92.4 20421543510632352 88.2
645856800 38350335736 92.4 20421593657407392 88.2
646034000 38354062336 92.4 20427150308046752 88.2
646119300 38354081836 92.4 20427178320783264 88.2
646450300 38354437036 92.4 20427988220700576 88.2
646679500 38354884636 92.4 20428465490913184 88.2
646944500 38354885336 92.4 20428466607977504 88.2
646973300 38355251736 92.4 20428718684501024 88.2
646983800 38355254436 92.4 20428720348910624 88.2
647143000 38355256636 92.4 20428723239615008 88.2
647235100 38355287636 92.4 20428756308001312 88.2
647278500 38355656636 92.4 20429047872848416 88.2
647315700 38355703036 92.4 20429081218660896 88.2
647364200 38355905236 92.4 20429249540094496 88.2
647417000 38355908036 92.4 20429253177876768 88.2
647431300 38355908336 92.4 20429253274747168 88.2
647538400 38355978736 92.4 20429284472187168 88.2
647725200 38355980836 92.4 20429287604593696 88.2
648130100 38356136636 92.4 20429448185488416 88.2
648174100 38356146136 92.4 20429460470221856 88.2
648210100 38378321436 92.5 20436989390605344 88.3
648233400 38378764636 92.5 20437320235273248 88.3
648274200 38378872736 92.5 20437426136149024 88.3
649050000 38378879236 92.5 20437437472322592 88.3
649235000 38378882836 92.5 20437440485538336 88.3
649246900 38378893136 92.5 20437453757247008 88.3
649348700 38378898636 92.5 20437458964720672 88.3
649367000 38378902636 92.5 20437461173488672 88.3
649384200 38378934036 92.5 20437506428660768 88.3
649673700 38378942236 92.5 20437520057691168 88.3
650267400 38378946936 92.5 20437526421441568 88.3
650499400 38378949836 92.5 20437528917134368 88.3
650525700 38380032336 92.5 20438954296691744 88.3
650546700 38380038936 92.5 20438962272798752 88.3
650816500 38380080636 92.5 20438995536468000 88.3
650846000 38380083136 92.5 20438999646394400 88.3
650964600 38380110336 92.5 20439030303959072 88.3
651389100 38380112436 92.5 20439034394266656 88.3
651389200 38380176836 92.5 20439086986525728 88.3
652137600 38380212636 92.5 20439164181765152 88.3
652255100 38380214236 92.5 20439165316635680 88.3
652443100 38380217536 92.5 20439169178268704 88.3
652447300 38380218636 92.5 20439170191062432 88.3
652666300 38382449936 92.5 20440823319754144 88.3
652688100 38382934036 92.5 20441169645598112 88.3
652829600 38382953936 92.5 20441195438706080 88.3
653133300 38382991636 92.5 20441290859736480 88.3
653160300 38385338236 92.5 20445662851493280 88.3
653515000 38385361236 92.5 20445679579278752 88.3
653525900 38392385436 92.5 20450390051630496 88.3
653949500 38392388136 92.5 20450391323388576 88.3
654525600 38392391236 92.5 20450391900924576 88.3
654769500 38392523936 92.5 20450528301984416 88.3
655030400 38392542536 92.5 20450545484157600 88.3
656774600 38392555936 92.5 20450583379190432 88.3
656927200 38392559036 92.5 20450591066392224 88.3
657072100 38392562836 92.5 20450596798334624 88.3
657211100 38392566336 92.5 20450601141977760 88.3
657373600 38394044836 92.5 20452924824928928 88.3
657456600 38394319336 92.5 20453644675498656 88.3
657613400 38394345236 92.5 20453661286238880 88.3
657723700 38394382136 92.5 20453746998545056 88.3
657769700 38394393036 92.5 20453754703426720 88.3
657907800 38394397236 92.5 20453757915996832 88.3
658044900 38394417836 92.5 20453786235003552 88.3
658235000 38394421036 92.5 20453789353168032 88.3
658544800 38394449136 92.5 20453829010300064 88.3
658727000 38394709836 92.5 20454066819505312 88.3
658741100 38394938436 92.5 20454258370944160 88.3
658749100 38394939736 92.5 20454259468509472 88.3
658846300 38394944036 92.5 20454264558606112 88.3
658856100 38394973136 92.5 20454294002562848 88.3
658865100 38394973236 92.5 20454294012393248 88.3
658902900 38397210136 92.5 20462829623408416 88.4
659085600 38397213736 92.5 20462831955208992 88.4
659144900 38397538536 92.5 20463041885285152 88.4
659193800 38397539636 92.5 20463043106097952 88.4
659334100 38397638236 92.5 20463141478091552 88.4
659434400 38397643836 92.5 20463148133012768 88.4
659576400 38397760636 92.5 20463257088660768 88.4
660283200 38397778836 92.5 20463294843262240 88.4
660314600 38397779736 92.5 20463296536753440 88.4
660323300 38397795936 92.5 20463335529420064 88.4
660753500 38397796136 92.5 20463335535564064 88.4
660772600 38397800736 92.5 20463338828338464 88.4
660772800 38398019836 92.5 20463637012813088 88.4
660848500 38398162336 92.5 20463782079223072 88.4
660882400 38398166636 92.5 20463786885674272 88.4
660886100 38398169936 92.5 20463789417372960 88.4
660934900 38399758836 92.5 20464053276892448 88.4
661215900 38399807836 92.5 20464117615303968 88.4
663787600 38399814336 92.5 20464125703504160 88.4
664571200 38400444436 92.5 20464485003346208 88.4
664816800 38400472336 92.5 20464540665655584 88.4
664949700 38400591936 92.5 20464667377070368 88.4
665262000 38400609836 92.5 20464694876543264 88.4
665289400 38401074636 92.5 20465084462766368 88.4
666027400 38401086536 92.5 20465101024361760 88.4
666062400 38401086736 92.5 20465101086825760 88.4
666301300 38401176036 92.5 20465141133610272 88.4
666404500 38401185436 92.5 20465156760464672 88.4
666774100 38401193636 92.5 20465165336820512 88.4
667362900 38401216936 92.5 20465187122338592 88.4
667555000 38401219536 92.5 20465188586044192 88.4
667674200 38401228136 92.5 20465196074405152 88.4
667712400 38401261936 92.5 20465225842289952 88.4
667758800 38401388836 92.5 20465333248994592 88.4
667785700 38401389436 92.5 20465333510524192 88.4
667798000 38401394436 92.5 20465339485869344 88.4
668126100 38401402636 92.5 20465346784122144 88.4
668981900 38402309636 92.5 20466020620293408 88.4
669058400 38402311436 92.5 20466022814837536 88.4
669651500 38402606736 92.5 20466305062497056 88.4
670249600 38402611636 92.5 20466312919942944 88.4
670699300 38402720936 92.5 20466409613674272 88.4
670721400 38402721536 92.5 20466410406045472 88.4
671292300 38403486336 92.5 20466984426825504 88.4
671510900 38403489136 92.5 20466986460694304 88.4
671624700 38403491836 92.5 20466991010409760 88.4
671654000 38403601936 92.5 20467099101736224 88.4
671657600 38403619136 92.5 20467116528901408 88.4
671707400 38403707136 92.5 20467208501140768 88.4
671857600 38403710136 92.5 20467215361359136 88.4
671940800 38403712736 92.5 20467218675746336 88.4
672808500 38404955936 92.5 20469501854828064 88.4
673601200 38404965136 92.5 20469514163770912 88.4
673746300 38404967836 92.5 20469515823443232 88.4
674548300 38405481636 92.5 20469605727694112 88.4
674690800 38405482536 92.5 20469606939700512 88.4
674943600 38405487836 92.5 20469615650002208 88.4
675269200 38405497436 92.5 20469629778559264 88.4
675534700 38408255936 92.5 20471963652096288 88.4
675551800 38408259836 92.5 20471967955224352 88.4
676110200 38409484636 92.5 20473598053779232 88.4
676273300 38409490936 92.5 20473604144634144 88.4
676620100 38409495636 92.5 20473607360587040 88.4
676768900 38410417336 92.5 20474089119163680 88.4
677232400 38410418136 92.5 20474089343419680 88.4
677579600 38410422436 92.5 20474096615523616 88.4
677795900 38410456736 92.5 20474123755414816 88.4
677837500 38410504636 92.5 20474173083485472 88.4
677884500 38411134536 92.5 20475040088917280 88.4
677955300 38411134736 92.5 20475040118408480 88.4
678080700 38411221936 92.5 20475102857418016 88.4
678462900 38411223536 92.5 20475106036865056 88.4
678709500 38411226536 92.5 20475111049880608 88.4
678793900 38411616336 92.5 20475544280196128 88.4
678865200 38411669636 92.5 20475598805521440 88.4
678936700 38411672036 92.5 20475599409443936 88.4
679316100 38411672836 92.5 20475600963466336 88.4
680033600 38411852436 92.5 20476028391519328 88.4
680910600 38412341836 92.6 20476350288950368 88.4
681009700 38412345936 92.6 20476354806428768 88.4
681414800 38412368136 92.6 20476368953091168 88.4
681957400 38412368836 92.6 20476369200462560 88.4
683016700 38413907136 92.6 20479557332876000 88.4
683101400 38413910936 92.6 20479563574698208 88.4
683168100 38413921336 92.6 20479575699677408 88.4
683200500 38413922536 92.6 20479576330461408 88.4
683906300 38413928636 92.6 20479584016660704 88.4
684552300 38413930236 92.6 20479585081833120 88.4
688177900 38443014336 92.6 20494501277808288 88.5
690997100 38443019536 92.6 20494508287405216 88.5
691325600 38443021436 92.6 20494510572116128 88.5
694379700 38443259436 92.6 20494795800189088 88.5
694588700 38443263136 92.6 20494798627453088 88.5
694752400 38443265336 92.6 20494802328598688 88.5
695009800 38443269036 92.6 20494804589457568 88.5
695339200 38443271136 92.6 20494806906223008 88.5
695746300 38443551436 92.6 20495098953546144 88.5
695873300 38443564436 92.6 20495128429023648 88.5
696406200 38443567236 92.6 20495132164232096 88.5
697241900 38443569036 92.6 20495134138452512 88.5
697644900 38443642836 92.6 20495246320798240 88.5
697897200 38443685536 92.6 20495286537677344 88.5
697938600 38444986236 92.6 20497306944006688 88.5
698161200 38447499836 92.6 20506911229078048 88.6
698699400 38447540836 92.6 20506959076067872 88.6
699036400 38447718736 92.6 20507141715986976 88.6
699331200 38447726336 92.6 20507151628389920 88.6
700002700 38447781336 92.6 20507200001031712 88.6
700192400 38447783636 92.6 20507202876916768 88.6
700432700 38447789336 92.6 20507210654000672 88.6
700849600 38447795436 92.6 20507222226986528 88.6
701047700 38447802036 92.6 20507233135943200 88.6
701303300 38447805136 92.6 20507236083015200 88.6
701329200 38447815436 92.6 20507247881636384 88.6
701380800 38447963336 92.6 20507278926871072 88.6
701724100 38447966936 92.6 20507283630307872 88.6
702578500 38448434336 92.6 20508342880418336 88.6
702578700 38448656636 92.6 20508773323389472 88.6
702698100 38448750836 92.6 20508962455697952 88.6
702916000 38448751836 92.6 20508963287800352 88.6
702922800 38448755936 92.6 20508965844030752 88.6
703403800 38456902936 92.7 20514241023841568 88.6
703578200 38459343136 92.7 20516126207382816 88.6
703775100 38459361936 92.7 20516137333857568 88.6
703955900 38459362836 92.7 20516138516372768 88.6
705586400 38459363836 92.7 20516140212116768 88.6
705595100 38459373436 92.7 20516153668332832 88.6
705894700 38462299836 92.7 20518670440262944 88.6
706422600 38462373636 92.7 20518854021410080 88.6
706443100 38462531236 92.7 20519067112598816 88.6
706481800 38462694436 92.7 20519208371088672 88.6
707358900 38462705536 92.7 20519218579190048 88.6
707521000 38462715136 92.7 20519232452109600 88.6
708090100 38462755936 92.7 20519274164454688 88.6
708150300 38462756436 92.7 20519274355533088 88.6
708188300 38462757936 92.7 20519275538867488 88.6
708441400 38462760036 92.7 20519276815595680 88.6
708471700 38462761036 92.7 20519277454366880 88.6
708543900 38462776736 92.7 20519295439569056 88.6
708584300 38462780236 92.7 20519296928120736 88.6
708714300 38462798336 92.7 20519314290073504 88.6
708749400 38462806736 92.7 20519330205276064 88.6
709051800 38463368136 92.7 20519884280829856 88.6
709613600 38463578136 92.7 20520157737654176 88.6
710337400 38463583936 92.7 20520163015724448 88.6
710675800 38463594036 92.7 20520175521607072 88.6
710889800 38463734536 92.7 20520278630469024 88.6
711749300 38463813236 92.7 20520331949493664 88.6
712617700 38463844236 92.7 20520368499006880 88.6
712894200 38463930136 92.7 20520506188701088 88.6
713957900 38463932036 92.7 20520507738612128 88.6
714217400 38463938036 92.7 20520512134209952 88.6
714695900 38463945536 92.7 20520523783977376 88.6
715003100 38463968136 92.7 20520554249032096 88.6
715056900 38464198336 92.7 20520741566321056 88.6
715173300 38467721536 92.7 20523836838154656 88.6
715254600 38467722436 92.7 20523837141053856 88.6
715255800 38467729236 92.7 20523844205084576 88.6
715498400 38468088336 92.7 20524192314326944 88.6
715812800 38468091536 92.7 20524194989014944 88.6
715993500 38468091636 92.7 20524194995568544 88.6
716013300 38468091936 92.7 20524195191971744 88.6
716143800 38468093436 92.7 20524197725070496 88.6
716238000 38468098336 92.7 20524200786081440 88.6
716312700 38468098736 92.7 20524201197524640 88.6
716737700 38468151636 92.7 20524243227104928 88.6
717059600 38468158736 92.7 20524253003565728 88.6
717194800 38468234536 92.7 20524320498567840 88.6
717280600 38468275436 92.7 20524333378838176 88.6
717298200 38468276736 92.7 20524335930032800 88.6
717318300 38468277036 92.7 20524336127255200 88.6
717397300 38468283336 92.7 20524344506207392 88.6
717727600 38468286136 92.7 20524347432967328 88.6
717764700 38468301136 92.7 20524364615036064 88.6
717867200 38468302236 92.7 20524366517638432 88.6
718011200 38468303736 92.7 20524368581980960 88.6
718321500 38468313636 92.7 20524387660563232 88.6
718475500 38468315636 92.7 20524389679356192 88.6
718485600 38468339436 92.7 20524421212072224 88.6
718546400 38468357836 92.7 20524441451841824 88.6
718590600 38468394336 92.7 20524478535231776 88.6
718620200 38468626136 92.7 20525050803775776 88.6
718695100 38468633736 92.7 20525060778148128 88.6
718773900 38470087636 92.7 20527798224208160 88.6
719038900 38470096236 92.7 20527808477538592 88.6
719098200 38470110936 92.7 20527839819610400 88.6
719164400 38470786836 92.7 20528353385330976 88.6
719515900 38470794036 92.7 20528361642335008 88.6
719719200 38470794836 92.7 20528362831869216 88.6
719937500 38471045736 92.7 20528654888989984 88.6
720078500 38471050036 92.7 20528659094614048 88.6
720108300 38471053136 92.7 20528662772207648 88.6
720180900 38471062136 92.7 20528673972534304 88.6
720275600 38471071236 92.7 20528683323019296 88.6
720371200 38471087636 92.7 20528692116516896 88.6
720379800 38471090136 92.7 20528694986955040 88.6
720385200 38471095436 92.7 20528704946049312 88.6
720582100 38471342336 92.7 20528948625772832 88.6
720646200 38471546636 92.7 20529289221804320 88.6
720696000 38471553936 92.7 20529294328330016 88.6
720698300 38471559036 92.7 20529300261010208 88.6
720769000 38471757536 92.7 20529506546023200 88.7
720809300 38471768636 92.7 20529519844096800 88.7
720927300 38471768736 92.7 20529519947520800 88.7
720939300 38471769236 92.7 20529521027318816 88.7
720940300 38471769336 92.7 20529521042064416 88.7
720943000 38471770636 92.7 20529522193040416 88.7
721008000 38472215836 92.7 20529842451645472 88.7
721092700 38472217936 92.7 20529844290254112 88.7
721120400 38472221236 92.7 20529848044623136 88.7
721143900 38472226436 92.7 20529856235028256 88.7
721186000 38472228136 92.7 20529857717595552 88.7
721240900 38472230736 92.7 20529861800396704 88.7
721244100 38472338336 92.7 20529933449258912 88.7
721291100 38472343436 92.7 20529939258855840 88.7
721579700 38474471036 92.7 20530340312306080 88.7
721596400 38474471836 92.7 20530341239383712 88.7
721685500 38474475236 92.7 20530347719954080 88.7
721802000 38474494336 92.7 20530373807582880 88.7
721808900 38474948136 92.7 20531001162935968 88.7
721834600 38474954436 92.7 20531006249560736 88.7
722054900 38475000436 92.7 20531114309470880 88.7
722154900 38475002236 92.7 20531116412971680 88.7
722198400 38475004336 92.7 20531118185318176 88.7
722325400 38475032436 92.7 20531139793016608 88.7
722407200 38475236236 92.7 20531334477829920 88.7
722502000 38475253036 92.7 20531353288034080 88.7
722542300 38475280236 92.7 20531373693919008 88.7
722650400 38476743836 92.7 20532936735383328 88.7
722757600 38476745236 92.7 20532938541856544 88.7
722759500 38476748236 92.7 20532942860454688 88.7
722879300 38476748836 92.7 20532943668221856 88.7
723033600 38476765636 92.7 20532965289951136 88.7
723056700 38476767736 92.7 20532967197918624 88.7
723072100 38476767936 92.7 20532967967147424 88.7
723097200 38476770236 92.7 20532970252715424 88.7
723106500 38476778036 92.7 20532979344283040 88.7
723110000 38476782936 92.7 20532981390849440 88.7
723166300 38476795436 92.7 20532991863684512 88.7
723228700 38476799536 92.7 20532995412211616 88.7
723310200 38476801036 92.7 20532997687334816 88.7
723405500 38479230936 92.7 20535121138276256 88.7
723411500 38479282336 92.7 20535222252591008 88.7
723418400 38479285136 92.7 20535226725611424 88.7
723542600 38481526336 92.7 20536914968885152 88.7
723608500 38481527036 92.7 20536915307214752 88.7
723694400 38481532136 92.7 20536921028574112 88.7
723698900 38482934436 92.7 20538729447308192 88.7
723757000 38483469036 92.7 20539005144775584 88.7
723779900 38483472236 92.7 20539009794865056 88.7
723852800 38483474036 92.7 20539011608232480 88.7
723956000 38483485436 92.7 20539022440319520 88.7
723966400 38483486236 92.7 20539023946436128 88.7
724073300 38483491036 92.7 20539028670116896 88.7
724195700 38483509836 92.7 20539074967192608 88.7
724253600 38483517636 92.7 20539086288751648 88.7
724357200 38483532536 92.7 20539100929699872 88.7
724375100 38483532636 92.7 20539101018173472 88.7
724553200 38483533536 92.7 20539101385584672 88.7
724562200 38488042236 92.7 20546086602534944 88.7
724616500 38520846636 92.8 20563148928446496 88.8
724711300 38520862036 92.8 20563183449399328 88.8
724736700 38523255536 92.8 20564964665581600 88.8
724925100 38523732336 92.8 20566102359007264 88.8
725243800 38523741736 92.8 20566112866393120 88.8
725295100 38523996936 92.8 20566758538730528 88.8
725331800 38524006436 92.8 20566766805764640 88.8
725378400 38524006636 92.8 20566766817233440 88.8
725567200 38524007636 92.8 20566769652894240 88.8
725656300 38524008936 92.8 20566771610066976 88.8
725715100 38524011036 92.8 20566774740314144 88.8
725729200 38524017736 92.8 20566782546304032 88.8
725781500 38524020436 92.8 20566783768345632 88.8
725781700 38524168036 92.8 20566880048380960 88.8
726013600 38524181536 92.8 20566890112171040 88.8
726032200 38524309336 92.8 20567006543862816 88.8
726042700 38524311036 92.8 20567009103537696 88.8
726122600 38524318936 92.8 20567018773777952 88.8
726125300 38524322336 92.8 20567024063345696 88.8
726186900 38524334336 92.8 20567052811314208 88.8
726195900 38524337836 92.8 20567055480472608 88.8
726212700 38524369036 92.8 20567082001642528 88.8
727099600 38527063836 92.8 20577331540538400 88.9
727106800 38527533436 92.8 20577782171448352 88.9
727232000 38527620336 92.8 20577897853580320 88.9
727304000 38527627736 92.8 20577904344123424 88.9
727478100 38527696136 92.8 20577955193415712 88.9
727745600 38527697236 92.8 20577955789793312 88.9
727956600 38527858136 92.8 20578063131330592 88.9
728186500 38527860236 92.8 20578065846492960 88.9
728382600 38528031436 92.8 20578249592856352 88.9
728450600 38528040536 92.8 20578258756632352 88.9
728519100 38528081736 92.8 20578286650769184 88.9
728668700 38528111236 92.8 20578312375928608 88.9
728738600 38528143536 92.8 20578342370424608 88.9
728937200 38528147436 92.8 20578349541626144 88.9
729110500 38528151836 92.8 20578355997957408 88.9
729137800 38528488836 92.8 20578685951008032 88.9
729207000 38528516436 92.8 20578714875612448 88.9
729365500 38528517536 92.8 20578715231145248 88.9
729411600 38528522236 92.8 20578720207650080 88.9
729901900 38528538636 92.8 20578739137082656 88.9
730122700 38528576336 92.8 20578794690499872 88.9
730130100 38529088236 92.8 20579267942634784 88.9
730332400 38530743536 92.8 20581926976181536 88.9
730473200 38530765836 92.8 20581949091919136 88.9
730602800 38530794436 92.8 20581980690941216 88.9
730711200 38533411636 92.8 20583984059352352 88.9
730770800 38535999736 92.8 20588697043567904 88.9
730879400 38536103136 92.8 20588959742608672 88.9
731084200 38536105536 92.8 20588964275674400 88.9
731432100 38536249536 92.8 20589067574738208 88.9
731450800 38536350036 92.8 20589169631083808 88.9
731455900 38544207536 92.9 20594468013260064 88.9
731573800 38546498636 92.9 20596225086242080 88.9
731690900 38551752636 92.9 20603909773638944 89.0
731848600 38551758036 92.9 20603914972124448 89.0
732594500 38551763636 92.9 20603923298258208 89.0
732770900 38551774836 92.9 20603933474098464 89.0
732800600 38551779236 92.9 20603936661242400 89.0
733276600 38551828236 92.9 20603959584354848 89.0
733400300 38551918636 92.9 20604162727850528 89.0
733487800 38551958136 92.9 20604180441492000 89.0
733534500 38551961136 92.9 20604188151538720 89.0
733652600 38551987336 92.9 20604246602724384 89.0
733736600 38551998636 92.9 20604259206635552 89.0
733781500 38552008836 92.9 20604274122447904 89.0
733967600 38552011936 92.9 20604282509889568 89.0
733996500 38552012136 92.9 20604282510299168 89.0
734046800 38552013836 92.9 20604284391510560 89.0
734203100 38552022836 92.9 20604293670676000 89.0
734327000 38552024436 92.9 20604296914341920 89.0
734471600 38552027336 92.9 20604301919086624 89.0
734584200 38552029936 92.9 20604305129897248 89.0
734751500 38552032136 92.9 20604307312864032 89.0
734963900 38552032836 92.9 20604309421447200 89.0
735291900 38578508636 93.0 20613448318081056 89.0
735304600 38578509736 93.0 20613449471319968 89.0
735350400 38578513836 93.0 20613451422991264 89.0
735523100 38578514036 93.0 20613451449615264 89.0
735588900 38578514136 93.0 20613451828904864 89.0
735595600 38578582536 93.0 20613496120533920 89.0
735599200 38578582636 93.0 20613496144905120 89.0
735871300 38578588836 93.0 20613506385228704 89.0
735887300 38578601636 93.0 20613519005162400 89.0
735889600 38578603236 93.0 20613521049723424 89.0
736067400 38578603536 93.0 20613521582203424 89.0
736165500 38579102136 93.0 20613689837773344 89.0
736351400 38581796236 93.0 20616048801636896 89.0
736362600 38581796836 93.0 20616050326295328 89.0
736568500 38581818336 93.0 20616081040057120 89.0
736773000 38581819236 93.0 20616082367799968 89.0
737022900 38581820336 93.0 20616083574891168 89.0
738081700 38581926236 93.0 20616186383032992 89.0
738086000 38582198536 93.0 20616393809601184 89.0
738179900 38582241736 93.0 20616463770108576 89.0
738547200 38582516136 93.0 20616803843064480 89.0
738600000 38582551536 93.0 20616825086292640 89.0
738721500 38582642536 93.0 20616889021125280 89.0
738900000 38582654336 93.0 20616902720584352 89.0
739256300 38582656536 93.0 20616904801557152 89.0
739261900 38582724236 93.0 20616967940053664 89.0
739961100 38582732336 93.0 20616977310189216 89.0
740216400 38582739736 93.0 20616990125058720 89.0
740662300 38582748736 93.0 20616999396939424 89.0
741223900 38582750336 93.0 20617000720971424 89.0
741305900 38582795736 93.0 20617052193818272 89.0
741414100 38582796136 93.0 20617052368922272 89.0
741447500 38582806936 93.0 20617062382370464 89.0
741992700 38582811436 93.0 20617067505953440 89.0
742348300 38582975636 93.0 20617188615563936 89.0
742436900 38582978136 93.0 20617189960619040 89.0
742957800 38584181736 93.0 20617422179439648 89.0
743179900 38586556636 93.0 20626224152876064 89.1
743203500 38587255136 93.0 20627078553310240 89.1
744277800 38587256136 93.0 20627079769412640 89.1
744431200 38587260336 93.0 20627085098734624 89.1
744593100 38587272736 93.0 20627103334452256 89.1
744658600 38587275336 93.0 20627105278661408 89.1
744724500 38587290736 93.0 20627120090714912 89.1
745117900 38587477936 93.0 20627283120231200 89.1
745504200 38587488336 93.0 20627292032103200 89.1
745985800 38587490136 93.0 20627295535494176 89.1
745998000 38587496336 93.0 20627304719379488 89.1
746295300 38587496836 93.0 20627305179974688 89.1
746460900 38587674636 93.0 20627456130567200 89.1
746609700 38588278036 93.0 20627932572666912 89.1
746688200 38588388836 93.0 20628030792805408 89.1
747266300 38588455836 93.0 20628085603740704 89.1
747456200 38595259636 93.0 20632648586013728 89.1
747461900 38595260836 93.0 20632650251396512 89.1
747557000 38595379636 93.0 20632748754789792 89.1
747730300 38595385636 93.0 20632760225958304 89.1
747861600 38595404736 93.0 20632776748198304 89.1
748012500 38595445736 93.0 20632807453860256 89.1
748305200 38595447536 93.0 20632808712935584 89.1
748532000 38595450136 93.0 20632812481931168 89.1
748878900 38595499036 93.0 20632854028068768 89.1
748911500 38595499136 93.0 20632854038103968 89.1
748978100 38595499236 93.0 20632854046500768 89.1
748999600 38595499736 93.0 20632854114289568 89.1
749064100 38595501536 93.0 20632857221394592 89.1
749224900 38595530836 93.0 20632885276809376 89.1
749321400 38595634836 93.0 20633129255032992 89.1
749821200 38595653336 93.0 20633145606656160 89.1
749884900 38595695536 93.0 20633190932017312 89.1
749999900 38595741336 93.0 20633248592904352 89.1
750307300 38597191636 93.0 20635613837213856 89.1
751172200 38597198436 93.0 20635620609661088 89.1
751328600 38597200036 93.0 20635623779116192 89.1
751661400 38597202036 93.0 20635628041388704 89.1
751844600 38597202636 93.0 20635629419897504 89.1
752209200 38597206336 93.0 20635633311750816 89.1
752480300 38597256436 93.0 20635689583549088 89.1
752861800 38597259036 93.0 20635693311780512 89.1
752879900 38597264336 93.0 20635698864193184 89.1
752910600 38597264436 93.0 20635698874228384 89.1
753360200 38600444236 93.0 20638322788343456 89.1
753394500 38600450636 93.0 20638328526164128 89.1
753465300 38600462536 93.0 20638340388794528 89.1
753607700 38600463936 93.0 20638343363719328 89.1
753614500 38600533736 93.0 20638407973818528 89.1
753839700 38600552536 93.0 20638457058701472 89.1
753917900 38600553836 93.0 20638458998661664 89.1
754059200 38600689336 93.0 20638550579274272 89.1
754124000 38601350536 93.0 20639337662571040 89.1
754497500 38601479136 93.0 20639572745970208 89.1
754521000 38601481636 93.0 20639579020859936 89.1
754630800 38601482436 93.0 20639580360329248 89.1
755231700 38601484636 93.0 20639581971157024 89.1
755285900 38601485736 93.0 20639584733525536 89.1
755563900 38601570236 93.0 20639661182334496 89.1
755604600 38601572636 93.0 20639665214277664 89.1
756343200 38601804236 93.0 20639846281447456 89.1
757548200 38601804336 93.0 20639846284724256 89.1
757562700 38602941736 93.0 20641955624716320 89.1
758384400 38603092136 93.0 20642107473184800 89.1
758596200 38603583736 93.0 20642344056391712 89.1
759113500 38603584836 93.0 20642345361131424 89.1
762949300 38603625536 93.0 20642382767441824 89.1
763470500 38628645236 93.1 20655384001496992 89.2
764845400 38628646536 93.1 20655386079229344 89.2
765372100 38628649436 93.1 20655389374874528 89.2
765522200 38628839336 93.1 20655612749710240 89.2
765540000 38628856636 93.1 20655647910441888 89.2
766014100 38628894536 93.1 20655725974188960 89.2
766255000 38628941136 93.1 20655753229890464 89.2
766308100 38628999236 93.1 20655805484852128 89.2
766385900 38628999836 93.1 20655806868370080 89.2
766413100 38629007436 93.1 20655818767045280 89.2
766814700 38629011336 93.1 20655822722962080 89.2
766823800 38630018036 93.1 20657070933807776 89.2
766841300 38630047836 93.1 20657100149672608 89.2
767074700 38630048436 93.1 20657101930168992 89.2
767096000 38630067836 93.1 20657123169153696 89.2
767242700 38630069236 93.1 20657124286095904 89.2
767251600 38630085536 93.1 20657134383396384 89.2
767471900 38630088036 93.1 20657139249675808 89.2
767564400 38630122936 93.1 20657166673833504 89.2
767851900 38630126836 93.1 20657171153833504 89.2
767857600 38630130136 93.1 20657173031030304 89.2
767874800 38630142436 93.1 20657190563302944 89.2
767879200 38630142636 93.1 20657190662221344 89.2
768097000 38630143436 93.1 20657191091482144 89.2
768266400 38630145436 93.1 20657193893649952 89.2
768528700 38630166736 93.1 20657217354714656 89.2
768714600 38630179936 93.1 20657227432103456 89.2
769157500 38630181136 93.1 20657228884713504 89.2
769359900 38630181836 93.1 20657229376483616 89.2
769479300 38630197036 93.1 20657257996972320 89.2
769492600 38630396136 93.1 20657367405801760 89.2
769821900 38630494536 93.1 20657443631853856 89.2
770048800 38630503436 93.1 20657460557706528 89.2
770232200 38630512036 93.1 20657469361736992 89.2
770318900 38630512936 93.1 20657472712128544 89.2
770427500 38632384636 93.1 20664516510398496 89.2
770704300 38632385136 93.1 20664516888868896 89.2
770894800 38632404836 93.1 20664567593457696 89.2
770895900 38632419236 93.1 20664585222559776 89.2
771115800 38632452036 93.1 20664662355949600 89.2
771149500 38632995236 93.1 20665117316954144 89.2
771309600 38633012236 93.1 20665141089409056 89.2
771674800 38633012636 93.1 20665141421159744 89.2
771829800 38633041136 93.1 20665185745061184 89.2
772249100 38633043036 93.1 20665187533832128 89.2
772268800 38633291336 93.1 20665388383469504 89.2
772353300 38633565236 93.1 20665557653012416 89.2
772839900 38635282136 93.1 20668749663322048 89.3
773188300 38635283536 93.1 20668753706510272 89.3
773189600 38635297236 93.1 20668772267079616 89.3
773303500 38635305736 93.1 20668793196580800 89.3
773998300 38635332536 93.1 20668812375943104 89.3
774546400 38635347436 93.1 20668821063149504 89.3
774560400 38635363636 93.1 20668837380880320 89.3
774561100 38635363836 93.1 20668837478774720 89.3
774804600 38635364536 93.1 20668838331735424 89.3
775221600 38640128036 93.1 20672056245017984 89.3
775226800 38640133636 93.1 20672063705051520 89.3
775314300 38640151936 93.1 20672085589475712 89.3
775515300 38640156836 93.1 20672089192880768 89.3
775591800 38640168836 93.1 20672099008330368 89.3
775744200 38640400436 93.1 20672704215267968 89.3
775811100 38640558236 93.1 20672916575435392 89.3
776002700 38640657936 93.1 20673009108073088 89.3
776025600 38660343436 93.1 20682887558019712 89.3
776116500 38660345636 93.1 20682890103026816 89.3
776175300 38662449736 93.2 20683973419594880 89.3
776216300 38662518336 93.2 20684029191357568 89.3
776363400 38662558536 93.2 20684060796884096 89.3
776685000 38662585536 93.2 20684074038183040 89.3
776697800 38662585836 93.2 20684074151437440 89.3
776895300 38662590036 93.2 20684084729034880 89.3
777008900 38663435436 93.2 20685274921646208 89.3
777186400 38663477636 93.2 20685309832878208 89.3
777252200 38663478536 93.2 20685310507380032 89.3
777292200 38663483736 93.2 20685317952111936 89.3
777446700 38663501736 93.2 20685333103625536 89.3
777760400 38663504136 93.2 20685336024722752 89.3
777867200 38663510236 93.2 20685344457389888 89.3
777996000 38663512436 93.2 20685348354377024 89.3
778119600 38663516136 93.2 20685351458325824 89.3
778458900 38663516836 93.2 20685352187823424 89.3
779258900 38663518436 93.2 20685354867338560 89.3
779273100 38663587836 93.2 20685407295221056 89.3
779574500 38663594936 93.2 20685415499099456 89.3
779628300 38663597136 93.2 20685418624634432 89.3
780210200 38663734936 93.2 20685587811290688 89.3
780278700 38663763436 93.2 20685610980212288 89.3
780336700 38663764136 93.2 20685611573313088 89.3
780380100 38663769636 93.2 20685617606724672 89.3
780465200 38663769736 93.2 20685617615326272 89.3
780523000 38663774536 93.2 20685623438345792 89.3
780669200 38663777636 93.2 20685626920682304 89.3
780819900 38663786636 93.2 20685640494007104 89.3
780822800 38663810036 93.2 20685677960827712 89.3
780834700 38663838936 93.2 20685700778849088 89.3
781005800 38663839936 93.2 20685703148459328 89.3
781226400 38663841836 93.2 20685704360670528 89.3
781267400 38663843436 93.2 20685705929084096 89.3
781423600 38663844636 93.2 20685706823659200 89.3
781661000 38663846836 93.2 20685711098161856 89.3
782015800 38663866336 93.2 20685724511193792 89.3
782047400 38663868536 93.2 20685726611691584 89.3
782090600 38663869736 93.2 20685727860946496 89.3
782350200 38663899436 93.2 20685752517146176 89.3
782398500 38664192136 93.2 20685876975498816 89.3
782661400 38664201236 93.2 20685887315850816 89.3
782817900 38664202136 93.2 20685888923542080 89.3
783018800 38664202736 93.2 20685889616422272 89.3
783091300 38664206136 93.2 20685892446153344 89.3
783108900 38664206236 93.2 20685892454550144 89.3
783537200 38664327036 93.2 20685970444290688 89.3
783843700 38664359236 93.2 20685991202323072 89.3
783976500 38664363936 93.2 20685996052707456 89.3
784099900 38664853836 93.2 20686377753114752 89.3
784101300 38664912136 93.2 20686412332468352 89.3
784327100 38664913536 93.2 20686413443351424 89.3
784363600 38664914436 93.2 20686414174089408 89.3
784414500 38664915636 93.2 20686416375216832 89.3
784437400 38664924636 93.2 20686429996577472 89.3
784572500 38664944936 93.2 20686467375559360 89.3
784577200 38664956236 93.2 20686480186292928 89.3
784588800 38664956636 93.2 20686480457857728 89.3
784622600 38664962736 93.2 20686489898797760 89.3
784667600 38665020636 93.2 20686558087756480 89.3
784745400 38665039236 93.2 20686578239666880 89.3
784859900 38665044236 93.2 20686585859124928 89.3
784956200 38665050636 93.2 20686589558870208 89.3
785079100 38665091736 93.2 20686624738644160 89.3
785225500 38665092236 93.2 20686626118349120 89.3
785362500 38665092636 93.2 20686626628832512 89.3
785553400 38665207536 93.2 20686711143615744 89.3
785575700 38665213336 93.2 20686718927094528 89.3
785974400 38665214036 93.2 20686720263004928 89.3
786067600 38665215636 93.2 20686721912848640 89.3
786241900 38665216436 93.2 20686723157915648 89.3
786360500 38665218036 93.2 20686725623904256 89.3
786528000 38665232936 93.2 20686742370791424 89.3
786565000 38665263636 93.2 20686782851059712 89.3
786585500 38665266936 93.2 20686786096175872 89.3
786586900 38665270736 93.2 20686789457348352 89.3
786907700 38665304336 93.2 20686814029022976 89.3
787224700 38666329036 93.2 20687809288865536 89.3
787239900 38666330936 93.2 20687812379874304 89.3
787327000 38666499136 93.2 20687868489901056 89.3
787350500 38666636236 93.2 20687972091913216 89.3
787476400 38666639636 93.2 20687975183369216 89.3
787555000 38666753336 93.2 20688282256753664 89.3
787768900 38666812836 93.2 20688329149125632 89.3
787855000 38666829436 93.2 20688347544441856 89.3
787923000 38667509036 93.2 20688725230507008 89.3
788023900 38667510836 93.2 20688727610421248 89.3
788179500 38667521636 93.2 20688735742624256 89.3
788232700 38667556836 93.2 20688760230203904 89.3
788267400 38667601436 93.2 20688877285536256 89.3
788268800 38667637236 93.2 20688913377829376 89.3
788271000 38667846736 93.2 20689064649302528 89.3
788433700 38667882836 93.2 20689090954304000 89.3
788495200 38667883936 93.2 20689091945657216 89.3
788510500 38667886936 93.2 20689096481524096 89.3
788519400 38667894436 93.2 20689115614437760 89.3
788536200 38667904436 93.2 20689129681402240 89.3
788578700 38668083236 93.2 20689279405996416 89.3
788639500 38668156636 93.2 20689346031040896 89.3
788789800 38668162036 93.2 20689349667636352 89.3
788864000 38668465936 93.2 20689605653939328 89.3
788970300 38668466736 93.2 20689606193382528 89.3
789028700 38668484836 93.2 20689622666266752 89.3
789064900 38668501336 93.2 20689636671352960 89.3
789073200 38668501836 93.2 20689637484408960 89.3
789076800 38668507836 93.2 20689641568120960 89.3
789135900 38668745936 93.2 20689988591530112 89.3
789197400 38668746836 93.2 20689989819928192 89.3
789212900 38668799136 93.2 20690044933242496 89.3
789327500 38668800836 93.2 20690046750637696 89.3
789414500 38668987236 93.2 20690208582516352 89.3
789721000 38669026936 93.2 20690240279508608 89.3
789787900 38669028136 93.2 20690241522742016 89.3
789846500 38669037636 93.2 20690254441609984 89.3
789882000 38669038036 93.2 20690255089354560 89.3
789919500 38669094636 93.2 20690296466245440 89.3
790006300 38670682936 93.2 20691622340134720 89.4
790283000 38670779136 93.2 20691721513174848 89.4
790359400 38670782036 93.2 20691727791441216 89.4
790402900 38670783236 93.2 20691728088257504 89.4
790448000 38671868336 93.2 20693468083213280 89.4
790450800 38671995936 93.2 20693563554280416 89.4
790525200 38673170536 93.2 20695416029197280 89.4
790700000 38673174936 93.2 20695421653074912 89.4
790857500 38673297036 93.2 20695510065783776 89.4
790878100 38673307936 93.2 20695522413346784 89.4
790981400 38673350636 93.2 20695551897796576 89.4
791447400 38673356536 93.2 20695555638981600 89.4
791477300 38673356936 93.2 20695556598300512 89.4
791486000 38673398136 93.2 20695585893732192 89.4
791613400 38673398736 93.2 20695587782807392 89.4
791945800 38673401036 93.2 20695590520184160 89.4
792069600 38673401736 93.2 20695591260747168 89.4
792092700 38673419736 93.2 20695606771370400 89.4
792150900 38673594436 93.2 20695722662693280 89.4
792211600 38673721636 93.2 20695841924032928 89.4
792383700 38673722336 93.2 20695842707597728 89.4
792668800 38673732536 93.2 20695851428921760 89.4
792744100 38673822136 93.2 20695921400963488 89.4
793509400 38673827436 93.2 20695927687464352 89.4
793545300 38673851036 93.2 20695943918888352 89.4
793652600 38673856736 93.2 20695952945857952 89.4
794223900 38673857936 93.2 20695954438411040 89.4
794437500 38673861236 93.2 20695960660974368 89.4
794636700 38673874036 93.2 20695970106591008 89.4
794834200 38673974536 93.2 20696073356322592 89.4
795296000 38673975736 93.2 20696074914699552 89.4
795421900 38674043336 93.2 20696149369919776 89.4
795458900 38674089136 93.2 20696185372502304 89.4
795536400 38674090536 93.2 20696185825315104 89.4
795553600 38674142136 93.2 20696241370294560 89.4
795729000 38674492536 93.2 20696545653090592 89.4
795768300 38675850436 93.2 20699301224311072 89.4
795776000 38675914836 93.2 20699346533267744 89.4
795816100 38675942036 93.2 20699376273328416 89.4
795986900 38675944936 93.2 20699379103050016 89.4
796159800 38675967636 93.2 20699405103083808 89.4
796235700 38675972936 93.2 20699411772039968 89.4
796530900 38676014636 93.2 20699446145667872 89.4
796612800 38676017036 93.2 20699447864917024 89.4
796732700 38676056936 93.2 20699545337052192 89.4
797144000 38676288436 93.2 20699624850013216 89.4
797302400 38676290536 93.2 20699627143597088 89.4
797337700 38676318236 93.2 20699663905782816 89.4
797486100 38676365736 93.2 20699701271927840 89.4
797981300 38676443536 93.2 20699793532083232 89.4
798156500 38676473336 93.2 20699808240727072 89.4
798180800 38676670336 93.2 20699948002014240 89.4
798367700 38676670836 93.2 20699948561227040 89.4
798610700 38676712636 93.2 20699990075407648 89.4
798660700 38676826836 93.2 20700100479515936 89.4
798694000 38676877236 93.2 20700138632150304 89.4
798712400 38676881236 93.2 20700141262509088 89.4
798784000 38676886936 93.2 20700155252311072 89.4
799067700 38676888836 93.2 20700157210895648 89.4
799117700 38676967236 93.2 20700229436900640 89.4
799299200 38676970736 93.2 20700236432474912 89.4
799329400 38677032336 93.2 20700310997558048 89.4
799559800 38677036536 93.2 20700317111877408 89.4
799729600 38677685136 93.2 20701118714347296 89.4
799756900 38677785936 93.2 20701172515438368 89.4
799874600 38677821136 93.2 20701205405847328 89.4
799885900 38677824236 93.2 20701208532528928 89.4
800184700 38677887836 93.2 20701286868922144 89.4
800204700 38678043936 93.2 20701329216761632 89.4
800231400 38678044836 93.2 20701330446995232 89.4
800312500 38678128036 93.2 20701375684443936 89.4
800343600 38678132536 93.2 20701379464437536 89.4
800440800 38678291036 93.2 20701729369628448 89.4
800817000 38678310436 93.2 20701744288192288 89.4
800911400 38678318636 93.2 20701752463978784 89.4
800981700 38678327636 93.2 20701761526751520 89.4
801103300 38678373136 93.2 20701798515372320 89.4
801201500 38678377136 93.2 20701802742996256 89.4
801284800 38678425136 93.2 20701854738726176 89.4
801330000 38678432836 93.2 20701865877312800 89.4
801339500 38678789336 93.2 20702110674064672 89.4
801370200 38678805736 93.2 20702135563023648 89.4
801392500 38678807636 93.2 20702139281132832 89.4
801430800 38678814736 93.2 20702145364786464 89.4
801458200 38679118036 93.2 20702408785427744 89.4
801532000 38679170536 93.2 20702530047647008 89.4
801532100 38679182736 93.2 20702536144910112 89.4
801682300 38679201336 93.2 20702559386300192 89.4
801813500 38679219836 93.2 20702585782329120 89.4
801974000 38679905536 93.2 20703944435490592 89.4
802235000 38680046836 93.2 20704039871889184 89.4
802449700 38680130236 93.2 20704121784778528 89.4
802474100 38680133836 93.2 20704126981829408 89.4
802572900 38681155636 93.2 20705705550869280 89.4
802586800 38681434636 93.2 20705950142034720 89.4
802739500 38681439036 93.2 20705955483945760 89.4
802813500 38681459336 93.2 20705978311181088 89.4
802831400 38681460536 93.2 20705979264320288 89.4
803129500 38681494036 93.2 20706004749984544 89.4
803212400 38681509136 93.2 20706016175301408 89.4
803284700 38681539936 93.2 20706051011523360 89.4
803419500 38681984236 93.2 20706575770104608 89.4
803485800 38683387136 93.2 20709201522373408 89.4
803513100 38688683236 93.2 20712059592684320 89.4
803519700 38688704036 93.2 20712077430395680 89.4
803606300 38688726036 93.2 20712089096756000 89.4
803626600 38688832236 93.2 20712220589857568 89.4
803821400 38688877336 93.2 20712248537908000 89.4
803824400 38688941136 93.2 20712297074549536 89.4
803974300 38688941936 93.2 20712298186838048 89.4
804022700 38688947936 93.2 20712305920015392 89.4
804149600 38688951436 93.2 20712310038508576 89.4
804263600 38689016936 93.2 20712358885504032 89.4
804419400 38689061736 93.2 20712396527350816 89.4
804482000 38689064336 93.2 20712399703035168 89.4
804582000 38689067536 93.2 20712403131513632 89.4
804583400 38691796436 93.2 20716129943894816 89.5
804595500 38691799536 93.2 20716131790576416 89.5
804624700 38691802836 93.2 20716140233167648 89.5
804771300 38691820236 93.2 20716170580605728 89.5
804865100 38693358136 93.2 20721948167781152 89.5
804929000 38693365836 93.2 20721953193637152 89.5
805089600 38693403936 93.2 20721978216985888 89.5
805114900 38693427036 93.2 20721991859242272 89.5
805127200 38693564136 93.2 20722142045668640 89.5
805275500 38693596336 93.2 20722174011731232 89.5
805314800 38693636736 93.2 20722211866221856 89.5
805446300 38693646336 93.2 20722217464939808 89.5
805597700 38693647436 93.2 20722218813105056 89.5
805607600 38693671836 93.2 20722271800411040 89.5
805651400 38693686836 93.2 20722287849382816 89.5
805839800 38693714236 93.2 20722312610759584 89.5
805888900 38693714836 93.2 20722313172163488 89.5
806038500 38693724936 93.2 20722332778294176 89.5
806103100 38693729136 93.2 20722337860851104 89.5
806405300 38693746836 93.2 20722357841753504 89.5
806510600 38693751036 93.2 20722363938333088 89.5
806510900 38693752136 93.2 20722365420265888 89.5
806517500 38693757336 93.2 20722369460822432 89.5
806527600 38693757536 93.2 20722369887420832 89.5
806631200 38693854536 93.2 20722459557011872 89.5
806652600 38693877936 93.2 20722489532854688 89.5
806736700 38693891636 93.2 20722507087507872 89.5
806768800 38693901236 93.2 20722514355408288 89.5
806823900 38693906936 93.2 20722519994823584 89.5
807043600 38693925036 93.2 20722541059568544 89.5
807119500 38693943636 93.2 20722554184900512 89.5
807178100 38693943936 93.2 20722554452164512 89.5
807426300 38694028036 93.2 20722634499047328 89.5
807774400 38694030236 93.2 20722636396436640 89.5
807880700 38694039136 93.2 20722647979611296 89.5
807938500 38694055636 93.2 20722667522770080 89.5
808029100 38694078836 93.2 20722682562291872 89.5
808037300 38694343336 93.2 20723137338517664 89.5
808264800 38694344836 93.2 20723138761654944 89.5
808276500 38694345036 93.2 20723138908086944 89.5
808547200 38694448736 93.2 20723201026650784 89.5
808982100 38694492936 93.2 20723237723955872 89.5
809362200 38694500136 93.2 20723242264259232 89.5
809573900 38694586236 93.2 20723304739838624 89.5
809613500 38694597336 93.2 20723316514756256 89.5
809662200 38694607036 93.2 20723327379885728 89.5
809673300 38694609736 93.2 20723331555931808 89.5
809726000 38694659736 93.2 20723352862011040 89.5
809879700 38694665536 93.2 20723358518382240 89.5
809887100 38694687336 93.2 20723402919370400 89.5
809887800 38694988536 93.2 20724149918949024 89.5
809910400 38694991836 93.2 20724151089381024 89.5
809926800 38695118236 93.2 20724280308334240 89.5
809934500 38696198336 93.2 20725181900652192 89.5
810016600 38696201836 93.2 20725186158287008 89.5
810179400 38696207536 93.2 20725189327771808 89.5
810203600 38696405636 93.2 20725447385323680 89.5
810497500 38696410736 93.2 20725453413751968 89.5
810510300 38696506036 93.2 20725518112906400 89.5
810612600 38696506436 93.2 20725518346017200 89.5
810632800 38696590636 93.2 20725592665217456 89.5
810665000 38696591936 93.2 20725594327959984 89.5
810673500 38696602636 93.2 20725603439292848 89.5
810760300 38696603136 93.2 20725603866194960 89.5
810838000 38696692336 93.2 20725666129445904 89.5
810859900 38696692736 93.2 20725667053834192 89.5
810870900 38696693236 93.2 20725667422678992 89.5
810974400 38696724336 93.2 20725698338058192 89.5
811058200 38696741036 93.2 20725714817209296 89.5
811093900 38696741436 93.2 20725715002348496 89.5
811103800 38696894336 93.2 20725845744522192 89.5
811127100 38696895036 93.2 20725846541930960 89.5
811225200 38697179336 93.2 20726044511556048 89.5
811518700 38697252836 93.2 20726064263926224 89.5
811754300 38697266736 93.2 20726075482477008 89.5
811876500 38697351636 93.2 20726194424746448 89.5
811971200 38697425536 93.2 20726230435959248 89.5
812034500 38697464736 93.2 20726266899526096 89.5
812053500 38697472336 93.2 20726274026602448 89.5
812153800 38697481136 93.2 20726286496145360 89.5
812202700 38697481236 93.2 20726286638686160 89.5
812269200 38697481436 93.2 20726286849874464 89.5
812273400 38697481636 93.2 20726287417784864 89.5
812412700 38697488236 93.2 20726300152746528 89.5
812489200 38697508836 93.2 20726320970666528 89.5
812512400 38697562836 93.2 20726376617071136 89.5
812722800 38697579936 93.2 20726390776746528 89.5
812790400 38697607436 93.2 20726413985053216 89.5
812886800 38697607936 93.2 20726415582902816 89.5
812927900 38697633036 93.2 20726433751325216 89.5
813036100 38697660336 93.2 20726445905157664 89.5
813247100 38699165436 93.2 20726714935942688 89.5
813401600 38699186636 93.2 20726744343135776 89.5
813761300 38699192236 93.2 20726750935177760 89.5
814045700 38699239936 93.2 20726783021042208 89.5
814114400 38699244036 93.2 20726789024913952 89.5
814227100 38699273836 93.2 20726811693451808 89.5
814258300 38699291136 93.2 20726825790786080 89.5
814418700 38699303936 93.2 20726838403974688 89.5
814478100 38699463136 93.2 20726957450823200 89.5
814485700 38699469436 93.2 20726965006417952 89.5
814666000 38699471236 93.2 20726968759872544 89.5
814687300 38699473236 93.2 20726970864269088 89.5
814900600 38699476636 93.2 20726976104983328 89.5
815038300 38699584936 93.2 20727063424101152 89.5
815247700 38699631036 93.2 20727098576292640 89.5
815372300 38699647936 93.2 20727118621227808 89.5
815384700 38699650236 93.2 20727120620289568 89.5
815455000 38699657936 93.2 20727126727514656 89.5
815577600 38699658636 93.2 20727127865506080 89.5
815612200 38699700436 93.2 20727178040056096 89.5
815633000 38699840736 93.2 20727296529479968 89.5
815693300 38699921936 93.2 20727364081506592 89.5
815725300 38701230336 93.2 20729570106104096 89.5
815844300 38701377536 93.2 20729707699788064 89.5
816076000 38701378736 93.2 20729708786864288 89.5
816124600 38701391836 93.2 20729721943713952 89.5
816196600 38701408736 93.2 20729733747740832 89.5
816238200 38701433436 93.2 20729752961990816 89.5
816261600 38701465436 93.2 20729796961620128 89.5
816402000 38701486236 93.2 20729840260427936 89.5
816776400 38702843336 93.3 20734974363250848 89.5
816873100 38702857636 93.3 20734985059382432 89.5
816951600 38702863936 93.3 20734992367465632 89.5
816976300 38702864036 93.3 20734992455324832 89.5
817019600 38702886836 93.3 20735003952759968 89.5
817034700 38702939636 93.3 20735061925860512 89.5
817035100 38702940136 93.3 20735062192919712 89.5
817048600 38702940936 93.3 20735063845698464 89.5
817155600 38702944936 93.3 20735068340648864 89.5
817302900 38703007936 93.3 20735126126431136 89.5
817544000 38717604936 93.3 20740013633014688 89.6
817547900 38717617036 93.3 20740036152413088 89.6
817618600 38717660436 93.3 20740085265976224 89.6
817946600 38717670936 93.3 20740104460985248 89.6
817960000 38717735336 93.3 20740161136309152 89.6
818029800 38717739636 93.3 20740169891963808 89.6
818069800 38717817436 93.3 20740223532893088 89.6
818085600 38717866636 93.3 20740245175821216 89.6
818132600 38721425036 93.3 20742658331927456 89.6
818151800 38721519536 93.3 20742726694482848 89.6
818170300 38721556636 93.3 20742788846150560 89.6
818187100 38721606036 93.3 20742831321371552 89.6
818248300 38721620736 93.3 20742865937150880 89.6
818375900 38721633336 93.3 20742880738369440 89.6
818377400 38721635136 93.3 20742884163854240 89.6
818398400 38721670336 93.3 20742983978581920 89.6
818575400 38721686036 93.3 20743008497239968 89.6
818672300 38721709236 93.3 20743029569163168 89.6
818690200 38721746436 93.3 20743048041863072 89.6
818718100 38721758836 93.3 20743061925844896 89.6
818783900 38721761036 93.3 20743066357927328 89.6
818843900 38721763436 93.3 20743070906793376 89.6
818973900 38721872336 93.3 20743193677995424 89.6
819043200 38722208836 93.3 20743508899863968 89.6
819045300 38722213836 93.3 20743512352065696 89.6
819210100 38722214436 93.3 20743512785472288 89.6
819335300 38722242236 93.3 20743540054684448 89.6
819410700 38722243036 93.3 20743540514998144 89.6
819569000 38722276136 93.3 20743596980201344 89.6
819624300 38722276536 93.3 20743597551413568 89.6
819737700 38722378836 93.3 20743691093010752 89.6
819809200 38722651436 93.3 20743881953175872 89.6
819874600 38722655736 93.3 20743886285036864 89.6
820005100 38722659636 93.3 20743893089043264 89.6
820130800 38722695136 93.3 20743929468556096 89.6
820178700 38722695636 93.3 20743929588978496 89.6
820229200 38722701636 93.3 20743944980091712 89.6
820301800 38722754936 93.3 20744003713196864 89.6
820302300 38722791136 93.3 20744033962656576 89.6
820323900 38722804836 93.3 20744047199841088 89.6
820334600 38722807636 93.3 20744050729915456 89.6
820525500 38722990636 93.3 20744149106021440 89.6
820751200 38723003036 93.3 20744155498482240 89.6
820795800 38723003736 93.3 20744157316771008 89.6
820817000 38723268536 93.3 20744321729064128 89.6
820838500 38723304736 93.3 20744358308117696 89.6
820889500 38723494336 93.3 20744791103667392 89.6
821026400 38723503936 93.3 20744798335277248 89.6
821122900 38723507836 93.3 20744802236307648 89.6
821221000 38723509236 93.3 20744805147051968 89.6
821326400 38723510836 93.3 20744808177178304 89.6
821453400 38723583236 93.3 20744857387583168 89.6
821474700 38723593936 93.3 20744862049035968 89.6
821488800 38723594436 93.3 20744863621963328 89.6
821644500 38723609136 93.3 20744902197509696 89.6
821655900 38723629336 93.3 20744947940621888 89.6
822245800 38723920336 93.3 20745154476342848 89.6
822256300 38723921636 93.3 20745156637591616 89.6
822351500 38723922336 93.3 20745157748426816 89.6
822541500 38723924036 93.3 20745158759319616 89.6
822544800 38723925636 93.3 20745159890388416 89.6
822729600 38723944036 93.3 20745178197726656 89.6
822882700 38724332036 93.3 20745499085280704 89.6
822883000 38724422136 93.3 20745598871754176 89.6
822892100 38724459636 93.3 20745672172467648 89.6
823009800 38724461136 93.3 20745673736934848 89.6
823066400 38724494036 93.3 20745708031495616 89.6
823067700 38724495736 93.3 20745708726382016 89.6
823082100 38724496636 93.3 20745709880006720 89.6
823136600 38724504736 93.3 20745714639479872 89.6
823140200 38724512736 93.3 20745721380676672 89.6
823336300 38724513636 93.3 20745722379294016 89.6
823351600 38724514836 93.3 20745723634195648 89.6
823508800 38724554336 93.3 20745755653934272 89.6
823663300 38724561536 93.3 20745761568530624 89.6
823751900 38724581636 93.3 20745778369572032 89.6
823805600 38724587036 93.3 20745783323479232 89.6
823836700 38724604136 93.3 20745802659663040 89.6
823946300 38724619636 93.3 20745828210638016 89.6
824120200 38724694036 93.3 20745917831658688 89.6
824404400 38724694336 93.3 20745918089781984 89.6
824506000 38724719536 93.3 20745941261755104 89.6
824521200 38724852436 93.3 20746119477633760 89.6
824683100 38724853136 93.3 20746120196362592 89.6
824725300 38724854136 93.3 20746123543567200 89.6
824846400 38724899336 93.3 20746237727046496 89.6
824959100 38725095736 93.3 20746332827220832 89.6
825066400 38725097236 93.3 20746335648478560 89.6
825082100 38725137536 93.3 20746402091079008 89.6
825227900 38725204936 93.3 20746462529008992 89.6
825291800 38726073736 93.3 20747859056080224 89.6
825420800 38726227236 93.3 20748007518483808 89.6
825572200 38726229636 93.3 20748014264800608 89.6
825825300 38726233936 93.3 20748017079615840 89.6
825952900 38726241736 93.3 20748028775252320 89.6
826107800 38726243236 93.3 20748031481598560 89.6
826137400 38726289336 93.3 20748089873568352 89.6
826144100 38726303336 93.3 20748099977052768 89.6
826243100 38726321736 93.3 20748121607152224 89.6
826269000 38726400236 93.3 20748209768538720 89.6
826479000 38742209436 93.3 20756018266546784 89.6
826727900 38742238936 93.3 20756056213848672 89.6
826795900 38742418336 93.3 20756178336711264 89.6
826817800 38742443336 93.3 20756195806231136 89.6
826958200 38742481436 93.3 20756227773049440 89.6
827365000 38745882736 93.4 20758524027087456 89.6
827437900 38746074936 93.4 20758711592004192 89.6
827603600 38746084336 93.4 20758722279082592 89.6
827617700 38746140536 93.4 20758772330478176 89.6
827626200 38746143436 93.4 20758779334638176 89.6
827855500 38746151036 93.4 20758789428861536 89.6
828106900 38746176436 93.4 20758810546760288 89.6
828557200 38746185636 93.4 20758818320041056 89.6
828748800 38746191736 93.4 20758834509052000 89.6
828750600 38747322236 93.4 20760531936016480 89.6
828788300 38747378136 93.4 20760607600212064 89.6
828859400 38747484236 93.4 20760692585936992 89.6
829048700 38747484336 93.4 20760692888631392 89.6
829292700 38747493136 93.4 20760703165423712 89.6
829318200 38747497136 93.4 20760714890262624 89.6
829331700 38747651936 93.4 20761016266537056 89.6
829875100 38747673136 93.4 20761046480085088 89.6
829923200 38747774936 93.4 20761134164557920 89.7
830539000 38747780236 93.4 20761139237989984 89.7
830703300 38747786536 93.4 20761150923810400 89.7
831800800 38747820436 93.4 20761171999848032 89.7
831950200 38747824336 93.4 20761173597810400 89.7
832021100 38747824736 93.4 20761173939161600 89.7
832162400 38747835336 93.4 20761201415844352 89.7
832935400 38749269336 93.4 20766443031785984 89.7
833334900 38749351336 93.4 20766542493692416 89.7
834098100 38749397436 93.4 20766576226206208 89.7
834147300 38749620536 93.4 20766779034108416 89.7
834469800 38749669136 93.4 20766795773154816 89.7
835312500 38749670236 93.4 20766797817309952 89.7
836049600 38749670336 93.4 20766797827345152 89.7
836059200 38749673536 93.4 20766804591738624 89.7
836385900 38749679036 93.4 20766817566095104 89.7
836603400 38749688836 93.4 20766827817326336 89.7
836891500 38749704836 93.4 20766845378107136 89.7
837089500 38749705736 93.4 20766846053947136 89.7
837382000 38749705836 93.4 20766846159547840 89.7
837383600 38749764736 93.4 20766973271887296 89.7
837819300 38749783636 93.4 20766992373095872 89.7
837969800 38749803636 93.4 20767016326673856 89.7
837987000 38749803936 93.4 20767016457745856 89.7
838223200 38749853736 93.4 20767057154160064 89.7
838245900 38749857136 93.4 20767061224482240 89.7
838300700 38749857336 93.4 20767061621384640 89.7
838332000 38749943136 93.4 20767128981173696 89.7
838445400 38749955536 93.4 20767142815413696 89.7
838713100 38749960736 93.4 20767147842997696 89.7
839696100 38749981036 93.4 20767171249919424 89.7
839898300 38750003736 93.4 20767186193405376 89.7
839919200 38750341236 93.4 20767470754190784 89.7
840074500 38750342236 93.4 20767471289128384 89.7
840104200 38750343836 93.4 20767472907555264 89.7
840322600 38750372736 93.4 20767492553169344 89.7
840776600 38750449636 93.4 20767555339618752 89.7
840894000 38750451436 93.4 20767559164977344 89.7
841346800 38750469536 93.4 20767582337112256 89.7
841802400 38750533436 93.4 20767637576628416 89.7
841828200 38750534936 93.4 20767639511667264 89.7
842225100 38750542436 93.4 20767645154531904 89.7
842290000 38750639236 93.4 20767738259749440 89.7
842347500 38750681536 93.4 20767768247179840 89.7
842376400 38750709336 93.4 20767794506811968 89.7
842723400 38750744836 93.4 20767817451971136 89.7
842888800 38750746236 93.4 20767818295747136 89.7
842904700 38751471236 93.4 20768502545654336 89.7
843154200 38751476336 93.4 20768512636557888 89.7
843358300 38751482836 93.4 20768519561460288 89.7
843369400 38751498236 93.4 20768535732223552 89.7
843743100 38751530536 93.4 20768571117178432 89.7
843860500 38751531736 93.4 20768571789536832 89.7
843877100 38751532336 93.4 20768572827053632 89.7
843894200 38751548536 93.4 20768583163399744 89.7
843948000 38765648636 93.4 20773125284253248 89.7
843997600 38765654836 93.4 20773140043304512 89.7
844013500 38765702436 93.4 20773191523323456 89.7
844072200 38765724036 93.4 20773212218345024 89.7
844170300 38765855636 93.4 20773304190543424 89.7
844423400 38765879736 93.4 20773320901452352 89.7
844598100 38765891936 93.4 20773347853490752 89.7
844626500 38765895536 93.4 20773357122517568 89.7
845347300 38765912136 93.4 20773376138345024 89.7
845387600 38765927236 93.4 20773389872523840 89.7
845441200 38765929336 93.4 20773391109925440 89.7
845558600 38765929936 93.4 20773392793801408 89.7
845570700 38765979836 93.4 20773516869300928 89.7
845768500 38766094336 93.4 20773559713014464 89.7
845818000 38766109236 93.4 20773575195028160 89.7
845845800 38766116336 93.4 20773581562055360 89.7
845912900 38767120336 93.4 20774415040514752 89.7
845984500 38767136036 93.4 20774429959308992 89.7
846041000 38767185436 93.4 20774455834558144 89.7
846233300 38767193936 93.4 20774465387500224 89.7
846467000 38767260636 93.4 20774530356409024 89.7
846880800 38767279236 93.4 20774552868983488 89.7
846893400 38767285436 93.4 20774555894493888 89.7
847028200 38767292136 93.4 20774566006539968 89.7
847040200 38767309436 93.4 20774587338780352 89.7
847157900 38767437636 93.4 20774661115580096 89.7
847352600 38767487936 93.4 20774714367405760 89.7
847367300 38767488036 93.4 20774714382356160 89.7
847524100 38767527236 93.4 20774743927877312 89.7
847779500 38767572336 93.4 20774793231781568 89.7
848010700 38767779536 93.4 20774930603175616 89.7
848106200 38770360436 93.4 20778629982449344 89.7
848112400 38770392036 93.4 20778671222070976 89.7
848125900 38770399036 93.4 20778686715066048 89.7
848148100 38770434836 93.4 20778720605589184 89.7
848485200 38770474836 93.4 20778777555898048 89.7
848721400 38770480936 93.4 20778784560058048 89.7
848739400 38770557736 93.4 20778851468738240 89.7
848843500 38770565336 93.4 20778861909786304 89.7
849024800 38770567536 93.4 20778863712574144 89.7
849272900 38770572736 93.4 20778866994592704 89.7
849333900 38770574636 93.4 20778871309180864 89.7
849563400 38770624536 93.4 20778906265149376 89.7
849592200 38770628436 93.4 20778911227080640 89.7
849784100 38770628836 93.4 20778911555758240 89.7
849844700 38770634236 93.4 20778919103742624 89.7
849894900 38770643536 93.4 20778929285946016 89.7
850010000 38770945836 93.4 20779153968847520 89.7
850351300 38770960936 93.4 20779167042869920 89.7
850730900 38770981136 93.4 20779191367101088 89.7
850944900 38770988936 93.4 20779204322007712 89.7
851147500 38771158336 93.4 20779340923894432 89.7
851281800 38771217736 93.4 20779390839630496 89.7
851288600 38771217936 93.4 20779390840449696 89.7
851593300 38771218236 93.4 20779391154817696 89.7
851649500 38771218736 93.4 20779391712529696 89.7
851767300 38771244336 93.4 20779425963965728 89.7
851797100 38771315836 93.4 20779492096347424 89.7
851874200 38771437636 93.4 20779560439397664 89.7
851899300 38771448336 93.4 20779568182844192 89.7
851920200 38771461836 93.4 20779582094088992 89.7
851997000 38771479636 93.4 20779606655009568 89.7
852164000 38772794036 93.4 20779738179044128 89.7
852343900 38772829536 93.4 20779763139572512 89.7
852420700 38772830936 93.4 20779765263927712 89.7
852431300 38772841736 93.4 20779779775441312 89.7
852577900 38772842736 93.4 20779780887572512 89.7
852770600 38772851436 93.4 20779790989590560 89.7
852942500 38772860836 93.4 20779797773919776 89.7
853012800 38773131236 93.4 20780114046559776 89.7
853130100 38774033636 93.4 20781524781573664 89.7
853301500 38774039036 93.4 20781534349180448 89.7
853479200 38774055936 93.4 20781567695345184 89.7
853611800 38774057536 93.4 20781570885650464 89.7
853642000 38774061436 93.4 20781575743797792 89.7
853879300 38774061736 93.4 20781576048474208 89.7
853946000 38774116236 93.4 20781614009002080 89.7
854304900 38774122036 93.4 20781626035677280 89.7
854697800 38774134536 93.4 20781642123536480 89.7
854744300 38774185636 93.4 20781705425021024 89.7
855095000 38774290736 93.4 20781824628189280 89.7
855304400 38774349936 93.4 20781876943116384 89.7
855415900 38774359236 93.4 20781887675583584 89.7
855538000 38774360236 93.4 20781889064932576 89.7
855746100 38774361236 93.4 20781890978103136 89.7
855845600 38774368136 93.4 20781900286213984 89.7
855893600 38774375436 93.4 20781907278925152 89.7
856067300 38774378836 93.4 20781911062425952 89.7
856173400 38774429536 93.4 20781962562400608 89.7
856175200 38774430036 93.4 20781962904991712 89.7
856227800 38774539236 93.4 20782043790227424 89.7
856247300 38774546136 93.4 20782051785911264 89.7
856255100 38774607336 93.4 20782121133911008 89.7
856375400 38774636336 93.4 20782143838886880 89.7
856381600 38775282836 93.4 20782599950670816 89.7
856492400 38775344336 93.4 20782651724487648 89.7
856686500 38775355636 93.4 20782664661089248 89.7
856875000 38775357736 93.4 20782666696441056 89.7
856908400 38775359436 93.4 20782670692280032 89.7
856914700 38775481336 93.4 20782775157368544 89.7
856994300 38775499636 93.4 20782795699795680 89.7
857189600 38775570336 93.4 20782859198162656 89.7
857209800 38775571736 93.4 20782860039685856 89.7
857211000 38775632736 93.4 20782910868584160 89.7
857293300 38776182336 93.4 20783315959805664 89.7
857333300 38776204636 93.4 20783337670821600 89.7
857395200 38776205436 93.4 20783338476159968 89.7
857403400 38776224236 93.4 20783357849822176 89.7
857735400 38776246936 93.4 20783392080151520 89.7
857818800 38776248736 93.4 20783392960297696 89.7
857942800 38776249936 93.4 20783394294364896 89.7
858086100 38776250736 93.4 20783394839384800 89.7
858229800 38776250936 93.4 20783394868876000 89.7
858291500 38776252336 93.4 20783395807293472 89.7
858513900 38776424836 93.4 20783559200878624 89.7
858639700 38776425936 93.4 20783561011349920 89.7
858660400 38776428236 93.4 20783564220006560 89.7
858975300 38776464636 93.4 20783577834777760 89.7
859058500 38776768136 93.4 20784390693973152 89.8
859213800 38776768436 93.4 20784390930844656 89.8
859233800 38776829936 93.4 20784452183112688 89.8
859265000 38776833236 93.4 20784456363285488 89.8
859270200 38776860036 93.4 20784477767605232 89.8
859430400 38776869636 93.4 20784488636603376 89.8
859499400 38776898236 93.4 20784500522263536 89.8
859516000 38776903636 93.4 20784504423498736 89.8
859552700 38777121836 93.4 20784730533446640 89.8
859965300 38777129236 93.4 20784739188210672 89.8
860008800 38777133536 93.4 20784744005311472 89.8
860120000 38778275636 93.4 20787035589516272 89.8
860135900 38778281136 93.4 20787042574886896 89.8
860169000 38778281836 93.4 20787043384870896 89.8
860174400 38778282036 93.4 20787043509184496 89.8
860200000 38778285536 93.4 20787046807693296 89.8
860208200 38778285936 93.4 20787047149956784 89.8
860430500 38778290536 93.4 20787052133764784 89.8
860495100 38778363436 93.4 20787127464611504 89.8
860514200 38778394636 93.4 20787142895481520 89.8
860613900 38778397636 93.4 20787144214109616 89.8
860921000 38778399036 93.4 20787145921251760 89.8
860927300 38778400136 93.4 20787147663035440 89.8
860932400 38778401336 93.4 20787148717536624 89.8
860999600 38778407336 93.4 20787158094384496 89.8
861196100 38778409936 93.4 20787160144432496 89.8
861258200 38778412736 93.4 20787162010285424 89.8
861263700 38778416036 93.4 20787164914962288 89.8
861382800 38778454836 93.4 20787204863082352 89.8
861390300 38778455036 93.4 20787204892573552 89.8
861397300 38778489836 93.4 20787247653707632 89.8
861538500 38778490836 93.4 20787248169549424 89.8
861611200 38778493836 93.4 20787252417950064 89.8
861761200 38778497036 93.4 20787255916549744 89.8
861813000 38778506036 93.4 20787267805299312 89.8
861843300 38778533136 93.4 20787302646137456 89.8
861962300 38778581236 93.4 20787396498276976 89.8
862040900 38778581536 93.4 20787396604279976 89.8
862155800 38778592936 93.4 20787411572497576 89.8
862334100 38778606936 93.4 20787429461138600 89.8
862398300 38778607836 93.4 20787430484251432 89.8
862501100 38778623336 93.4 20787440809457448 89.8
862591400 38778625636 93.4 20787444215442728 89.8
862604900 38778632936 93.4 20787457976616232 89.8
862678100 38778642836 93.4 20787466888658216 89.8
862747400 38778644836 93.4 20787469071067176 89.8
862799700 38778737936 93.4 20787570508761128 89.8
863257000 38780156136 93.4 20787737697126440 89.8
863388500 38780944036 93.4 20788311207381032 89.8
863656200 38780944636 93.4 20788312781639464 89.8
863705600 38780976536 93.4 20788344901170984 89.8
863768700 38780985036 93.4 20788348974199592 89.8
863840100 38781012236 93.4 20788375989736232 89.8
863953100 38781013536 93.4 20788376683803432 89.8
863971800 38781034236 93.4 20788397140497192 89.8
864076300 38781076036 93.4 20788430294000424 89.8
864116300 38781076136 93.4 20788430308746024 89.8
864118900 38781076736 93.4 20788430827504424 89.8
864190800 38782227336 93.4 20790260028621608 89.8
864203100 38786054236 93.5 20792840397210408 89.8
864249000 38786058936 93.5 20792846984602408 89.8
864551300 38786094836 93.5 20792903153943336 89.8
864584600 38786096036 93.5 20792905205475112 89.8
864590100 38786168136 93.5 20792999129704232 89.8
864900900 38786169536 93.5 20793000482393000 89.8
864953000 38786302336 93.5 20793069650946984 89.8
865016700 38786466336 93.5 20793301662067624 89.8
865214100 38786466436 93.5 20793301722074024 89.8
865376000 38786478636 93.5 20793318709002152 89.8
865547500 38786480536 93.5 20793319387407784 89.8
865585400 38786492136 93.5 20793333044258216 89.8
865598300 38786497736 93.5 20793339449833896 89.8
865742200 38786498836 93.5 20793340654877096 89.8
865780200 38786510136 93.5 20793354767173032 89.8
865849500 38786559136 93.5 20793408052413864 89.8
866239800 38786560536 93.5 20793409496265128 89.8
866480100 38786573436 93.5 20793416838533544 89.8
866633300 38786574136 93.5 20793417552887528 89.8
866672900 38788190536 93.5 20799226442153704 89.8
866753700 38788212536 93.5 20799247436828392 89.8
867380100 38788224736 93.5 20799256002427112 89.8
868049400 38788334736 93.5 20799362867738856 89.8
868286900 38788334936 93.5 20799362959489256 89.8
868308200 38788347636 93.5 20799370781606120 89.8
868321000 38788347936 93.5 20799371220755528 89.8
869408200 38788349536 93.5 20799374440083528 89.8
869698700 38788409136 93.5 20799435610497096 89.8
869912700 38788456036 93.5 20799487764942920 89.8
870440200 38788496036 93.5 20799522380320840 89.8
871889600 38788498636 93.5 20799526786273864 89.8
872181100 38788533236 93.5 20799562249073224 89.8
873129700 38788560936 93.5 20799590300557896 89.8
873532500 38788570736 93.5 20799594290061896 89.8
873546900 38788571736 93.5 20799595473396296 89.8
874811000 38788574836 93.5 20799600726857800 89.8
874853300 38788661636 93.5 20799680876861512 89.8
874972600 38788782936 93.5 20799780723660872 89.8
875079700 38790951136 93.5 20802609310373960 89.8
875165600 38790954736 93.5 20802613601802824 89.8
876077600 38790982736 93.5 20802640713402952 89.8
876530200 38791001036 93.5 20802660024003144 89.8
876812800 38791003836 93.5 20802663462022472 89.8
877776600 38791010936 93.5 20802673350176072 89.8
878375400 38791012536 93.5 20802675648541768 89.8
878633800 38791276236 93.5 20802766157788232 89.8
880049400 38791341336 93.5 20802812871971912 89.8
880234600 38791346036 93.5 20802821328618568 89.8
880717900 38791382836 93.5 20802862042555464 89.8
880745900 38791487636 93.5 20802912576521288 89.8
881043000 38791488036 93.5 20802913146479688 89.8
881155900 38810538836 93.5 20814012662129736 89.9
881839100 38810831036 93.5 20814185622283336 89.9
882103200 38810852136 93.5 20814210715178056 89.9
882245900 38810854536 93.5 20814213530358856 89.9
882612400 38810865836 93.5 20814223663951944 89.9
882711800 38810902136 93.5 20814245199315016 89.9
882750000 38811025236 93.5 20814535623999560 89.9
882943000 38811026036 93.5 20814535939431880 89.9
883519600 38812657436 93.5 20817122549407176 89.9
883766100 38812692436 93.5 20817162112396744 89.9
884365700 38812693836 93.5 20817163915460296 89.9
884471600 38812697236 93.5 20817168264179400 89.9
884607400 38812709836 93.5 20817182229946056 89.9
885267300 38812813836 93.5 20817269643476680 89.9
885384100 38812914136 93.5 20817377213423304 89.9
885551700 38812943836 93.5 20817410438158024 89.9
885591300 38812944336 93.5 20817410792666824 89.9
885593100 38812947736 93.5 20817414629799624 89.9
885916700 38812948636 93.5 20817415900745032 89.9
885955400 38812949236 93.5 20817416443679624 89.9
886056400 38812950436 93.5 20817417938048264 89.9
886315400 38813480736 93.5 20817817817126152 89.9
886466200 38813485336 93.5 20817823588730120 89.9
886876000 38813487236 93.5 20817825613799304 89.9
886917100 38813537736 93.5 20817866587578248 89.9
887081900 38813539836 93.5 20817869765623176 89.9
887351900 38813617536 93.5 20817935745719688 89.9
887405700 38813647236 93.5 20817963416292744 89.9
887524500 38813659136 93.5 20817975584390536 89.9
887574300 38813691836 93.5 20818006254570888 89.9
887809200 38813704436 93.5 20818038809269640 89.9
887895000 38813749336 93.5 20818054609608072 89.9
887968900 38813814436 93.5 20818094856056200 89.9
888018100 38813816536 93.5 20818097053765000 89.9
888123200 38813899936 93.5 20818175618264456 89.9
888169600 38813941936 93.5 20818232571620744 89.9
888279100 38814023036 93.5 20818336100625800 89.9
888301000 38814024736 93.5 20818338022571656 89.9
888361000 38814025836 93.5 20818338798974472 89.9
888537000 38814033936 93.5 20818345924324360 89.9
888613000 38814071436 93.5 20818373603990536 89.9
888615800 38814085036 93.5 20818389839817736 89.9
888687500 38814115836 93.5 20818419835446280 89.9
888916500 38814118036 93.5 20818421856050184 89.9
889022900 38814129736 93.5 20818434872249352 89.9
889114500 38814149536 93.5 20818480597728264 89.9
889142700 38814154636 93.5 20818486774209032 89.9
889154700 38814154736 93.5 20818486866573832 89.9
889167900 38814159636 93.5 20818489453524744 89.9
889169100 38814194236 93.5 20818508313079560 89.9
889170600 38814209236 93.5 20818519967659784 89.9
889535600 38814209936 93.5 20818521877010184 89.9
889649400 38814317436 93.5 20818615990974216 89.9
889780300 38814320536 93.5 20818617691767560 89.9
889874100 38814321736 93.5 20818618172399368 89.9
890344700 38814359936 93.5 20818683509448456 89.9
890936800 38814523636 93.5 20818853940174600 89.9
891219100 38814524336 93.5 20818855386677000 89.9
891570200 38814531936 93.5 20818863328285448 89.9
891646500 38814543936 93.5 20818873050141448 89.9
892039200 38819084736 93.5 20821987175371528 89.9
892052800 38819085536 93.5 20821987922403144 89.9
892083700 38819124336 93.5 20822044119596872 89.9
892105500 38819126336 93.5 20822045563113928 89.9
892107400 38819243636 93.5 20822179869987272 89.9
892432200 38819258436 93.5 20822195161338312 89.9
892447300 38819282136 93.5 20822238978720200 89.9
892633200 38819323136 93.5 20822268189467080 89.9
892844100 38819375236 93.5 20822313649332680 89.9
893367900 38819399036 93.5 20822377607836104 89.9
893380700 38819400336 93.5 20822378834183368 89.9
893528000 38821227836 93.5 20829127071384776 89.9
893534400 38821233036 93.5 20829135776727240 89.9
893563300 38821234836 93.5 20829137658545096 89.9
893649300 38821273936 93.5 20829177569559496 89.9
893832100 38821420536 93.5 20829310144250824 89.9
893995600 38821432636 93.5 20829326531054536 89.9
894265300 38821493636 93.5 20829370449791944 89.9
894469300 38821505336 93.5 20829382549339080 89.9
894672000 38821506036 93.5 20829383866153800 89.9
894864400 38821919836 93.5 20829618466224968 89.9
894930500 38822919336 93.5 20830521917143880 89.9
895068400 38822944436 93.5 20830554885237576 90.0
895107800 38822950736 93.5 20830561245095752 90.0
895180500 38822956236 93.5 20830568139300680 90.0
895395200 38823268436 93.5 20830907484118856 90.0
895399000 38823290536 93.5 20830935109373768 90.0
895639200 38823306936 93.5 20830949575821128 90.0
895667100 38823673636 93.5 20831175758022472 90.0
896284300 38823758636 93.5 20831264122931016 90.0
896432200 38823759536 93.5 20831265107238216 90.0
896532300 38823785536 93.5 20831307785207112 90.0
896770800 38823785736 93.5 20831307803639112 90.0
896970300 38823909436 93.5 20831443563904328 90.0
897194400 38823930036 93.5 20831457183118664 90.0
897339300 38823965336 93.5 20831481154692424 90.0
897384200 38823965936 93.5 20831482048154504 90.0
897415500 38824019136 93.5 20831531822640008 90.0
897739400 38824026736 93.5 20831544012832648 90.0
897833900 38824032736 93.5 20831547225037192 90.0
897953900 38824059436 93.5 20831575985617288 90.0
898020900 38824066836 93.5 20831583119210888 90.0
898505500 38824067236 93.5 20831583360102488 90.0
898611400 38824162536 93.5 20831677020631128 90.0
898653300 38824196036 93.5 20831695968974936 90.0
898783200 38824221236 93.5 20831709131647064 90.0
899026900 38824235236 93.5 20831737559468120 90.0
899056400 38824238336 93.5 20831742416543832 90.0
899115100 38824242436 93.5 20831747138822232 90.0
899138400 38824246636 93.5 20831750925763928 90.0
899149100 38824653236 93.5 20832797163767128 90.0
899325000 38824722936 93.5 20832848144995672 90.0
899700000 38824732736 93.5 20832856774230360 90.0
899755200 38824749736 93.5 20832873771877720 90.0
899810800 38824858436 93.5 20832954374104408 90.0
899969200 38824861836 93.5 20832956098315608 90.0
899980100 38824890236 93.5 20832982889768280 90.0
899986200 38824898936 93.5 20832994671458648 90.0
900029300 38824900836 93.5 20832996846651736 90.0
900127700 38825107036 93.5 20833230188693848 90.0
900354900 38825109636 93.5 20833230842415448 90.0
900446900 38825116836 93.5 20833246235716952 90.0
900574700 38825117936 93.5 20833248100011352 90.0
900590300 38825269036 93.5 20833360436260184 90.0
900666200 38825269936 93.5 20833361229905688 90.0
901000800 38825572636 93.5 20833771123834648 90.0
901067200 38825589536 93.5 20833787345465112 90.0
901168800 38825806336 93.5 20833964701282072 90.0
901194700 38825812036 93.5 20833971059396376 90.0
901232400 38825844936 93.5 20833995484571416 90.0
901322600 38825895336 93.5 20834042354796312 90.0
901461500 38825896536 93.5 20834045087033112 90.0
901590400 38825907336 93.5 20834070092795672 90.0
901741400 38825941836 93.5 20834102664765208 90.0
901744300 38825978936 93.5 20834151676673816 90.0
901853300 38825980736 93.5 20834153475908376 90.0
902157500 38825983436 93.5 20834157423741208 90.0
902353800 38826021736 93.5 20834197014198552 90.0
902396900 38826041436 93.5 20834215956412696 90.0
902704300 38827618636 93.6 20837439061457176 90.0
902781900 38827635036 93.6 20837467867744536 90.0
902845300 38827664536 93.6 20837498935032088 90.0
902913000 38827676636 93.6 20837521365467416 90.0
903047300 38827681236 93.6 20837525648512280 90.0
903195300 38827684436 93.6 20837527711053080 90.0
903557200 38827684736 93.6 20837528084198680 90.0
903557600 38827685236 93.6 20837528570927896 90.0
903766900 38827686436 93.6 20837530737178392 90.0
903827400 38827861336 93.6 20837707051464472 90.0
903840400 38827863636 93.6 20837711500095768 90.0
904000000 38827882136 93.6 20837735919993112 90.0
904384700 38827882636 93.6 20837736260165912 90.0
904618400 38827888436 93.6 20837742176032536 90.0
905121300 38827964236 93.6 20837828652791576 90.0
905381300 38827975936 93.6 20837844978660120 90.0
905660500 38828010136 93.6 20837878955072280 90.0
905774900 38828154036 93.6 20838026276494104 90.0
905789800 38828156536 93.6 20838029325357592 90.0
905902400 38828175536 93.6 20838046309548568 90.0
905952000 38828179636 93.6 20838049607216664 90.0
906035900 38828346836 93.6 20838182517763608 90.0
906412100 38830683236 93.6 20840182211178008 90.0
906454600 38830684636 93.6 20840183547088408 90.0
906483600 38830757836 93.6 20840266906340888 90.0
906671200 38830814836 93.6 20840332527603224 90.0
906880700 38830816036 93.6 20840333648268824 90.0
906955100 38830847936 93.6 20840353370697240 90.0
907230800 38831237636 93.6 20840724894150168 90.0
908651900 38831252136 93.6 20840737342508568 90.0
908764000 38831366436 93.6 20840854782520856 90.0
908785200 38831366636 93.6 20840855033605656 90.0
908875000 38832795736 93.6 20841036922023448 90.0
908916100 38832826236 93.6 20841096951365144 90.0
909276800 38832865336 93.6 20841137293528600 90.0
909657100 38832959136 93.6 20841186264698392 90.0
909777400 38832974136 93.6 20841202302033432 90.0
910643000 38832974836 93.6 20841202841258008 90.0
910906700 38832975136 93.6 20841203158052312 90.0
910924400 38832976636 93.6 20841203928881496 90.0
911468800 38833036236 93.6 20841286476994904 90.0
911498300 38833592336 93.6 20841702489823576 90.0
911628100 38855387836 93.6 20853503433611608 90.0
911786800 38855389236 93.6 20853505846573400 90.0
912265900 38855390536 93.6 20853507575257688 90.0
913175900 38855507436 93.6 20853619135191640 90.0
913247600 38855573936 93.6 20853672933898840 90.0
914152000 38855574236 93.6 20853673250687128 90.0
914207100 38855577236 93.6 20853675319986328 90.0
914276900 38855577336 93.6 20853675580696728 90.0
915032900 38855577736 93.6 20853676054399128 90.0
915105700 38855608736 93.6 20853702599776408 90.1
915227000 38855622136 93.6 20853711119482520 90.1
915231800 38855622336 93.6 20853711496928920 90.1
915383700 38855709636 93.6 20853770364472984 90.1
915460400 38855731036 93.6 20853788949554840 90.1
915670100 38855732136 93.6 20853790989235608 90.1
916286000 38856119136 93.6 20853847255836056 90.1
916305600 38856120436 93.6 20853850211100056 90.1
916540400 38856121236 93.6 20853851060039576 90.1
916563100 38856122036 93.6 20853852059176984 90.1
916577400 38856130136 93.6 20853858726325272 90.1
916660600 38857189236 93.6 20855598202498072 90.1
916733400 38857190036 93.6 20855598662642456 90.1
916876900 38857197036 93.6 20855607146277656 90.1
917039500 38857234136 93.6 20855640915749656 90.1
917044500 38857277736 93.6 20855675574016792 90.1
917273400 38858647236 93.6 20856740876901144 90.1
917641000 38858704136 93.6 20856807527217944 90.1
918100100 38858737736 93.6 20856853802580760 90.1
918425600 38858816636 93.6 20856887845851928 90.1
918589000 38858817536 93.6 20856889199747608 90.1
918964800 38858817736 93.6 20856889222685208 90.1
918977700 38858818636 93.6 20856890815975960 90.1
919482600 38858822336 93.6 20856892772725528 90.1
919591400 38858826036 93.6 20856897947747096 90.1
919790500 38858830736 93.6 20856904385538840 90.1
919903400 38858832436 93.6 20856906408537496 90.1
920416000 38858876736 93.6 20856934431731096 90.1
920679800 38858895036 93.6 20856949348553112 90.1
921005900 38858898836 93.6 20856951870118296 90.1
921589900 38858900436 93.6 20856951927667096 90.1
921596900 38858902536 93.6 20856956950664088 90.1
921633900 38858920636 93.6 20856976401187736 90.1
922105700 38858936036 93.6 20856993577862040 90.1
922246200 38858936636 93.6 20856993768530840 90.1
922365000 38858985236 93.6 20857041907917720 90.1
922496200 38858989436 93.6 20857046443472792 90.1
922553700 38859074136 93.6 20857122153453464 90.1
922691500 38860886536 93.6 20858725176989592 90.1
922731500 38860886636 93.6 20858725191735192 90.1
922741800 38860886836 93.6 20858726170064792 90.1
923096000 38860888836 93.6 20858732696271768 90.1
923266600 38860939236 93.6 20858800802974616 90.1
923447400 38861118136 93.6 20859008224693144 90.1
923700200 38861144136 93.6 20859028226571160 90.1
924231800 38861282336 93.6 20859139263355800 90.1
924292600 38861321136 93.6 20859145842439576 90.1
924549800 38861341736 93.6 20859163800548760 90.1
924819700 38861661836 93.6 20859421388977560 90.1
925574100 38861690936 93.6 20859453038767512 90.1
925659000 38861714336 93.6 20859468992672152 90.1
926136500 38861894836 93.6 20859609490321816 90.1
926241200 38862287936 93.6 20859747284611480 90.1
926251700 38862386236 93.6 20859842791641496 90.1
926513700 38862390236 93.6 20859846295723672 90.1
926625300 38863331036 93.6 20861071977520792 90.1
926747800 38863810936 93.6 20861443511426712 90.1
926961100 38863816636 93.6 20861447415299480 90.1
927024500 38863829136 93.6 20861461103721880 90.1
927247600 38863858336 93.6 20861499526475160 90.1
927367200 38863861936 93.6 20861502800727192 90.1
927432300 38863909936 93.6 20861562597059736 90.1
927952800 38864091136 93.6 20861712999558296 90.1
928157000 38864103836 93.6 20861724659942552 90.1
928178800 38864143436 93.6 20861767493313688 90.1
928216700 38864144036 93.6 20861768925361560 90.1
928626800 38864348736 93.6 20862020649432472 90.1
928767900 38864351036 93.6 20862023787144856 90.1
929213300 38864427636 93.6 20862101147772568 90.1
929219300 38864429236 93.6 20862102922159768 90.1
929446400 38864439136 93.6 20862116913414808 90.1
929459600 38864507736 93.6 20862188146074264 90.1
929667200 38864519636 93.6 20862198054093464 90.1
929852200 38864520036 93.6 20862198602547864 90.1
929931700 38864780836 93.6 20862845374120600 90.1
930196400 38864796136 93.6 20862855980263064 90.1
930201600 38864802436 93.6 20862862690524312 90.1
930379200 38864948236 93.6 20863019042102424 90.1
930400500 38864949136 93.6 20863020216630424 90.1
930433800 38864950036 93.6 20863021154046232 90.1
930564700 38864970036 93.6 20863055131529496 90.1
930739800 38865108136 93.6 20863097424072984 90.1
930797000 38865110436 93.6 20863101873636632 90.1
930901800 38865111136 93.6 20863103774795032 90.1
931082200 38865112436 93.6 20863105670200472 90.1
931568000 38865113836 93.6 20863107726244760 90.1
931876800 38865114436 93.6 20863108497521560 90.1
932070100 38865124036 93.6 20863122918797208 90.1
932113900 38865227936 93.6 20863227059203992 90.1
932590500 38865230236 93.6 20863232072891800 90.1
932691500 38867447636 93.6 20871339343232408 90.1
932806400 38867454836 93.6 20871347998373272 90.1
933081600 38867672236 93.6 20871511912625560 90.1
933192100 38867674436 93.6 20871515212355736 90.1
933219800 38867674636 93.6 20871515310454936 90.1
933254800 38868968236 93.7 20873602819750040 90.1
933273600 38869066736 93.7 20873715920337048 90.1
933357800 38869164836 93.7 20873794458253464 90.1
933631100 38869211336 93.7 20873842244118680 90.1
933791800 38870327436 93.7 20876175419828376 90.1
934291400 38871419036 93.7 20877862994503832 90.2
934297500 38871419236 93.7 20877863210848728 90.2
934645800 38871434836 93.7 20877874888054232 90.2
935742100 38871482236 93.7 20877914768319960 90.2
935747300 38871553536 93.7 20877971130861016 90.2
935929800 38871665236 93.7 20878087574611416 90.2
935978900 38871665336 93.7 20878087892665816 90.2
936165200 38871665936 93.7 20878088417450904 90.2
936239000 38871690236 93.7 20878124614241176 90.2
936341700 38871743936 93.7 20878178576858008 90.2
936440000 38871765536 93.7 20878194229068696 90.2
936510900 38871786436 93.7 20878203929359256 90.2
936994000 38871790636 93.7 20878209385528728 90.2
937174700 38871791236 93.7 20878210050772440 90.2
937729900 38871821836 93.7 20878272240266712 90.2
937855800 38871841536 93.7 20878292296740312 90.2
938009800 38877298936 93.7 20881968318197208 90.2
938193400 38877299436 93.7 20881968345026008 90.2
938297700 38877467236 93.7 20882195198692824 90.2
938489000 38877486036 93.7 20882210844588504 90.2
938650800 38877495436 93.7 20882216994816472 90.2
938769200 38877501136 93.7 20882228988045784 90.2
938984300 38877501236 93.7 20882229081639384 90.2
939003800 38877501436 93.7 20882229266573784 90.2
939005400 38877510936 93.7 20882239447338456 90.2
939203700 38877523036 93.7 20882252992766424 90.2
939211700 38877526636 93.7 20882258988653016 90.2
939417500 38877581136 93.7 20882294304975320 90.2
939430000 38877720836 93.7 20882441786173912 90.2
939751500 38877735736 93.7 20882450838898136 90.2
939981300 38877737836 93.7 20882453174849240 90.2
940054700 38877797436 93.7 20882530647674584 90.2
940136000 38877846436 93.7 20882542069787352 90.2
940224200 38877853136 93.7 20882548530237656 90.2
940335200 38877854536 93.7 20882550254285528 90.2
940355200 38877862136 93.7 20882568979278552 90.2
940409000 38877862636 93.7 20882569406772152 90.2
940563600 38877866936 93.7 20882574491382200 90.2
940749600 38877875436 93.7 20882586066868664 90.2
940806400 38877892136 93.7 20882607681577400 90.2
940904400 38877909236 93.7 20882622998200760 90.2
941180400 38877911336 93.7 20882626175814584 90.2
941207300 38877913436 93.7 20882627512339384 90.2
941221900 38878002936 93.7 20882710832499640 90.2
941367000 38878141436 93.7 20882845983255480 90.2
941577600 38878141636 93.7 20882846035684280 90.2
941585800 38878146636 93.7 20882851263348152 90.2
941610700 38878196236 93.7 20882909801033144 90.2
941888600 38878235236 93.7 20882929184818616 90.2
941938100 38878236336 93.7 20882931720543160 90.2
941968400 38878266436 93.7 20882950984846264 90.2
942176600 38878669136 93.7 20883988577471416 90.2
942190400 38878669536 93.7 20883988953810008 90.2
942301400 38878669936 93.7 20883990287058008 90.2
942429900 38878743736 93.7 20884067011748952 90.2
942574100 38878747036 93.7 20884072389469784 90.2
942822200 38878773536 93.7 20884100558607960 90.2
942890900 38880535036 93.7 20884504411854424 90.2
942974500 38880538136 93.7 20884510008220248 90.2
943135800 38880539036 93.7 20884511848017624 90.2
943170300 38880552636 93.7 20884518894776024 90.2
943245700 38880559036 93.7 20884527018000600 90.2
943276600 38881193236 93.7 20885371864465624 90.2
943463300 38881194036 93.7 20885374106382552 90.2
943767200 38881263536 93.7 20885442182926552 90.2
943974500 38881271336 93.7 20885453970680024 90.2
944003500 38881271936 93.7 20885455516715224 90.2
944460000 38881286436 93.7 20885468902676696 90.2
945143200 38881287836 93.7 20885470651920344 90.2
945238200 38881290336 93.7 20885472860220888 90.2
945257600 38881290636 93.7 20885472980538584 90.2
945478500 38881293136 93.7 20885474611536728 90.2
945541800 38881301936 93.7 20885484524373848 90.2
945748000 38881322336 93.7 20885503530299224 90.2
945854200 38881334736 93.7 20885513905837912 90.2
945872700 38881336136 93.7 20885515603392216 90.2
946255500 38881384936 93.7 20885560150607576 90.2
946450500 38881462236 93.7 20885629544490712 90.2
946528600 38881463336 93.7 20885630536221016 90.2
946582900 38881472736 93.7 20885639698563416 90.2
946597700 38881503636 93.7 20885670267707736 90.2
946610500 38881509536 93.7 20885679412139352 90.2
946798100 38881514736 93.7 20885688830512472 90.2
946811600 38881838536 93.7 20886030107856216 90.2
946876500 38882201636 93.7 20886117948640600 90.2
946999600 38882331936 93.7 20886253170937176 90.2
947152500 38882418136 93.7 20886381480414552 90.2
947245800 38882418236 93.7 20886381650603352 90.2
947386000 38882418536 93.7 20886381750136152 90.2
947407100 38882910336 93.7 20886715354426712 90.2
947574100 38883002436 93.7 20886799324523864 90.2
947584800 38883003436 93.7 20886800430320984 90.2
947796800 38883022936 93.7 20886820607913304 90.2
948246700 38883481536 93.7 20887180109114712 90.2
948391400 38883483836 93.7 20887183569828184 90.2
948445500 38883602736 93.7 20887485780605272 90.2
948450400 38883608536 93.7 20887488506211160 90.2
948804800 38883654136 93.7 20887531750734680 90.2
948946200 38883654636 93.7 20887532728065752 90.2
950150200 38883675236 93.7 20887547814556376 90.2
950240300 38883846636 93.7 20887956179825368 90.2
950664600 38908371436 93.7 20900892163093208 90.3
951066200 38908371836 93.7 20900892761314008 90.3
951192400 38908429836 93.7 20900941743121112 90.3
951286300 38908475036 93.7 20900989860627160 90.3
951638400 38908477136 93.7 20900993535148760 90.3
951690100 38908478236 93.7 20900995735146712 90.3
952185900 38912007136 93.8 20904488444547288 90.3
952294800 38912007236 93.8 20904488837353688 90.3
952439400 38912009836 93.8 20904492573364184 90.3
952749100 38912011936 93.8 20904495172969688 90.3
952768000 38912045236 93.8 20904527752594648 90.3
952812100 38912047036 93.8 20904532790742744 90.3
952885900 38912064636 93.8 20904554603863768 90.3
952935700 38912065236 93.8 20904555144620760 90.3
952947200 38912077336 93.8 20904586468899544 90.3
953400900 38912079536 93.8 20904589729976536 90.3
953525200 38912135336 93.8 20904615917899992 90.3
953671200 38912135436 93.8 20904616277528792 90.3
953703000 38912135536 93.8 20904616286949592 90.3
953752600 38912138536 93.8 20904618672459992 90.3
954164300 38912145536 93.8 20904627457151192 90.3
954450900 38912173736 93.8 20904656723620056 90.3
954872200 38912174636 93.8 20904657968072408 90.3
954947500 38912215736 93.8 20904717890385624 90.3
955120200 38912217536 93.8 20904721829466328 90.3
955228800 38912218536 93.8 20904723169511640 90.3
956079700 38912236336 93.8 20904736680308952 90.3
956136300 38912261136 93.8 20904764573130968 90.3
956388100 38912319036 93.8 20904817930928344 90.3
956518500 38912325136 93.8 20904828972564696 90.3
956540700 38912646236 93.8 20905038587494616 90.3
957110600 38912920136 93.8 20905185912914136 90.3
957418600 38913014736 93.8 20905330795118808 90.3
957580800 38915181436 93.8 20907106866331864 90.3
957847200 38915182336 93.8 20907109295384024 90.3
957870000 38915186036 93.8 20907110575179224 90.3
957890500 38915186236 93.8 20907110595249624 90.3
957957000 38915215436 93.8 20907134934123992 90.3
957999800 38915284636 93.8 20907289764857304 90.3
958047400 38915286436 93.8 20907292007379416 90.3
958060900 38915311736 93.8 20907332698210776 90.3
958277500 38915324736 93.8 20907347172445656 90.3
958363900 38915325636 93.8 20907348638070872 90.3
958581600 38915360436 93.8 20907382775773272 90.3
958648500 38915458836 93.8 20907432216225880 90.3
958735700 38915473136 93.8 20907446352816216 90.3
958838100 38915556036 93.8 20907525444733016 90.3
959086200 38915557136 93.8 20907526939568216 90.3
959095800 38915569436 93.8 20907546326141016 90.3
959166100 38915577136 93.8 20907554206026328 90.3
959278700 38915579436 93.8 20907559496670296 90.3
959466700 38915584836 93.8 20907561497141592 90.3
959658200 38915585736 93.8 20907563055541592 90.3
959723200 38915586636 93.8 20907564110764248 90.3
959774800 38915615036 93.8 20907590994936024 90.3
959798500 38915617336 93.8 20907595045262808 90.3
960093400 38915617536 93.8 20907595470018008 90.3
960305400 38915624736 93.8 20907601538006488 90.3
960408900 38916719436 93.8 20909675580571096 90.3
960652300 38916730436 93.8 20909685879758296 90.3
960717500 38916731936 93.8 20909688993412568 90.3
960785500 38916744436 93.8 20909701602324952 90.3
960831600 38916744836 93.8 20909703299502552 90.3
961054000 38917138936 93.8 20909941598097880 90.3
961078300 38917139536 93.8 20909942905950680 90.3
961190200 38917315536 93.8 20910056785170904 90.3
961399100 38917316136 93.8 20910058337145304 90.3
961651400 38917364636 93.8 20910109570277848 90.3
961717300 38917365236 93.8 20910110197550936 90.3
962360600 38917366536 93.8 20910110303022936 90.3
962376300 38917367136 93.8 20910112031894872 90.3
962728800 38917372636 93.8 20910118207104344 90.3
962769000 38917374736 93.8 20910120097882328 90.3
962930900 38917381136 93.8 20910125559823064 90.3
962931700 38922591736 93.8 20912972018727640 90.3
962951200 38922603436 93.8 20912987954982616 90.3
963290800 38922633236 93.8 20913020795573976 90.3
963310100 38922633836 93.8 20913021383726296 90.3
963350000 38922634236 93.8 20913022438934296 90.3
963530700 38922761636 93.8 20913137281386264 90.3
963565300 38922776436 93.8 20913149931628312 90.3
963651800 38922798536 93.8 20913200826472216 90.3
963788800 38922802136 93.8 20913203044697624 90.3
964134400 38922825336 93.8 20913214745409048 90.3
964245100 38922829336 93.8 20913219803101208 90.3
964576700 38922854536 93.8 20913236836703256 90.3
965330400 38923230136 93.8 20913431000046616 90.3
965601500 38923231736 93.8 20913433780707096 90.3
965698100 38923318836 93.8 20913544651923224 90.3
965751700 38923319136 93.8 20913544672198424 90.3
966500500 38923331736 93.8 20913556307460888 90.3
966578800 38925053136 93.8 20914799353807640 90.3
966889100 38925053936 93.8 20914800706921240 90.3
967060600 38925055836 93.8 20914803071121688 90.3
967624600 38925064536 93.8 20914809012779288 90.3
967917800 38925068936 93.8 20914815915903256 90.3
968160100 38925080836 93.8 20914826935492888 90.3
968392900 38925081236 93.8 20914828214264088 90.3
968473800 38925082036 93.8 20914828978782488 90.3
968532900 38925083336 93.8 20914829956291480 90.3
968834400 38928835536 93.8 20925708328311704 90.4
968964300 38928844036 93.8 20925718279134104 90.4
969127200 38928854336 93.8 20925728098679704 90.4
969185500 38928895036 93.8 20925821201652632 90.4
969271100 38928897136 93.8 20925823151259928 90.4
969433200 38929338336 93.8 20926370328494360 90.4
969908600 38929361936 93.8 20926429105299736 90.4
969956900 38929363136 93.8 20926430483281688 90.4
970011800 38929363236 93.8 20926430498232088 90.4
970050900 38929398836 93.8 20926453885343512 90.4
970364200 38929399936 93.8 20926455524441368 90.4
971110600 38929402936 93.8 20926460722532632 90.4
971175200 38929550736 93.8 20926841878925592 90.4
971469800 38929593236 93.8 20926884660982040 90.4
972132800 38929718436 93.8 20926960654512408 90.4
972192100 38929720436 93.8 20926963726319384 90.4
972615400 38929721236 93.8 20926964790919768 90.4
973076200 38930306236 93.8 20928034480456280 90.4
973152100 38930309036 93.8 20928035749893208 90.4
973360300 38930309436 93.8 20928036453758424 90.4
973666900 38930309636 93.8 20928036483659224 90.4
974001000 38930350636 93.8 20928074297931224 90.4
974409300 38930350836 93.8 20928074327832024 90.4
974454100 38930360836 93.8 20928082103678424 90.4
974485300 38930361736 93.8 20928083657682136 90.4
974587500 38930421036 93.8 20928131127831768 90.4
974868600 38930430436 93.8 20928138338574552 90.4
974870600 38930433336 93.8 20928147998260440 90.4
975109100 38930449736 93.8 20928172640179416 90.4
975477500 38930512436 93.8 20928318400009432 90.4
975888700 38930512736 93.8 20928319230185560 90.4
976158700 38930529736 93.8 20928339985041496 90.4
976326700 38930543036 93.8 20928348216115800 90.4
976422700 38930571136 93.8 20928370890558040 90.4
976466300 38930594436 93.8 20928394210957912 90.4
976638800 38930594636 93.8 20928394306804312 90.4
976653300 38930596036 93.8 20928395290169816 90.4
976777000 38930619236 93.8 20928449515422168 90.4
976910700 38930622636 93.8 20928454468510168 90.4
977073700 38930624436 93.8 20928455342193944 90.4
977264700 38930635536 93.8 20928471593482520 90.4
977321100 38930636136 93.8 20928472135717144 90.4
977459500 38930645336 93.8 20928485071325464 90.4
977621500 38930646236 93.8 20928486212921368 90.4
977622400 38931824336 93.8 20930355852896280 90.4
977652200 38933301136 93.8 20931659690436632 90.4
977829400 38933360136 93.8 20931709725448216 90.4
977829800 38933713936 93.8 20932080430749720 90.4
978403900 38933715236 93.8 20932082077290648 90.4
978914900 38933716736 93.8 20932085102754200 90.4
979092000 38933717636 93.8 20932088150907288 90.4
979586000 38933718636 93.8 20932089773061912 90.4
979868200 38933869636 93.8 20932317647533848 90.4
980069800 38933870436 93.8 20932319365601048 90.4
980462900 38934217236 93.8 20932605219051288 90.4
980618500 38934225636 93.8 20932612655820568 90.4
980785300 38934239736 93.8 20932624449001240 90.4
980855100 38934266436 93.8 20932648939190040 90.4
980903300 38934306236 93.8 20932689716348696 90.4
981073500 38934605936 93.8 20933260612110104 90.4
981256900 38934716036 93.8 20933312007497496 90.4
982325700 38934858936 93.8 20933437656180504 90.4
982615100 38934877936 93.8 20933460370302744 90.4
982683800 38934878336 93.8 20933461153090072 90.4
982854500 38934879736 93.8 20933463951511320 90.4
982906000 38934880436 93.8 20933464149143320 90.4
983351600 38934893136 93.8 20933484110292760 90.4
983575800 38934903336 93.8 20933497602878232 90.4
983947400 38934913436 93.8 20933505530686232 90.4
984085600 38935005536 93.8 20933596935940888 90.4
984829100 38935091236 93.8 20933661054569240 90.4
984921100 38935091736 93.8 20933661635149080 90.4
985089600 38935092136 93.8 20933662871980440 90.4
985184400 38935120636 93.8 20933686541517208 90.4
985234800 38935156536 93.8 20933732327297432 90.4
985966600 38935184636 93.8 20933751813941656 90.4
986073200 38935185336 93.8 20933752316810456 90.4
986374300 38935219336 93.8 20933787846530264 90.4
986457300 38935318436 93.8 20933847368852696 90.4
986458200 38935337436 93.8 20933858212900056 90.4
986469600 38935388636 93.8 20933921831988440 90.4
986556900 38935398836 93.8 20933933164396760 90.4
989106800 38935427636 93.8 20933961759303896 90.4
989261100 38935444336 93.8 20933976061815000 90.4
989543600 38935456736 93.8 20933990989292760 90.4
989695100 38935457836 93.8 20933992216659160 90.4
990117400 38935457936 93.8 20933992224236760 90.4
990137600 38935481736 93.8 20934022176388312 90.4
990138600 38935491236 93.8 20934034421191896 90.4
990171300 38935524036 93.8 20934060331283672 90.4
990237800 38935524236 93.8 20934060542447368 90.4
990418100 38935647536 93.8 20934256983346952 90.4
990442400 38936409036 93.8 20935209502904072 90.4
990525600 38936448036 93.8 20935250796240648 90.4
990585000 38936449036 93.8 20935252115357448 90.4
990968100 38936599836 93.8 20935366568419080 90.4
991055900 38936600036 93.8 20935367023814792 90.4
991089500 38936613836 93.8 20935380844661896 90.4
991124800 38936689336 93.8 20935440770534536 90.4
991132500 38936697436 93.8 20935446802573960 90.4
991138700 38936697636 93.8 20935447013762952 90.4
991304200 38936698536 93.8 20935449715913096 90.4
991322900 38936698836 93.8 20935450032705800 90.4
991413000 38936714336 93.8 20935460705118472 90.4
991447200 38936724136 93.8 20935467811678472 90.4
991452300 38936724236 93.8 20935468301969672 90.4
991524000 38936724336 93.8 20935468407563768 90.4
991676400 38936734136 93.8 20935477477565944 90.4
991681800 38936843636 93.8 20935555477685752 90.4
991897500 38936897136 93.8 20935593332610552 90.4
992188100 38936897636 93.8 20935594113818552 90.4
992505600 38936932236 93.8 20935640105267128 90.4
992607700 38936948836 93.8 20935653655859128 90.4
992647800 38936955436 93.8 20935658759463864 90.4
992875200 38936955736 93.8 20935659296898744 90.4
992970100 38936965736 93.8 20935669307998904 90.4
993197100 38937005936 93.8 20935729518207672 90.4
993219300 38937007036 93.8 20935731175039672 90.4
993229300 38937007136 93.8 20935731266175672 90.4
993265700 38937010036 93.8 20935734580466104 90.4
993437200 38937011136 93.8 20935735786481080 90.4
993724200 38937032836 93.8 20935749746813368 90.4
993726500 38937033036 93.8 20935749958001672 90.4
993737700 38937039536 93.8 20935757045719048 90.4
993749800 38937059536 93.8 20935775271100424 90.4
993821400 38937064036 93.8 20935778798166024 90.4
993841400 38937066036 93.8 20935782105686024 90.4
993931500 38937097736 93.8 20935806518167560 90.4
994073100 38937123136 93.8 20935826213316616 90.4
994127700 38937129336 93.8 20935831691052552 90.4
994277600 38941853936 93.8 20938263317825032 90.4
994324100 38941854536 93.8 20938264164891144 90.4
994539000 38941855136 93.8 20938265369115144 90.4
994588400 38941855336 93.8 20938265405159944 90.4
994865300 38941875736 93.8 20938281759643144 90.4
994891400 38941925536 93.8 20938326381708808 90.4
994953400 38941939836 93.8 20938339002308104 90.4
995254800 38941998336 93.8 20938417105933832 90.4
995399100 38941998936 93.8 20938418401820168 90.4
995736300 38941999436 93.8 20938419190220936 90.4
995739800 38942014136 93.8 20938429975279752 90.4
995822400 38942041736 93.8 20938466546645128 90.4
995826100 38942116536 93.8 20938534441465992 90.4
996138600 38942138136 93.8 20938542835825288 90.4
996190300 38942239836 93.8 20938687692241544 90.4
996202800 38942315036 93.8 20938765474142856 90.4
996282600 38942315436 93.8 20938765686725256 90.4
996381600 38942335536 93.8 20938807143795336 90.4
996411700 38942335636 93.8 20938807249379336 90.4
996579700 38942429936 93.8 20938875947839496 90.4
996628900 38942431336 93.8 20938878919751176 90.4
996705600 38942452436 93.8 20938902400046600 90.4
996718200 38942604236 93.8 20939038102115848 90.4
996771900 38942605636 93.8 20939040099368200 90.4
996775900 38942620736 93.8 20939062815206664 90.4
996851900 38942633636 93.8 20939093180900616 90.4
996861200 38942652136 93.8 20939109206120712 90.4
997307000 38942652636 93.8 20939110143821000 90.4
997329200 38942653136 93.8 20939111131004232 90.4
997499400 38942653236 93.8 20939111236600936 90.4
997599200 38942721236 93.8 20939173846312040 90.4
997642100 38942749036 93.8 20939209678722152 90.4
997690500 38942886536 93.8 20939341523989608 90.4
997696900 38942931036 93.8 20939433489241192 90.4
997805400 38943216836 93.8 20939615692903528 90.4
997921300 38943218936 93.8 20939618275327848 90.4
998329900 38943333136 93.8 20939665805008744 90.4
998428600 38943372536 93.8 20939689134638952 90.4
998452400 38943372936 93.8 20939689625465160 90.4
998515400 38943373236 93.8 20939689694687560 90.4
998574600 38943373336 93.8 20939689795039560 90.4
998713900 38943519036 93.8 20940010554339656 90.4
998865800 38943614636 93.8 20940100961005896 90.4
998974800 38943621736 93.8 20940107921409864 90.4
999008300 38943621836 93.8 20940108027004568 90.4
999222300 38943622036 93.8 20940108041954968 90.4
999303600 38943630736 93.8 20940114992013464 90.4
999405800 38943630836 93.8 20940114992218264 90.4
999446800 38943674736 93.8 20940167324827800 90.4
999506900 38943675336 93.8 20940168321384984 90.4
999640800 38943785536 93.8 20940217553871384 90.4
999657400 38943786436 93.8 20940218022658584 90.4
999678000 38943792136 93.8 20940220429345816 90.4
999794500 38943792936 93.8 20940221498530200 90.4
999974300 38943983036 93.8 20940377953687960 90.4
1000161500 38944215536 93.8 20940548609792408 90.4
1000340400 38944219436 93.8 20940552034746520 90.4
1000455800 38944219836 93.8 20940552864539928 90.4
1000471000 38944220336 93.8 20940553794863000 90.4
1000494500 38944225336 93.8 20940561281662872 90.4
1000527800 38944244936 93.8 20940573278457752 90.4
1000545400 38944257736 93.8 20940586429178776 90.4
1000660600 38944258236 93.8 20940586830018584 90.4
1000903500 38944402736 93.8 20940718189058072 90.4
1000958000 38944413736 93.8 20940723605198872 90.4
1000971400 38944443236 93.8 20940758841149464 90.4
1001056300 38944448036 93.8 20940771063435288 90.4
1001121100 38944466636 93.8 20940794194331672 90.4
1001122800 38944499936 93.8 20940830681286680 90.4
1001235700 38944500236 93.8 20940831031289880 90.4
1001275300 38944501636 93.8 20940832711098648 90.4
1001313900 38944501936 93.8 20940832974800952 90.4
1001414300 38944503836 93.8 20940834405124152 90.4
1001469600 38944504236 93.8 20940834697090744 90.4
1001485700 38944504636 93.8 20940835527256824 90.4
1001753000 38944506436 93.8 20940837537983224 90.4
1001815300 38944552236 93.8 20940903279512312 90.4
1001874800 38944608236 93.8 20940959145085688 90.4
1002008700 38944608436 93.8 20940959739541752 90.4
1002246800 38944626536 93.8 20940979356719352 90.4
1002328700 38944663236 93.8 20941012559046904 90.4
1002423300 38944664336 93.8 20941013718624504 90.4
1002477600 38944673536 93.8 20941026916602104 90.4
1002954000 38944674736 93.8 20941028627597432 90.4
1003058500 38944676236 93.8 20941029676992632 90.4
1003069100 38944707836 93.8 20941064415987832 90.4
1003155000 38944723736 93.8 20941073787431032 90.4
1003337600 38944834736 93.8 20941172260857976 90.4
1003363300 38944857336 93.8 20941192196968568 90.4
1003399500 38945091936 93.8 20941411056898168 90.4
1003642800 38945097036 93.8 20941420200587384 90.4
1004013300 38945137336 93.8 20941458070671480 90.4
1004451700 38964339036 93.9 20951622693785720 90.5
1004542500 38964340336 93.9 20951623641856312 90.5
1004878400 38964357936 93.9 20951652464556344 90.5
1005086000 38964366436 93.9 20951658207270200 90.5
1005328300 38964406436 93.9 20951703402882360 90.5
1005640300 38964420336 93.9 20951720651547960 90.5
1006142300 38964420736 93.9 20951720675509560 90.5
1006155600 38964529236 93.9 20951782981944632 90.5
1006511700 38964537036 93.9 20951789275172152 90.5
1006712500 38965931436 93.9 20956954727796024 90.5
1006730700 38965932536 93.9 20956955563994424 90.5
1007777500 38966449236 93.9 20957381927710008 90.5
1007817200 38966449536 93.9 20957382755761784 90.5
1013387900 38966452436 93.9 20957385118948984 90.5
1013610200 38966454136 93.9 20957386890589816 90.5
1013936600 38966462436 93.9 20957394320578168 90.5
1014114500 38966468236 93.9 20957399512048760 90.5
1014206000 38966525836 93.9 20957456226952312 90.5
1014462700 38966591536 93.9 20957469943456888 90.5
1015339800 38966634936 93.9 20957499504118904 90.5
1015407300 38966635036 93.9 20957499609712104 90.5
1016213300 38966683936 93.9 20957543506134504 90.5
1016849700 38966696036 93.9 20957551781202408 90.5
1016870400 38966716536 93.9 20957572205126120 90.5
1016958800 38966746636 93.9 20957597946687976 90.5
1017016700 38966754136 93.9 20957605750796776 90.5
1018149600 38966759636 93.9 20957612141580776 90.5
1018300200 38966760236 93.9 20957613100166952 90.5
1019239200 38966760936 93.9 20957613506975944 90.5
1019374700 38966785136 93.9 20957634528209096 90.5
1019425100 38966785236 93.9 20957634633802600 90.5
1019711200 38966812336 93.9 20957647564686184 90.5
1019751000 38966813736 93.9 20957650365887336 90.5
1020436700 38966867336 93.9 20957670054366056 90.5
1020609200 38966868136 93.9 20957671781002472 90.5
1020739400 38980758536 93.9 20964524144946408 90.5
1020998600 38980782636 93.9 20964537222001896 90.5
1021208000 38980788736 93.9 20964543231663848 90.5
1021471000 38980819336 93.9 20964576400275176 90.5
1021579100 38980838236 93.9 20964594969036520 90.5
1021694200 38980839836 93.9 20964597502207720 90.5
1022629700 38980884036 93.9 20964636763551464 90.5
1022805600 38981907536 93.9 20965549430208232 90.5
1023021500 38981907636 93.9 20965549535805632 90.5
1023260700 38981933836 93.9 20965577482070208 90.5
1023387300 38981934436 93.9 20965579050523072 90.5
1023901600 38981935436 93.9 20965579890120256 90.5
1023911800 38981936936 93.9 20965581175572800 90.5
1023970300 38981978836 93.9 20965630712715584 90.5
1024126700 38981987036 93.9 20965638559259968 90.5
1024287800 38982022736 93.9 20965667220419904 90.5
1024364700 38982844136 93.9 20967013235619136 90.5
1024376800 38982848936 93.9 20967018770700608 90.5
1024644100 38982849336 93.9 20967020218636608 90.5
1024725500 38982852536 93.9 20967023103957568 90.5
1024873700 38982853936 93.9 20967025745467968 90.5
1024890200 38982854736 93.9 20967026738602496 90.5
1025209900 38982857736 93.9 20967030331408896 90.5
1025219300 38982857836 93.9 20967030527197696 90.5
1025295500 38982859036 93.9 20967031372862720 90.5
1025296800 38982863136 93.9 20967036266968320 90.5
1025626400 38983424636 93.9 20968137286055168 90.5
1026134900 38983487036 93.9 20968188451595520 90.5
1026433300 38983496836 93.9 20968200330476800 90.5
1026470800 38983511236 93.9 20968207782770944 90.5
1026842200 38983531636 93.9 20968226028402944 90.5
1026907700 38983551336 93.9 20968256997060864 90.5
1026959500 38983552436 93.9 20968257925828864 90.5
1026965700 38983618436 93.9 20968310917705984 90.5
1027194000 38983621236 93.9 20968315980828928 90.5
1027334300 38983622536 93.9 20968317051991808 90.5
1027492200 38983635336 93.9 20968327576217344 90.5
1027833800 38983646436 93.9 20968342938432256 90.5
1027869500 38983647636 93.9 20968344714977024 90.5
1028001400 38983652036 93.9 20968348234383872 90.5
1028040600 38983733236 93.9 20968523291591168 90.5
1028128100 38983733636 93.9 20968523332346368 90.5
1028138400 38983800836 93.9 20968606305206784 90.5
1028338200 38983808236 93.9 20968612043769856 90.5
1028410200 38983816636 93.9 20968622591993856 90.5
1028582500 38983817836 93.9 20968624335267072 90.5
1028616300 38983842236 93.9 20968646587297024 90.5
1028772300 38983898236 93.9 20968697644956928 90.5
1028875100 38983940436 93.9 20968744755973376 90.5
1028879500 38983940936 93.9 20968746145258880 90.5
1028897800 38984185236 93.9 20968915531308416 90.5
1029039800 38984226336 93.9 20969020556041600 90.5
1029177400 38984491036 93.9 20969199786597760 90.5
1029181500 38984636936 93.9 20969311616507264 90.5
1029773000 38984649436 93.9 20969316729010048 90.5
1029809200 38984669636 93.9 20969361571243904 90.5
1029854900 38985517436 93.9 20970670603167616 90.6
1030000000 38985594136 93.9 20970743000909696 90.6
1030249000 38985595136 93.9 20970745396122752 90.6
1030427200 38985595236 93.9 20970745396327552 90.6
1030434900 38985597636 93.9 20970746911437952 90.6
1030499400 38985598336 93.9 20970747733011968 90.6
1030655500 38985633036 93.9 20970789866536448 90.6
1030739700 38985800436 93.9 20970909926039040 90.6
1030762600 38985850136 93.9 20970926536404480 90.6
1030831500 38985924036 93.9 20970977122536960 90.6
1031125800 38985959636 93.9 20971004290780672 90.6
1031147800 38985962036 93.9 20971009277501952 90.6
1031155800 38986040336 93.9 20971060941050368 90.6
1031203300 38986041436 93.9 20971061736903168 90.6
1031304500 38986147736 93.9 20971140887376384 90.6
1031435700 38986149436 93.9 20971144085157888 90.6
1031684900 38986186336 93.9 20971192351823872 90.6
1031765700 38986191236 93.9 20971194918834944 90.6
1031957600 38986290336 93.9 20971442953458432 90.6
1032031100 38986301836 93.9 20971449681726208 90.6
1032098100 38986319336 93.9 20971465847090944 90.6
1032367400 38986328736 93.9 20971472475815168 90.6
1032627000 38986359536 93.9 20971489378313472 90.6
1032630300 38986364936 93.9 20971494784673536 90.6
1032694600 38986365336 93.9 20971495427516416 90.6
1032847700 38986372336 93.9 20971512188003328 90.6
1032933200 38986415336 93.9 20971538307781632 90.6
1032954800 38986425636 93.9 20971544838831104 90.6
1032988900 38986440736 93.9 20971564825904128 90.6
1033032200 38987543436 93.9 20973826507867136 90.6
1033058900 38987596836 93.9 20973871624307712 90.6
1033076800 38987619736 93.9 20973912310445056 90.6
1033089900 38987622136 93.9 20973915074222080 90.6
1033309400 38987665136 93.9 20973949370996736 90.6
1033345500 38987675536 93.9 20973956167238144 90.6
1033501200 38987675736 93.9 20973956240146944 90.6
1033524900 38987685336 93.9 20973960396497152 90.6
1033687200 38987700536 93.9 20973968265450752 90.6
1033705900 38987708436 93.9 20973978709841152 90.6
1034124600 38987890536 93.9 20974461708588288 90.6
1034267200 38991721136 93.9 20976346694997248 90.6
1034394300 38991753836 93.9 20976376770168064 90.6
1034518800 38991805736 93.9 20976424066770176 90.6
1034528100 38991809536 93.9 20976426480338176 90.6
1034561800 38992945336 93.9 20980642988721408 90.6
1034577900 38992945936 93.9 20980643313177792 90.6
1034606800 38992960536 93.9 20980654894236864 90.6
1034862700 38992961736 93.9 20980657029644608 90.6
1034942800 38992970436 93.9 20980674056599872 90.6
1034965000 38992971636 93.9 20980675256383296 90.6
1035002300 38992977136 93.9 20980681344504640 90.6
1035087700 38992977636 93.9 20980682705153600 90.6
1035095900 38992994136 93.9 20980696103705152 90.6
1035463500 38993006936 93.9 20980713544518208 90.6
1035469700 38993008436 93.9 20980715138476608 90.6
1035521500 38993013436 93.9 20980719033502784 90.6
1035601900 38993015336 93.9 20980719852702784 90.6
1035765900 38993018336 93.9 20980725140660288 90.6
1035804900 38993018436 93.9 20980725176500288 90.6
1035831800 38993021836 93.9 20980729405210688 90.6
1035835900 38993024136 93.9 20980732780688960 90.6
1035853000 38993198636 94.0 20980880419583552 90.6
1035895800 38993199036 94.0 20980881037024576 90.6
1035927200 38993203736 94.0 20980886741975360 90.6
1035929600 38993204036 94.0 20980887763020096 90.6
1035962200 38993209936 94.0 20980895252313408 90.6
1036066900 38993221036 94.0 20980917506248000 90.6
1036071500 38993242636 94.0 20980929191369024 90.6
1036185600 38993257236 94.0 20980961836095808 90.6
1036186000 38993451136 94.0 20981142797211968 90.6
1036262300 38993473836 94.0 20981153916315968 90.6
1036276200 38993503336 94.0 20981176088488256 90.6
1036321100 38993503436 94.0 20981176299227456 90.6
1036343000 38993504036 94.0 20981177122933056 90.6
1036566700 38993533636 94.0 20981203230794048 90.6
1036585200 38993942636 94.0 20982057144754496 90.6
1036606200 38993944036 94.0 20982058989485376 90.6
1036643000 38993944336 94.0 20982059092909376 90.6
1036693200 38993954236 94.0 20982067178685248 90.6
1036707800 38993954336 94.0 20982067284283552 90.6
1036712100 38993954636 94.0 20982067925717152 90.6
1036720100 38993956836 94.0 20982068760786784 90.6
1036761400 38993991636 94.0 20982089728726880 90.6
1036919100 38994004136 94.0 20982100623391584 90.6
1036976700 38994012236 94.0 20982107458345824 90.6
1037024600 38994018036 94.0 20982115961232224 90.6
1037159700 38994027536 94.0 20982123419919200 90.6
1037169800 38994047636 94.0 20982144615002976 90.6
1037182700 38994169436 94.0 20982264538780512 90.6
1037186200 38994171636 94.0 20982265465910112 90.6
1037337500 38994172336 94.0 20982266187095712 90.6
1037505900 38994182836 94.0 20982276638815904 90.6
1037520000 38994183436 94.0 20982277571065504 90.6
1037522100 38994210136 94.0 20982302826501792 90.6
1037568000 38994210636 94.0 20982303519135392 90.6
1037653400 38994214836 94.0 20982307090091680 90.6
1037659400 38994220936 94.0 20982321675284128 90.6
1037732300 38994223136 94.0 20982325570295968 90.6
1037737600 38994272036 94.0 20982369751165088 90.6
1037744700 38994277936 94.0 20982375965001888 90.6
1037752800 38994300936 94.0 20982390719741088 90.6
1037793300 38994305436 94.0 20982393012548256 90.6
1037930500 38994362536 94.0 20982443929141920 90.6
1037998800 38994363336 94.0 20982445441138464 90.6
1038022100 38994393236 94.0 20982473011941152 90.6
1038041500 38995058536 94.0 20983292660469536 90.6
1038050700 38995187036 94.0 20983414225391392 90.6
1038151200 38995202036 94.0 20983424077710112 90.6
1038255400 38995220136 94.0 20983440326132512 90.6
1038371700 38995222736 94.0 20983442622554912 90.6
1038386000 38995302536 94.0 20983505846936352 90.6
1038401900 38995302836 94.0 20983506395713568 90.6
1038426000 38995369836 94.0 20983547970605088 90.6
1038426200 38995384636 94.0 20983566672953376 90.6
1038511400 38995386236 94.0 20983568338796576 90.6
1038570700 38995386736 94.0 20983569224556576 90.6
1038579900 38995390536 94.0 20983579903852576 90.6
1038590500 38996274336 94.0 20985287738196000 90.6
1038600500 38996279036 94.0 20985291003656224 90.6
1038669000 38996301736 94.0 20985316828516384 90.6
1038748600 38996304336 94.0 20985319184510240 90.6
1038792800 38996305136 94.0 20985320992530976 90.6
1038881900 38996319536 94.0 20985330938557984 90.6
1039089200 38996324136 94.0 20985333575194400 90.6
1039153900 38996343436 94.0 20985353974142752 90.6
1039266600 38996344236 94.0 20985355677066912 90.6
1039281900 38996344736 94.0 20985357012858272 90.6
1039345100 38996345636 94.0 20985359041356448 90.6
1039429800 38996377536 94.0 20985388076915360 90.6
1039475400 38996384036 94.0 20985392144402592 90.6
1039481600 38996385136 94.0 20985393638911392 90.6
1039483500 38996386436 94.0 20985397466418592 90.6
1039503100 38996403936 94.0 20985408950728096 90.6
1039554600 38996431636 94.0 20985440948438432 90.6
1039720500 38996474436 94.0 20985498216334752 90.6
1039725400 38996548036 94.0 20985563969664416 90.6
1039742300 38996638436 94.0 20985618377889184 90.6
1039938400 38996647636 94.0 20985636276346272 90.6
1039951500 38996695636 94.0 20985680592952736 90.6
1040246800 38996712836 94.0 20985695332449696 90.6
1040346300 38996713036 94.0 20985695638957696 90.6
1040451700 38996714936 94.0 20985697539940608 90.6
1040778900 38996732736 94.0 20985709202178304 90.6
1040885300 38996734036 94.0 20985709815759104 90.6
1041044700 38996734436 94.0 20985710668588096 90.6
1041064900 38996737436 94.0 20985711538946368 90.6
1041112000 38996766436 94.0 20985767979766080 90.6
1041205300 38996819236 94.0 20985840962564416 90.6
1041263800 38996839836 94.0 20985857514457408 90.6
1041369600 38996890036 94.0 20985898078542144 90.6
1041434400 38996972336 94.0 20985987868375360 90.6
1041489700 38997002636 94.0 20986008536961344 90.6
1041575500 38997002736 94.0 20986008746881344 90.6
1041691600 38997012736 94.0 20986020588478784 90.6
1041759500 38997014836 94.0 20986025146960192 90.6
1041841500 38997043036 94.0 20986044227309888 90.6
1041859500 38997046536 94.0 20986050948231488 90.6
1041899800 38997047236 94.0 20986051398586688 90.6
1041906300 38997047836 94.0 20986052644902464 90.6
1042072700 38997050336 94.0 20986054803904064 90.6
1042155600 38997545636 94.0 20986461526283840 90.6
1042344000 38997547036 94.0 20986463055367232 90.6
1042481000 38997654636 94.0 20986566440201280 90.6
1042495400 38997654936 94.0 20986566900182080 90.6
1042530900 38997671736 94.0 20986576047299648 90.6
1042600000 38997690436 94.0 20986590155322432 90.6
1042638100 38997723136 94.0 20986621351277632 90.6
1042650000 38998002936 94.0 20986835429520448 90.6
1042659500 38998003636 94.0 20986836672662720 90.6
1042800400 38998004536 94.0 20986837473927232 90.6
1042834100 38998017136 94.0 20986846792264768 90.6
1042904100 38998063536 94.0 20986871149456448 90.6
1043112000 38998065136 94.0 20986871879568448 90.6
1043128200 38998065736 94.0 20986872263199648 90.6
1043204300 38998089636 94.0 20986894070657952 90.6
1043238600 38998134536 94.0 20986957795148704 90.6
1043276300 38998434536 94.0 20987172610245536 90.6
1043582500 38998454736 94.0 20987183033810848 90.6
1043730900 38998503136 94.0 20987242685714336 90.6
1043863800 38998503236 94.0 20987242695749536 90.6
1043924500 38998538436 94.0 20987267866591136 90.6
1043941400 38998548736 94.0 20987277280427936 90.6
1044175000 38998552236 94.0 20987281475714720 90.6
1044198700 38998645036 94.0 20987399804362400 90.6
1044240300 38998812536 94.0 20987498742513312 90.6
1044324500 38998860936 94.0 20987530354613920 90.6
1044353300 38998861236 94.0 20987530671403232 90.6
1044512400 38998874036 94.0 20987542638072032 90.6
1044544300 38998874136 94.0 20987543126724832 90.6
1044732400 38998890636 94.0 20987562627154144 90.6
1044746900 38998971336 94.0 20987633639342304 90.6
1045006500 38998997036 94.0 20987645782753504 90.6
1045209600 38999000136 94.0 20987647038995040 90.6
1045243900 38999000436 94.0 20987647126444640 90.6
1045285600 38999053836 94.0 20987711815862880 90.6
1045328500 38999110736 94.0 20987733865052768 90.6
1045340900 38999121736 94.0 20987742654607968 90.6
1045357700 38999124736 94.0 20987744703017568 90.6
1045553400 38999135836 94.0 20987757249370720 90.6
1045618700 38999182036 94.0 20987792060635744 90.6
1045797100 38999189336 94.0 20987811312282208 90.6
1045918300 38999298236 94.0 20987866038782560 90.6
1046133800 38999298336 94.0 20987866144376864 90.6
1046194100 38999305536 94.0 20987871855917600 90.6
1046227900 38999312536 94.0 20987878997292064 90.6
1046552500 38999314836 94.0 20987883170551072 90.6
1046588400 38999401236 94.0 20987945473738016 90.6
1046620700 38999411336 94.0 20987967279709472 90.6
1046629400 38999414536 94.0 20987969794645024 90.6
1046800800 38999423736 94.0 20987977878920224 90.6
1046829600 38999424136 94.0 20987978987961376 90.6
1046892800 39011943336 94.0 20994931269139488 90.7
1046963100 39011955436 94.0 20994946778150944 90.7
1047040800 39011960736 94.0 20994949984239904 90.7
1047113900 39011962936 94.0 20994954199231264 90.7
1047322300 39011963236 94.0 20994954343615264 90.7
1047326300 39012012536 94.0 20995001241934624 90.7
1047369600 39012013136 94.0 20995002882494752 90.7
1047409400 39012013536 94.0 20995003090776352 90.7
1047440800 39012017636 94.0 20995015364387104 90.7
1047452800 39012021136 94.0 20995021652631840 90.7
1047489100 39012033236 94.0 20995032188772640 90.7
1047961300 39012055936 94.0 20995049949477152 90.7
1048017000 39012067136 94.0 20995079888474400 90.7
1048101200 39012077736 94.0 20995092091971872 90.7
1048140500 39012077936 94.0 20995092342155872 90.7
1048186800 39012115336 94.0 20995121289097824 90.7
1048252200 39012160136 94.0 20995166932075104 90.7
1048315000 39012160536 94.0 20995167705574176 90.7
1048354800 39012160936 94.0 20995168370150176 90.7
1048391000 39012172536 94.0 20995180745004832 90.7
1048449700 39012173036 94.0 20995182104916128 90.7
1048572200 39012176636 94.0 20995186659196064 90.7
1048643400 39012298636 94.0 20995291310095520 90.7
1048682200 39012356436 94.0 20995305318311072 90.7
1048713600 39012356836 94.0 20995306124144160 90.7
1048746900 39012367836 94.0 20995317447725600 90.7
1048771900 39012368636 94.0 20995317930234400 90.7
1048900600 39012450836 94.0 20995389106582048 90.7
1048926500 39012520436 94.0 20995460696494624 90.7
1049021400 39012526136 94.0 20995475235024416 90.7
1049083200 39012534936 94.0 20995479878936096 90.7
1049161300 39012535436 94.0 20995480288582112 90.7
1049209600 39012608936 94.0 20995555528112608 90.7
1049210600 39012610536 94.0 20995558865784800 90.7
1049243400 39012627236 94.0 20995569021451232 90.7
1049387300 39012676936 94.0 20995600260414432 90.7
1049458700 39012678736 94.0 20995602758564832 90.7
1049533500 39012861536 94.0 20995732935572448 90.7
1049591300 39012868536 94.0 20995739787196896 90.7
1049646000 39012874336 94.0 20995744661404128 90.7
1049659600 39012959036 94.0 20995813382502880 90.7
1049702300 39012965436 94.0 20995817570543584 90.7
1049862300 39012965636 94.0 20995818163644384 90.7
1049873400 39012966236 94.0 20995818685115104 90.7
1049947200 39012966936 94.0 20995818823059296 90.7
1050030300 39012980036 94.0 20995828293717856 90.7
1050073500 39012980536 94.0 20995828610914144 90.7
1050135800 39012981036 94.0 20995829046038144 90.7
1050241000 39013024936 94.0 20995893791780480 90.7
1050246100 39013028236 94.0 20995896213745280 90.7
1050328100 39013049736 94.0 20995920137086592 90.7
1050380600 39013139036 94.0 20995995646314112 90.7
1050398000 39013155536 94.0 20996012443020928 90.7
1050526900 39013160636 94.0 20996017020346496 90.7
1050541900 39013161036 94.0 20996018285154304 90.7
1050636100 39013167136 94.0 20996026485995520 90.7
1050660400 39013182436 94.0 20996050991970304 90.7
1050684800 39013183136 94.0 20996052098383360 90.7
1050741800 39013189336 94.0 20996057703079424 90.7
1050794100 39013232536 94.0 20996094967692800 90.7
1050961200 39013257136 94.0 20996129042206208 90.7
1051046900 39013259036 94.0 20996131113963008 90.7
1051102400 39014823636 94.0 20998765277908480 90.7
1051221400 39015236136 94.0 20999034027134464 90.7
1051422900 39015276136 94.0 20999071300537856 90.7
1051812600 39015294636 94.0 20999090228768256 90.7
1051948900 39018852036 94.0 21000879334436352 90.7
1051965900 39018854836 94.0 21000885992291840 90.7
1052188700 39019301136 94.0 21001430061645312 90.7
1052232200 39019309336 94.0 21001437347814912 90.7
1052376200 39019316236 94.0 21001446707800576 90.7
1052551000 39019323536 94.0 21001451869725696 90.7
1052651300 39019354236 94.0 21001481212564480 90.7
1052666500 39019381036 94.0 21001499313241088 90.7
1052780800 39019391736 94.0 21001508055806976 90.7
1052814800 39019474436 94.0 21001603093976064 90.7
1052876800 39019483036 94.0 21001608187007488 90.7
1052982400 39019483436 94.0 21001608724431360 90.7
1053013100 39019526336 94.0 21001692123013632 90.7
1053143300 39019527536 94.0 21001693654007424 90.7
1053391700 39019535736 94.0 21001701742468736 90.7
1053434600 39019535936 94.0 21001701858508640 90.7
1053437100 39019996636 94.0 21002091920293728 90.7
1053470000 39020006936 94.0 21002103968353120 90.7
1053491700 39020076936 94.0 21002162032958304 90.7
1053500100 39020086836 94.0 21002171906463584 90.7
1053511600 39020087236 94.0 21002172232376384 90.7
1053587400 39020088036 94.0 21002172981771776 90.7
1053700800 39020123636 94.0 21002218316815872 90.7
1053704300 39021182836 94.0 21006157983833600 90.7
1053784200 39021189536 94.0 21006168805730816 90.7
1053881400 39021190036 94.0 21006169844886016 90.7
1053996200 39021203236 94.0 21006175120561664 90.7
1054133700 39021290936 94.0 21006261056960000 90.7
1054214200 39021347736 94.0 21006317703734784 90.7
1054396200 39021488436 94.0 21006429475333632 90.7
1054452100 39021509536 94.0 21006480227325440 90.7
1054472900 39021510036 94.0 21006481004682368 90.7
1054493500 39021511036 94.0 21006483218570368 90.7
1054602400 39021533336 94.0 21006518318939264 90.7
1054648100 39021541436 94.0 21006526304342656 90.7
1054676800 39021541636 94.0 21006526424886560 90.7
1054707900 39021553136 94.0 21006548915066144 90.7
1054728100 39021580136 94.0 21006564352632096 90.7
1054771700 39021702036 94.0 21006655773426976 90.7
1054795600 39021707836 94.0 21006661920498976 90.7
1054828200 39021788836 94.0 21006732798158112 90.7
1054885200 39021889836 94.0 21006856650269984 90.7
1054893200 39021889936 94.0 21006856755864880 90.7
1054989900 39021922836 94.0 21006894832805168 90.7
1055005900 39021935436 94.0 21006906858624304 90.7
1055056900 39021947036 94.0 21006920063798576 90.7
1055125700 39021947436 94.0 21006920521777968 90.7
1055131400 39021975636 94.0 21006939209003824 90.7
1055185000 39021978136 94.0 21006944377689904 90.7
1055205700 39021986736 94.0 21006963519764272 90.7
1055326300 39022074036 94.0 21007044695045936 90.7
1055394600 39022077636 94.0 21007048093087536 90.7
1055627100 39022077936 94.0 21007049498220336 90.7
1055647800 39022085636 94.0 21007059014080304 90.7
1055681700 39022090236 94.0 21007062119204400 90.7
1055723500 39022092036 94.0 21007064637604400 90.7
1055777400 39022105536 94.0 21007074684682800 90.7
1055910100 39022113536 94.0 21007091997409840 90.7
1055978800 39022124036 94.0 21007102642404912 90.7
1056087000 39022124836 94.0 21007104189917872 90.7
1056216000 39022134236 94.0 21007114072174256 90.7
1056292100 39022135936 94.0 21007115248135856 90.7
1056478200 39022136336 94.0 21007116916550832 90.7
1056495100 39022158736 94.0 21007140105235632 90.7
1056525800 39022159036 94.0 21007140630342832 90.7
1056596000 39022159136 94.0 21007140735937728 90.7
1056635500 39022197936 94.0 21007168451976384 90.7
1056637600 39022202736 94.0 21007173952271552 90.7
1056759800 39022217036 94.0 21007188387764416 90.7
1056797200 39022217436 94.0 21007188994133696 90.7
1056823200 39022218336 94.0 21007191043787712 90.7
1057072400 39022222936 94.0 21007199821456320 90.7
1057107600 39022307236 94.0 21007246145385408 90.7
1057157900 39022308236 94.0 21007247133583936 90.7
1057162400 39022324436 94.0 21007264936233536 90.7
1057168900 39022369436 94.0 21007312097036864 90.7
1057203400 39022490336 94.0 21007363299592768 90.7
1057262300 39022491236 94.0 21007364566336960 90.7
1057289400 39022494036 94.0 21007369224390592 90.7
1057415900 39022519236 94.0 21007391170144192 90.7
1057450900 39022588836 94.0 21007577897265088 90.7
1057519500 39022589136 94.0 21007578996017088 90.7
1057640300 39022640236 94.0 21007620488251328 90.7
1057681500 39022640736 94.0 21007620698376128 90.7
1057839700 39022645636 94.0 21007625126658496 90.7
1057888300 39022649436 94.0 21007633794834880 90.7
1057902700 39022651436 94.0 21007640395299776 90.7
1057982200 39022651536 94.0 21007640405334976 90.7
1057991800 39022651936 94.0 21007640827718784 90.7
1058048200 39022708736 94.0 21007692910873728 90.7
1058060000 39022738836 94.0 21007742246374528 90.7
1058206900 39022777236 94.0 21007773945625728 90.7
1058285100 39022791236 94.0 21007784284733568 90.7
1058353900 39022833036 94.0 21007881366651008 90.7
1058390500 39022845336 94.0 21007895234683008 90.7
1058432600 39022876436 94.0 21007918981443712 90.7
1058604400 39022977336 94.0 21008060132372608 90.7
1058872300 39022994436 94.0 21008079558881408 90.7
1058986700 39022995036 94.0 21008081211000448 90.7
1059007500 39022998236 94.0 21008083857787520 90.7
1059055100 39023003836 94.0 21008087172760192 90.7
1059063900 39023033636 94.0 21008116628587136 90.7
1059144800 39023035036 94.0 21008120079574400 90.7
1059222700 39023035336 94.0 21008120255907200 90.7
1059318500 39023074436 94.0 21008132970970496 90.7
1059380000 39023074636 94.0 21008133213370896 90.7
1059424500 39023077136 94.0 21008135044747024 90.7
1059499500 39023084436 94.0 21008144001039120 90.7
1059635000 39023147036 94.0 21008185059502864 90.7
1059636400 39023153336 94.0 21008190713925904 90.7
1059678400 39023153836 94.0 21008192840327824 90.7
1059725000 39023155636 94.0 21008196500162960 90.7
1059785000 39023169436 94.0 21008211178715536 90.7
1059862500 39023177336 94.0 21008218936673680 90.7
1059909700 39023200336 94.0 21008259968308624 90.7
1059981700 39023208236 94.0 21008269120943504 90.7
1059994900 39023208536 94.0 21008269347084912 90.7
1060008900 39023224236 94.0 21008282762918512 90.7
1060017600 39023239336 94.0 21008294700503664 90.7
1060165500 39023240336 94.0 21008295593636464 90.7
1060178600 39023240636 94.0 21008296340868976 90.7
1060283100 39023243736 94.0 21008298344632176 90.7
1060295200 39023244536 94.0 21008299511859952 90.7
1060296000 39023266536 94.0 21008321530493680 90.7
1060341400 39023278736 94.0 21008336889107184 90.7
1060349100 39023280036 94.0 21008338341077616 90.7
1060476600 39023334936 94.0 21008405697905264 90.7
1060548500 39023345236 94.0 21008416929342064 90.7
1060569200 39023360736 94.0 21008437184352880 90.7
1060599400 39023360936 94.0 21008437294874280 90.7
1060656400 39023361436 94.0 21008437940479784 90.7
1060670700 39023397636 94.0 21008458138945320 90.7
1060725900 39023416336 94.0 21008482634661672 90.7
1060824000 39023417736 94.0 21008483385868072 90.7
1060870900 39023486036 94.0 21008554040450856 90.7
1060907300 39023487236 94.0 21008554830364456 90.7
1060939200 39023512836 94.0 21008567849072424 90.7
1060979700 39023529036 94.0 21008583919004456 90.7
1060997700 39023543036 94.0 21008596944745256 90.7
1061020500 39023543436 94.0 21008597670473640 90.7
1061055200 39023566636 94.0 21008625714763688 90.7
1061086200 39023671336 94.0 21008778675165096 90.7
1061105300 39023671436 94.0 21008778780760096 90.7
1061203000 39023672936 94.0 21008779565348896 90.7
1061235700 39023687336 94.0 21008785694193696 90.7
1061255700 39023688236 94.0 21008787402353952 90.7
1061320700 39023691936 94.0 21008793337510176 90.7
1061383400 39023703936 94.0 21008810765039904 90.7
1061446100 39023709036 94.0 21008813977172512 90.7
1061468300 39023709936 94.0 21008815784546080 90.7
1061483400 39023723236 94.0 21008826670673696 90.7
1061520600 39023723936 94.0 21008827085431008 90.7
1061535200 39023857536 94.0 21008911858475232 90.7
1061642400 39023858036 94.0 21008912546568928 90.7
1061682700 39023869636 94.0 21008931934114528 90.7
1061940900 39023877036 94.0 21008938703736032 90.7
1062026800 39024207936 94.0 21009177862442208 90.7
1062131200 39024208236 94.0 21009177978265808 90.7
1062146500 39024238836 94.0 21009203651518672 90.7
1062179400 39024242336 94.0 21009209170440400 90.7
1062247700 39024247036 94.0 21009213982162128 90.7
1062568100 39024271336 94.0 21009226818279632 90.7
1062580400 39025018436 94.0 21010449499576528 90.7
1062872400 39025018636 94.0 21010449730509632 90.7
1062879500 39025019436 94.0 21010450371548352 90.7
1063022300 39025019536 94.0 21010450740597952 90.7
1063156500 39025019936 94.0 21010452050824896 90.7
1063462400 39025144836 94.0 21010581433896640 90.7
1063499300 39025145136 94.0 21010581632757440 90.7
1063541500 39025165636 94.0 21010634284641984 90.7
1063600500 39025167536 94.0 21010635321467840 90.7
1063641400 39025181636 94.0 21010652500634560 90.7
1063666800 39025188236 94.0 21010660030596032 90.7
1063703800 39025199336 94.0 21010671333600192 90.7
1063788400 39025216336 94.0 21010693786809280 90.7
1063821400 39025239436 94.0 21010756054942656 90.7
1064071300 39025242536 94.0 21010758484103360 90.7
1064187200 39025244136 94.0 21010759591661760 90.7
1064281500 39025257836 94.0 21010770812068032 90.7
1064283700 39025259436 94.0 21010772491518912 90.7
1064361400 39025259836 94.0 21010772867372512 90.7
1064404000 39025381936 94.0 21010891317736928 90.7
1064477200 39025391336 94.0 21010902209126880 90.7
1064509600 39025396336 94.0 21010906233243360 90.7
1064571600 39026509636 94.0 21011058122819296 90.7
1064614700 39026524736 94.0 21011068705348320 90.7
1064764300 39026590836 94.0 21011117895650016 90.7
1064793400 39026684436 94.0 21011207799507680 90.7
1065008500 39026734836 94.0 21011244476218080 90.7
1065041700 39026735536 94.0 21011245157382880 90.7
1065130700 39026889636 94.0 21011396684167904 90.7
1065400500 39026889936 94.0 21011397213166304 90.7
1065564500 39029807436 94.0 21013344859855584 90.7
1065841700 39029860736 94.0 21013398368402144 90.7
1065891900 39029912336 94.0 21013450187098848 90.7
1065912000 39029992936 94.0 21013524764445408 90.7
1066109900 39030014536 94.0 21013545820793568 90.7
1066121200 39030016036 94.0 21013547762795616 90.7
1066208700 39030103036 94.0 21013612503475296 90.7
1066249900 39030107436 94.0 21013616852032608 90.7
1066308300 39030108436 94.0 21013618009962720 90.7
1066343200 39030160836 94.0 21013652850727136 90.7
1066390000 39030161136 94.0 21013653542787168 90.7
1066555400 39030161936 94.0 21013654516200160 90.7
1066588200 39030162636 94.0 21013655420596960 90.7
1066696700 39030163136 94.0 21013655903640160 90.7
1066732400 39030163936 94.0 21013657018161760 90.7
1066991500 39030223436 94.0 21013719100144224 90.7
1067087300 39030233036 94.0 21013725926593120 90.7
1067093700 39030260736 94.0 21013753613072992 90.7
1067106100 39030265136 94.0 21013758364637792 90.7
1067312100 39030279636 94.0 21013786125347424 90.7
1067374200 39030318636 94.0 21013825926167136 90.7
1067484300 39030319236 94.0 21013826682568224 90.7
1067522900 39030321736 94.0 21013828691861024 90.7
1067746100 39030385436 94.0 21013853075129888 90.7
1067880000 39030385836 94.0 21013853792909792 90.7
1068001400 39030408636 94.0 21013869604720096 90.7
1068084500 39030410336 94.0 21013873124113120 90.7
1068339200 39030432236 94.0 21013885116177120 90.7
1068375700 39030439936 94.0 21013894623155936 90.7
1068412500 39030445236 94.0 21013898331775712 90.7
1068833700 39030445836 94.0 21013899160893984 90.7
1068849200 39030482536 94.0 21013932676889120 90.7
1068851000 39030531036 94.0 21013983518501408 90.7
1068892100 39030532836 94.0 21013987162021920 90.7
1068952000 39030619736 94.0 21014079640313888 90.7
1069041200 39030620236 94.0 21014080366868128 90.7
1069102200 39030620836 94.0 21014081158785952 90.7
1069231100 39030623636 94.0 21014085407063712 90.7
1069264200 39030626836 94.0 21014090544445088 90.7
1069361900 39030627036 94.0 21014090811094688 90.7
1069530000 39030627336 94.0 21014091127884000 90.7
1069742200 39030679636 94.0 21014115714650336 90.7
1069788500 39030743436 94.0 21014150326259936 90.7
1069865000 39030789836 94.0 21014188856213728 90.7
1070151100 39030802036 94.0 21014197959647456 90.7
1070327900 39030809236 94.0 21014208013074656 90.7
1070565000 39043992736 94.1 21021649471733984 90.8
1070683600 39043993636 94.1 21021650530469088 90.8
1070768400 39043995436 94.1 21021651811402720 90.8
1070889200 39043995836 94.1 21021652233777920 90.8
1071006300 39043998036 94.1 21021655671964160 90.8
1071041300 39043999436 94.1 21021660090399744 90.8
1071092800 39043999836 94.1 21021660411683232 90.8
1071099400 39044010936 94.1 21021670658747808 90.8
1071350900 39044045036 94.1 21021700641203616 90.8
1071426100 39044045636 94.1 21021701814461856 90.8
1071487000 39044059036 94.1 21021719453685152 90.8
1071532400 39044101236 94.1 21021744584557984 90.8
1071564900 39044101536 94.1 21021744724026784 90.8
1071626200 39044141736 94.1 21021779453998496 90.8
1071830700 39044142136 94.1 21021779682612896 90.8
1071961300 39044150236 94.1 21021789954273952 90.8
1072031300 39044150336 94.1 21021789954478752 90.8
1072061300 39044152136 94.1 21021791553642144 90.8
1072110500 39044223236 94.1 21021848242474656 90.8
1072135900 39044436336 94.1 21022013369601696 90.8
1072192400 39044437036 94.1 21022014579786912 90.8
1072524500 39044477536 94.1 21022050991641760 90.8
1072531800 39044503636 94.1 21022069778039968 90.8
1072572500 39044577336 94.1 21022151513293984 90.8
1072914600 39044633136 94.1 21022182181553312 90.8
1073008000 39044635136 94.1 21022185159959712 90.8
1073008400 39045087336 94.1 21022880261514400 90.8
1073081300 39045095036 94.1 21022890872352928 90.8
1073137200 39045175936 94.1 21022966869536928 90.8
1073236100 39045179936 94.1 21022970514772128 90.8
1073299600 39045238236 94.1 21023015330312352 90.8
1073321100 39045238436 94.1 21023015516802048 90.8
1073411000 39045239736 94.1 21023020037012480 90.8
1073531400 39045240536 94.1 21023021121388672 90.8
1073788700 39045255236 94.1 21023034451163264 90.8
1073849600 39045257136 94.1 21023036641207936 90.8
1073885700 39045676836 94.1 21023434857932416 90.8
1073918700 39045678736 94.1 21023438657618304 90.8
1073999700 39045701436 94.1 21023457841084800 90.8
1074121000 39045705436 94.1 21023462846606720 90.8
1074227400 39045845636 94.1 21023627734887808 90.8
1074471300 39045846236 94.1 21023628195603712 90.8
1074707600 39046040336 94.1 21023786860324096 90.8
1074750000 39046043336 94.1 21023790768317696 90.8
1074750600 39046043736 94.1 21023791101084384 90.8
1074953200 39046050936 94.1 21023797785198304 90.8
1075155600 39046052636 94.1 21023798909383776 90.8
1075193300 39046053036 94.1 21023799499002976 90.8
1075209600 39046070036 94.1 21023817639064672 90.8
1075227500 39046072036 94.1 21023818288075872 90.8
1075368900 39046164336 94.1 21023891044062304 90.8
1075369300 39046168136 94.1 21023898848281184 90.8
1075530200 39046188136 94.1 21023931259851360 90.8
1075536300 39046245136 94.1 21023975547069024 90.8
1075617700 39046268836 94.1 21024000129417824 90.8
1075773700 39046270936 94.1 21024002368291424 90.8
1075935900 39046370836 94.1 21024054359921248 90.8
1076100300 39046392636 94.1 21024075223984736 90.8
1076105900 39046396236 94.1 21024078772980064 90.8
1076166700 39046408336 94.1 21024087961094496 90.8
1076181300 39046411336 94.1 21024091563731296 90.8
1076215100 39046412936 94.1 21024094615738976 90.8
1076445500 39046413636 94.1 21024095606728544 90.8
1076516700 39046423136 94.1 21024106583076704 90.8
1076544200 39046440336 94.1 21024122345248608 90.8
1076605100 39046447136 94.1 21024129615151456 90.8
1076689800 39046458736 94.1 21024136875706208 90.8
1076718000 39046465436 94.1 21024140114823008 90.8
1076725500 39046465636 94.1 21024140141447008 90.8
1076787500 39046467436 94.1 21024143240733536 90.8
1076984300 39046467736 94.1 21024143559197536 90.8
1077188100 39046472936 94.1 21024151878729056 90.8
1077210700 39046478636 94.1 21024160250133856 90.8
1077223100 39046478736 94.1 21024160310140256 90.8
1077292500 39046526836 94.1 21024197672455520 90.8
1077304900 39046684636 94.1 21024362700754272 90.8
1077355300 39046684936 94.1 21024362846367072 90.8
1077370700 39047860936 94.1 21026740681190752 90.8
1077410100 39047861036 94.1 21026740681600352 90.8
1077453100 39047870336 94.1 21026749892109664 90.8
1077634200 39048151236 94.1 21027478379079008 90.8
1077753100 39048158436 94.1 21027486180373856 90.8
1077771700 39048178536 94.1 21027539266704736 90.8
1077939400 39048237336 94.1 21027586507519328 90.8
1077987300 39048237636 94.1 21027587831809632 90.8
1078572900 39048238836 94.1 21027590108246112 90.8
1078602900 39048247936 94.1 21027601574126688 90.8
1078626300 39048269436 94.1 21027629936860256 90.8
1078666500 39048339936 94.1 21027695116819552 90.8
1078812400 39048352536 94.1 21027707259309152 90.8
1078914100 39048420036 94.1 21027801692130400 90.8
1078939800 39048422536 94.1 21027806045649504 90.8
1079004000 39048432936 94.1 21027817690210912 90.8
1079020400 39048494736 94.1 21027901036356192 90.8
1079061100 39048495236 94.1 21027902238122592 90.8
1079150100 39048783336 94.1 21028118135235168 90.8
1079225000 39048799536 94.1 21028135800851040 90.8
1079255700 39048804836 94.1 21028142385375840 90.8
1079492800 39048925836 94.1 21028435250063968 90.8
1079641000 39049050536 94.1 21028584011475552 90.8
1079746200 39049072336 94.1 21028599674382944 90.8
1079825500 39049073636 94.1 21028601260137952 90.8
1079838400 39049083636 94.1 21028611944320480 90.8
1080001300 39049086036 94.1 21028614890316000 90.8
1080122700 39049630836 94.1 21029076444045536 90.8
1080132600 39049709636 94.1 21029179767169248 90.8
1080222400 39049717536 94.1 21029186360666848 90.8
1080389100 39049735136 94.1 21029196546640608 90.8
1080401600 39049735236 94.1 21029196625693408 90.8
1080428800 39049746236 94.1 21029205543267040 90.8
1080762100 39049838736 94.1 21029311348714208 90.8
1080834100 39049850136 94.1 21029324270065376 90.8
1080836600 39049921636 94.1 21029380073191136 90.8
1080917000 39049921836 94.1 21029380248827632 90.8
1081245000 39062533536 94.1 21033612124878576 90.8
1081477200 39062538236 94.1 21033617624828656 90.8
1081747600 39062553636 94.1 21033640526670576 90.8
1081888700 39062597036 94.1 21033678516038384 90.8
1082101400 39062597836 94.1 21033678724677184 90.8
1082354200 39062598336 94.1 21033679468378688 90.8
1082413700 39062602836 94.1 21033682145238080 90.8
1082505600 39062602936 94.1 21033682361302080 90.8
1082687700 39062622236 94.1 21033703010292800 90.8
1082778100 39063150036 94.1 21034091133293632 90.8
1083073900 39063150936 94.1 21034092864743744 90.8
1083131800 39063201636 94.1 21034142930692416 90.8
1083298000 39063223736 94.1 21034173452603712 90.8
1083301500 39063224336 94.1 21034174031573312 90.8
1083372700 39063233636 94.1 21034185446715712 90.8
1083390200 39063255336 94.1 21034205207531840 90.8
1083610600 39063255836 94.1 21034205861598144 90.8
1083756000 39063258536 94.1 21034209083538624 90.8
1083773800 39063273636 94.1 21034224873205952 90.8
1083861100 39063347136 94.1 21034283038384320 90.8
1083913600 39063379436 94.1 21034305943935168 90.8
1083921400 39063397036 94.1 21034322718056640 90.8
1084308800 39063397736 94.1 21034323486710336 90.8
1084446800 39063423736 94.1 21034360308828736 90.8
1084885700 39063429536 94.1 21034369527966272 90.8
1085143400 39063440636 94.1 21034379965567552 90.8
1085324600 39063456236 94.1 21034394008498752 90.8
1085643400 39063457736 94.1 21034395951994944 90.8
1085696400 39063479536 94.1 21034418356056128 90.8
1086022600 39063482336 94.1 21034420525297728 90.8
1086111400 39063777236 94.1 21034619315253312 90.8
1086197700 39063779136 94.1 21034622894165568 90.8
1086525300 39063780236 94.1 21034623702719872 90.8
1086629600 39063794236 94.1 21034629523381632 90.8
1086812900 39063794936 94.1 21034631174035840 90.8
1086868700 39063884336 94.1 21034692972915072 90.8
1087033700 39064188236 94.1 21035093624203648 90.8
1087094700 39065371336 94.1 21036098717002112 90.8
1087098000 39065395936 94.1 21036149935028608 90.8
1087105900 39065453536 94.1 21036209244715392 90.8
1087106300 39066675936 94.1 21040760721488256 90.9
1087353300 39066762236 94.1 21040836415175040 90.9
1087405800 39066769236 94.1 21040838845044608 90.9
1087610900 39066811936 94.1 21040881004382080 90.9
1087914600 39066969536 94.1 21041027950905216 90.9
1087983500 39066969736 94.1 21041028059775816 90.9
1088069200 39066970636 94.1 21041029560995144 90.9
1088316300 39066973036 94.1 21041032186867528 90.9
1088341100 39067038836 94.1 21041110425063240 90.9
1088396500 39067047036 94.1 21041119689097032 90.9
1088490400 39067054436 94.1 21041128527852360 90.9
1088612300 39067054636 94.1 21041129055456264 90.9
1088908500 39067055836 94.1 21041130330395400 90.9
1088926700 39067062636 94.1 21041137735109896 90.9
1088926900 39067065036 94.1 21041140393523464 90.9
1089481300 39067065236 94.1 21041140624865064 90.9
1090044400 39068014236 94.1 21042300100228904 90.9
1090509300 39068014436 94.1 21042300589905704 90.9
1090998000 39068016436 94.1 21042303460556072 90.9
1091202400 39071473936 94.1 21047507869875496 90.9
1091343800 39071540536 94.1 21047601590443304 90.9
1091583500 39071542236 94.1 21047603577617704 90.9
1092005500 39071555736 94.1 21047614387521832 90.9
1092496400 39071574736 94.1 21047631957123368 90.9
1092526300 39071575736 94.1 21047634223030568 90.9
1092594200 39071577736 94.1 21047636551399208 90.9
1092778300 39071578036 94.1 21047636732973912 90.9
1092788200 39071655436 94.1 21047726903792472 90.9
1092803000 39071695636 94.1 21047766437413720 90.9
1092818600 39071695736 94.1 21047766542066520 90.9
1092995500 39071696936 94.1 21047767987591768 90.9
1093014200 39071698736 94.1 21047770098437080 90.9
1093014600 39071698836 94.1 21047770179128280 90.9
1093279900 39071761236 94.1 21047835481168856 90.9
1093406900 39071782436 94.1 21047855745817560 90.9
1093766700 39071813536 94.1 21047898405141464 90.9
1093796800 39071830736 94.1 21047913011745752 90.9
1093850900 39071833836 94.1 21047918063906776 90.9
1093897300 39071836936 94.1 21047922063993560 90.9
1093983300 39071837036 94.1 21047922064403160 90.9
1094184700 39071901336 94.1 21047952772741848 90.9
1094219300 39071902336 94.1 21047953022393048 90.9
1094282700 39071904536 94.1 21047956747289048 90.9
1094473000 39071905136 94.1 21047957866280408 90.9
1094826300 39071923536 94.1 21047979344313816 90.9
1094907000 39071961436 94.1 21048025551527384 90.9
1095404500 39071963036 94.1 21048026869845208 90.9
1095535600 39071964036 94.1 21048027599965208 90.9
1095540400 39071970236 94.1 21048031112352792 90.9
1095755000 39071971436 94.1 21048031986307096 90.9
1096472500 39071972736 94.1 21048034506027288 90.9
1096553100 39072219336 94.1 21048107082518808 90.9
1096677700 39072294336 94.1 21048184220512536 90.9
1097254000 39072306136 94.1 21048192032691480 90.9
1097408100 39072376736 94.1 21048221200846104 90.9
1097486100 39072385336 94.1 21048241435141400 90.9
1097900000 39072409536 94.1 21048265610482968 90.9
1098122400 39072415336 94.1 21048275155052824 90.9
1098456800 39072417036 94.1 21048279650203416 90.9
1098551500 39072442336 94.1 21048311830036248 90.9
1098643400 39072442536 94.1 21048312095457048 90.9
1098725500 39072443536 94.1 21048313673331480 90.9
1098989800 39072499636 94.1 21048368112878360 90.9
1099171100 39072499936 94.1 21048368945799960 90.9
1099604400 39072618136 94.1 21048558573298456 90.9
1099607800 39072685036 94.1 21048621926544152 90.9
1099808500 39072685136 94.1 21048622073795352 90.9
1099819900 39072685336 94.1 21048622291088152 90.9
1099861200 39072686136 94.1 21048623261708568 90.9
1100053500 39072694436 94.1 21048629145021720 90.9
1100306700 39072694936 94.1 21048629544352312 90.9
1100462200 39072745236 94.1 21048691362576952 90.9
1100526600 39072754636 94.1 21048699322571320 90.9
1100631200 39072778836 94.1 21048722722691640 90.9
1100792000 39073193636 94.1 21049383328651832 90.9
1100883000 39073194736 94.1 21049384283062648 90.9
1101144000 39073195436 94.1 21049384885379448 90.9
1101447700 39073203436 94.1 21049394352464248 90.9
1101485500 39073247936 94.1 21049423980845432 90.9
1101725400 39073290736 94.1 21049458285119864 90.9
1101746200 39073292336 94.1 21049459946532472 90.9
1101888700 39073293736 94.1 21049461386812152 90.9
1102156200 39073293936 94.1 21049461651823352 90.9
1102232900 39073307136 94.1 21049481437870840 90.9
1102508200 39073309536 94.1 21049484659983608 90.9
1102622800 39073319836 94.1 21049498583711992 90.9
1103262400 39073476936 94.1 21049709609058552 90.9
1103443100 39073493936 94.1 21049725862302968 90.9
1103828500 39073509836 94.1 21049741446765816 90.9
1104183800 39073517436 94.1 21049752595668216 90.9
1104356400 39073691936 94.1 21050163107601656 90.9
1104888600 39073692836 94.1 21050164415133432 90.9
1105684400 39073693436 94.1 21050165620401528 90.9
1105829800 39073701036 94.1 21050179958292856 90.9
1106461600 39073701736 94.1 21050181380750200 90.9
1106595300 39073704336 94.1 21050185484326776 90.9
1106748400 39073791636 94.1 21050289877686136 90.9
1106904100 39073792836 94.1 21050291424771448 90.9
1107650400 39073794336 94.1 21050293087735928 90.9
1107728900 39073848636 94.1 21050348137156728 90.9
1107833800 39073848836 94.1 21050348179959928 90.9
1108223100 39073977236 94.1 21050497835102328 90.9
1108341200 39073977836 94.1 21050498561555128 90.9
1108442700 39073978036 94.1 21050498582035128 90.9
1108647600 39074010136 94.1 21050534458448568 90.9
1108721100 39077893036 94.2 21053287086054072 90.9
1108835700 39077982836 94.2 21053306110655160 90.9
1109011200 39077993336 94.2 21053312315883192 90.9
1109190300 39077994036 94.2 21053313982441144 90.9
1109315100 39077995636 94.2 21053316062380600 90.9
1109487700 39079253936 94.2 21053489528537656 90.9
1109834900 39079254536 94.2 21053491184729528 90.9
1109868400 39079284036 94.2 21053529300008376 90.9
1110060000 39079284436 94.2 21053529620437784 90.9
1110110400 39079316436 94.2 21053561750280984 90.9
1110179900 39079317636 94.2 21053563703690392 90.9
1110310300 39079317836 94.2 21053563892311192 90.9
1110362900 39079323936 94.2 21053567989130392 90.9
1110958900 39079326236 94.2 21053570765620888 90.9
1111055400 39079326636 94.2 21053571423848088 90.9
1111581000 39080591136 94.2 21054609657153176 90.9
1111618900 39080591636 94.2 21054610009409176 90.9
1111785200 39080828136 94.2 21054826955884184 90.9
1111896000 39080831636 94.2 21054833358901912 90.9
1111915400 39080831736 94.2 21054833408873112 90.9
1112077900 39080833636 94.2 21054835746133144 90.9
1112598100 39080834536 94.2 21054836656550168 90.9
1112967200 39080853736 94.2 21054858572945688 90.9
1113075000 39080902836 94.2 21054911263316248 90.9
1113692500 39080931536 94.2 21054933935839512 90.9
1114234600 39080933036 94.2 21054935026644504 90.9
1114235400 39081016536 94.2 21055011245372952 90.9
1115041000 39081236036 94.2 21055142133429784 90.9
1115502200 39081240536 94.2 21055148379061272 90.9
1116190300 39081259236 94.2 21055157027178520 90.9
1116296100 39081270436 94.2 21055165071571992 90.9
1116553200 39081602936 94.2 21055363083025432 90.9
1116721100 39081603236 94.2 21055363766154648 90.9
1117187600 39081606236 94.2 21055369641143704 90.9
1117228100 39081629936 94.2 21055381178210712 90.9
1117391400 39081632136 94.2 21055384014346136 90.9
1118323900 39081818936 94.2 21055569405908888 90.9
1118778600 39081975636 94.2 21055707451365272 90.9
1118801700 39081975836 94.2 21055707642648472 90.9
1119137000 39081977436 94.2 21055708015589272 90.9
1119163700 39081978036 94.2 21055709052782872 90.9
1119205200 39081982436 94.2 21055712552610072 90.9
1119438700 39081989336 94.2 21055718613902616 90.9
1119844900 39082002536 94.2 21055728404318488 90.9
1120072300 39083573636 94.2 21061600090179864 90.9
1120126700 39083640936 94.2 21061662858848536 90.9
1120210700 39083754336 94.2 21061778891286808 90.9
1121035000 39083778736 94.2 21061817008982296 90.9
1121181800 39083781236 94.2 21061820662105112 90.9
1121248800 39085506436 94.2 21063513579275288 91.0
1121342600 39085506536 94.2 21063513684872888 91.0
1121428100 39086603236 94.2 21064340536790712 91.0
1121644800 39086614336 94.2 21064344898759352 91.0
1122661600 39086614536 94.2 21064345077869256 91.0
1122664500 39086683636 94.2 21064399037168328 91.0
1122808600 39086683836 94.2 21064399123798728 91.0
1122876000 39086684436 94.2 21064401569397960 91.0
1122880200 39086684536 94.2 21064401579433160 91.0
1122888300 39086684936 94.2 21064402070912648 91.0
1123159300 39086697436 94.2 21064413605115528 91.0
1123837200 39086771836 94.2 21064482916808328 91.0
1124223900 39086772536 94.2 21064484853645320 91.0
1124239100 39086773436 94.2 21064486694922760 91.0
1124863500 39086779336 94.2 21064493607643656 91.0
1124911900 39086779736 94.2 21064493939375464 91.0
1124924900 39086786936 94.2 21064498294037864 91.0
1125045000 39086790436 94.2 21064502359487080 91.0
1125347300 39086927736 94.2 21064826515386984 91.0
1126087800 39086928836 94.2 21064828289490024 91.0
1126146500 39086960936 94.2 21064863624309864 91.0
1126173900 39086964836 94.2 21064868070895720 91.0
1126277600 39087054536 94.2 21064941896527976 91.0
1126761700 39087452836 94.2 21065886903562344 91.0
1127000100 39087527236 94.2 21065971597037672 91.0
1127129100 39087548136 94.2 21065997897212008 91.0
1127499900 39087548336 94.2 21065998723580008 91.0
1127508200 39087548836 94.2 21065999275311208 91.0
1127710500 39087713736 94.2 21066067394830440 91.0
1127805200 39087732336 94.2 21066083492671592 91.0
1127813600 39089136036 94.2 21067146192269416 91.0
1127866200 39089142636 94.2 21067156608113768 91.0
1127907100 39089177936 94.2 21067189272976488 91.0
1128317800 39089206436 94.2 21067253858843752 91.0
1128382100 39089219436 94.2 21067263482600552 91.0
1128466900 39089219536 94.2 21067263492430952 91.0
1128581500 39089228736 94.2 21067275396110440 91.0
1128640500 39089228836 94.2 21067275610945640 91.0
1128684000 39089228936 94.2 21067275617294440 91.0
1128697900 39089287636 94.2 21067328797202536 91.0
1128777800 39089292636 94.2 21067332951127656 91.0
1128785900 39089292936 94.2 21067332975089256 91.0
1129335000 39089293736 94.2 21067333669004584 91.0
1129461700 39089305536 94.2 21067340049563432 91.0
1129489500 39089414336 94.2 21067373587689256 91.0
1129564700 39089415336 94.2 21067374031330056 91.0
1129651400 39089417736 94.2 21067377389655816 91.0
1129774900 39089426036 94.2 21067387435722504 91.0
1130201300 39089439936 94.2 21067423912388360 91.0
1130382400 39089454636 94.2 21067440353934088 91.0
1130419600 39089454736 94.2 21067440356596488 91.0
1130507800 39089553336 94.2 21067528476654344 91.0
1130549600 39089556036 94.2 21067534587886856 91.0
1130641000 39089647136 94.2 21067597018082568 91.0
1130659000 39089687436 94.2 21067629553704200 91.0
1130792300 39089687736 94.2 21067630205506696 91.0
1130858600 39089896236 94.2 21067846540186760 91.0
1131124500 39090061536 94.2 21068056218932360 91.0
1131130000 39090075136 94.2 21068067578253448 91.0
1131245600 39090080236 94.2 21068072641987208 91.0
1131295400 39090081836 94.2 21068074642381960 91.0
1131419500 39090310536 94.2 21068325086387336 91.0
1131428500 39090330236 94.2 21068334820367496 91.0
1131600100 39090382036 94.2 21068427678104712 91.0
1131642400 39090455436 94.2 21068474871487624 91.0
1131657700 39090500036 94.2 21068520617294984 91.0
1131679100 39090526736 94.2 21068553544158344 91.0
1131817800 39090655936 94.2 21068661268581512 91.0
1131827300 39090876336 94.2 21068816662072456 91.0
1131871700 39090900636 94.2 21068831388958856 91.0
1132248300 39090922936 94.2 21068859520456840 91.0
1132445600 39091104236 94.2 21069004243851400 91.0
1132564600 39091105036 94.2 21069005552857480 91.0
1132713600 39091120736 94.2 21069020158344584 91.0
1132764200 39091324836 94.2 21069177142132104 91.0
1132982200 39091326036 94.2 21069178207428680 91.0
1133071200 39091452636 94.2 21069262398595144 91.0
1133099700 39091453236 94.2 21069262835520136 91.0
1133307100 39091472136 94.2 21069288321499784 91.0
1133309100 39091489536 94.2 21069300936076936 91.0
1133498600 39091516336 94.2 21069329850564232 91.0
1133575000 39091516736 94.2 21069330809028232 91.0
1133679100 39091619436 94.2 21069443212164744 91.0
1133682000 39091636836 94.2 21069463108834952 91.0
1133707300 39091658536 94.2 21069487403249288 91.0
1133744300 39094920536 94.2 21073962041945736 91.0
1133900200 39094924236 94.2 21073967502510728 91.0
1134040300 39094925636 94.2 21073969354173448 91.0
1134041800 39094926236 94.2 21073970624547848 91.0
1134066500 39094927536 94.2 21073972912675080 91.0
1134257200 39094927636 94.2 21073972912879880 91.0
1134298700 39094940636 94.2 21073986633865480 91.0
1134450300 39095011436 94.2 21074080538441992 91.0
1134491500 39095011736 94.2 21074081071677576 91.0
1134516300 39095019236 94.2 21074091511966856 91.0
1134633400 39095020536 94.2 21074093951873416 91.0
1134633500 39095033836 94.2 21074108055742856 91.0
1134852000 39096718336 94.2 21077350708341128 91.0
1134891700 39096719136 94.2 21077351194372328 91.0
1134899600 39096737536 94.2 21077369195096296 91.0
1135052000 39096748736 94.2 21077385114550888 91.0
1135056800 39097502636 94.2 21078866052252264 91.0
1135153600 39097504036 94.2 21078867927554024 91.0
1135324200 39097508936 94.2 21078869721682664 91.0
1135417300 39097518336 94.2 21078877820867816 91.0
1135720200 39097530436 94.2 21078886494853352 91.0
1136037000 39097532636 94.2 21078889475183848 91.0
1136257700 39097533236 94.2 21078891722158568 91.0
1136276700 39097563036 94.2 21078921139104232 91.0
1136445300 39097564936 94.2 21078924429774568 91.0
1136607700 39097566136 94.2 21078925564830184 91.0
1136646500 39097566936 94.2 21078926709554152 91.0
1136648100 39097574236 94.2 21078932077668840 91.0
1136674200 39097574336 94.2 21078932092619240 91.0
1136915600 39097578736 94.2 21078936686207464 91.0
1136971900 39097601436 94.2 21078969356089832 91.0
1137098400 39097624836 94.2 21078985441843688 91.0
1137534100 39097987036 94.2 21079193802217960 91.0
1137565400 39098018836 94.2 21079214677463528 91.0
1137598400 39098037836 94.2 21079228227188200 91.0
1137685300 39098038636 94.2 21079228584769000 91.0
1137696600 39098071136 94.2 21079255079437800 91.0
1137766900 39098073036 94.2 21079257433316072 91.0
1137837100 39098082436 94.2 21079264307923176 91.0
1137941000 39098085736 94.2 21079267579776232 91.0
1137971900 39098089936 94.2 21079273791618280 91.0
1138094100 39098090436 94.2 21079274319614280 91.0
1138263600 39098091036 94.2 21079274927344968 91.0
1138275500 39098096536 94.2 21079281319133000 91.0
1138354200 39098096836 94.2 21079281635925992 91.0
1138496800 39098097636 94.2 21079283463163112 91.0
1138538700 39098121136 94.2 21079303387055336 91.0
1138597400 39098146836 94.2 21079331444118760 91.0
1138611900 39098148136 94.2 21079333070505192 91.0
1138690000 39098148236 94.2 21079333221033192 91.0
1138944300 39098616436 94.2 21079673567470824 91.0
1138991200 39098616836 94.2 21079673669051624 91.0
1139157500 39098619436 94.2 21079678202023656 91.0
1139258200 39098632236 94.2 21079685321691368 91.0
1139358600 39098647336 94.2 21079698085202152 91.0
1139379000 39098651836 94.2 21079703745874152 91.0
1139481400 39098653236 94.2 21079705843923944 91.0
1139562800 39098665536 94.2 21079720280940520 91.0
1139636300 39098666036 94.2 21079721269510120 91.0
1139807400 39098708536 94.2 21079765102850024 91.0
1139819700 39113130236 94.2 21084520416505832 91.0
1139920400 39113161736 94.2 21084560283267048 91.0
1139930600 39113163736 94.2 21084561627300840 91.0
1140021100 39113173736 94.2 21084576295293928 91.0
1140151600 39113182136 94.2 21084583097293288 91.0
1140278500 39113182336 94.2 21084583127194088 91.0
1140332600 39114029536 94.2 21086025600506344 91.1
1140365900 39114078236 94.2 21086083272612328 91.1
1140418900 39114083036 94.2 21086086542917352 91.1
1140654400 39114118036 94.2 21086110839058152 91.1
1140920500 39114124836 94.2 21086116040030952 91.1
1141151300 39114182236 94.2 21086170327878376 91.1
1141479800 39114199436 94.2 21086183565545192 91.1
1141688900 39114226236 94.2 21086225901997800 91.1
1141727200 39114227936 94.2 21086228996933864 91.1
1143173700 39114239336 94.2 21086254510719208 91.1
1143221000 39114240136 94.2 21086255424969000 91.1
1145916500 39114352336 94.2 21086410668841256 91.1
1146088700 39114385336 94.2 21086434111383848 91.1
1146140100 39115451736 94.2 21087839851243816 91.1
1170066200 39115480836 94.2 21087861629376808 91.1
1170593700 39115502036 94.2 21087876696722728 91.1
1171145300 39115561936 94.2 21087937495026984 91.1
1171236200 39115562036 94.2 21087937495641384 91.1
1172553400 39115603436 94.2 21087995864169768 91.1
1172840000 39115642136 94.2 21088029580535080 91.1
1172856500 39115642936 94.2 21088030731604008 91.1
1173655300 39115643636 94.2 21088031201896520 91.1
1173707600 39115650036 94.2 21088038233499720 91.1
1174127800 39115670936 94.2 21088065807753288 91.1
1174302200 39115674036 94.2 21088070543269960 91.1
1174782600 39115712636 94.2 21088106855538760 91.1
1174886400 39115720936 94.2 21088111759471176 91.1
1174973700 39119224536 94.3 21090430451724872 91.1
1175621500 39119224936 94.3 21090431034976648 91.1
1176241300 39119225336 94.3 21090431709961480 91.1
1176816200 39119225836 94.3 21090432195054184 91.1
1177056500 39119266836 94.3 21090471824935528 91.1
1177259700 39119266936 94.3 21090471930532328 91.1
1177621300 39119267236 94.3 21090472664043816 91.1
1177984900 39119273636 94.3 21090479199811368 91.1
1178008100 39119273836 94.3 21090479305816568 91.1
1178739400 39119285336 94.3 21090488012797432 91.1
1178777400 39119285536 94.3 21090488725946360 91.1
1179048100 39119311236 94.3 21090515838785528 91.1
1179363300 39119312736 94.3 21090518145445880 91.1
1179555600 39119314436 94.3 21090519891804664 91.1
1179921400 39119686536 94.3 21090818897969656 91.1
1180395200 39119688336 94.3 21090822045374456 91.1
1180516500 39119694336 94.3 21090827754604536 91.1
1180890100 39119695136 94.3 21090829422442872 91.1
1181017000 39119701236 94.3 21090836141111672 91.1
1181633600 39119731836 94.3 21090859748022648 91.1
1181763200 39119743836 94.3 21090874606555512 91.1
1182254500 39119744436 94.3 21090875261664824 91.1
1182313000 39119751336 94.3 21090882207567416 91.1
1182613400 39119752536 94.3 21090884304759096 91.1
1182715500 39119756636 94.3 21090892101614392 91.1
1182721300 39119919836 94.3 21091018276748088 91.1
1182737500 39119950936 94.3 21091063935294264 91.1
1182852900 39119996736 94.3 21091140622121784 91.1
1183010800 39119998736 94.3 21091146355907384 91.1
1183303000 39120000236 94.3 21091149858442040 91.1
1183401800 39120154336 94.3 21091432117275448 91.1
1183546700 39120164936 94.3 21091442741117752 91.1
1183573000 39120165136 94.3 21091442861862456 91.1
1183612200 39120170436 94.3 21091448489899576 91.1
1183635600 39120171236 94.3 21091449526278392 91.1
1183736900 39120344336 94.3 21091898819795192 91.1
1183752900 39121692836 94.3 21092104709118200 91.1
1183820100 39121705736 94.3 21092121097588984 91.1
1184015900 39121717036 94.3 21092134528679160 91.1
1184098200 39121727736 94.3 21092137512080632 91.1
1184108400 39121728236 94.3 21092138508272312 91.1
1184125400 39121761136 94.3 21092168581595832 91.1
1184232200 39121761836 94.3 21092169861665848 91.1
1184296000 39121763336 94.3 21092171379643448 91.1
1184388900 39121781536 94.3 21092193995756600 91.1
1184396600 39121784736 94.3 21092196981862200 91.1
1184422100 39121839536 94.3 21092237878820664 91.1
1184538500 39121840436 94.3 21092239026536760 91.1
1184645600 39121840636 94.3 21092239147291464 91.1
1184653000 39121840936 94.3 21092239521704968 91.1
1184677100 39121903336 94.3 21092305245469704 91.1
1184808600 39121914036 94.3 21092317961501704 91.1
1184833700 39121974536 94.3 21092381064563720 91.1
1185120500 39121986136 94.3 21092389677176840 91.1
1185179000 39122244136 94.3 21092584558368776 91.1
1185224600 39122275436 94.3 21092609591746568 91.1
1185227500 39122319136 94.3 21092647960465416 91.1
1185232400 39122341836 94.3 21092680058660872 91.1
1185269800 39122411836 94.3 21092736726738952 91.1
1185463700 39122432836 94.3 21092756131688456 91.1
1185660800 39123940636 94.3 21094026835800072 91.1
1185699800 39123941336 94.3 21094028080131848 91.1
1185723200 39123980636 94.3 21094051265951496 91.1
1185996000 39123980836 94.3 21094051530473096 91.1
1185999900 39123996436 94.3 21094078493062792 91.1
1186375700 39124007136 94.3 21094085976393352 91.1
1186473000 39124022536 94.3 21094090889148040 91.1
1186838100 39124023036 94.3 21094091216388840 91.1
1186870000 39125089636 94.3 21096309526627048 91.1
1187140700 39125091736 94.3 21096312184726248 91.1
1187151600 39125124036 94.3 21096341470368488 91.1
1187314100 39125137436 94.3 21096353559956200 91.1
1187419200 39125137636 94.3 21096353672186600 91.1
1187421000 39125208236 94.3 21096403178584808 91.1
1187454700 39125266036 94.3 21096491255610088 91.1
1187461700 39125283936 94.3 21096513814627048 91.1
1187492200 39125287936 94.3 21096517397522152 91.1
1187840300 39125308736 94.3 21096539614648040 91.1
1187900900 39125311936 94.3 21096542518615528 91.1
1187912100 39125337536 94.3 21096549653307880 91.1
1187966300 39125338036 94.3 21096550144591080 91.1
1187977600 39125338336 94.3 21096551008153960 91.1
1188056100 39125348636 94.3 21096561505608040 91.1
1188113800 39125371336 94.3 21096584262142312 91.1
1188275400 39125381736 94.3 21096596248980840 91.1
1188661200 39125381936 94.3 21096596857441640 91.1
1189026800 39125388536 94.3 21096607635447144 91.1
1189157600 39125397136 94.3 21096617537140072 91.1
1189329800 39126730936 94.3 21101564533110120 91.1
1189358100 39126742836 94.3 21101576314588520 91.1
1189383100 39126781036 94.3 21101612419313000 91.1
1189464300 39126809436 94.3 21101639500879208 91.1
1189840800 39126829436 94.3 21101649053886824 91.1
1189861500 39126840336 94.3 21101664390261096 91.1
1189966000 39127382436 94.3 21102371153226088 91.1
1190029000 39127393436 94.3 21102384746662248 91.1
1190105100 39127399636 94.3 21102390359646056 91.1
1190132600 39127399736 94.3 21102390359850856 91.1
1190181400 39127406836 94.3 21102397533683048 91.1
1190320100 39127544036 94.3 21102502590807400 91.1
1190331500 39127551136 94.3 21102506406384488 91.1
1190419100 39127635536 94.3 21102537169937256 91.1
1190437600 39127789736 94.3 21102630983721832 91.1
1190564600 39127812536 94.3 21102650261259112 91.1
1190575900 39127877036 94.3 21102707594879848 91.1
1190594500 39127877736 94.3 21102708416499048 91.1
1190616400 39127914936 94.3 21102755481791848 91.1
1190709300 39127928136 94.3 21102769340077416 91.1
1190721800 39127928636 94.3 21102771184947560 91.1
1191044600 39127941436 94.3 21102781831471464 91.1
1191161000 39127990336 94.3 21102859461714280 91.1
1191303100 39127995536 94.3 21102864203593064 91.1
1191376200 39128001336 94.3 21102869661922664 91.1
1191392000 39128010836 94.3 21102892254932328 91.1
1191513300 39128036936 94.3 21102916268789096 91.1
1191603700 39128038436 94.3 21102918521998696 91.1
1191610500 39128056436 94.3 21102935579824488 91.1
1191790400 39128100936 94.3 21102968940652904 91.1
1191858600 39128101136 94.3 21102969074102408 91.1
1191867200 39128161736 94.3 21103021538500744 91.1
1192258700 39128203936 94.3 21103063939276936 91.1
1192430700 39128204436 94.3 21103064140722728 91.1
1192765400 39128232936 94.3 21103104565539368 91.1
1192818600 39128268636 94.3 21103152370827816 91.1
1192882500 39128279336 94.3 21103161077285416 91.1
1192933400 39128287136 94.3 21103172513370664 91.1
1192995500 39128288336 94.3 21103175035113000 91.1
1193271900 39128397836 94.3 21103291827793448 91.1
1193339300 39128397936 94.3 21103292258078248 91.1
1193529300 39128441236 94.3 21103331636661800 91.1
1193695600 39128497936 94.3 21103398297656872 91.1
1193814100 39128548736 94.3 21103450928373288 91.1
1193876700 39128558836 94.3 21103460047220264 91.1
1193897100 39128562836 94.3 21103465772360232 91.1
1194041100 39128563036 94.3 21103465983554728 91.1
1194146800 39128563336 94.3 21103466289321128 91.1
1194263100 39128594036 94.3 21103491218144424 91.1
1194386500 39128594136 94.3 21103491306822824 91.1
1194416900 39128634636 94.3 21103561179561128 91.1
1194438400 39128638936 94.3 21103573497673896 91.1
1194824200 39128658936 94.3 21103592517910696 91.1
1194951100 39128659836 94.3 21103593693462696 91.1
1194957400 39128660136 94.3 21103595085078696 91.1
1194984800 39128670236 94.3 21103603955933352 91.1
1195021000 39128679336 94.3 21103609457534120 91.1
1195079400 39128690836 94.3 21103622938977448 91.1
1195172100 39128691036 94.3 21103623466591752 91.1
1195479100 39128696436 94.3 21103627282039304 91.1
1195491800 39128723336 94.3 21103658369323528 91.1
1195755300 39128806936 94.3 21103739629335048 91.1
1195856100 39128823136 94.3 21103754903552520 91.1
1195869600 39128855336 94.3 21103786113102344 91.1
1195927300 39128855936 94.3 21103788003692296 91.1
1195994900 39128927936 94.3 21103858770063112 91.1
1196045700 39128928536 94.3 21103859996413576 91.1
1196225100 39128950336 94.3 21103887971090056 91.1
1196567200 39128957236 94.3 21103902562775688 91.1
1196688400 39129091036 94.3 21103995511165576 91.1
1196742800 39129099136 94.3 21104004351396488 91.1
1196878800 39129100436 94.3 21104005739923848 91.1
1196927700 39129100636 94.3 21104005751392648 91.1
1197001200 39129101136 94.3 21104006684090376 91.1
1197013100 39129102636 94.3 21104008945417736 91.1
1197068900 39129149936 94.3 21104063221071368 91.1
1197218900 39129642036 94.3 21105022338727432 91.1
1197711500 39129647836 94.3 21105028602409992 91.1
1197818500 39129688936 94.3 21105058739557384 91.1
1197883200 39129697336 94.3 21105069606962184 91.1
1198150800 39129702536 94.3 21105075200935432 91.1
1198167100 39129706436 94.3 21105079408213512 91.1
1198203600 39129731836 94.3 21105106513686024 91.1
1198256500 39129731936 94.3 21105106619283824 91.1
1198282800 39129734336 94.3 21105108474976624 91.1
1198392700 39129734436 94.3 21105108580575728 91.1
1198605600 39129743436 94.3 21105120683963888 91.1
1198644000 39139588836 94.3 21108238423373296 91.1
1198703900 39141649336 94.3 21110978335946224 91.2
1198835000 39141654536 94.3 21110986432848880 91.2
1198899000 39141662036 94.3 21110991274367984 91.2
1198923200 39141672536 94.3 21110998659628016 91.2
1198929200 39141687036 94.3 21111022055328752 91.2
1199042500 39141713436 94.3 21111039354987504 91.2
1199110700 39141724236 94.3 21111062069928944 91.2
1199191600 39141781436 94.3 21111134485849072 91.2
1199798200 39141817236 94.3 21111175989146608 91.2
1199801900 39141825636 94.3 21111186873469936 91.2
1199852100 39141825836 94.3 21111186987055536 91.2
1200022300 39141845236 94.3 21111203832555952 91.2
1200120200 39141864236 94.3 21111216940081584 91.2
1200126500 39142011636 94.3 21111327880085936 91.2
1200292200 39143662336 94.3 21112505999786416 91.2
1200410100 39143667836 94.3 21112510348602800 91.2
1200439900 39143668036 94.3 21112510876219504 91.2
1200501500 39143683436 94.3 21112526253417584 91.2
1200549800 39143693936 94.3 21112534656672880 91.2
1200670500 39143699736 94.3 21112540476064880 91.2
1201026800 39143699836 94.3 21112540581661376 91.2
1201189700 39143700136 94.3 21112541508586176 91.2
1201212100 39143710136 94.3 21112546581605056 91.2
1201288000 39143764936 94.3 21112594039368384 91.2
1201507200 39143765236 94.3 21112594356161472 91.2
1201721900 39143777036 94.3 21112602461153728 91.2
1201749200 39143785736 94.3 21112611308416448 91.2
1202295000 39143795036 94.3 21112619693099968 91.2
1202543700 39143806336 94.3 21112630962616256 91.2
1202592600 39144139436 94.3 21113135782655936 91.2
1202792300 39144141336 94.3 21113136935783104 91.2
1203312900 39144338936 94.3 21113169206940352 91.2
1203624700 39144339436 94.3 21113169735778752 91.2
1203991600 39144354436 94.3 21113183471507904 91.2
1204358500 39144355236 94.3 21113184731566400 91.2
1204432300 39144387736 94.3 21113220413153600 91.2
1205226200 39144406836 94.3 21113242783736128 91.2
1205286600 39144408636 94.3 21113245555339584 91.2
1205408700 39144409436 94.3 21113246022752576 91.2
1205549700 39144418136 94.3 21113248307296576 91.2
1205780000 39144428736 94.3 21113265287422272 91.2
1206174800 39144430436 94.3 21113266456338240 91.2
1206561300 39144472436 94.3 21113311897493312 91.2
1206644300 39144476536 94.3 21113316546596672 91.2
1207504700 39144477436 94.3 21113318334794304 91.2
1208444400 39144479036 94.3 21113320546935872 91.2
1208609100 39144501136 94.3 21113339314521152 91.2
1208614400 39144510536 94.3 21113350835821632 91.2
1208849400 39144519936 94.3 21113358893750848 91.2
1209607600 39144536336 94.3 21113375532288576 91.2
1209729600 39144597436 94.3 21113429231049280 91.2
1210387800 39144636736 94.3 21113459462896192 91.2
1210454000 39145718136 94.3 21113588094270016 91.2
1210854800 39145737336 94.3 21113603914641984 91.2
1211052100 39145751436 94.3 21113615320226368 91.2
1211411800 39145751636 94.3 21113616014293568 91.2
1211464600 39145751836 94.3 21113616225493168 91.2
1211470400 39145812336 94.3 21113653804626096 91.2
1211575000 39145815736 94.3 21113661076402864 91.2
1212160700 39145829936 94.3 21113667635656368 91.2
1212222500 39145841936 94.3 21113687415805616 91.2
1212273300 39145881536 94.3 21113732409808560 91.2
1212369200 39145882236 94.3 21113733936433072 91.2
1212389800 39145917336 94.3 21113758510751664 91.2
1212544100 39145967036 94.3 21113851607752624 91.2
1213365200 39146027336 94.3 21113904068157360 91.2
1213397800 39146106236 94.3 21114032388997040 91.2
1213500100 39146127736 94.3 21114048023694256 91.2
1213780400 39146129636 94.3 21114050765401776 91.2
1213968800 39146130636 94.3 21114052047315120 91.2
1214011800 39146150036 94.3 21114073415682224 91.2
1214193900 39146150536 94.3 21114075028559664 91.2
1214377100 39146164536 94.3 21114089498013488 91.2
1214668900 39146169036 94.3 21114094842659632 91.2
1214826600 39146194036 94.3 21114129180017456 91.2
1215195200 39146200736 94.3 21114132573843248 91.2
1215235500 39146201536 94.3 21114134339345840 91.2
1215345100 39146226836 94.3 21114155899698608 91.2
1215436500 39146234436 94.3 21114163180495280 91.2
1215715000 39146248236 94.3 21114180945299888 91.2
1215762900 39146253636 94.3 21114183018005168 91.2
1215816400 39146265236 94.3 21114191540950192 91.2
1215892500 39146347536 94.3 21114266748974256 91.2
1216329000 39146540736 94.3 21114765156054192 91.2
1216349400 39146542036 94.3 21114766222545200 91.2
1216379000 39146544336 94.3 21114767986487600 91.2
1216423000 39146544836 94.3 21114768667759216 91.2
1216466500 39146552136 94.3 21114775413836912 91.2
1216500200 39146553136 94.3 21114777150858096 91.2
1216628500 39146560436 94.3 21114786480686960 91.2
1217174800 39146604336 94.3 21114814135461744 91.2
1217307500 39146605036 94.3 21114814675542512 91.2
1217372300 39146698036 94.3 21114914255593968 91.2
1217470800 39148247736 94.3 21116977204224496 91.2
1217951900 39148272936 94.3 21117001849661936 91.2
1218201400 39148273336 94.3 21117002037873136 91.2
1218240300 39148360936 94.3 21117065025415664 91.2
1218266000 39148365436 94.3 21117069601034224 91.2
1218466300 39148369936 94.3 21117072756453360 91.2
1218733700 39148399336 94.3 21117100928724976 91.2
1218876700 39148505836 94.3 21117237333282800 91.2
1218991000 39148506136 94.3 21117237790417392 91.2
1219088000 39148512136 94.3 21117240993147376 91.2
1219247600 39148513536 94.3 21117242890306032 91.2
1219283100 39148552436 94.3 21117304281178608 91.2
1219313700 39148558336 94.3 21117310151760880 91.2
1219481900 39148568836 94.3 21117318808787952 91.2
1219597600 39148588936 94.3 21117344906284016 91.2
1219902700 39148589036 94.3 21117344906488816 91.2
1219939400 39148651736 94.3 21117412415941616 91.2
1220043500 39148651936 94.3 21117412627132416 91.2
1220142900 39148669436 94.3 21117417913676800 91.2
1220144500 39148669936 94.3 21117418617960512 91.2
1220168400 39148670436 94.3 21117419267317696 91.2
1220179900 39148674636 94.3 21117426905394624 91.2
1220184900 39148711336 94.3 21117492106571200 91.2
1220289200 39148747836 94.3 21117513741639104 91.2
1220564200 39148761836 94.3 21117528767849920 91.2
1220615800 39148764136 94.3 21117530684573120 91.2
1220751100 39148769936 94.3 21117535298462144 91.2
1220784900 39148770036 94.3 21117535313207744 91.2
1220804400 39148781736 94.3 21117553323661760 91.2
1220961100 39148782436 94.3 21117553969642368 91.2
1220997300 39148783536 94.3 21117556004657536 91.2
1221005700 39148817736 94.3 21117601393199488 91.2
1221122500 39148822836 94.3 21117603944118912 91.2
1221164100 39148824036 94.3 21117605702960000 91.2
1221345200 39148858936 94.3 21117634906311552 91.2
1221459100 39148887636 94.3 21117672710753152 91.2
1221544000 39148891336 94.3 21117675843554688 91.2
1221547700 39148892636 94.3 21117677038485632 91.2
1221668100 39148905636 94.3 21117697987487872 91.2
1221690400 39148920736 94.3 21117708737951872 91.2
1221948300 39148924436 94.3 21117711093045632 91.2
1222058700 39148957936 94.3 21117739376191872 91.2
1222078400 39148965436 94.3 21117750854753664 91.2
1222201900 39148977936 94.3 21117765918478720 91.2
1222222100 39148984636 94.3 21117772593452416 91.2
1222419500 39148986936 94.3 21117776570799744 91.2
1222491400 39148995936 94.3 21117791269217920 91.2
1222530400 39148998236 94.3 21117794300053120 91.2
1222554300 39149010536 94.3 21117805482212992 91.2
1222591000 39149013436 94.3 21117806576743680 91.2
1222601100 39156500736 94.3 21120127148832000 91.2
1222632500 39156509236 94.3 21120135485042432 91.2
1222684400 39156517336 94.3 21120139058188032 91.2
1222770500 39156517636 94.3 21120139600759616 91.2
1222797200 39156560836 94.3 21120173268585280 91.2
1222896700 39156580836 94.3 21120192987245376 91.2
1222961900 39156599036 94.3 21120218966801216 91.2
1223011900 39156599636 94.3 21120220276497856 91.2
1223061700 39156604836 94.3 21120223177249472 91.2
1223121600 39156649136 94.3 21120306110157504 91.2
1223147000 39156659736 94.3 21120322858875584 91.2
1223233200 39156843136 94.3 21120420830517952 91.2
1223518900 39156845136 94.3 21120425634041024 91.2
1223590300 39156851136 94.3 21120431980383424 91.2
1223604700 39156873336 94.3 21120450510257344 91.2
1223643600 39156893236 94.3 21120465042644160 91.2
1223688900 39156893336 94.3 21120465078074560 91.2
1223813000 39156910136 94.3 21120476074297536 91.2
1223918000 39156910636 94.3 21120476683405952 91.2
1223946900 39156910736 94.3 21120476698151552 91.2
1223972200 39156922236 94.3 21120492172020352 91.2
1224034000 39157692636 94.3 21122028904188544 91.2
1224050900 39157716836 94.3 21122046861793920 91.2
1224063900 39157718936 94.3 21122049657640576 91.2
1224067700 39157720936 94.3 21122050887589120 91.2
1224092700 39157722836 94.3 21122053199781120 91.2
1224314800 39157723136 94.3 21122053579080032 91.2
1224511000 39157750036 94.3 21122079634311520 91.2
1224719600 39157750636 94.3 21122080849439584 91.2
1224770900 39157752836 94.3 21122083929548384 91.2
1224868000 39157789436 94.3 21122109936805472 91.2
1224928600 39157798736 94.3 21122116827245152 91.2
1225032200 39157799836 94.3 21122118487558752 91.2
1225046800 39157800136 94.3 21122118765306656 91.2
1225186700 39157816636 94.3 21122135211067168 91.2
1225208100 39157824836 94.3 21122145822907168 91.2
1225400800 39157829236 94.3 21122150100155168 91.2
1225513100 39157838736 94.3 21122164182052640 91.2
1225551100 39157874836 94.3 21122203605102368 91.2
1225652700 39157883236 94.3 21122212027851552 91.2
1225658100 39157884936 94.3 21122216301974048 91.2
1225673200 39157892336 94.3 21122224631857696 91.2
1225698000 39157976336 94.3 21122255261415968 91.2
1225714800 39158026536 94.3 21122293587921440 91.2
1225765000 39158035036 94.3 21122303811127840 91.2
1225971000 39158035136 94.3 21122303916726336 91.2
1226018300 39158035436 94.3 21122304420154816 91.2
1226053100 39158076036 94.3 21122336478780864 91.2
1226102100 39158085436 94.3 21122349096392128 91.2
1226179700 39158087436 94.3 21122351408788928 91.2
1226213500 39158146136 94.3 21122400087016896 91.2
1226257800 39158155536 94.3 21122416647036352 91.2
1226464300 39158160736 94.3 21122419513250496 91.2
1226541800 39158186836 94.3 21122426871172288 91.2
1226562300 39158187136 94.3 21122427834961088 91.2
1226584200 39158203436 94.3 21122441498177728 91.2
1226745800 39158337036 94.3 21122544580939968 91.2
1226751200 39158390536 94.3 21122623244349632 91.2
1226836100 39158404036 94.3 21122631328604352 91.2
1226893300 39158414136 94.3 21122642581504192 91.2
1226933700 39158538736 94.3 21122734456873152 91.2
1226979000 39158549736 94.3 21122741396138176 91.2
1226983400 39158549836 94.3 21122741501735176 91.2
1227044600 39158550836 94.3 21122742746043016 91.2
1227105100 39158601336 94.3 21122820640060040 91.2
1227147700 39158688936 94.3 21122969297678984 91.2
1227277100 39158689236 94.3 21122969412283584 91.2
1227306700 39158690336 94.3 21122972127852992 91.2
1227366000 39158763336 94.3 21122981826525632 91.2
1227435700 39158776736 94.3 21122993815696832 91.2
1227448900 39158776836 94.3 21122993829623232 91.2
1227753400 39158779236 94.3 21122996095865024 91.2
1227799500 39158784836 94.3 21123000674783424 91.2
1227810300 39158792536 94.3 21123009842780352 91.2
1227851700 39158792636 94.3 21123010127452352 91.2
1227860200 39158792736 94.3 21123010233049152 91.2
1227884000 39158801936 94.3 21123018054229056 91.2
1227978600 39158837636 94.3 21123052820950080 91.2
1228005300 39158840236 94.3 21123055794148160 91.2
1228051600 39158860836 94.3 21123073893194560 91.2
1228083900 39158922736 94.3 21123132908309312 91.2
1228108700 39159013336 94.3 21123201475259200 91.2
1228163100 39159037636 94.3 21123230118460224 91.2
1228163200 39159054536 94.3 21123242322336576 91.2
1228266400 39159072136 94.3 21123255789607744 91.2
1228297900 39159072536 94.3 21123256156580736 91.2
1228367200 39159081136 94.3 21123266727537536 91.2
1228432100 39159134636 94.4 21123290541466496 91.2
1228433900 39159135136 94.4 21123290974187008 91.2
1228780900 39159208436 94.4 21123369336081920 91.2
1228831600 39159209036 94.4 21123369748549120 91.2
1228842800 39159241136 94.4 21123399867252224 91.2
1228856900 39159244336 94.4 21123400807945728 91.2
1228900900 39159245036 94.4 21123401956464128 91.2
1228907100 39159245536 94.4 21123402307081728 91.2
1228957100 39159245736 94.4 21123402518277120 91.2
1228975100 39159247036 94.4 21123404156026240 91.2
1228991200 39159300236 94.4 21123435088024960 91.2
1229013300 39159314736 94.4 21123448958651776 91.2
1229017900 39159324636 94.4 21123470754790784 91.2
1229048500 39159371236 94.4 21123512366046592 91.2
1229081900 39159396236 94.4 21123536229778816 91.2
1229113900 39159425436 94.4 21123567822042496 91.2
1229137400 39159428336 94.4 21123571462530688 91.2
1229144100 39159429136 94.4 21123571923330688 91.2
1229158100 39161226436 94.4 21124743670441600 91.2
1229213800 39161226536 94.4 21124743680681600 91.2
1229257600 39161227036 94.4 21124744497878784 91.2
1229281400 39161358536 94.4 21124944747222784 91.2
1229311400 39161366836 94.4 21124948226817280 91.2
1229312600 39161380736 94.4 21124963807909120 91.2
1229424500 39161424236 94.4 21125006044108032 91.2
1229488900 39161446136 94.4 21125039594206464 91.2
1229583700 39161467936 94.4 21125060932816128 91.2
1229623100 39161477436 94.4 21125066633946880 91.2
1229699700 39161484636 94.4 21125071838983936 91.2
1229715600 39161671436 94.4 21125554792150784 91.2
1229721600 39161676936 94.4 21125560576589056 91.2
1229896200 39161678636 94.4 21125563310158592 91.2
1229927500 39161700936 94.4 21125589923713792 91.2
1230012600 39162303136 94.4 21126564837118720 91.2
1230030200 39162330136 94.4 21126587538316032 91.2
1230054100 39162344236 94.4 21126600747423488 91.2
1230090100 39162350436 94.4 21126606258828032 91.2
1230192300 39162350536 94.4 21126606364422632 91.2
1230195400 39162356636 94.4 21126612123603432 91.2
1230246700 39162377836 94.4 21126629420411368 91.2
1230270600 39162423936 94.4 21126665977907688 91.2
1230558100 39162772536 94.4 21127318498036200 91.2
1230585700 39162784136 94.4 21127331181259240 91.2
1230586000 39162788636 94.4 21127335154379240 91.2
1230934800 39162955636 94.4 21127476814670312 91.2
1230954000 39162961336 94.4 21127488142765544 91.2
1230998400 39162962136 94.4 21127488863251944 91.2
1231082300 39162973836 94.4 21127497571177960 91.2
1231088600 39163344736 94.4 21127980037084648 91.2
1231101000 39163352436 94.4 21127993051504104 91.2
1231143800 39163438036 94.4 21128061840555496 91.2
1231187900 39163438836 94.4 21128062371932712 91.2
1231203500 39163439436 94.4 21128062725885704 91.2
1231206400 39163440136 94.4 21128063654649096 91.2
1231337600 39163442736 94.4 21128071472374024 91.2
1231458200 39163443536 94.4 21128072741135496 91.2
1231481500 39163465636 94.4 21128105147380872 91.2
1231483200 39163466436 94.4 21128105522896776 91.2
1231489300 39163470636 94.4 21128107215060744 91.2
1231542800 39163473636 94.4 21128108479231240 91.2
1231573800 39163502336 94.4 21128133536050440 91.2
1231640800 39163980336 94.4 21128733989268744 91.2
1231643500 39163980436 94.4 21128734178708744 91.2
1231648700 39164043936 94.4 21128796229307656 91.2
1231694800 39164045836 94.4 21128799110638856 91.2
1231769300 39164046336 94.4 21128800791389192 91.2
1231944100 39164236036 94.4 21128906909631496 91.2
1231946400 39164237536 94.4 21128907719815496 91.2
1231965800 39164238336 94.4 21128908668039496 91.2
1232008000 39164327136 94.4 21128982830559560 91.2
1232046800 39164330436 94.4 21128987043106120 91.2
1232047200 39164330736 94.4 21128987359899208 91.2
1232063500 39164350536 94.4 21129014819997256 91.2
1232136300 39164351036 94.4 21129015242832552 91.2
1232163600 39164352136 94.4 21129017876194984 91.2
1232190300 39164359336 94.4 21129020417551016 91.2
1232231900 39164376036 94.4 21129033611377320 91.2
1232265100 39165197236 94.4 21132061349149352 91.3
1232311000 39165199836 94.4 21132064199787944 91.3
1232352500 39165203636 94.4 21132071117826984 91.3
1232380800 39165226736 94.4 21132095882091432 91.3
1232466900 39165229836 94.4 21132097937669032 91.3
1232523800 39165235636 94.4 21132103094123432 91.3
1232622500 39165295136 94.4 21132160900320168 91.3
1232636700 39165295236 94.4 21132160993299368 91.3
1232651300 39165298736 94.4 21132164031881128 91.3
1232712400 39165346236 94.4 21132213380308904 91.3
1232745800 39165378636 94.4 21132242740887464 91.3
1232750000 39165385036 94.4 21132249197247400 91.3
1232765700 39165392936 94.4 21132252900096168 91.3
1232818900 39165507236 94.4 21132352905050280 91.3
1232844500 39165513136 94.4 21132357852476072 91.3
1232955000 39165546336 94.4 21132403347346088 91.3
1232978200 39165561836 94.4 21132418089644712 91.3
1233037100 39165565336 94.4 21132423744618152 91.3
1233175700 39165593036 94.4 21132436029341352 91.3
1233196800 39165593136 94.4 21132436339408552 91.3
1233257300 39165593336 94.4 21132436457782952 91.3
1233321100 39165593436 94.4 21132436563376952 91.3
1233358100 39165603736 94.4 21132443861852984 91.3
1233517700 39165604736 94.4 21132445043566392 91.3
1233592300 39165612236 94.4 21132450863652664 91.3
1233647600 39165669336 94.4 21132536105303864 91.3
1233715600 39165673536 94.4 21132538929261368 91.3
1233736300 39165791536 94.4 21132625965222712 91.3
1234001200 39165807236 94.4 21132652231205688 91.3
1234028800 39165836136 94.4 21132678186605368 91.3
1234033300 39165836536 94.4 21132678981277112 91.3
1234115000 39165842636 94.4 21132684995433912 91.3
1234216700 39165843436 94.4 21132685748567480 91.3
1234288200 39165847436 94.4 21132689203730360 91.3
1234492900 39165854636 94.4 21132695012588984 91.3
1234505700 39165855436 94.4 21132696150543032 91.3
1234534600 39165876436 94.4 21132720828936888 91.3
1234559400 39165880636 94.4 21132725753290424 91.3
1234576900 39165901736 94.4 21132738391815864 91.3
1234648300 39165917336 94.4 21132758751188664 91.3
1234672200 39165920936 94.4 21132761264412344 91.3
1234713700 39165964636 94.4 21132799225591480 91.3
1234782800 39165966336 94.4 21132800824669880 91.3
1234845600 39165977936 94.4 21132815997908664 91.3
1234903400 39165982436 94.4 21132820399060664 91.3
1234980400 39166131336 94.4 21132909857314488 91.3
1234980900 39166163336 94.4 21132939898691256 91.3
1235094700 39166164236 94.4 21132940764485432 91.3
1235126100 39166188436 94.4 21132965769486136 91.3
1235136000 39166220836 94.4 21133007145283384 91.3
1235208100 39166223836 94.4 21133011527718200 91.3
1235332800 39166224336 94.4 21133011791091000 91.3
1235601900 39166228736 94.4 21133017278854968 91.3
1235628800 39166229336 94.4 21133017635171064 91.3
1235656100 39166229736 94.4 21133018231384248 91.3
1235664700 39166237436 94.4 21133025409737912 91.3
1235697400 39166238436 94.4 21133026306068152 91.3
1235699300 39166975636 94.4 21133672580157112 91.3
1235741800 39167014636 94.4 21133745708052152 91.3
1235934800 39167052236 94.4 21133775547406008 91.3
1236034000 39167072636 94.4 21133797754062520 91.3
1236047800 39167091436 94.4 21133812554735288 91.3
1236202400 39167103836 94.4 21133820700398264 91.3
1236221800 39167103936 94.4 21133820805993160 91.3
1236292200 39167113336 94.4 21133828166786760 91.3
1236294200 39167114336 94.4 21133828482383560 91.3
1236308400 39167145136 94.4 21133849646202568 91.3
1236443400 39167162536 94.4 21133865303772872 91.3
1236525500 39167170436 94.4 21133873677928648 91.3
1236558400 39167170736 94.4 21133874207582664 91.3
1236704900 39167170836 94.4 21133874313175864 91.3
1236724700 39167171636 94.4 21133875513332792 91.3
1236786600 39167198036 94.4 21133905273496632 91.3
1236807600 39167198336 94.4 21133905473381432 91.3
1236810600 39167695136 94.4 21134318182933560 91.3
1236924200 39167695236 94.4 21134318190511160 91.3
1237003600 39167703736 94.4 21134327522929720 91.3
1237025900 39167711336 94.4 21134336875864120 91.3
1237103500 39167718636 94.4 21134346071918648 91.3
1237210100 39167732736 94.4 21134354278771768 91.3
1237263200 39167738836 94.4 21134359361217592 91.3
1237325400 39167792236 94.4 21134414401545272 91.3
1237464600 39167809736 94.4 21134428802621496 91.3
1237526000 39167819536 94.4 21134436610747448 91.3
1237533900 39167819936 94.4 21134437873449272 91.3
1237538300 39167924736 94.4 21134553415522616 91.3
1237569600 39167940636 94.4 21134565341504824 91.3
1237586500 39168095836 94.4 21134669259556152 91.3
1237674000 39168106236 94.4 21134677544332088 91.3
1237793400 39168109636 94.4 21134681920255800 91.3
1237796500 39168110436 94.4 21134683676454712 91.3
1237806900 39168116136 94.4 21134691666507576 91.3
1237892600 39168126136 94.4 21134701053695800 91.3
1237917700 39168132636 94.4 21134708032870200 91.3
1237938000 39168145936 94.4 21134729779504952 91.3
1237938600 39168152036 94.4 21134740908612408 91.3
1237982600 39168155536 94.4 21134744326110008 91.3
1238202900 39168155636 94.4 21134744427281208 91.3
1238256400 39168223636 94.4 21134801977191224 91.3
1238275600 39168231836 94.4 21134811479540536 91.3
1238337200 39168232236 94.4 21134812534756856 91.3
1238337800 39168233836 94.4 21134814007721976 91.3
1238392000 39168251936 94.4 21134829061193720 91.3
1238426000 39168259536 94.4 21134837342114296 91.3
1238520000 39168259836 94.4 21134837698056696 91.3
1238547000 39168260136 94.4 21134838277490680 91.3
1238554900 39168299436 94.4 21134865876037624 91.3
1238563700 39169048936 94.4 21136364183531512 91.3
1238571700 39169049136 94.4 21136365098373112 91.3
1238573500 39169060436 94.4 21136374656417784 91.3
1238663700 39169082236 94.4 21136396381538296 91.3
1238743500 39169089436 94.4 21136403174473208 91.3
1238917400 39169097136 94.4 21136416494333432 91.3
1238923800 39169108536 94.4 21136423764479480 91.3
1239046100 39169111536 94.4 21136427132083704 91.3
1239054200 39169116036 94.4 21136433022257144 91.3
1239137600 39169116536 94.4 21136433314344440 91.3
1239165100 39169121936 94.4 21136437367175928 91.3
1239169200 39169157036 94.4 21136465477530360 91.3
1239172100 39169187936 94.4 21136508704674552 91.3
1239225800 39169192736 94.4 21136512745240312 91.3
1239269800 39169198436 94.4 21136518109077752 91.3
1239298300 39169210636 94.4 21136528102742264 91.3
1239320500 39169215336 94.4 21136531342750712 91.3
1239489500 39169220536 94.4 21136534359045112 91.3
1239636700 39169261736 94.4 21136566332216312 91.3
1239789000 39169293536 94.4 21136616126190584 91.3
1239840200 39169311836 94.4 21136621038609912 91.3
1239847400 39169312036 94.4 21136621217717416 91.3
1239912500 39169324036 94.4 21136633548370088 91.3
1239914000 39169333936 94.4 21136642287893672 91.3
1239987100 39169424636 94.4 21136686281989288 91.3
1240210800 39169425836 94.4 21136687553797288 91.3
1240268100 39169435636 94.4 21136698711151784 91.3
1240274600 39169436436 94.4 21136699681393512 91.3
1240278600 39169462836 94.4 21136717161827176 91.3
1240513100 39169508736 94.4 21136769996094312 91.3
1240565700 39169514836 94.4 21136775517492584 91.3
1240638000 39169529636 94.4 21136789728242024 91.3
1240683900 39169533436 94.4 21136795114610024 91.3
1240907600 39170485536 94.4 21140256012049768 91.3
1241198100 39170492736 94.4 21140260135298408 91.3
1241375500 39170544836 94.4 21140307984266600 91.3
1241440000 39170563436 94.4 21140322728805736 91.3
1241458000 39170564236 94.4 21140324048378344 91.3
1241469900 39170567136 94.4 21140326313466344 91.3
1241470100 39170588236 94.4 21140342408433128 91.3
1241554000 39170590536 94.4 21140345101996264 91.3
1241636300 39170591436 94.4 21140345572626664 91.3
1241645800 39170599036 94.4 21140357285190888 91.3
1241656800 39170600736 94.4 21140359703469288 91.3
1241675800 39170689836 94.4 21140471075831016 91.3
1241689600 39170690136 94.4 21140471197395512 91.3
1241715000 39170852936 94.4 21140592224995896 91.3
1241716500 39170902636 94.4 21140676796328504 91.3
1241760000 39170911436 94.4 21140687298678328 91.3
1242031300 39170929136 94.4 21140702946539064 91.3
1242037700 39170939136 94.4 21140704658871864 91.3
1242112200 39170952236 94.4 21140721067180600 91.3
1242116200 39170957636 94.4 21140726781554232 91.3
1242258500 39170957736 94.4 21140726834187832 91.3
1242299600 39170958336 94.4 21140727592308728 91.3
1242366200 39170964036 94.4 21140731861401336 91.3
1242380800 39170964436 94.4 21140732461386744 91.3
1242628900 39170981636 94.4 21140749685875704 91.3
1242668100 39170982436 94.4 21140750132414616 91.3
1242883300 39170982736 94.4 21140750765641112 91.3
1242957300 39170983136 94.4 21140750836297112 91.3
1242960000 39170983836 94.4 21140752078111256 91.3
1243098100 39170985736 94.4 21140753540212504 91.3
1243128800 39170992836 94.4 21140760662803224 91.3
1243151800 39170993136 94.4 21140761071379224 91.3
1243205600 39171024336 94.4 21140783619029784 91.3
1243281700 39171024436 94.4 21140784041052088 91.3
1243308800 39171029836 94.4 21140788464936888 91.3
1243387100 39171034236 94.4 21140790753667512 91.3
1243459600 39171034536 94.4 21140790754281912 91.3
1243468700 39178605236 94.4 21143196016183736 91.3
1243493500 39178667236 94.4 21143228645798328 91.3
1243562500 39178687536 94.4 21143257500381624 91.3
1243570400 39178721936 94.4 21143280026159544 91.3
1243650400 39178727536 94.4 21143287092108216 91.3
1243678900 39178727636 94.4 21143287100505016 91.3
1243685200 39178730236 94.4 21143291119370424 91.3
1243716600 39178735936 94.4 21143293992264120 91.3
1243741200 39178737936 94.4 21143295365448120 91.3
1243779400 39178738836 94.4 21143295702139320 91.3
1243811600 39178764936 94.4 21143320959109560 91.3
1243831700 39178878336 94.4 21143452511250872 91.3
1243842600 39178881236 94.4 21143453987184824 91.3
1243970200 39178998536 94.4 21143762638348472 91.3
1243975500 39179000536 94.4 21143764298213688 91.3
1243982600 39179150036 94.4 21144003416385848 91.3
1244292100 39179162136 94.4 21144018771911992 91.3
1244298800 39179177836 94.4 21144036295664952 91.3
1244382900 39179178136 94.4 21144036612438744 91.3
1244414400 39179208536 94.4 21144046309970648 91.3
1244432300 39179213336 94.4 21144050996326616 91.3
1244447800 39179295136 94.4 21144113472753880 91.3
1244481100 39179297936 94.4 21144116501492696 91.3
1244509000 39179298036 94.4 21144116818113496 91.3
1244593100 39179355736 94.4 21144150655271896 91.3
1244654800 39179365536 94.4 21144162296360920 91.3
1244681700 39179370336 94.4 21144167687227352 91.3
1244690700 39179398836 94.4 21144182481928152 91.3
1244765800 39179412436 94.4 21144197564548056 91.3
1244847500 39180348536 94.4 21144287705334744 91.3
1244919900 39180356136 94.4 21144295634166744 91.3
1244993200 39180394236 94.4 21144329452303320 91.3
1245001400 39180400436 94.4 21144334707340760 91.3
1245260500 39180410336 94.4 21144345226599896 91.3
1245276200 39180411136 94.4 21144346796520920 91.3
1245444200 39180411736 94.4 21144347278073624 91.3
1245457800 39180412736 94.4 21144347598380824 91.3
1245505800 39180430536 94.4 21144365846896408 91.3
1245532300 39180475036 94.4 21144400025306904 91.3
1245640900 39180475436 94.4 21144400466162104 91.3
1245644300 39180480336 94.4 21144403959634104 91.3
1245799300 39180493736 94.4 21144418582508728 91.3
1245854900 39180510636 94.4 21144429923486904 91.3
1245988300 39180522136 94.4 21144442877608120 91.3
1246086500 39180522436 94.4 21144443096796728 91.3
1246184100 39180522736 94.4 21144443332540920 91.3
1246377600 39180579736 94.4 21144538557405688 91.3
1246392900 39180598536 94.4 21144554950259192 91.3
1246546400 39180607736 94.4 21144567911245304 91.3
1246636700 39180610236 94.4 21144570757965304 91.3
1247423700 39180677736 94.4 21144650509305336 91.3
1247491800 39180697036 94.4 21144670871483896 91.3
1247805100 39180708536 94.4 21144679153399288 91.3
1247914300 39180710136 94.4 21144679830306424 91.3
1247949100 39180772736 94.4 21144709356813944 91.3
1248107600 39180800636 94.4 21144734628556408 91.3
1248364600 39180992636 94.4 21144879046618744 91.3
1248551300 39180999136 94.4 21144883208678776 91.3
1248563700 39181010136 94.4 21144891195594104 91.3
1248564100 39181043336 94.4 21144925259675000 91.3
1248843300 39181045236 94.4 21144926494619000 91.3
1248919000 39181048036 94.4 21144929918879608 91.3
1249019400 39181056836 94.4 21144937217423736 91.3
1249077200 39181079736 94.4 21144948509540728 91.3
1249181700 39181089936 94.4 21144959678306680 91.3
1249305100 39181101136 94.4 21144968072512376 91.3
1249353300 39181153336 94.4 21145042915279736 91.3
1249381300 39181156236 94.4 21145046643403384 91.3
1249523600 39181180636 94.4 21145072481682040 91.3
1249553000 39181184836 94.4 21145077284242040 91.3
1249607600 39181188836 94.4 21145085243431032 91.3
1250073400 39181194936 94.4 21145094504309880 91.3
1250080800 39181213536 94.4 21145109267680376 91.3
1250273300 39181213736 94.4 21145109837024376 91.3
1250276200 39182994936 94.4 21147483924237432 91.3
1250379300 39183004536 94.4 21147490808055928 91.3
1250385700 39183015536 94.4 21147502284081272 91.3
1250408500 39183044736 94.4 21147525447016568 91.3
1250410200 39183055536 94.4 21147532666216056 91.3
1250410400 39183087736 94.4 21147556996163192 91.3
1250609000 39183102836 94.4 21147569301333624 91.3
1250935300 39183107936 94.4 21147575426124408 91.3
1251011000 39183108636 94.4 21147576593484408 91.3
1251214300 39183132136 94.4 21147605946464888 91.3
1251840500 39183166936 94.4 21147641793608312 91.3
1251979300 39183168636 94.4 21147643123402744 91.3
1252050200 39183177036 94.4 21147653323338744 91.3
1252400500 39183225736 94.4 21147701456176120 91.3
1252511000 39183228936 94.4 21147702785532920 91.3
1252584600 39183229036 94.4 21147702794134520 91.3
1252903100 39183253736 94.4 21147721607545848 91.3
1252912600 39183267036 94.4 21147736081485816 91.3
1253280000 39183268436 94.4 21147739158077944 91.3
1253333800 39183316936 94.4 21147794928083448 91.3
1253441600 39183336436 94.4 21147809821965816 91.3
1253757500 39183496736 94.4 21147917569531384 91.3
1253921500 39183538936 94.4 21147955623624184 91.3
1254592800 39184498836 94.4 21148051975011832 91.3
1254645900 39184507736 94.4 21148064425734648 91.3
1254767600 39184520736 94.4 21148073319653880 91.3
1254769700 39184522036 94.4 21148074325962680 91.3
1254838400 39184643836 94.4 21148126913277880 91.3
1254886800 39184664936 94.4 21148142179660728 91.3
1254910000 39184696636 94.4 21148180991198136 91.3
1255205000 39184698136 94.4 21148181515376024 91.3
1255453900 39184705336 94.4 21148187193094040 91.3
1255599700 39184705636 94.4 21148187509891928 91.3
1255698000 39184726036 94.4 21148195906771800 91.3
1255830500 39184740536 94.4 21148213086581592 91.3
1255901700 39184748936 94.4 21148221976396632 91.3
1256288600 39184756936 94.4 21148231436094296 91.3
1256533700 39184788536 94.4 21148265504996184 91.3
1256628300 39184789636 94.4 21148266643438680 91.3
1256786300 39184792836 94.4 21148270161503320 91.3
1257028800 39184793436 94.4 21148270795058136 91.3
1257097200 39184795736 94.4 21148272030821336 91.3
1257538000 39184845736 94.4 21148281547217880 91.3
1257665600 39184849436 94.4 21148285205355480 91.3
1257743800 39184894136 94.4 21148340015778776 91.3
1257792100 39184894336 94.4 21148340226967768 91.3
1257829600 39184896936 94.4 21148342110922968 91.3
1257926300 39184910436 94.4 21148351640764632 91.3
1257938400 39184922636 94.4 21148359510283480 91.3
1257997700 39184923036 94.4 21148359932661976 91.3
1258119900 39184954436 94.4 21148392293288152 91.3
1258175600 39184999336 94.4 21148439878383832 91.3
1258350600 39185032936 94.4 21148469958097112 91.3
1258527000 39185034736 94.4 21148471819319512 91.3
1258585900 39187031036 94.4 21149802389256408 91.3
1258749500 39187036736 94.4 21149805882251224 91.3
1258892800 39187038836 94.4 21149808659748824 91.3
1258911100 39187040736 94.4 21149810804004824 91.3
1259004700 39187046736 94.4 21149816542405592 91.3
1259018700 39187107636 94.4 21149876311860184 91.3
1259240100 39187110936 94.4 21149878199943768 91.3
1259250400 39187111336 94.4 21149880058833496 91.3
1259637700 39187159836 94.4 21149916409510488 91.3
1259674200 39187189236 94.4 21149939565595224 91.3
1259731200 39187200536 94.4 21149948471265880 91.3
1260100200 39187320636 94.4 21150258999511640 91.3
1260192700 39187326136 94.4 21150264144056920 91.3
1260484400 39187327936 94.4 21150265750487256 91.3
1260497400 39187335636 94.4 21150275851188440 91.3
1260551900 39187344736 94.4 21150284892057816 91.3
1261005300 39187353736 94.4 21150292850243800 91.3
1261020100 39187356636 94.4 21150295432771800 91.3
1261121400 39187366536 94.4 21150305152210136 91.3
1261128100 39187369036 94.4 21150307946091736 91.3
1261142400 39187379036 94.4 21150316265339608 91.3
1261413400 39187499536 94.4 21150442588166872 91.3
1261442800 39187504736 94.4 21150446713534680 91.3
1261466700 39187504836 94.4 21150446819136376 91.3
1261720400 39187508836 94.4 21150448927347576 91.3
1261805800 39187509836 94.4 21150449957008184 91.3
1261859700 39187510136 94.4 21150450077750680 91.3
1261885000 39187510536 94.4 21150450433532472 91.3
1261991700 39187521536 94.4 21150460731947576 91.3
1262009500 39187568336 94.4 21150533845793336 91.3
1262207300 39187573336 94.4 21150544030183992 91.3
1262414400 39187590836 94.4 21150572486548024 91.3
1262460400 39187591836 94.4 21150573701754296 91.3
1262576900 39187592036 94.4 21150573996256696 91.3
1262732900 39187627036 94.4 21150606069210552 91.3
1262783300 39187627636 94.4 21150607085018552 91.3
1262875200 39187630336 94.4 21150611455497656 91.3
1263015100 39187635936 94.4 21150616268231096 91.3
1263098300 39187643336 94.4 21150630687747512 91.3
1263103700 39187652236 94.4 21150640659374520 91.3
1263108000 39187713736 94.4 21150648312529848 91.3
1263130000 39187714436 94.4 21150648782591736 91.3
1263191400 39187720536 94.4 21150657119928568 91.3
1263263000 39187723536 94.4 21150663579797752 91.3
1263357600 39187748536 94.4 21150684528763128 91.3
1263563400 39187763136 94.4 21150695973637368 91.3
1263806200 39187763936 94.4 21150696815350648 91.3
1263938000 39187772136 94.4 21150704357983608 91.3
1264111900 39187772736 94.4 21150704446662008 91.3
1264210600 39187818336 94.4 21150772969956728 91.3
1264223300 39187821536 94.4 21150776055678328 91.3
1264244000 39187822236 94.4 21150776712471928 91.3
1264339900 39187856136 94.4 21150812155671928 91.3
1264402100 39187862536 94.4 21150817309601144 91.3
1264423300 39187870636 94.4 21150829968362872 91.3
1264730800 39187880736 94.4 21150838450713976 91.3
1265311800 39187908636 94.4 21150863083185528 91.3
1265562300 39187908836 94.4 21150863203115928 91.3
1265687900 39187909136 94.4 21150863519907416 91.3
1266043100 39188035236 94.4 21151167300566616 91.3
1266048700 39188040236 94.4 21151174094451288 91.3
1266670200 39188053336 94.4 21151183110186584 91.3
1266761500 39188096736 94.4 21151218587059800 91.3
1267039700 39188101136 94.4 21151221503280728 91.3
1267287400 39188184636 94.4 21151339201152600 91.3
1267328800 39188233736 94.4 21151412043163224 91.3
1267461000 39188249436 94.4 21151425182236248 91.3
1267497900 39188252436 94.4 21151427350568280 91.3
1267504400 39188263936 94.4 21151446247955800 91.3
1267599100 39188264036 94.4 21151446748282200 91.3
1267673700 39188269436 94.4 21151455332045656 91.3
1267707900 39188298636 94.4 21151480831101784 91.3
1267746500 39188323236 94.4 21151506195860312 91.3
1268148900 39188324236 94.4 21151507204050904 91.3
1268242000 39188325036 94.4 21151508051688216 91.3
1268950900 39188392336 94.4 21151591431666456 91.3
1269360900 39188393136 94.4 21151593024320792 91.3
1269431600 39188399336 94.4 21151599966087448 91.3
1269579500 39188401536 94.4 21151602544929048 91.3
1269865300 39188418436 94.4 21151618826153240 91.3
1270032800 39188426036 94.4 21151625015128344 91.3
1270859800 39188433036 94.4 21151634292498712 91.3
1270997200 39188474136 94.4 21151654045552920 91.3
1271040700 39188503736 94.4 21151672748620056 91.3
1271075300 39188507536 94.4 21151675164633880 91.3
1271222600 39188514036 94.4 21151683257756952 91.3
1271608000 39188526936 94.4 21151697682255128 91.3
1271759400 39188569236 94.4 21151752415280408 91.3
1271939300 39188587936 94.4 21151761021511960 91.3
1272234000 39188588536 94.4 21151761510355544 91.3
1272721400 39188603536 94.4 21151773219672664 91.3
1272893500 39188606036 94.4 21151774949945176 91.3
1273041700 39188606936 94.4 21151775392356696 91.3
1274024500 39188607236 94.4 21151776004829784 91.3
1274216800 39188758436 94.4 21151885344207448 91.3
1274390600 39188773036 94.4 21151911799247448 91.3
1274718000 39188788436 94.4 21151928567021144 91.3
1275260500 39188813236 94.4 21151958637684312 91.3
1275517000 39189276336 94.4 21152812550530648 91.3
1275995300 39189280836 94.4 21152815408046424 91.3
1276005600 39189281436 94.4 21152817105922648 91.3
1276007600 39189297436 94.4 21152832874975832 91.3
1276048500 39189303436 94.4 21152841031931992 91.3
1276319500 39189338336 94.4 21152929900542040 91.3
1276443400 39189390936 94.4 21152981280995416 91.3
1276568500 39189398136 94.4 21152986641149016 91.3
1276896800 39189402336 94.4 21152988733565784 91.3
1277120200 39189407936 94.4 21152995189601624 91.3
1277138100 39189420736 94.4 21153011103716696 91.3
1277428600 39189484336 94.4 21153068426409304 91.3
1277457000 39189488736 94.4 21153075213890904 91.3
1278112600 39189489536 94.4 21153075619563288 91.3
1278119300 39189490236 94.4 21153076675156184 91.3
1278136900 39189490736 94.4 21153076983818904 91.3
1278242500 39189555436 94.4 21153113779223192 91.3
1278369200 39189573436 94.4 21153136645360280 91.3
1278375300 39189582936 94.4 21153149001855640 91.3
1278503300 39189608136 94.4 21153172084333208 91.3
1278664300 39189622436 94.4 21153199790989976 91.3
1278941000 39189623036 94.4 21153201435124376 91.3
1279021100 39189628636 94.4 21153207384328344 91.3
1279170300 39190645236 94.4 21154073382668440 91.3
1279182000 39190645436 94.4 21154074463807640 91.3
1279215800 39190645536 94.4 21154074569408440 91.3
1279229000 39190660436 94.4 21154082948686776 91.3
1279543200 39190660936 94.4 21154083538329144 91.3
1279582100 39190757536 94.4 21154153271385656 91.3
1279630500 39190762136 94.4 21154158694935096 91.3
1279731400 39190828936 94.4 21154238483180088 91.3
1279779500 39190829236 94.4 21154239140915128 91.3
1279865200 39190845536 94.4 21154253853288376 91.3
1280030500 39191140236 94.4 21154465310353336 91.3
1280076100 39191141536 94.4 21154466694186936 91.3
1280275900 39191146236 94.4 21154470728132536 91.3
1280321000 39191146336 94.4 21154470758238136 91.3
1280334400 39191161036 94.4 21154483890889656 91.3
1280365400 39191162036 94.4 21154485591067576 91.3
1280634300 39191162236 94.4 21154485907817592 91.3
1280727400 39191162336 94.4 21154486504195192 91.3
1281015600 39191163736 94.4 21154489689092216 91.3
1281021000 39191196536 94.4 21154524767875192 91.3
1281145500 39191198836 94.4 21154526879158392 91.3
1281249100 39191208636 94.4 21154537179760760 91.3
1281282300 39191210136 94.4 21154538921994360 91.3
1281398900 39191216536 94.4 21154542957986680 91.3
1281441600 39191216636 94.4 21154542972732280 91.3
1281467400 39191217936 94.4 21154545799869304 91.3
1281740000 39191266536 94.4 21154587595494264 91.3
1282030200 39191266936 94.4 21154588016933560 91.3
1282078000 39191473836 94.4 21154912216185528 91.4
1282197900 39191493736 94.4 21154930750163640 91.4
1282253600 39191494136 94.4 21154931507966264 91.4
1282297300 39191495136 94.4 21154931894833464 91.4
1282414100 39191536236 94.4 21154984762372408 91.4
1282637800 39191602136 94.4 21155053467341112 91.4
1282722700 39191604336 94.4 21155057407770936 91.4
1282731200 39191604836 94.4 21155058027431224 91.4
1282777600 39191605236 94.4 21155058449822520 91.4
1282888200 39191605536 94.4 21155058712171320 91.4
1283086200 39191605836 94.4 21155058891493416 91.4
1283127700 39191614536 94.4 21155066328285224 91.4
1283228300 39191615036 94.4 21155066876092456 91.4
1283570100 39191674836 94.4 21155127342927912 91.4
1283613000 39191677636 94.4 21155131025338408 91.4
1283792700 39191681836 94.4 21155133807483432 91.4
1284036500 39191701436 94.4 21155157243566632 91.4
1284107900 39192763236 94.4 21158890796980776 91.4
1284194900 39192763336 94.4 21158890902577080 91.4
1284196000 39192882436 94.4 21159036134105016 91.4
1284386600 39192883636 94.4 21159038275150008 91.4
1284388800 39192917736 94.4 21159073495457976 91.4
1284420600 39192947536 94.4 21159122349047992 91.4
1284545100 39192957536 94.4 21159142006634680 91.4
1284560700 39192958136 94.4 21159143746896184 91.4
1284567900 39192968136 94.4 21159153416718648 91.4
1284858300 39192973636 94.4 21159160400283960 91.4
1285491400 39193010536 94.4 21159206586108216 91.4
1285497900 39193280236 94.4 21159636866779448 91.4
1285498900 39193280536 94.4 21159638266177848 91.4
1285627200 39193280736 94.4 21159638376276952 91.4
1285777500 39193281236 94.4 21159638871580440 91.4
1285869200 39193282536 94.4 21159641884024088 91.4
1285876700 39194336936 94.4 21161705026116888 91.4
1285955600 39194337036 94.4 21161705037176088 91.4
1286234600 39194363636 94.4 21161733417110808 91.4
1286413000 39194491436 94.4 21161872672378136 91.4
1286426800 39194491636 94.4 21161872922438936 91.4
1286587000 39194491936 94.4 21161873009478936 91.4
1286617900 39194504236 94.4 21161880325423384 91.4
1286657500 39194513736 94.4 21161893311086872 91.4
1286731600 39194514136 94.4 21161893936304664 91.4
1286859700 39194515636 94.4 21161896528086552 91.4
1287220300 39194580136 94.4 21161952435459608 91.4
1287281400 39194605036 94.4 21161982701114904 91.4
1287485400 39194981836 94.4 21162277188703768 91.4
1287544500 39195005236 94.4 21162299784117784 91.4
1287566900 39195109936 94.4 21162555464482328 91.4
1287572200 39195118536 94.4 21162561156898328 91.4
1287652100 39195119036 94.4 21162561301410024 91.4
1287865300 39195134236 94.4 21162576999710952 91.4
1288010700 39195166036 94.4 21162625792127208 91.4
1288123100 39195166336 94.4 21162626684756904 91.4
1288200800 39195178636 94.4 21162635431136168 91.4
1288345900 39195179436 94.4 21162636723168040 91.4
1288428300 39195180036 94.4 21162637892547112 91.4
1288650700 39195340836 94.4 21162899891548712 91.4
1288842700 39195352436 94.4 21162914080317992 91.4
1288963900 39195366636 94.4 21162926923570728 91.4
1288998900 39195375936 94.4 21162939321383464 91.4
1289335400 39195536436 94.4 21163093425158696 91.4
1289580500 39195589636 94.4 21163152264481320 91.4
1290096900 39195590936 94.4 21163154979751720 91.4
1290097100 39195596836 94.4 21163164269845288 91.4
1290218000 39195606236 94.4 21163169043079464 91.4
1290224100 39195763036 94.4 21163275581792552 91.4
1290347500 39195770936 94.4 21163286538136872 91.4
1290364500 39195789036 94.4 21163302559780136 91.4
1290383000 39195809136 94.4 21163346500005160 91.4
1290500100 39195824136 94.4 21163359772191016 91.4
1290501800 39195829236 94.4 21163361771361320 91.4
1290696800 39195851936 94.4 21163376370396200 91.4
1290709600 39195852536 94.4 21163377491591720 91.4
1290719400 39195866036 94.4 21163387308610088 91.4
1290871600 39195866336 94.4 21163387503089592 91.4
1291208500 39195912436 94.4 21163426745911224 91.4
1291570600 39195943536 94.4 21163451444541368 91.4
1291692300 39195949836 94.4 21163456400323000 91.4
1292164500 39195961636 94.4 21163466894723512 91.4
1292333200 39195966636 94.4 21163471437125048 91.4
1292411300 39195966736 94.4 21163471560209848 91.4
1292431400 39195979736 94.4 21163482450121144 91.4
1292659100 39195985636 94.4 21163488317469624 91.4
1292764000 39196020336 94.4 21163519462671288 91.4
1292803100 39196170536 94.4 21163612844270520 91.4
1293231200 39196170836 94.4 21163613263291320 91.4
1293262300 39196199036 94.4 21163636049791928 91.4
1293617800 39196205336 94.4 21163639037493688 91.4
1293669300 39196207236 94.4 21163642908765112 91.4
1293699100 39196219136 94.4 21163657893901240 91.4
1293763900 39196219236 94.4 21163658315933240 91.4
1293852900 39199259236 94.4 21165641693242936 91.4
1293896500 39199259536 94.4 21165642465031224 91.4
1294034000 39199841636 94.4 21166367456048184 91.4
1294388300 39199855536 94.4 21166383970313272 91.4
1294404200 39199861936 94.4 21166393735163960 91.4
1294593900 39199869936 94.4 21166398762434616 91.4
1294692300 39199893836 94.4 21166424640938040 91.4
1294812100 39199894336 94.4 21166425322480440 91.4
1294819000 39201075236 94.5 21167426225431352 91.4
1294887100 39201252136 94.5 21167669213651768 91.4
1294929300 39201257136 94.5 21167676214462776 91.4
1294980500 39201257436 94.5 21167676436306872 91.4
1295042400 39201257736 94.5 21167676858522168 91.4
1295060000 39201303036 94.5 21167737973258808 91.4
1295095200 39201303436 94.5 21167738680401976 91.4
1295822500 39201311336 94.5 21167744159416376 91.4
1295836400 39201317736 94.5 21167749798468664 91.4
1295960500 39201322336 94.5 21167755460806712 91.4
1295983600 39201323736 94.5 21167756798434616 91.4
1296582500 39201324436 94.5 21167758423689016 91.4
1296593100 39201659236 94.5 21168023172548408 91.4
1296987600 39201675936 94.5 21168037629550392 91.4
1297064800 39201681136 94.5 21168041207657784 91.4
1297216600 39201690236 94.5 21168046270098744 91.4
1297331700 39201716436 94.5 21168072548109624 91.4
1297631500 39201716836 94.5 21168073896433848 91.4
1297822800 39201726336 94.5 21168083469143224 91.4
1297832700 39201733736 94.5 21168094691684536 91.4
1297866500 39201734136 94.5 21168095262797240 91.4
1298078400 39201734536 94.5 21168095706502456 91.4
1298365700 39201845536 94.5 21168117358564664 91.4
1298433300 39201850236 94.5 21168119938263352 91.4
1298620300 39201856136 94.5 21168127643397944 91.4
1298624500 39201871536 94.5 21168144483626808 91.4
1298913400 39201907036 94.5 21168178706526008 91.4
1299010000 39201933536 94.5 21168205296754488 91.4
1299040300 39202050636 94.5 21168295610203960 91.4
1299102600 39202050736 94.5 21168295707483960 91.4
1299131000 39202050836 94.5 21168295813080760 91.4
1299189000 39202066536 94.5 21168316383452856 91.4
1299232900 39202067236 94.5 21168318392336056 91.4
1299252600 39202067836 94.5 21168318867472056 91.4
1299465700 39202139536 94.5 21168420553449144 91.4
1299507100 39202139636 94.5 21168420918812344 91.4
1299544100 39202140036 94.5 21168421254479544 91.4
1300423800 39202152936 94.5 21168435287897784 91.4
1300678200 39202179836 94.5 21168453130696376 91.4
1300679000 39202208036 94.5 21168495591331512 91.4
1300810200 39202208636 94.5 21168495857161912 91.4
1300815600 39202214936 94.5 21168499924853944 91.4
1300848700 39202233136 94.5 21168516136305848 91.4
1301490200 39202235436 94.5 21168518926996152 91.4
1301598700 39202240636 94.5 21168523457470136 91.4
1301667100 39202261836 94.5 21168559311396536 91.4
1301771600 39202290936 94.5 21168574043492024 91.4
1301960000 39202291236 94.5 21168574073597624 91.4
1302150200 39202309636 94.5 21168591504055992 91.4
1302157000 39202310236 94.5 21168592405430200 91.4
1302175600 39202979336 94.5 21169113939050424 91.4
1302412700 39202979936 94.5 21169114385612536 91.4
1302489700 39202993036 94.5 21169129622937336 91.4
1303030900 39202994936 94.5 21169132069069048 91.4
1303152000 39203078136 94.5 21169223606640888 91.4
1303303400 39203078236 94.5 21169223712235384 91.4
1303563400 39203127036 94.5 21169276066361208 91.4
1303621100 39203205736 94.5 21169372586708856 91.4
1303842500 39203206436 94.5 21169373240435320 91.4
1303933800 39203207136 94.5 21169374960509304 91.4
1304098900 39203207536 94.5 21169376015726904 91.4
1304584200 39203212236 94.5 21169378434619704 91.4
1304765800 39203227536 94.5 21169395325448504 91.4
1305207900 39203228036 94.5 21169395624794488 91.4
1306459400 39203238136 94.5 21169410821340536 91.4
1306516800 39203299436 94.5 21169549717110136 91.4
1306556800 39203303636 94.5 21169553795930744 91.4
1306585900 39203318736 94.5 21169567811023480 91.4
1306587700 39203324636 94.5 21169572529781368 91.4
1306804400 39203337436 94.5 21169602702862968 91.4
1307333700 39203338236 94.5 21169604072031096 91.4
1307365500 39203338836 94.5 21169604571619096 91.4
1307421200 39203340536 94.5 21169606436732696 91.4
1307582300 39203368536 94.5 21169634664859416 91.4
1307986400 39203369036 94.5 21169636071547416 91.4
1308064200 39203405636 94.5 21169686048547352 91.4
1308569000 39203469936 94.5 21169752672989720 91.4
1308772000 39203475536 94.5 21169757557879320 91.4
1308807000 39203484336 94.5 21169765535907352 91.4
1308871200 39203484636 94.5 21169765641993752 91.4
1308920700 39203485936 94.5 21169767431945752 91.4
1309130100 39203486436 94.5 21169767869966456 91.4
1309133500 39203491536 94.5 21169778035215480 91.4
1309317600 39216060536 94.5 21176404578880632 91.4
1309460100 39216068136 94.5 21176416390057080 91.4
1309474200 39216388736 94.5 21177125892557944 91.4
1309514000 39216400136 94.5 21177143869828216 91.4
1309548500 39216428436 94.5 21177172416765048 91.4
1309634900 39216435136 94.5 21177180669866104 91.4
1309673800 39216478836 94.5 21177201117845624 91.4
1309798300 39216479036 94.5 21177201329017224 91.4
1309943200 39216486836 94.5 21177214635495816 91.4
1310049000 39216491136 94.5 21177220336222600 91.4
1310159700 39216562436 94.5 21177286870417800 91.4
1310392800 39217302136 94.5 21178144651198856 91.5
1310638900 39217310736 94.5 21178151618688904 91.5
1310662000 39217341036 94.5 21178177420228488 91.5
1311133000 39217354536 94.5 21178188906868616 91.5
1311166600 39217355236 94.5 21178189683879816 91.5
1311266400 39217355836 94.5 21178190804545416 91.5
1311394400 39217372036 94.5 21178214227138440 91.5
1311427600 39217372736 94.5 21178215696402312 91.5
1311438000 39217393336 94.5 21178232303036296 91.5
1311531400 39217402536 94.5 21178240558114696 91.5
1312027200 39217424936 94.5 21178264622696328 91.5
1312237800 39217425836 94.5 21178266549838472 91.5
1312349200 39217431836 94.5 21178273893679752 91.5
1312524700 39217435936 94.5 21178277266657416 91.5
1312715200 39217436236 94.5 21178277583433224 91.5
1312769200 39217441236 94.5 21178279927684616 91.5
1312911400 39217456736 94.5 21178293367466504 91.5
1312934900 39217491436 94.5 21178331506412040 91.5
1312960500 39217588336 94.5 21178401156319752 91.5
1313259000 39217594936 94.5 21178411418870280 91.5
1313287000 39217596836 94.5 21178414348414472 91.5
1313379900 39217604036 94.5 21178423178863112 91.5
1313458600 39217614036 94.5 21178430811452936 91.5
1313716800 39217658136 94.5 21178488113464840 91.5
1313726000 39217659536 94.5 21178490527815432 91.5
1313910200 39218616636 94.5 21179280445019912 91.5
1314049400 39218617636 94.5 21179281601455880 91.5
1314175800 39218618236 94.5 21179282236950280 91.5
1314510100 39219826836 94.5 21183715128166152 91.5
1314556500 39219837136 94.5 21183720256575240 91.5
1314577300 39219842936 94.5 21183725592765704 91.5
1314712700 39219843036 94.5 21183725698359704 91.5
1314970500 39219843336 94.5 21183726127449816 91.5
1314989000 39219951736 94.5 21183743831627480 91.5
1315042000 39219951836 94.5 21183743937224680 91.5
1315072700 39219960436 94.5 21183750891247592 91.5
1315079700 39219975136 94.5 21183762838255592 91.5
1315089200 39219997536 94.5 21183786190260200 91.5
1315110500 39219997736 94.5 21183786598756200 91.5
1315385600 39219998336 94.5 21183787246134504 91.5
1315391900 39220000136 94.5 21183788945960168 91.5
1315411300 39220000236 94.5 21183789051554264 91.5
1315550400 39220017236 94.5 21183807189617112 91.5
1315775000 39220088836 94.5 21183856337086936 91.5
1315790000 39220112236 94.5 21183872782397912 91.5
1315888700 39220153236 94.5 21183913767678424 91.5
1315974000 39220341636 94.5 21184052335047128 91.5
1316086200 39220551736 94.5 21184409807843800 91.5
1316228800 39220555036 94.5 21184413450467032 91.5
1316330300 39221168236 94.5 21185677066467032 91.5
1316446100 39221174036 94.5 21185682800662232 91.5
1316504700 39221197336 94.5 21185700450914008 91.5
1316723700 39221201936 94.5 21185710168317656 91.5
1316740300 39221229336 94.5 21185740446709464 91.5
1316744100 39221251336 94.5 21185761653667544 91.5
1316882200 39221300936 94.5 21185822635157208 91.5
1317198000 39221310836 94.5 21185833701630680 91.5
1317311700 39221311836 94.5 21185836573541080 91.5
1317827000 39221311936 94.5 21185837086565080 91.5
1317876200 39221314536 94.5 21185839311053528 91.5
1317945400 39221322936 94.5 21185848518861528 91.5
1317994400 39221342436 94.5 21185875808158424 91.5
1318121400 39221462836 94.5 21185948496052952 91.5
1318167700 39221510436 94.5 21185998109922008 91.5
1318178900 39221560336 94.5 21186044963189464 91.5
1318306300 39221571936 94.5 21186056048034520 91.5
1318421500 39221572936 94.5 21186057397095384 91.5
1318498300 39221578136 94.5 21186060356662232 91.5
1318536300 39221579136 94.5 21186062054531800 91.5
1318891200 39221583336 94.5 21186064316572120 91.5
1319023100 39221636836 94.5 21186133848007128 91.5
1319068500 39221668536 94.5 21186168397418968 91.5
1319125700 39221719036 94.5 21186225321423320 91.5
1319163200 39221720736 94.5 21186227449136856 91.5
1319167600 39221738936 94.5 21186238987182808 91.5
1319224600 39221926336 94.5 21186292725691096 91.5
1319309100 39221939336 94.5 21186305715505880 91.5
1319523600 39221941536 94.5 21186307453765080 91.5
1319537300 39221941736 94.5 21186307573886280 91.5
1319630200 39221943536 94.5 21186308941061832 91.5
1319699100 39222972636 94.5 21186415681289928 91.5
1319805300 39222973036 94.5 21186416080692840 91.5
1319831900 39222982536 94.5 21186425432050280 91.5
1319889000 39222996836 94.5 21186432589027944 91.5
1320278300 39223040736 94.5 21186478666656360 91.5
1320329400 39223048036 94.5 21186492769991272 91.5
1320504900 39223093136 94.5 21186525197042280 91.5
1320819500 39223093336 94.5 21186525388450776 91.5
1320822900 39223250536 94.5 21186891668990936 91.5
1320867800 39223277036 94.5 21186913215308760 91.5
1320920100 39223304036 94.5 21186942237049816 91.5
1320928500 39223304236 94.5 21186942654227416 91.5
1321158800 39223304336 94.5 21186942917190616 91.5
1321191300 39223353836 94.5 21186988764128216 91.5
1321251300 39223354136 94.5 21186989397341144 91.5
1321276000 39223355336 94.5 21186992650219736 91.5
1321412500 39223357036 94.5 21186995753586392 91.5
1321661600 39223357436 94.5 21186995798642392 91.5
1321664800 39223363736 94.5 21187012490393304 91.5
1321735300 39223366836 94.5 21187014453810904 91.5
1321807900 39223370136 94.5 21187018668928472 91.5
1321985400 39223375636 94.5 21187023454422488 91.5
1321996600 39223379036 94.5 21187030942792664 91.5
1322124700 39223379936 94.5 21187031995222232 91.5
1322299500 39223484336 94.5 21187171440445656 91.5
1322668000 39223498636 94.5 21187187593247960 91.5
1322786900 39223512836 94.5 21187203573077208 91.5
1322889000 39223520036 94.5 21187210178001624 91.5
1322952400 39223532136 94.5 21187218630138584 91.5
1322953000 39223555936 94.5 21187244332098264 91.5
1323017500 39223612236 94.5 21187322506265304 91.5
1323223600 39223613836 94.5 21187324745343704 91.5
1323313600 39223614136 94.5 21187325062142392 91.5
1323359700 39223621336 94.5 21187329309081016 91.5
1323375100 39223621736 94.5 21187330003353016 91.5
1323384200 39223734636 94.5 21187412237024696 91.5
1323449700 39223817436 94.5 21187545257893304 91.5
1323477300 39223824636 94.5 21187554396478904 91.5
1323516100 39223829936 94.5 21187558774722488 91.5
1323622400 39223880836 94.5 21187608579452856 91.5
1323672900 39223897136 94.5 21187627461449656 91.5
1323866300 39223916336 94.5 21187648213241784 91.5
1323890000 39223917036 94.5 21187649265216760 91.5
1323938600 39223920436 94.5 21187652151028728 91.5
1323952900 39223972036 94.5 21187703358991352 91.5
1324043800 39223994336 94.5 21187722682217464 91.5
1324102300 39224006036 94.5 21187735630902264 91.5
1324133600 39224011736 94.5 21187740978664440 91.5
1324513400 39224014736 94.5 21187745342034424 91.5
1324749600 39224015236 94.5 21187746226847352 91.5
1324883400 39224022236 94.5 21187756288125560 91.5
1324931900 39224100736 94.5 21187859432696440 91.5
1325004700 39224109236 94.5 21187869913131640 91.5
1325117200 39224202236 94.5 21188000845736568 91.5
1325217900 39225234436 94.5 21189039003019896 91.5
1325430600 39225276736 94.5 21189068618803832 91.5
1325463400 39225289836 94.5 21189076411051128 91.5
1325508000 39225324036 94.5 21189127189818488 91.5
1325710500 39225341336 94.5 21189160067120248 91.5
1326047400 39225346136 94.5 21189161658711672 91.5
1326778600 39225358736 94.5 21189176333553272 91.5
1326812300 39225358936 94.5 21189176544731672 91.5
1326851700 39225385836 94.5 21189199307381272 91.5
1327115600 39225391236 94.5 21189202611059224 91.5
1327171800 39225391336 94.5 21189202716644328 91.5
1327185300 39225403536 94.5 21189226920594408 91.5
1327490500 39225403836 94.5 21189227420031592 91.5
1327568800 39225414236 94.5 21189237420227176 91.5
1327718000 39225425736 94.5 21189253483631208 91.5
1327766100 39225433136 94.5 21189257667612776 91.5
1327780600 39225436336 94.5 21189259027860968 91.5
1328081400 39225491236 94.5 21189363015904744 91.5
1328081700 39225492136 94.5 21189364563578344 91.5
1328098600 39225497836 94.5 21189369864782824 91.5
1328164800 39225533036 94.5 21189404505945064 91.5
1328177700 39225549636 94.5 21189420341798888 91.5
1328293400 39225610936 94.5 21189541565884392 91.5
1328779100 39225617536 94.5 21189547524819944 91.5
1328979000 39225631536 94.5 21189569455897576 91.5
1329030900 39225633236 94.5 21189572528235496 91.5
1329124100 39225637536 94.5 21189578599906792 91.5
1329222200 39225646136 94.5 21189588280567272 91.5
1329349900 39225646436 94.5 21189588612265160 91.5
1329690300 39225658836 94.5 21189601717417160 91.5
1329692700 39225662336 94.5 21189605843031240 91.5
1329803400 39225665836 94.5 21189607657649992 91.5
1329830500 39225737736 94.5 21189652520765256 91.5
1329926000 39225761236 94.5 21189675951529800 91.5
1329941900 39225761636 94.5 21189676378904104 91.5
1330100400 39225763936 94.5 21189679780369448 91.5
1330129300 39225768636 94.5 21189690682474536 91.5
1330187600 39225805936 94.5 21189729196630056 91.5
1330322200 39225817836 94.5 21189739237000232 91.5
1330697200 39225817936 94.5 21189739342594328 91.5
1330860400 39225856836 94.5 21189749240957208 91.5
1331081600 39225884636 94.5 21189782266534168 91.5
1331221000 39225989236 94.5 21189830981380376 91.5
1331543100 39225994736 94.5 21189834040019736 91.5
1331618100 39226000436 94.5 21189838746879256 91.5
1331847600 39226003336 94.5 21189842280877336 91.5
1331916500 39226020036 94.5 21189858186360088 91.5
1331948100 39226024836 94.5 21189864482513176 91.5
1332085900 39226034036 94.5 21189872645653784 91.5
1332090200 39226047236 94.5 21189883057341720 91.5
1332335200 39226081236 94.5 21189914078397720 91.5
1332549800 39226084836 94.5 21189918384950552 91.5
1332578000 39226161036 94.5 21189976340544792 91.5
1332610200 39226181736 94.5 21189999351667992 91.5
1332711000 39226276636 94.5 21190066218179864 91.5
1332893100 39226305336 94.5 21190083820109080 91.5
1332971900 39226305536 94.5 21190084247731480 91.5
1332984600 39226322936 94.5 21190105222307096 91.5
1333151000 39226335636 94.5 21190114750635288 91.5
1333424300 39226394536 94.5 21190174977596696 91.5
1333463500 39226395536 94.5 21190175876873496 91.5
1333571100 39226396736 94.5 21190178808443160 91.5
1333904300 39226398036 94.5 21190179199815960 91.5
1333924500 39226412636 94.5 21190189647074584 91.5
1333943100 39226449436 94.5 21190228708922648 91.5
1333965600 39226476736 94.5 21190275967448344 91.5
1334030700 39226485436 94.5 21190284722801944 91.5
1334096800 39226489936 94.5 21190287538392344 91.5
1334159900 39226490136 94.5 21190288579107544 91.5
1334309100 39226551636 94.5 21190334563060440 91.5
1334344300 39226559636 94.5 21190345358068440 91.5
1334398900 39226560836 94.5 21190347569874392 91.5
1334844200 39226561336 94.5 21190347889976792 91.5
1334976300 39226574136 94.5 21190369622457816 91.5
1335023100 39226575336 94.5 21190371217729240 91.5
1335062700 39226612636 94.5 21190402422847192 91.5
1335098900 39226627236 94.5 21190418165192408 91.5
1335182500 39226635136 94.5 21190425119379160 91.5
1335237000 39228727336 94.5 21193112927686360 91.5
1335284700 39228741836 94.5 21193130651963096 91.5
1335312100 39228761036 94.5 21193146525576920 91.5
1335337900 39228783136 94.5 21193175349386968 91.5
1335394300 39228794836 94.5 21193184755005144 91.5
1335481900 39228795636 94.5 21193186364118744 91.5
1335551400 39229792836 94.5 21195131636438744 91.5
1335563600 39229796436 94.5 21195135856863960 91.5
1335608700 39229796736 94.5 21195136179472152 91.5
1335619800 39229811536 94.5 21195165450503960 91.5
1335663200 39229817636 94.5 21195171427165976 91.5
1335673600 39229840336 94.5 21195200824205080 91.5
1335740200 39229840536 94.5 21195201118502680 91.5
1335743500 39229855536 94.5 21195217011631896 91.5
1335748000 39229855736 94.5 21195217416438104 91.5
1335874100 39229867436 94.5 21195229182366040 91.5
1336022700 39229868136 94.5 21195230422722904 91.5
1336169400 39230013236 94.5 21195335160858968 91.5
1336174600 39230013436 94.5 21195335372051368 91.5
1336358100 39230013736 94.5 21195335966176168 91.5
1336379700 39230016436 94.5 21195337989383848 91.5
1336404600 39230017236 94.5 21195339147449768 91.5
1336480500 39230017436 94.5 21195339358645368 91.5
1336540900 39230115236 94.5 21195386225183864 91.5
1336978600 39230132736 94.5 21195404176354424 91.5
1337161300 39230145136 94.5 21195414340683896 91.5
1337163900 39230169636 94.5 21195429281210488 91.5
1337193100 39230172136 94.5 21195431003157368 91.5
1337308800 39230223936 94.5 21195484010734456 91.5
1337344300 39237865236 94.5 21199494044803960 91.5
1337390900 39237878536 94.5 21199505666826104 91.5
1337412100 39237883536 94.5 21199509879848056 91.5
1337431300 39237902536 94.5 21199531592277112 91.5
1337438800 39237906236 94.5 21199542534914168 91.5
1337474300 39237957336 94.5 21199581457920120 91.5
1337617100 39237958436 94.5 21199583441564280 91.5
1337651400 39237961136 94.5 21199585409495032 91.5
1337696500 39238063036 94.5 21199701971136504 91.5
1337792100 39238063136 94.5 21199701978022604 91.5
1337878700 39238072036 94.5 21199712124429004 91.5
1337885400 39238099536 94.5 21199746910327500 91.5
1337891400 39238119536 94.5 21199757611554508 91.5
1337941400 39238166736 94.5 21199792799831756 91.5
1338277400 39238178936 94.5 21199809053470412 91.5
1338336600 39238190136 94.5 21199821422809804 91.5
1338396500 39238201936 94.5 21199834951737036 91.5
1338414600 39238205736 94.5 21199843082699980 91.5
1338466800 39238211936 94.5 21199847479057612 91.5
1338522700 39238232736 94.5 21199876385361100 91.5
1338581000 39238256736 94.5 21199895991213260 91.5
1338671700 39238262536 94.5 21199909666510028 91.5
1338693100 39238282636 94.5 21199945456227532 91.5
1338741700 39238284436 94.5 21199948823139532 91.5
1339004900 39238284736 94.5 21199949052768028 91.5
1339029400 39238287036 94.5 21199951614100252 91.5
1339035500 39238292136 94.5 21199955199659548 91.5
1339130100 39238297736 94.5 21199964287847964 91.5
1339142500 39238313736 94.5 21199991981524508 91.5
1339145900 39238322536 94.5 21199998845415964 91.5
1339221900 39238326836 94.5 21200003371812380 91.5
1339282500 39238350736 94.5 21200032365946396 91.5
1339346500 39238382236 94.5 21200070631327260 91.5
1339360500 39238404236 94.5 21200092563533340 91.5
1339432400 39238423236 94.5 21200108204457500 91.5
1339468400 39238427036 94.5 21200117408806428 91.5
1339542000 39238431636 94.5 21200126320151068 91.5
1339608200 39238449636 94.5 21200145398290972 91.5
1339796600 39238458136 94.5 21200157000145436 91.5
1339831400 39238458536 94.5 21200157965521308 91.5
1339924500 39238467836 94.5 21200164376745372 91.5
1339973800 39238473436 94.5 21200169377681820 91.5
1340021400 39238500836 94.5 21200190067454364 91.5
1340145800 39238506636 94.5 21200193463961756 91.5
1340151800 39238748636 94.5 21200407605250204 91.5
1340218400 39238758736 94.5 21200423681743004 91.5
1340401200 39238798936 94.5 21200478267160732 91.5
1340447200 39238799836 94.5 21200479480724892 91.5
1340637300 39238803136 94.5 21200482875027868 91.5
1340673900 39238807736 94.5 21200486293139868 91.5
1340746200 39238809436 94.5 21200489614302876 91.5
1340825100 39238817836 94.5 21200498013821084 91.5
1340880900 39238826336 94.5 21200506754398364 91.5
1340932200 39238833536 94.5 21200517498411164 91.5
1340932600 39238834636 94.5 21200518390724764 91.5
1340990800 39238839636 94.5 21200526816173212 91.5
1341011400 39238844136 94.5 21200533410375324 91.5
1341031500 39239273736 94.5 21200796167808668 91.5
1341096100 39239280336 94.5 21200801096156828 91.5
1341102000 39239280936 94.5 21200801869852444 91.5
1341129100 39239283036 94.5 21200802858758172 91.5
1341142900 39239311836 94.5 21200828363900956 91.5
1341161800 39239322936 94.5 21200844293455900 91.5
1341170100 39239335736 94.5 21200856483922972 91.5
1341200900 39239337036 94.5 21200858099838236 91.5
1341306700 39239346336 94.5 21200866763867420 91.5
1341320100 39239346836 94.5 21200868262389020 91.5
1341363600 39239349336 94.5 21200870507875612 91.5
1341426000 39240806736 94.5 21201866263235868 91.6
1341475000 39240809436 94.5 21201871289816860 91.6
1341488000 39240846936 94.5 21201892809916188 91.6
1341488900 39240863236 94.5 21201911956279068 91.6
1341635000 39240863436 94.5 21201911973072668 91.6
1341680200 39240884236 94.5 21201960911367964 91.6
1341689100 39240894736 94.5 21201971337181980 91.6
1341725800 39240901336 94.5 21201978039989532 91.6
1341744200 39240908936 94.5 21201988297367836 91.6
1341757800 39240946036 94.5 21202013539223836 91.6
1341759500 39240947036 94.5 21202014425393436 91.6
1341762600 39240969536 94.5 21202036669571356 91.6
1341763700 39240970236 94.5 21202037870941596 91.6
1341771100 39240972936 94.5 21202040079954588 91.6
1341804100 39240982836 94.5 21202051720325788 91.6
1341902300 39241013536 94.5 21202077823863452 91.6
1341976300 39241014436 94.5 21202078821096732 91.6
1341997200 39241060636 94.5 21202141001039132 91.6
1341999300 39241062236 94.5 21202142397119900 91.6
1342024700 39241074136 94.5 21202156053610908 91.6
1342076200 39241076136 94.5 21202158066385308 91.6
1342218500 39241078936 94.5 21202160162633372 91.6
1342229300 39241080436 94.5 21202160451401372 91.6
1342282700 39241082136 94.5 21202161484991964 91.6
1342332700 39241082536 94.5 21202161955212764 91.6
1342380900 39241088536 94.5 21202166264531932 91.6
1342418300 39241196636 94.5 21202335367367644 91.6
1342470700 39241205136 94.5 21202343404170716 91.6
1342530100 39241209236 94.5 21202348304803292 91.6
1342620400 39241248636 94.5 21202403862095324 91.6
1342643700 39241280236 94.5 21202429343954396 91.6
1342794400 39241280336 94.5 21202429449548596 91.6
1342802400 39241282836 94.5 21202431245758644 91.6
1342837700 39241283736 94.5 21202431799333044 91.6
1342854000 39241285736 94.5 21202433693323444 91.6
1342871400 39241288036 94.5 21202434435035188 91.6
1342914800 39241307136 94.5 21202452894240820 91.6
1342936600 39241344736 94.5 21202466304322612 91.6
1342949700 39241365636 94.5 21202495491318836 91.6
1343001000 39241394336 94.5 21202526041949236 91.6
1343033000 39241394736 94.5 21202526150493236 91.6
1343090800 39241397036 94.5 21202526576272436 91.6
1343124200 39241412036 94.5 21202543269618740 91.6
1343144500 39241420836 94.5 21202544672089140 91.6
1343150800 39241425436 94.5 21202548289676340 91.6
1343164700 39241426736 94.5 21202549684159540 91.6
1343173300 39241429636 94.5 21202552342463540 91.6
1343219500 39241433336 94.5 21202555323765812 91.6
1343254600 39241445536 94.5 21202571232140340 91.6
1343421900 39241450936 94.5 21202578727166004 91.6
1343430900 39241472936 94.5 21202604066007092 91.6
1343511800 39241474736 94.5 21202605112432692 91.6
1343611500 39241527436 94.5 21202687217014836 91.6
1343664600 39241533836 94.5 21202691980448820 91.6
1343666800 39241569936 94.5 21202732872721460 91.6
1343728600 39241571436 94.5 21202734244967220 91.6
1343768200 39241571836 94.5 21202734667331028 91.6
1343768300 39241575536 94.5 21202737963177428 91.6
1343844400 39241576036 94.5 21202738477310836 91.6
1343882300 39241584836 94.5 21202747724645236 91.6
1343947700 39241616936 94.5 21202770258946932 91.6
1344043900 39241636936 94.5 21202788208073588 91.6
1344052800 39241677636 94.5 21202846404766580 91.6
1344114700 39241688836 94.5 21202857184468852 91.6
1344203700 39241689336 94.5 21202857907950580 91.6
1344277500 39241697836 94.5 21202861390012916 91.6
1344327600 39241700536 94.5 21202862142983092 91.6
1344334600 39241701036 94.5 21202862433799092 91.6
1344399000 39241701136 94.5 21202862683655092 91.6
1344421700 39241701236 94.5 21202862817389492 91.6
1344454800 39241710436 94.5 21202872246631348 91.6
1344504400 39241712136 94.5 21202873473178548 91.6
1344517700 39241726636 94.5 21202892829021108 91.6
1344539200 39241732436 94.5 21202899419214772 91.6
1344544800 39241778836 94.5 21202939757663156 91.6
1344563400 39241782436 94.5 21202944058258356 91.6
1344661900 39241799236 94.5 21202959488949172 91.6
1344884700 39241911136 94.5 21202998978751412 91.6
1344904900 39241923436 94.5 21203016526683060 91.6
1344936500 39241938236 94.5 21203032498669492 91.6
1344962600 39241941936 94.5 21203037837511092 91.6
1344982600 39241950736 94.5 21203045025732020 91.6
1345267000 39241969736 94.5 21203064500192692 91.6
1345325500 39241981336 94.5 21203072615331764 91.6
1345349300 39241997836 94.5 21203095709712308 91.6
1345409900 39242012236 94.5 21203107426641844 91.6
1345520500 39242012536 94.5 21203108059679220 91.6
1345554500 39242013336 94.5 21203109428562420 91.6
1345554900 39242020036 94.5 21203116599601140 91.6
1345560200 39242021536 94.5 21203118020016884 91.6
1345574200 39242023736 94.5 21203121203227892 91.6
1345590300 39242024736 94.5 21203122102275380 91.6
1345639700 39242033836 94.5 21203137870241076 91.6
1345647000 39242034336 94.5 21203138304212276 91.6
1345671700 39242043236 94.5 21203155171234100 91.6
1345745200 39242047236 94.5 21203157008865076 91.6
1345775000 39242051736 94.5 21203160309877556 91.6
1345779300 39242053336 94.5 21203161886957748 91.6
1345897300 39242055236 94.5 21203163273658548 91.6
1346005200 39242066136 94.5 21203179032388788 91.6
1346045900 39242094736 94.5 21203207872599220 91.6
1346062200 39242105936 94.5 21203210864649908 91.6
1346066400 39242106836 94.5 21203212327945908 91.6
1346121500 39242107736 94.5 21203213655400372 91.6
1346158100 39242321436 94.6 21203372330491828 91.6
1346183500 39242326136 94.6 21203374687357108 91.6
1346209400 39242336236 94.6 21203383116155060 91.6
1346287200 39242342136 94.6 21203387585157300 91.6
1346359300 39242342236 94.6 21203387690742404 91.6
1346464600 39242342736 94.6 21203387823154708 91.6
1346554800 39242344536 94.6 21203390060291604 91.6
1346613400 39242367236 94.6 21203413701080596 91.6
1346670100 39242367436 94.6 21203414341899796 91.6
1346693700 39242401736 94.6 21203427729398292 91.6
1346697700 39242402036 94.6 21203428637604564 91.6
1346741600 39242405836 94.6 21203433300565716 91.6
1346753600 39242414936 94.6 21203440382431444 91.6
1346756600 39242448336 94.6 21203479226409172 91.6
1346761000 39242470936 94.6 21203496138830036 91.6
1346771000 39242471336 94.6 21203497226113236 91.6
1346884500 39242483036 94.6 21203509823578324 91.6
1346910400 39242494036 94.6 21203518415974612 91.6
1346912100 39242513236 94.6 21203526473349332 91.6
1346922300 39242519536 94.6 21203530828719828 91.6
1346955400 39242520836 94.6 21203532547156308 91.6
1347012600 39242524136 94.6 21203534792960596 91.6
1347031600 39242532236 94.6 21203543779268180 91.6
1347083500 39242552836 94.6 21203570007201364 91.6
1347160000 39242565936 94.6 21203591458199124 91.6
1347168100 39242589036 94.6 21203601854756436 91.6
1347180900 39242592336 94.6 21203605614270036 91.6
1347243300 39242600436 94.6 21203614482713172 91.6
1347265300 39242603736 94.6 21203616498073940 91.6
1347273800 39242608036 94.6 21203624264138580 91.6
1347606500 39242691536 94.6 21203737438584660 91.6
1347641600 39242732736 94.6 21203767230287700 91.6
1347664300 39242733536 94.6 21203768046352788 91.6
1347671600 39242749636 94.6 21203784416599444 91.6
1347728400 39242753836 94.6 21203787251623060 91.6
1347780700 39242760736 94.6 21203795041395860 91.6
1347826700 39242768036 94.6 21203800876483220 91.6
1347870300 39242774436 94.6 21203805444039316 91.6
1347903900 39242780136 94.6 21203817320403604 91.6
1347950800 39242785036 94.6 21203824424273044 91.6
1347967100 39242917036 94.6 21203925527692436 91.6
1348117200 39242917136 94.6 21203925633266532 91.6
1348135600 39242927636 94.6 21203931545047908 91.6
1348158200 39242930336 94.6 21203934343352164 91.6
1348247600 39242932136 94.6 21203939257356132 91.6
1348271600 39242937436 94.6 21203945380949348 91.6
1348338200 39242943336 94.6 21203952023842148 91.6
1348340500 39242943636 94.6 21203953033710948 91.6
1348399200 39242947836 94.6 21203958647216484 91.6
1348400700 39242962836 94.6 21203964915882340 91.6
1348495000 39242968336 94.6 21203970112861028 91.6
1348523600 39242971636 94.6 21203972461419620 91.6
1348548700 39242971836 94.6 21203972512619620 91.6
1348613600 39242972636 94.6 21203973513976228 91.6
1348706400 39242983236 94.6 21203982523128228 91.6
1348716000 39242999036 94.6 21204003114656164 91.6
1348731600 39243009036 94.6 21204009298544548 91.6
1348758100 39243028736 94.6 21204022214282148 91.6
1348775400 39243039636 94.6 21204028628630948 91.6
1348783500 39243057836 94.6 21204043894592932 91.6
1348791200 39243098836 94.6 21204079518193060 91.6
1348793300 39243099836 94.6 21204080653399460 91.6
1348819400 39243101536 94.6 21204081621489060 91.6
1348831200 39243104236 94.6 21204085344021412 91.6
1348911300 39243110336 94.6 21204090352079268 91.6
1348980100 39243110436 94.6 21204090457663364 91.6
1348982700 39243111636 94.6 21204090928816356 91.6
1348992900 39243139836 94.6 21204146414067940 91.6
1349132600 39243140136 94.6 21204147042261540 91.6
1349133200 39243142836 94.6 21204148584532004 91.6
1349135600 39243165736 94.6 21204163033946148 91.6
1349145900 39243175036 94.6 21204178710080548 91.6
1349151800 39243183736 94.6 21204184583966244 91.6
1349223400 39243186736 94.6 21204188339397412 91.6
1349252800 39243238236 94.6 21204312062034724 91.6
1349268600 39243238436 94.6 21204312273225732 91.6
1349359700 39243240036 94.6 21204314260400132 91.6
1349415500 39243249736 94.6 21204323398211588 91.6
1349417600 39243252436 94.6 21204325988036356 91.6
1349562400 39243264336 94.6 21204339621333764 91.6
1349682700 39243267636 94.6 21204343042010116 91.6
1349684700 39243268036 94.6 21204343514122500 91.6
1349754800 39243281736 94.6 21204353662167300 91.6
1349756900 39243282236 94.6 21204354893834500 91.6
1349780700 39243288536 94.6 21204362764769540 91.6
1349795800 39243301136 94.6 21204371988621572 91.6
1349845200 39243304236 94.6 21204374498645252 91.6
1349942500 39243309236 94.6 21204383010294532 91.6
1349985100 39243320136 94.6 21204393535098628 91.6
1349990600 39243330436 94.6 21204402402880260 91.6
1350007200 39243387236 94.6 21204438199892740 91.6
1350058500 39243499636 94.6 21204551621860100 91.6
1350128600 39243521436 94.6 21204561145264900 91.6
1350175500 39243532836 94.6 21204572634811140 91.6
1350218300 39245749536 94.6 21205984858934020 91.6
1350227100 39245749836 94.6 21205985175734916 91.6
1350282400 39245769036 94.6 21205993767526020 91.6
1350332700 39245789336 94.6 21206014802927236 91.6
1350353400 39245790736 94.6 21206016477167236 91.6
1350363500 39245826436 94.6 21206020071911300 91.6
1350371500 39245842236 94.6 21206046897012612 91.6
1350378300 39245855836 94.6 21206052698127236 91.6
1350420000 39245894536 94.6 21206101982698372 91.6
1350443900 39245900236 94.6 21206105890928260 91.6
1350499900 39245932636 94.6 21206147514836612 91.6
1350508100 39245933736 94.6 21206149892155012 91.6
1350517700 39245933936 94.6 21206150103347812 91.6
1350540600 39245935336 94.6 21206151963266404 91.6
1350551500 39245985936 94.6 21206204195155300 91.6
1350575100 39245986536 94.6 21206204278099300 91.6
1350576200 39246022236 94.6 21206224572407140 91.6
1350722200 39246028536 94.6 21206229167560036 91.6
1350798000 39246057236 94.6 21206247643968868 91.6
1350879900 39246070636 94.6 21206258439108964 91.6
1350907000 39246090336 94.6 21206279500908900 91.6
1350937300 39246124236 94.6 21206316014086500 91.6
1350955200 39246127336 94.6 21206318491296868 91.6
1350980500 39246127636 94.6 21206318808070564 91.6
1351035300 39246132236 94.6 21206329127605668 91.6
1351079800 39246163136 94.6 21206372092822948 91.6
1351116000 39246201236 94.6 21206396701894052 91.6
1351135700 39246204136 94.6 21206400299261860 91.6
1351148600 39246207636 94.6 21206405024123300 91.6
1351162200 39246214436 94.6 21206410979703204 91.6
1351171400 39246672036 94.6 21206970552809892 91.6
1351270900 39246673236 94.6 21206971343708964 91.6
1351333000 39246680536 94.6 21206975616337700 91.6
1351562600 39246685136 94.6 21206980711386404 91.6
1351589400 39246717536 94.6 21207008672683300 91.6
1351608500 39246738636 94.6 21207020673556772 91.6
1351609900 39246758136 94.6 21207045640493348 91.6
1351649700 39246758436 94.6 21207046089251844 91.6
1351747400 39247452936 94.6 21207630888672260 91.6
1351750600 39248271636 94.6 21207708826745860 91.6
1351813200 39248279336 94.6 21207715936820228 91.6
1351818500 39248281736 94.6 21207717557197828 91.6
1351820400 39248284936 94.6 21207720448717828 91.6
1351849500 39248296536 94.6 21207733694898180 91.6
1351880000 39248299436 94.6 21207735608754180 91.6
1351903800 39248311636 94.6 21207743976677380 91.6
1351933400 39248316536 94.6 21207746466851844 91.6
1351950100 39248324536 94.6 21207748709912580 91.6
1351972300 39248324636 94.6 21207748996222980 91.6
1352000400 39248336636 94.6 21207752841846276 91.6
1352039900 39248342536 94.6 21207760355355652 91.6
1352085100 39248349836 94.6 21207767670093316 91.6
1352094700 39248350336 94.6 21207768657843716 91.6
1352106600 39248361736 94.6 21207785048521220 91.6
1352107300 39248363236 94.6 21207786759625220 91.6
1352136500 39248364536 94.6 21207788033384452 91.6
1352148600 39248401836 94.6 21207816901580804 91.6
1352277000 39248402936 94.6 21207817926400004 91.6
1352392100 39248410336 94.6 21207824540472324 91.6
1352433500 39248413036 94.6 21207827482363396 91.6
1352491700 39248418936 94.6 21207838242176516 91.6
1352557800 39248428736 94.6 21207849216134660 91.6
1352621800 39248430336 94.6 21207849875385860 91.6
1352653600 39248442236 94.6 21207866068926980 91.6
1352763300 39248452836 94.6 21207873403287556 91.6
1352764300 39248453036 94.6 21207874228836356 91.6
1352771000 39248453636 94.6 21207875000317956 91.6
1352815500 39248454936 94.6 21207875920809732 91.6
1352818300 39248455636 94.6 21207876569616132 91.6
1352849500 39248458036 94.6 21207878258643460 91.6
1352887600 39248462036 94.6 21207881482968580 91.6
1352897100 39248463236 94.6 21207882767064580 91.6
1352962400 39248474636 94.6 21207891600086532 91.6
1352977300 39248478736 94.6 21207896610480644 91.6
1352992900 39248613536 94.6 21208055623098884 91.6
1353043000 39248627136 94.6 21208064603948548 91.6
1353139000 39248628936 94.6 21208069215190020 91.6
1353144700 39248631936 94.6 21208073681878020 91.6
1353172200 39248638536 94.6 21208079582698500 91.6
1353230500 39248645036 94.6 21208085838519300 91.6
1353264700 39248649236 94.6 21208090302205444 91.6
1353277800 39257913336 94.6 21211631639318020 91.6
1353318900 39257922536 94.6 21211641397538308 91.6
1353386500 39257952036 94.6 21211684286459396 91.6
1353630800 39257953336 94.6 21211684943252996 91.6
1353723300 39257964836 94.6 21211693097254916 91.6
1353771300 39258002636 94.6 21211756352004100 91.6
1353883900 39258002736 94.6 21211756457601900 91.6
1353890400 39258014436 94.6 21211774519546732 91.6
1353901300 39258018436 94.6 21211776766974828 91.6
1353973500 39258053436 94.6 21211790500964204 91.6
1354017700 39258071936 94.6 21211813356203884 91.6
1354033800 39258072036 94.6 21211813461797980 91.6
1354065800 39258072536 94.6 21211814671631324 91.6
1354110900 39258072936 94.6 21211815097151036 91.6
1354119300 39258083336 94.6 21211826537215548 91.6
1354123700 39258083836 94.6 21211826971979548 91.6
1354189000 39258088836 94.6 21211829676405788 91.6
1354304700 39258092036 94.6 21211833772722716 91.6
1354306400 39258098236 94.6 21211842450132508 91.6
1354337900 39258173936 94.6 21211902199406108 91.6
1354351900 39258176236 94.6 21211903479201308 91.6
1354410400 39258176836 94.6 21211905028061468 91.6
1354423000 39258182936 94.6 21211912704926492 91.6
1354430100 39258186636 94.6 21211915645298204 91.6
1354488200 39258197336 94.6 21211927133518364 91.6
1354518400 39258197836 94.6 21211927760820764 91.6
1354539300 39258204636 94.6 21211936254455324 91.6
1354555500 39258204936 94.6 21211937159795996 91.6
1354589600 39258206536 94.6 21211939560666396 91.6
1354605600 39258234536 94.6 21211966470010140 91.6
1354665100 39258376736 94.6 21212331465979164 91.6
1354710900 39258379936 94.6 21212334158137628 91.6
1354781200 39258380036 94.6 21212334263730732 91.6
1354796500 39258380136 94.6 21212334369324732 91.6
1354866500 39258439036 94.6 21212375214476988 91.6
1354881700 39258444236 94.6 21212379616448188 91.6
1354961800 39258480236 94.6 21212406291963580 91.6
1354962000 39258503036 94.6 21212439998731964 91.6
1354975000 39258503136 94.6 21212440104331868 91.6
1355025700 39258508336 94.6 21212443485304924 91.6
1355104400 39258516236 94.6 21212453143234652 91.6
1355113200 39258516536 94.6 21212454234449628 91.6
1355123300 39258566636 94.6 21212515049694940 91.6
1355189300 39258567236 94.6 21212516113062364 91.6
1355366200 39258567536 94.6 21212516640880476 91.6
1355401500 39258567736 94.6 21212517024061276 91.6
1355411400 39258574236 94.6 21212522139448156 91.6
1355485800 39258574736 94.6 21212523476382556 91.6
1355565000 39258581236 94.6 21212527516062556 91.6
1355607600 39258585436 94.6 21212530185686108 91.6
1355635800 39259391236 94.6 21213994286271580 91.6
1355652300 39259398836 94.6 21214002325691484 91.6
1355682600 39259402236 94.6 21214005138961244 91.6
1355766300 39259422236 94.6 21214033942190940 91.6
1355769400 39259427536 94.6 21214041193267036 91.6
1355819000 39259446936 94.6 21214059712827228 91.6
1355820000 39259461936 94.6 21214077842515804 91.6
1355864200 39259483836 94.6 21214102066833244 91.6
1355867200 39259506036 94.6 21214129575978844 91.6
1355879900 39259511336 94.6 21214132989790044 91.6
1355887300 39259511536 94.6 21214133200990236 91.6
1355899300 39259518536 94.6 21214141753673756 91.6
1355936800 39259576736 94.6 21214196457121820 91.6
1356048000 39259598436 94.6 21214223420041244 91.6
1356103700 39259601236 94.6 21214226405001244 91.6
1356134700 39259609036 94.6 21214235915219996 91.6
1356138400 39259611836 94.6 21214236374176796 91.6
1356145800 39259614236 94.6 21214240545702428 91.6
1356188000 39259620936 94.6 21214245586115100 91.6
1356209400 39259693836 94.6 21214354310658588 91.6
1356278000 39259700336 94.6 21214362787121692 91.6
1356295700 39259727936 94.6 21214394583917084 91.6
1356305300 39259762636 94.6 21214422473583132 91.6
1356356800 39260597036 94.6 21217369691466268 91.6
1356454900 39260604736 94.6 21217375202673692 91.6
1356521900 39261506236 94.6 21217468531467292 91.6
1356633100 39261506436 94.6 21217468959499292 91.6
1356667400 39261579436 94.6 21217533292094492 91.6
1356701100 39261604636 94.6 21217560404034588 91.6
1356708900 39261617436 94.6 21217570588647452 91.6
1356767500 39261621436 94.6 21217575346146332 91.6
1356783100 39261633036 94.6 21217582102010908 91.6
1356802200 39261652936 94.6 21217595720309788 91.6
1356852900 39261657336 94.6 21217598233428508 91.6
1356864000 39261657536 94.6 21217598560415100 91.6
1356922000 39261660836 94.6 21217602126802300 91.6
1356968500 39261726236 94.6 21217735865077116 91.6
1357012900 39261782336 94.6 21217794215669116 91.6
1357122200 39261782436 94.6 21217794321266116 91.6
1357171100 39261786036 94.6 21217798328477636 91.6
1357172400 39261798236 94.6 21217807240557508 91.6
1357193000 39261852536 94.6 21217927517336516 91.6
1357278800 39261867336 94.6 21217936499500996 91.6
1357427400 39261868036 94.6 21217937203682820 91.6
1357553900 39261940036 94.6 21218010785062404 91.6
1357599800 39261965436 94.6 21218037229448708 91.6
1357625400 39261990636 94.6 21218051509470724 91.6
1357641700 39262013836 94.6 21218081908121092 91.6
1357650000 39262017836 94.6 21218086168243204 91.6
1357695700 39262018236 94.6 21218086365260804 91.6
1357903600 39262026736 94.6 21218095539287044 91.6
1357952800 39262058436 94.6 21218124412750852 91.6
1358091700 39262065036 94.6 21218130561051652 91.6
1358110600 39262091936 94.6 21218163890203652 91.6
1358173600 39262101136 94.6 21218169654558724 91.6
1358217100 39262166436 94.6 21218261472305156 91.6
1358227500 39262168736 94.6 21218265498058756 91.6
1358273900 39262181536 94.6 21218275755406340 91.6
1358315100 39262188536 94.6 21218285483432964 91.6
1358348200 39262265736 94.6 21218350645656580 91.6
1358391600 39262268936 94.6 21218352015504388 91.6
1358471200 39262293036 94.6 21218365618012164 91.6
1358491300 39262299236 94.6 21218372538766852 91.6
1358497100 39262304136 94.6 21218379649013252 91.6
1358692200 39262314536 94.6 21218393319128580 91.6
1358716500 39262321736 94.6 21218400469171716 91.6
1358763900 39262343336 94.6 21218428666779140 91.6
1358768900 39262397936 94.6 21218481719862788 91.6
1358806800 39262439236 94.6 21218532289312260 91.6
1358854500 39262442436 94.6 21218534075464964 91.6
1358854700 39262443036 94.6 21218535346087428 91.6
1358893500 39262453836 94.6 21218542167541764 91.6
1359097100 39262463436 94.6 21218550044495876 91.6
1359109900 39262465236 94.6 21218550978099780 91.6
1359114900 39262468236 94.6 21218557338851396 91.6
1359145300 39262529636 94.6 21218618891565124 91.6
1359168800 39262531436 94.6 21218619357075524 91.6
1359233100 39262531536 94.6 21218620289939524 91.6
1359240600 39262565736 94.6 21218644919574596 91.6
1359284400 39262591336 94.6 21218657845219396 91.6
1359343900 39262596836 94.6 21218667119856708 91.6
1359419900 39262607536 94.6 21218674398881860 91.6
1359518100 39262618036 94.6 21218685130197060 91.6
1359523800 39262700036 94.6 21218768427395140 91.6
1359525000 39262716136 94.6 21218781749317700 91.6
1359527500 39262718436 94.6 21218783486715972 91.6
1359538800 39262718636 94.6 21218783512520772 91.6
1359593800 39262773936 94.6 21218851831011396 91.6
1359594500 39262778736 94.6 21218857769642052 91.6
1359640000 39262780636 94.6 21218860149008452 91.6
1359648400 39262798236 94.6 21218889997203524 91.6
1359780500 39262800836 94.6 21218893456955460 91.6
1359793000 39262800936 94.6 21218893457365060 91.6
1359856700 39262801136 94.6 21218893737121860 91.6
1359873700 39262806436 94.6 21218896746134596 91.6
1359899300 39262819436 94.6 21218932460993604 91.6
1359934600 39262823036 94.6 21218935292071236 91.6
1359955200 39262823136 94.6 21218935397649732 91.6
1360015000 39262826036 94.6 21218940291550532 91.6
1360176700 39262829936 94.6 21218941874845892 91.6
1360212700 39262834836 94.6 21218948400671428 91.6
1360236600 39262843136 94.6 21218951297832644 91.6
1360315000 39262844336 94.6 21218954262317508 91.6
1360416000 39262855136 94.6 21218960146743236 91.6
1360436600 39262865536 94.6 21218967080286148 91.6
1360596600 39262890636 94.6 21218984558204868 91.6
1360619800 39262894636 94.6 21218989503754180 91.6
1360660000 39262910236 94.6 21219015487637444 91.6
1360684400 39262918036 94.6 21219021792769988 91.6
1360724500 39262928636 94.6 21219028340912068 91.6
1360812600 39262932936 94.6 21219031305392068 91.6
1360941700 39262941136 94.6 21219038870346692 91.6
1361021800 39262950836 94.6 21219047643770820 91.6
1361056200 39262953536 94.6 21219051057377220 91.6
1361119100 39262995336 94.6 21219119920639940 91.6
1361125900 39263006536 94.6 21219133480648644 91.6
1361226400 39263022636 94.6 21219147522759620 91.6
1361326800 39263023336 94.6 21219148912081220 91.6
1361354300 39263054936 94.6 21219207232219460 91.6
1361386300 39263065436 94.6 21219212653593924 91.6
1361416400 39263078036 94.6 21219216399271236 91.6
1361467800 39263079836 94.6 21219216867773956 91.6
1361481300 39263087736 94.6 21219223704940036 91.6
1361570800 39263099136 94.6 21219232675485188 91.6
1361621800 39263110436 94.6 21219240399107588 91.6
1361704200 39263130736 94.6 21219259370868228 91.6
1361780900 39263131336 94.6 21219260578677124 91.6
1361857400 39263165636 94.6 21219298727489924 91.6
1361941800 39263166636 94.6 21219299453814724 91.6
1361948500 39263166736 94.6 21219300140713924 91.6
1361999100 39263185836 94.6 21219330682556356 91.6
1362003400 39263186736 94.6 21219331995569092 91.6
1362035000 39263499636 94.6 21219600512076740 91.6
1362059900 39263503836 94.6 21219607917239748 91.6
1362261500 39263509136 94.6 21219619460089284 91.6
1362275700 39263515136 94.6 21219623517488068 91.6
1362303900 39263546736 94.6 21219648472353732 91.6
1362429800 39263574636 94.6 21219676518630340 91.6
1362461400 39263576936 94.6 21219678178943940 91.6
1362665800 39263590236 94.6 21219691702488004 91.6
1362693300 39263593836 94.6 21219694906490308 91.6
1362721600 39263620936 94.6 21219701802968516 91.6
1362755300 39263622036 94.6 21219703917059268 91.6
1362777300 39263629436 94.6 21219710534287044 91.6
1362974200 39263631836 94.6 21219712317071044 91.6
1362981600 39263635636 94.6 21219716775976644 91.6
1363018300 39263718336 94.6 21219810678783684 91.6
1363119300 39263728636 94.6 21219818856383172 91.6
1363205400 39263783336 94.6 21219862725083844 91.6
1363212600 39263787936 94.6 21219866064930756 91.6
1363366200 39263812236 94.6 21219884750481348 91.6
1363399500 39265263636 94.6 21220812942223300 91.6
1363619400 39265272736 94.6 21220820370163652 91.6
1363657600 39265273536 94.6 21220821143237124 91.6
1363671200 39265406036 94.6 21220915347968516 91.6
1363740700 39265411536 94.6 21220922183141380 91.6
1363795000 39265411836 94.6 21220922536029988 91.6
1363859200 39265423236 94.6 21220933751986980 91.6
1363872600 39265428136 94.6 21220938045835556 91.6
1363912000 39265430636 94.6 21220939752843556 91.6
1363913700 39265438336 94.6 21220948923377956 91.6
1364078000 39265767936 94.6 21221349328349476 91.6
1364079400 39265779136 94.6 21221362664189220 91.6
1364148400 39265781636 94.6 21221365700963620 91.6
1364176500 39265798736 94.6 21221380429325604 91.6
1364222500 39265805736 94.6 21221387092509988 91.6
1364329700 39265814836 94.6 21221395204944164 91.6
1364515200 39265825436 94.6 21221407872144676 91.6
1364640900 39265825836 94.6 21221408580547876 91.6
1364783500 39265858536 94.6 21221436438279460 91.6
1364794900 39265914736 94.6 21221474910672164 91.6
1364808600 39265915036 94.6 21221475227470660 91.6
1364826100 39265957836 94.6 21221544879106884 91.6
1364844900 39265959936 94.6 21221547326466884 91.6
1365000100 39265960636 94.6 21221548188796484 91.6
1365059900 39265978736 94.6 21221577655144004 91.6
1365075400 39265993336 94.6 21221587319202372 91.6
1365179200 39265994536 94.6 21221588851515972 91.6
1365230600 39265995536 94.6 21221589813672196 91.6
1365248400 39266001036 94.6 21221597888731396 91.6
1365268800 39266002936 94.6 21221601893188612 91.6
1365291300 39266008536 94.6 21221604239993348 91.6
1365425900 39266014136 94.6 21221609793485316 91.6
1365458900 39266029936 94.6 21221625591063044 91.6
1365492200 39266033236 94.6 21221626156642244 91.6
1365506300 39266047136 94.6 21221639087299524 91.6
1365614400 39266050436 94.6 21221642628676548 91.6
1365645400 39266052236 94.6 21221643303492548 91.6
1365700000 39266057136 94.6 21221647317982148 91.6
1365775200 39266066836 94.6 21221658223829956 91.6
1365795600 39266079636 94.6 21221671223010244 91.6
1366045700 39266085536 94.6 21221674038805444 91.6
1366282100 39266094036 94.6 21221679505736644 91.6
1366319400 39266105336 94.6 21221684974601156 91.6
1366368000 39266130836 94.6 21221710739094468 91.6
1366422500 39266130936 94.6 21221710844690068 91.6
1366455700 39266137836 94.6 21221716372608660 91.6
1366474100 39266159036 94.6 21221753041979028 91.6
1366599100 39266174936 94.6 21221761321183380 91.6
1366706800 39266175436 94.6 21221761838346196 91.6
1366713600 39266182136 94.6 21221768380067796 91.6
1366722900 39266182436 94.6 21221768733888212 91.6
1366834200 39266196736 94.6 21221785812615892 91.6
1366952200 39266299436 94.6 21221835182236372 91.6
1367029900 39266300636 94.6 21221839958643924 91.6
1367044400 39266341836 94.6 21221877487105236 91.6
1367187700 39266353736 94.6 21221888054375636 91.6
1367278000 39266358036 94.6 21221890497867220 91.6
1367369900 39266358336 94.6 21221890876796724 91.6
1367636900 39266360536 94.6 21221898721367348 91.6
1367792500 39266363636 94.6 21221902720715828 91.6
1367797500 39266399636 94.6 21221934493776948 91.6
1367804600 39266403936 94.6 21221938706121012 91.6
1367839400 39266412736 94.6 21221943878751540 91.6
1367901900 39266458636 94.6 21221987927766324 91.6
1368121200 39266468036 94.6 21221995170768180 91.6
1368170000 39266470936 94.6 21221998442438708 91.6
1368209100 39266486536 94.6 21222021542326324 91.6
1368248100 39266498636 94.6 21222025081496116 91.6
1368537900 39266536036 94.6 21222040254371380 91.6
1368721800 39266536136 94.6 21222040263792180 91.6
1368813100 39266539736 94.6 21222043567681332 91.6
1369075000 39266555436 94.6 21222062086655796 91.6
1369152100 39266560636 94.6 21222076761120564 91.6
1369179800 39266568536 94.6 21222086452789044 91.6
1369237000 39266584636 94.6 21222101300051764 91.6
1369272200 39266600836 94.6 21222115914170164 91.6
1369358800 39266601536 94.6 21222117119378356 91.6
1369372600 39266616336 94.6 21222128392798132 91.6
1369541000 39266625236 94.6 21222138837585844 91.6
1369565100 39266631436 94.6 21222145139635636 91.6
1369630600 39267278736 94.6 21224503646057908 91.7
1369715100 39267283436 94.6 21224507811311540 91.7
1369719000 39267370636 94.6 21224562669244340 91.7
1369783700 39267380536 94.6 21224567989422516 91.7
1369793600 39267381136 94.6 21224568528322996 91.7
1369798100 39267416336 94.6 21224601752859060 91.7
1369802600 39267420336 94.6 21224609591483828 91.7
1369841300 39267427236 94.6 21224617874133940 91.7
1369863300 39267427436 94.6 21224618085324436 91.7
1369885700 39267427536 94.6 21224618418534036 91.7
1369908800 39267432536 94.6 21224622679104660 91.7
1369937600 39267432736 94.6 21224622808464356 91.7
1369973400 39267436436 94.6 21224626935266788 91.7
1370043100 39267455636 94.6 21224641367696868 91.7
1370059400 39267465436 94.6 21224648954395108 91.7
1370280400 39267478436 94.6 21224661286162916 91.7
1370390900 39267517836 94.6 21224690279725540 91.7
1370496900 39267520936 94.6 21224694975506404 91.7
1370500700 39267521036 94.6 21224695558367204 91.7
1370608700 39267531236 94.6 21224705894983652 91.7
1370672000 39267544236 94.6 21224715130360804 91.7
1370755000 39267593536 94.6 21224772924888036 91.7
1370778700 39267597336 94.6 21224775153884644 91.7
1370821600 39267602836 94.6 21224781873528292 91.7
1370984300 39267603836 94.6 21224783030443492 91.7
1370999700 39268169336 94.6 21225916043288036 91.7
1371026000 39268175036 94.6 21225920600534500 91.7
1371072700 39268198036 94.6 21225937809972708 91.7
1371097800 39268200936 94.6 21225940656283108 91.7
1371279300 39268201136 94.6 21225940988263908 91.7
1371331800 39268218036 94.6 21225943987749348 91.7
1371434500 39268461236 94.6 21226110325277156 91.7
1371450100 39268464436 94.6 21226113024950756 91.7
1371814800 39268466336 94.6 21226115357751524 91.7
1371940100 39268466736 94.6 21226115749533924 91.7
1372011200 39268470136 94.6 21226120856511716 91.7
1372088400 39268470236 94.6 21226120950719716 91.7
1372138100 39268540036 94.6 21226146883665124 91.7
1372170500 39268541236 94.6 21226148805196260 91.7
1372346600 39268541636 94.6 21226149352953828 91.7
1372577400 39268562436 94.6 21226174181423076 91.7
1372660700 39268569736 94.6 21226180960579556 91.7
1372723300 39268573436 94.6 21226182863486180 91.7
1372816800 39268573936 94.6 21226183573573092 91.7
1372920400 39268580936 94.6 21226192494291428 91.7
1372945200 39268607036 94.6 21226203581049316 91.7
1373030000 39268611936 94.6 21226215371836900 91.7
1373050500 39268617936 94.6 21226216733329380 91.7
1373239700 39268622436 94.6 21226221802057700 91.7
1373260700 39268636436 94.6 21226245108928484 91.7
1373340100 39268636736 94.6 21226245365798692 91.7
1373403800 39268637136 94.6 21226245788171396 91.7
1373489200 39268640436 94.6 21226247786609796 91.7
1373539800 39268711536 94.6 21226299647020164 91.7
1373579100 39268727036 94.6 21226313654855812 91.7
1373706800 39268732836 94.6 21226322081563780 91.7
1374037700 39268765036 94.6 21226350907645060 91.7
1374078700 39268773936 94.6 21226356997144708 91.7
1374121900 39268777636 94.6 21226359038674820 91.7
1374298300 39268804136 94.6 21226400416421764 91.7
1374328100 39268816536 94.6 21226408492095364 91.7
1374345600 39268819336 94.6 21226409988584068 91.7
1374434400 39268828636 94.6 21226417246503556 91.7
1374535500 39268835836 94.6 21226426001553028 91.7
1374667200 39268843036 94.6 21226431594932868 91.7
1374779500 39268875936 94.6 21226442487137924 91.7
1375024000 39268883136 94.6 21226446043489924 91.7
1375038800 39268887336 94.6 21226451497202820 91.7
1375176800 39268887736 94.6 21226451717416228 91.7
1375416200 39268893136 94.6 21226457196434724 91.7
1375704700 39268893536 94.6 21226458026204132 91.7
1375916600 39268903136 94.6 21226465630760932 91.7
1376503400 39268907036 94.6 21226469729288164 91.7
1376629000 39268916936 94.6 21226484278001636 91.7
1376979500 39268936636 94.6 21226504858353636 91.7
1377488100 39268938536 94.6 21226506623005540 91.7
1378014200 39268943336 94.6 21226512967822692 91.7
1378078000 39268945836 94.6 21226514630105316 91.7
1378622800 39268949336 94.6 21226516511072484 91.7
1378639500 39268970336 94.6 21226543416058084 91.7
1378643900 39269041736 94.6 21226591784308964 91.7
1378716100 39269045236 94.6 21226592836349988 91.7
1378777400 39269056836 94.6 21226604644959268 91.7
1379015000 39269081336 94.6 21226633639097380 91.7
1379110500 39269112136 94.6 21226668709610532 91.7
1379215100 39269120136 94.6 21226675013642276 91.7
1379353400 39269153736 94.6 21226696747989028 91.7
1379361400 39269194636 94.6 21226744262350884 91.7
1379647200 39269216336 94.6 21226767086438436 91.7
1379827900 39269218936 94.6 21226770116044836 91.7
1379871300 39269232836 94.6 21226777476931620 91.7
1380165100 39269249836 94.6 21226793934542884 91.7
1380185300 39269261536 94.6 21226799549585444 91.7
1380351800 39269269236 94.6 21226805251831844 91.7
1380489200 39269271136 94.6 21226808816622884 91.7
1381725800 39269307036 94.6 21226840075386148 91.7
1382117800 39269447236 94.6 21227062047931684 91.7
1382341200 39269464236 94.6 21227077074479396 91.7
1382435300 39269464436 94.6 21227077251631396 91.7
1382442900 39269616436 94.6 21227459378743588 91.7
1382605800 39269619336 94.6 21227461008625956 91.7
1382661000 39269622536 94.6 21227462676926756 91.7
1382794900 39270899536 94.6 21229083505283364 91.7
1383147600 39270900236 94.6 21229083660931364 91.7
1383160500 39270904236 94.6 21229088764109092 91.7
1383258500 39270905736 94.6 21229090351923492 91.7
1383314400 39270921236 94.6 21229108936012068 91.7
1383796000 39270923236 94.6 21229111784575268 91.7
1384112000 39270936836 94.6 21229121652233508 91.7
1384317700 39270947636 94.6 21229127346841892 91.7
1384885200 39270951136 94.6 21229130503789092 91.7
1384957300 39270952036 94.6 21229130956601892 91.7
1385231900 39270952236 94.6 21229131157018500 91.7
1385677600 39270969236 94.6 21229146516917124 91.7
1386095700 39271017436 94.6 21229176526832516 91.7
1386697000 39271029336 94.6 21229205746244484 91.7
1386984100 39271031136 94.6 21229208240708484 91.7
1387795100 39271033836 94.6 21229209995639684 91.7
1387876200 39271054736 94.6 21229243735821188 91.7
1388283000 39271116436 94.6 21229296184425348 91.7
1388492700 39271136936 94.6 21229311180919684 91.7
1389060200 39271175136 94.6 21229360224228228 91.7
1389345400 39271248836 94.6 21229432229032836 91.7
1389857600 39271251236 94.6 21229434475484036 91.7
1390161700 39271397036 94.6 21229679294141316 91.7
1390195000 39271397136 94.6 21229679399738316 91.7
1390250800 39271406236 94.6 21229688862872524 91.7
1390272400 39277526736 94.6 21232140249797580 91.7
1390314800 39277532936 94.6 21232147425593804 91.7
1390457100 39277544836 94.6 21232155923939276 91.7
1390646500 39277568936 94.6 21232199467294668 91.7
1390815400 39277572936 94.6 21232204794991052 91.7
1390933300 39277574036 94.6 21232205122056652 91.7
1391002500 39277691136 94.6 21232474265924044 91.7
1391120000 39277691336 94.6 21232474875127628 91.7
1391242500 39277715536 94.6 21232507937414988 91.7
1391593700 39277732436 94.6 21232532830013260 91.7
1391933300 39277733936 94.6 21232534260746060 91.7
1392028200 39278499536 94.6 21232611658155852 91.7
1392053400 39278501436 94.6 21232613418002252 91.7
1392064100 39278507136 94.6 21232617675589452 91.7
1392108300 39278518236 94.6 21232629367055180 91.7
1392156200 39278519136 94.6 21232630237659980 91.7
1392157800 39278531736 94.6 21232648285383500 91.7
1392171400 39278546536 94.6 21232661176051532 91.7
1392193700 39278562936 94.6 21232674206037836 91.7
1392410300 39278640436 94.6 21232732061587276 91.7
1392449600 39278661736 94.6 21232742425150284 91.7
1392816000 39278661836 94.6 21232742870590284 91.7
1393138700 39278663336 94.6 21232743254590284 91.7
1393167300 39278671936 94.6 21232748906471756 91.7
1393174200 39278672636 94.6 21232749696342284 91.7
1393361200 39278738036 94.6 21232806806194444 91.7
1393430200 39278742036 94.6 21232810788940044 91.7
1393956500 39278744536 94.6 21232812227489292 91.7
1393987200 39278749236 94.6 21232818744020492 91.7
1394049800 39278752436 94.6 21232825529564172 91.7
1394214600 39278752736 94.6 21232826162766348 91.7
1394216000 39278787936 94.6 21232860364327436 91.7
1394480800 39278788036 94.6 21232860469927836 91.7
1394582000 39278793036 94.6 21232865726680476 91.7
1394614600 39278797136 94.6 21232866949368092 91.7
1395192200 39278807336 94.6 21232879717543196 91.7
1395302900 39278827836 94.6 21232898790362396 91.7
1395380300 39278832236 94.6 21232900827628060 91.7
1395414100 39278838836 94.6 21232904155499548 91.7
1395516500 39278839236 94.6 21232904815900828 91.7
1395520000 39279252336 94.6 21233212220504220 91.7
1395747500 39279260636 94.6 21233220517513372 91.7
1395901000 39279264836 94.6 21233223354402972 91.7
1395923500 39279272836 94.6 21233236295305372 91.7
1396098600 39279314236 94.6 21233248169758876 91.7
1396117700 39280508136 94.6 21234270521200796 91.7
1396192700 39280508336 94.6 21234270631587996 91.7
1396304900 39280512436 94.6 21234279038974108 91.7
1396531300 39280524536 94.6 21234296770109596 91.7
1396640000 39280526736 94.6 21234299583037596 91.7
1396671700 39280533336 94.6 21234301644760988 91.7
1396680600 39280534436 94.6 21234303736886684 91.7
1396923100 39280542636 94.6 21234313843830172 91.7
1397108000 39280543436 94.6 21234315255721372 91.7
1397108500 39280568236 94.6 21234337317184924 91.7
1397232900 39280571036 94.6 21234340214881436 91.7
1397261300 39280572036 94.6 21234340939759644 91.7
1397324800 39280572436 94.6 21234341607842140 91.7
1397361100 39280609436 94.6 21234355422059868 91.7
1397534300 39280609536 94.6 21234355527652972 91.7
1397570200 39280609836 94.6 21234355663151180 91.7
1397609000 39280655236 94.6 21234389157607500 91.7
1397631000 39280657836 94.6 21234393609289804 91.7
1397731000 39280660536 94.6 21234400656482380 91.7
1397982500 39280666236 94.6 21234406448131148 91.7
1398051900 39280675936 94.6 21234414858170444 91.7
1398066600 39280704036 94.6 21234431807327308 91.7
1398420600 39280711636 94.6 21234442446146636 91.7
1398642900 39280712636 94.6 21234444539065292 91.7
1398652700 39280713936 94.6 21234445820210380 91.7
1398861900 39280716136 94.6 21234447861451980 91.7
1398945500 39280716436 94.6 21234448904825676 91.7
1399104700 39280729536 94.6 21234460893002572 91.7
1399404300 39280763936 94.6 21234483654357836 91.7
1399637700 39280772036 94.6 21234492926243660 91.7
1399703800 39280779836 94.6 21234502103582540 91.7
1400093200 39280791236 94.6 21234509909329740 91.7
1400259700 39280792936 94.6 21234510691104652 91.7
1400383200 39280795636 94.6 21234512496644364 91.7
1400574300 39280796536 94.6 21234512885066572 91.7
1400780500 39280807736 94.6 21234532932801356 91.7
1400879500 39280813336 94.6 21234536118038348 91.7
1400887400 39280821036 94.6 21234543327291724 91.7
1400925700 39280847436 94.6 21234578458777932 91.7
1401255100 39280852736 94.6 21234584749986124 91.7
1401497600 39280853036 94.6 21234585029154124 91.7
1401557000 39280887136 94.6 21234615645558092 91.7
1401573100 39281002736 94.6 21234780739147084 91.7
1401800200 39281039636 94.6 21234822680536396 91.7
1401821200 39281055936 94.6 21234837254846796 91.7
1401883100 39281065736 94.6 21234858657294668 91.7
1401946800 39281886036 94.6 21236483186600268 91.7
1402077800 39281905936 94.6 21236513197627724 91.7
1402110900 39281909236 94.6 21236516874811724 91.7
1402290300 39281909536 94.6 21236517090926732 91.7
1402841600 39281998536 94.6 21236570639081612 91.7
1402906500 39282006136 94.6 21236579476207756 91.7
1403037400 39282009836 94.6 21236580985788556 91.7
1403114400 39282014736 94.6 21236584402132876 91.7
1403227600 39282015936 94.6 21236585166241676 91.7
1403323500 39282071736 94.6 21236697171746700 91.7
1403426400 39282073036 94.6 21236698130825100 91.7
1403500700 39282105736 94.6 21236730222448524 91.7
1403519200 39282176836 94.6 21236785125937036 91.7
1403524700 39282177036 94.6 21236785337127132 91.7
1403554100 39282183136 94.6 21236797744574684 91.7
1403562200 39282186936 94.6 21236798912101084 91.7
1403592400 39282191236 94.6 21236810319973084 91.7
1403648700 39283038536 94.6 21239901131950812 91.7
1403729800 39283062836 94.6 21239924218954460 91.7
1403757900 39283077036 94.6 21239939898061532 91.7
1403779400 39283087636 94.6 21239952945096412 91.7
1403858300 39283091236 94.6 21239956644246236 91.7
1404206000 39283120836 94.6 21240006500180700 91.7
1404218500 39283138136 94.6 21240051067429596 91.7
1404339800 39283145936 94.6 21240059089662172 91.7
1404368000 39283149936 94.6 21240062659326172 91.7
1404706400 39283157136 94.6 21240069061804252 91.7
1405093400 39283236436 94.6 21240139071340764 91.7
1405101700 39283246036 94.6 21240150199483612 91.7
1405153600 39283248336 94.6 21240151829461468 91.7
1405312000 39283272236 94.6 21240206511143388 91.7
1405354900 39283272636 94.6 21240207175515996 91.7
1405406500 39283274636 94.6 21240208095824284 91.7
1405729100 39283274936 94.6 21240208389634268 91.7
1405869000 39283276036 94.6 21240209238916060 91.7
1406235600 39283281636 94.6 21240215603325916 91.7
1406311700 39283281836 94.6 21240215620529116 91.7
1406382400 39283285536 94.6 21240226326867932 91.7
1406412800 39283358036 94.6 21240338522632156 91.7
1406491300 39283365036 94.6 21240341610989532 91.7
1406609100 39283377336 94.6 21240354476018652 91.7
1406660000 39283384036 94.6 21240357085275100 91.7
1406828500 39283439736 94.6 21240418652038108 91.7
1407058600 39283445836 94.6 21240426750282716 91.7
1407314900 39283446336 94.6 21240427838634332 91.7
1407337100 39283446436 94.6 21240427853379932 91.7
1407694800 39283446836 94.6 21240429924317532 91.7
1407715900 39283466136 94.6 21240447500130652 91.7
1407860100 39283469436 94.6 21240448427414044 91.7
1407973500 39283471036 94.6 21240450131024924 91.7
1408082100 39283471936 94.6 21240451771735196 91.7
1408478100 39283483936 94.6 21240462873943196 91.7
1408496900 39283491636 94.6 21240468048988316 91.7
1408573800 39283500636 94.6 21240481519368348 91.7
1408597000 39283504936 94.6 21240484632878748 91.7
1408638200 39283505136 94.6 21240484816700844 91.7
1408849800 39283518836 94.6 21240498133265836 91.7
1409237700 39283522636 94.6 21240502140709292 91.7
1409566500 39283526136 94.6 21240503434635692 91.7
1409570300 39283532436 94.6 21240508878440364 91.7
1409627400 39283536536 94.6 21240513124140716 91.7
1409672400 39283536936 94.6 21240513546548428 91.7
1409715000 39283553836 94.6 21240550191949004 91.7
1410283400 39283556936 94.6 21240552061977804 91.7
1410401800 39283567236 94.6 21240562126188748 91.7
1410416900 39283567636 94.6 21240562213228748 91.7
1410494200 39283578936 94.6 21240574158692556 91.7
1410577200 39283580136 94.6 21240575183067148 91.7
1410591900 39283632836 94.7 21240614428194828 91.7
1410665100 39283641836 94.7 21240623682082828 91.7
1410838700 39283644036 94.7 21240627120355340 91.7
1411037300 39283644136 94.7 21240627225953836 91.7
1411215000 39283648436 94.7 21240630721588780 91.7
1411694100 39283664736 94.7 21240653155067436 91.7
1411757700 39283676636 94.7 21240666938241580 91.7
1411814500 39283693336 94.7 21240693247668780 91.7
1411832800 39283756236 94.7 21240724016962092 91.7
1411923800 39283779336 94.7 21240762113866284 91.7
1411937100 39283789736 94.7 21240778748784172 91.7
1411946800 39283792236 94.7 21240782816931372 91.7
1411964300 39283838136 94.7 21240827905457708 91.7
1411985800 39283848936 94.7 21240843836253740 91.7
1412188100 39283852636 94.7 21240845213510956 91.7
1412411700 39283854636 94.7 21240847087796780 91.7
1412497300 39283857336 94.7 21240850255362604 91.7
1412621400 39283891536 94.7 21240902192515628 91.7
1412791600 39283903136 94.7 21240924499352108 91.7
1412902400 39283911036 94.7 21240930019531308 91.7
1413086400 39283936336 94.7 21240976449272364 91.7
1413119900 39283970036 94.7 21241001892094508 91.7
1413141200 39283976136 94.7 21241010590285356 91.7
1413178500 39283976436 94.7 21241010907074668 91.7
1413325600 39283977536 94.7 21241011179495852 91.7
1413568500 39283978436 94.7 21241012270755244 91.7
1414272400 39283992836 94.7 21241029750494636 91.7
1414397800 39284019736 94.7 21241059520148908 91.7
1414527800 39284049336 94.7 21241100759573932 91.7
1414574100 39284051136 94.7 21241102052681132 91.7
1414977200 39284057636 94.7 21241106693472684 91.7
1415029100 39284060536 94.7 21241110760391084 91.7
1415141800 39284061536 94.7 21241112754362156 91.7
1415153300 39284088236 94.7 21241129176962860 91.7
1415171000 39284091536 94.7 21241133997750060 91.7
1415210600 39284110736 94.7 21241168384505644 91.7
1415223300 39284121436 94.7 21241178647437100 91.7
1415314500 39284125336 94.7 21241183542828332 91.7
1415469900 39284141736 94.7 21241198289827116 91.7
1415568800 39284142436 94.7 21241200863698732 91.7
1415604600 39284143036 94.7 21241201295253740 91.7
1415712600 39284143936 94.7 21241203096686060 91.7
1415940300 39284148836 94.7 21241205395712492 91.7
1416502400 39284165636 94.7 21241217853159916 91.7
1416726600 39284168636 94.7 21241221309530860 91.7
1416952000 39284185936 94.7 21241241599124204 91.7
1417044300 39284190436 94.7 21241244974133740 91.7
1417107500 39284212236 94.7 21241258027944428 91.7
1417221600 39284222436 94.7 21241264154812908 91.7
1417289800 39286259436 94.7 21242570091078124 91.7
1417526100 39286260936 94.7 21242571343720812 91.7
1417533100 39286261636 94.7 21242572390248812 91.7
1417621600 39286262036 94.7 21242574191464812 91.7
1417682700 39286262136 94.7 21242574194127212 91.7
1417717500 39286305736 94.7 21242610726482284 91.7
1417719000 39286311836 94.7 21242616753421676 91.7
1417761200 39286321436 94.7 21242629474368876 91.7
1417827400 39286322936 94.7 21242630272679276 91.7
1418185000 39286324136 94.7 21242632318302700 91.7
1418228300 39286338836 94.7 21242652008047084 91.7
1418525100 39286345636 94.7 21242654337782764 91.7
1419057200 39286351236 94.7 21242659543596012 91.7
1419248100 39286354136 94.7 21242663507976172 91.7
1419314700 39286360036 94.7 21242668699216876 91.7
1419316700 39286379636 94.7 21242702433618924 91.7
1419433500 39286379736 94.7 21242702436895724 91.7
1419458200 39286380036 94.7 21242702667216332 91.7
1419463600 39286406336 94.7 21242734025975244 91.7
1419511800 39286406536 94.7 21242734146517044 91.7
1419559600 39286502736 94.7 21242909405853748 91.7
1419567900 39286509436 94.7 21242917049399348 91.7
1419836900 39286511336 94.7 21242919876288564 91.7
1419967100 39286638236 94.7 21243205799141428 91.7
1420020200 39286650736 94.7 21243214557248564 91.7
1420053500 39286657036 94.7 21243220597210164 91.7
1420301400 39286663436 94.7 21243225068832308 91.7
1420421100 39286664936 94.7 21243226499769908 91.7
1420475000 39286680936 94.7 21243236260174388 91.7
1420614800 39286684736 94.7 21243238288762804 91.7
1420705300 39286691436 94.7 21243240621969844 91.7
1420715500 39286691536 94.7 21243240727566740 91.7
1420816000 39286705336 94.7 21243259473990036 91.7
1420975000 39286729536 94.7 21243323315519892 91.7
1421085000 39286731936 94.7 21243324803608596 91.7
1421139600 39286735636 94.7 21243328012249108 91.7
1421142100 39286741236 94.7 21243331128698644 91.7
1421148500 39286754936 94.7 21243352563949332 91.7
1421310400 39286794336 94.7 21243381965938452 91.7
1421473000 39286870336 94.7 21243406368352020 91.7
1421517200 39286870536 94.7 21243406795075924 91.7
1421558800 39286871836 94.7 21243409690577492 91.7
1421880200 39286899336 94.7 21243437299436116 91.7
1421979800 39286928736 94.7 21243462365043284 91.7
1422079400 39286936536 94.7 21243468221113940 91.7
1422093500 39286954036 94.7 21243487164419668 91.7
1422276100 39286960636 94.7 21243493751124564 91.7
1422484500 39286961736 94.7 21243495591662164 91.7
1422508600 39286995236 94.7 21243515870704212 91.7
1422555800 39286996036 94.7 21243516892849876 91.7
1422984000 39286998136 94.7 21243517976902484 91.7
1423103400 39286998936 94.7 21243518620238484 91.7
1423296700 39286999636 94.7 21243520231451284 91.7
1423393500 39287018936 94.7 21243536345714324 91.7
1423499300 39287028036 94.7 21243545998579348 91.7
1423624500 39287036136 94.7 21243557640622740 91.7
1423649000 39287038436 94.7 21243559297292692 91.7
1423686900 39287038536 94.7 21243559402912388 91.7
1424099500 39287041136 94.7 21243560796280452 91.7
1424186500 39287044636 94.7 21243566157387396 91.7
1424205900 39287112336 94.7 21243737826465412 91.7
1424293900 39287135736 94.7 21243759748079236 91.7
1424326000 39287158636 94.7 21243776907869828 91.7
1424379800 39287174236 94.7 21243788565696132 91.7
1424389800 39287196136 94.7 21243814724322948 91.7
1424415400 39287202136 94.7 21243819662460548 91.7
1424735100 39287217136 94.7 21243831399463556 91.7
1424745000 39287220336 94.7 21243834439289220 91.7
1424755900 39287230336 94.7 21243844120514948 91.7
1424875600 39287231136 94.7 21243845618634116 91.7
1425084000 39287238036 94.7 21243849199747716 91.7
1425146700 39287238736 94.7 21243850074617220 91.7
1425663700 39287243736 94.7 21243862165820804 91.7
1425705800 39287253036 94.7 21243872606184836 91.7
1425841400 39287327336 94.7 21243959068132740 91.7
1425895200 39287335236 94.7 21243962606815108 91.7
1425917500 39287368236 94.7 21243972448775044 91.7
1425984000 39287383336 94.7 21243991054039940 91.7
1426008800 39287385536 94.7 21243993115895940 91.7
1426185000 39287397836 94.7 21244004308215940 91.7
1426560100 39287416436 94.7 21244017381266564 91.7
1426802700 39287416536 94.7 21244017486864764 91.7
1426824300 39287426836 94.7 21244031494047100 91.7
1426923300 39287431836 94.7 21244036737380220 91.7
1426963800 39287431936 94.7 21244036842974924 91.7
1427234600 39287434636 94.7 21244039969869516 91.7
1427269900 39287445636 94.7 21244050032929484 91.7
1427332000 39287448836 94.7 21244052194523852 91.7
1427456800 39287465036 94.7 21244063207352012 91.7
1427745100 39287473536 94.7 21244075075327692 91.7
1427804500 39287481236 94.7 21244085315659468 91.7
1427940600 39287487636 94.7 21244093042968268 91.7
1428220300 39287499136 94.7 21244101426381004 91.7
1428390700 39287505536 94.7 21244107541504204 91.7
1428469200 39287508436 94.7 21244109217327564 91.7
1428555600 39287516936 94.7 21244116903757260 91.7
1428603100 39287525336 94.7 21244133438712268 91.7
1428721900 39287526336 94.7 21244134494688140 91.7
1428768000 39287530536 94.7 21244138412919692 91.7
1429005200 39288515636 94.7 21244824842423180 91.7
1429081200 39288535736 94.7 21244845924131724 91.7
1429196900 39288541236 94.7 21244851353789324 91.7
1429205400 39288562736 94.7 21244873031459724 91.7
1429207500 39288564836 94.7 21244873852806028 91.7
1429279600 39288594036 94.7 21244907540097932 91.7
1429281800 39290487136 94.7 21247357244320652 91.7
1429334900 39290487436 94.7 21247357345696652 91.7
1429367900 39290491436 94.7 21247362768540556 91.7
1429390400 39290503836 94.7 21247374689280908 91.7
1429474900 39290503936 94.7 21247374794875404 91.7
1429852700 39290504436 94.7 21247375322841196 91.7
1429987300 39290505436 94.7 21247377610006124 91.7
1430340500 39290510336 94.7 21247381645910380 91.7
1430582000 39290513636 94.7 21247386701737324 91.8
1430617700 39290517436 94.7 21247390290818924 91.8
1430972400 39290518736 94.7 21247394259322988 91.8
1430982200 39290524336 94.7 21247399685533804 91.8
1431084200 39290527536 94.7 21247402871386988 91.8
1431172000 39290527636 94.7 21247402976985884 91.8
1431221700 39290529836 94.7 21247405373570332 91.8
1431445900 39290530836 94.7 21247405967080732 91.8
1431669500 39290537436 94.7 21247411443692828 91.8
1431830700 39290573436 94.7 21247486163735836 91.8
1431988700 39290587336 94.7 21247497310043420 91.8
1432052700 39290891536 94.7 21248013905001756 91.8
1432109300 39290915036 94.7 21248049151106332 91.8
1432150500 39290917136 94.7 21248052662652956 91.8
1432232400 39291620336 94.7 21248787590238236 91.8
1432753800 39291620436 94.7 21248787695837532 91.8
1432870900 39291620536 94.7 21248787801431732 91.8
1432921300 39291623136 94.7 21248800821254836 91.8
1433180900 39291714736 94.7 21248873680468660 91.8
1433363500 39291725736 94.7 21248886024910516 91.8
1433596500 39291727936 94.7 21248890030768052 91.8
1433702600 39291759736 94.7 21248922905042868 91.8
1433751000 39291763736 94.7 21248927742869940 91.8
1433796300 39291764736 94.7 21248928954876340 91.8
1433799300 39291764936 94.7 21248929148330340 91.8
1433801000 39291766236 94.7 21248930672861540 91.8
1433911900 39299902836 94.7 21251543503266148 91.8
1433969400 39299924536 94.7 21251568071891300 91.8
1434211100 39299932636 94.7 21251581420122468 91.8
1434303300 39299932936 94.7 21251581679604068 91.8
1434408100 39300400636 94.7 21252491315155300 91.8
1434464900 39300403636 94.7 21252493910790500 91.8
1434544700 39300412136 94.7 21252503318491492 91.8
1434625900 39300418536 94.7 21252510644441444 91.8
1434702300 39300419136 94.7 21252511100653348 91.8
1434856900 39300419236 94.7 21252511206242548 91.8
1435049700 39300457636 94.7 21252586555128052 91.8
1435511500 39300481736 94.7 21252605644196084 91.8
1435628600 39300491036 94.7 21252625659554036 91.8
1435716100 39300505836 94.7 21252652844980468 91.8
1435906500 39300520836 94.7 21252673496672500 91.8
1436030700 39300522536 94.7 21252674154340212 91.8
1436608700 39300524936 94.7 21252676545055348 91.8
1436609200 39300528036 94.7 21252680708654196 91.8
1436645700 39300528136 94.7 21252680814241596 91.8
1436666700 39300554536 94.7 21252688967269692 91.8
1436980900 39300555136 94.7 21252689685912892 91.8
1437332700 39300558836 94.7 21252691140106428 91.8
1437374600 39300577836 94.7 21252721868435644 91.8
1438074200 39300597036 94.7 21252758010073276 91.8
1438117700 39300638636 94.7 21252794894696636 91.8
1438252200 39300641736 94.7 21252799167643836 91.8
1438464500 39300650236 94.7 21252807961392316 91.8
1439255700 39300650536 94.7 21252808382792508 91.8
1439362600 39300654136 94.7 21252815122741564 91.8
1440596000 39300717136 94.7 21252868082293052 91.8
1440654400 39300722336 94.7 21252873521287996 91.8
1441098500 39300727736 94.7 21252878765595964 91.8
1443029200 39300729436 94.7 21252880301800764 91.8
1443198500 39300729536 94.7 21252880470555964 91.8
1443223900 39300744536 94.7 21252894055349564 91.8
1443463000 39300753836 94.7 21252899511206204 91.8
1443613700 39300935336 94.7 21253004871426364 91.8
1443970600 39301012136 94.7 21253112036614460 91.8
1444257800 39301016036 94.7 21253115567942972 91.8
1444301500 39301079136 94.7 21253224926326076 91.8
1444714800 39301080736 94.7 21253226955842748 91.8
1444956400 39302006436 94.7 21254019129058492 91.8
1446030900 39302009036 94.7 21254022072642492 91.8
1446166400 39302010236 94.7 21254026495829948 91.8
1446374400 39302021436 94.7 21254036470452156 91.8
1446591200 39302028936 94.7 21254046848651196 91.8
1447733900 39302042436 94.7 21254080424482748 91.8
1448075100 39302044536 94.7 21254083329075900 91.8
1448170300 39302047736 94.7 21254086876158396 91.8
1448407300 39302049736 94.7 21254088960407996 91.8
1448562200 39302058136 94.7 21254100738251196 91.8
1448721800 39302060536 94.7 21254103085447612 91.8
1449052700 39302084836 94.7 21254125014202812 91.8
1449089700 39302918736 94.7 21254208175511996 91.8
1449527100 39302918936 94.7 21254208386705196 91.8
1449664100 39302924036 94.7 21254215690282796 91.8
1449675000 39302928636 94.7 21254223036256556 91.8
1449823200 39302931336 94.7 21254226430611756 91.8
1449940700 39302931536 94.7 21254226641805756 91.8
1450194100 39302946336 94.7 21254239904558524 91.8
1450353100 39302946836 94.7 21254240718776828 91.8
1450423800 39302947336 94.7 21254242428982780 91.8
1450949500 39302951736 94.7 21254249738693116 91.8
1451188300 39302962036 94.7 21254262555877884 91.8
1451234200 39302971336 94.7 21254276156649980 91.8
1451420900 39302984436 94.7 21254300658606588 91.8
1451557400 39303003636 94.7 21254320476674556 91.8
1451744100 39303017736 94.7 21254334960622076 91.8
1452519800 39303019836 94.7 21254336970734076 91.8
1452638100 39303028236 94.7 21254348248882684 91.8
1452726400 39303042736 94.7 21254361098899964 91.8
1453024000 39303044136 94.7 21254362338238332 91.8
1453137100 39303045136 94.7 21254362843070332 91.8
1453167600 39303045236 94.7 21254362948670828 91.8
1453199500 39303050536 94.7 21254370653155180 91.8
1453277200 39303051036 94.7 21254370660527980 91.8
1453285700 39303067336 94.7 21254392195004268 91.8
1453477800 39303082736 94.7 21254403187522412 91.8
1453492000 39303093236 94.7 21254414272977772 91.8
1453784500 39303093336 94.7 21254414378571868 91.8
1454034400 39303095836 94.7 21254416017495516 91.8
1454361500 39303103936 94.7 21254418423630812 91.8
1454408700 39303105436 94.7 21254418962911900 91.8
1454468400 39303154836 94.7 21254423322199708 91.8
1454667800 39303155136 94.7 21254423545148412 91.8
1454771100 39303156536 94.7 21254425215403132 91.8
1455095300 39303193636 94.7 21254464361108604 91.8
1455101000 39303197036 94.7 21254467725358204 91.8
1455159000 39303208336 94.7 21254479712711804 91.8
1455404600 39303210736 94.7 21254480778351676 91.8
1455501100 39303221136 94.7 21254490450633788 91.8
1455652500 39303221236 94.7 21254490556231292 91.8
1455673400 39303224236 94.7 21254504655116924 91.8
1455719000 39303224836 94.7 21254505136396924 91.8
1455762800 39303228336 94.7 21254505973414524 91.8
1455899200 39303238436 94.7 21254514905664124 91.8
1455909500 39303245936 94.7 21254520418650748 91.8
1456016700 39303248036 94.7 21254524505242748 91.8
1456239500 39303284836 94.7 21254579295358076 91.8
1456244100 39303285136 94.7 21254579906520380 91.8
1456541600 39303318536 94.7 21254586506007868 91.8
1456551800 39303328336 94.7 21254591790667068 91.8
1456633200 39303336336 94.7 21254597320708924 91.8
1456797600 39303342836 94.7 21254602903305532 91.8
1456862700 39303348536 94.7 21254608244899132 91.8
1456927100 39303355736 94.7 21254620227270972 91.8
1457162700 39303356336 94.7 21254621538605372 91.8
1457442300 39303361436 94.7 21254626056493372 91.8
1457529400 39303362136 94.7 21254626389702972 91.8
1457546900 39303363036 94.7 21254627769283388 91.8
1457619400 39303366336 94.7 21254631883305788 91.8
1457631900 39303367436 94.7 21254632248222396 91.8
1457646800 39303367736 94.7 21254632784703996 91.8
1457726300 39303374336 94.7 21254642654130684 91.8
1457788300 39303374436 94.7 21254642759723884 91.8
1457857800 39303382736 94.7 21254655921893228 91.8
1458044100 39303402936 94.7 21254683464554348 91.8
1458104200 39303403536 94.7 21254684761924204 91.8
1458114300 39303406036 94.7 21254690852514924 91.8
1458187100 39303409136 94.7 21254695393394796 91.8
1458246700 39303414736 94.7 21254700328172140 91.8
1458294000 39303536036 94.7 21254789230844524 91.8
1458367800 39303537136 94.7 21254791407846508 91.8
1458377600 39303566936 94.7 21254813745532012 91.8
1458639400 39303567536 94.7 21254814154517612 91.8
1458657000 39303583536 94.7 21254833853330540 91.8
1458843100 39303595936 94.7 21254858417224812 91.8
1458903000 39303597736 94.7 21254860127304812 91.8
1458924300 39303609236 94.7 21254874219781228 91.8
1459010300 39303610336 94.7 21254874598558316 91.8
1459033100 39303612936 94.7 21254877840023916 91.8
1459119700 39303622736 94.7 21254885681820012 91.8
1459184300 39303623236 94.7 21254886552801004 91.8
1459209800 39303713236 94.7 21254971824230124 91.8
1459612800 39303715336 94.7 21254972285849324 91.8
1459824800 39303716236 94.7 21254972820172524 91.8
1459865500 39303804236 94.7 21255099099877100 91.8
1459894900 39303804636 94.7 21255099254501100 91.8
1459927500 39303805436 94.7 21255100639358700 91.8
1460015900 39303874736 94.7 21255148126519020 91.8
1460095100 39303886136 94.7 21255162532411116 91.8
1460133600 39303886436 94.7 21255162773460716 91.8
1460200300 39303889336 94.7 21255165124564716 91.8
1460533400 39303907036 94.7 21255190369468140 91.8
1460603100 39303911136 94.7 21255194593058540 91.8
1460624000 39303935336 94.7 21255217927442156 91.8
1460680800 39303957636 94.7 21255247899172588 91.8
1460687800 39303957936 94.7 21255248786491692 91.8
1460784600 39303977036 94.7 21255267420193068 91.8
1460792200 39303979136 94.7 21255268010189292 91.8
1460793800 39304007536 94.7 21255277139665388 91.8
1460841500 39304008636 94.7 21255277726826988 91.8
1460845200 39304018436 94.7 21255287613121004 91.8
1460939300 39304025536 94.7 21255293698223596 91.8
1461063700 39304347836 94.7 21255950122659308 91.8
1461254100 39304351836 94.7 21255953374805484 91.8
1461265600 39304352936 94.7 21255954729766380 91.8
1461380100 39304355736 94.7 21255955455372780 91.8
1461394900 39304359536 94.7 21255958999938028 91.8
1461449100 39304363336 94.7 21255960636009324 91.8
1461457500 39304370236 94.7 21255961922358124 91.8
1461508200 39304373636 94.7 21255965532531564 91.8
1461565200 39304373836 94.7 21255966538099564 91.8
1461640400 39304376936 94.7 21255969498237548 91.8
1461736400 39304379636 94.7 21255970597756652 91.8
1461746800 39304388636 94.7 21255974628642540 91.8
1462015400 39304391836 94.7 21255977335940844 91.8
1462049500 39304397836 94.7 21255986789844716 91.8
1462098200 39304403136 94.7 21255993354620652 91.8
1462125900 39304403836 94.7 21255994179964652 91.8
1462144000 39304487136 94.7 21256096314429164 91.8
1462176000 39304506636 94.7 21256116683624172 91.8
1462222900 39304514636 94.7 21256137290430188 91.8
1462365800 39304521236 94.7 21256147186775788 91.8
1462396500 39304521536 94.7 21256147513069388 91.8
1462512200 39304543736 94.7 21256168321974092 91.8
1462556400 39304544236 94.7 21256169140599116 91.8
1462735900 39304544336 94.7 21256169300547916 91.8
1462763100 39304550436 94.7 21256177547225420 91.8
1462811000 39304561936 94.7 21256187038902604 91.8
1462911600 39304578936 94.7 21256213294969164 91.8
1462950900 39304581536 94.7 21256216350047820 91.8
1462952900 39304582736 94.7 21256217419125708 91.8
1463068300 39304587036 94.7 21256221311778508 91.8
1463160700 39304593936 94.7 21256226334286540 91.8
1463262500 39304621936 94.7 21256245098881740 91.8
1463334500 39304624036 94.7 21256247324505804 91.8
1463575600 39304624736 94.7 21256247953002316 91.8
1463599400 39304631336 94.7 21256251532565836 91.8
1463602700 39304636436 94.7 21256260328521036 91.8
1463628400 39304642436 94.7 21256268286884684 91.8
1463717800 39304643436 94.7 21256270349888972 91.8
1463733900 39304648836 94.7 21256272714304972 91.8
1463804900 39304696136 94.7 21256315812175308 91.8
1463851600 39304696436 94.7 21256315911093708 91.8
1464079900 39304696536 94.7 21256316016687212 91.8
1464131300 39304698136 94.7 21256316939115372 91.8
1464240500 39304735936 94.7 21256403962256236 91.8
1464307000 39304757936 94.7 21256426188624748 91.8
1464397600 39304761336 94.7 21256430763490668 91.8
1464419900 39304761536 94.7 21256430974689868 91.8
1464437500 39304764136 94.7 21256432928891468 91.8
1464468400 39304766336 94.7 21256434906577484 91.8
1464485300 39304780636 94.7 21256444740552268 91.8
1464506700 39304781736 94.7 21256445771145868 91.8
1464568600 39304807236 94.7 21256476470381196 91.8
1464658200 39304812736 94.7 21256479209859724 91.8
1464772500 39304848136 94.7 21256535934401164 91.8
1464809300 39304877136 94.7 21256560766161548 91.8
1464898300 39304878936 94.7 21256561437905548 91.8
1464902100 39304879836 94.7 21256562239450956 91.8
1464933100 39304881236 94.7 21256562954817356 91.8
1464959100 39304882436 94.7 21256565260911692 91.8
1464992400 39304882936 94.7 21256565614569388 91.8
1465011900 39304884836 94.7 21256567539727276 91.8
1465150700 39304885336 94.7 21256568040092172 91.8
1465168800 39304885836 94.7 21256568466974764 91.8
1465226500 39304938436 94.7 21256617830701100 91.8
1465232000 39304948336 94.7 21256629988555820 91.8
1465248400 39304957536 94.7 21256641783667756 91.8
1465276200 39304963036 94.7 21256649287949356 91.8
1465292700 39304971336 94.7 21256651300109356 91.8
1465539000 39304988036 94.7 21256688059604012 91.8
1465546600 39305146236 94.7 21257082494442540 91.8
1465813800 39305146436 94.7 21257082954013740 91.8
1465857100 39305148036 94.7 21257084494436780 91.8
1465952900 39305151236 94.7 21257086406039980 91.8
1465999900 39305151836 94.7 21257086449252780 91.8
1466153300 39305153736 94.7 21257089794822572 91.8
1466343100 39305962236 94.7 21257659796148652 91.8
1466411200 39306258936 94.7 21257856835735980 91.8
1466419600 39306276436 94.7 21257876007295404 91.8
1466439800 39306325736 94.7 21257922068973996 91.8
1466480400 39306348936 94.7 21257932511521196 91.8
1466491600 39306358436 94.7 21257949020457388 91.8
1466636600 39306375436 94.7 21257973688936876 91.8
1466707600 39306467936 94.7 21258029681088940 91.8
1466760300 39306474036 94.7 21258035568134572 91.8
1466782400 39306476436 94.7 21258036822741420 91.8
1466814500 39306477336 94.7 21258037889085484 91.8
1466845200 39306511136 94.7 21258099803807788 91.8
1467083500 39306511336 94.7 21258100331409100 91.8
1467206400 39306547636 94.7 21258153240440524 91.8
1467264200 39306552636 94.7 21258154250901068 91.8
1467275600 39306553036 94.7 21258154673294284 91.8
1467281700 39306553736 94.7 21258155552295884 91.8
1467293300 39306565636 94.7 21258164179291084 91.8
1467304100 39306585936 94.7 21258203568163788 91.8
1467366000 39306597936 94.7 21258221734994892 91.8
1467521900 39306598136 94.7 21258221768582092 91.8
1467540300 39306613336 94.7 21258230215762892 91.8
1467547000 39306616436 94.7 21258234002100940 91.8
1467675300 39306617136 94.7 21258234996527820 91.8
1467997200 39306620436 94.7 21258237860374988 91.8
1468121000 39313622436 94.7 21261568606202316 91.8
1468207000 39313628636 94.7 21261574669474252 91.8
1468257800 39313632036 94.7 21261577027541452 91.8
1468319500 39313636236 94.7 21261582490171852 91.8
1468342800 39313640536 94.7 21261584543582412 91.8
1468380800 39313648036 94.7 21261593473116364 91.8
1468442800 39313655136 94.7 21261598596136140 91.8
1468514000 39313655436 94.7 21261598852750540 91.8
1468581600 39313655836 94.7 21261599565413132 91.8
1468612300 39313658636 94.7 21261600990957324 91.8
1468629500 39313662436 94.7 21261605309915404 91.8
1468657500 39313669836 94.7 21261615865739532 91.8
1468734500 39313676536 94.7 21261621748538124 91.8
1468744700 39313676636 94.7 21261621748742924 91.8
1468853600 39314362736 94.7 21261691373460236 91.8
1468856900 39314364236 94.7 21261692814759948 91.8
1468946400 39314372136 94.7 21261698511111180 91.8
1468967200 39314372236 94.7 21261698616710580 91.8
1468967500 39314380536 94.7 21261710736235956 91.8
1468996900 39314402636 94.7 21261725333870004 91.8
1469034300 39314417536 94.7 21261754462283188 91.8
1469086400 39314452736 94.7 21261777277050292 91.8
1469152400 39314463236 94.7 21261784338510772 91.8
1469232000 39314466136 94.7 21261787098805172 91.8
1469241900 39314466336 94.7 21261787099419572 91.8
1469247300 39314481836 94.7 21261796815027124 91.8
1469263100 39314499236 94.7 21261826172529588 91.8
1469282400 39314518836 94.7 21261840868129716 91.8
1469312800 39314533336 94.7 21261853331253172 91.8
1469544200 39314535936 94.7 21261856402433972 91.8
1469581000 39314550336 94.7 21261864656348084 91.8
1469595900 39314586636 94.7 21261893217760180 91.8
1469811200 39314588936 94.7 21261897138103988 91.8
1470063300 39314596036 94.7 21261903666513588 91.8
1470077200 39314597136 94.7 21261904291153588 91.8
1470100500 39314602636 94.7 21261908585906100 91.8
1470163600 39314608736 94.7 21261911240559284 91.8
1470215700 39314617436 94.7 21261924091919028 91.8
1470216500 39314622536 94.7 21261928042897588 91.8
1470273600 39314624336 94.7 21261929994835892 91.8
1470340200 39314631936 94.7 21261936048710580 91.8
1470350400 39314656436 94.7 21261956623948724 91.8
1470448100 39314671336 94.7 21261972143241140 91.8
1470472500 39314685936 94.7 21261986183697332 91.8
1470497500 39314705136 94.7 21262001719925684 91.8
1470598200 39314713136 94.7 21262009959287732 91.8
1470628700 39314713936 94.7 21262010579342644 91.8
1470635600 39314719136 94.7 21262020788996404 91.8
1470645300 39314721336 94.7 21262022519669428 91.8
1470715800 39314727736 94.7 21262030905493684 91.8
1470745700 39314728636 94.7 21262031964924084 91.8
1470788600 39314730536 94.7 21262033193148724 91.8
1470809200 39314735836 94.7 21262043227731252 91.8
1470858000 39314754136 94.7 21262062306770228 91.8
1470885200 39314765136 94.7 21262070705618228 91.8
1470912300 39314778736 94.7 21262080057318708 91.8
1470936300 39314781536 94.7 21262082200141108 91.8
1470970500 39314786036 94.7 21262093912984884 91.8
1471003800 39314814436 94.7 21262103271928116 91.8
1471015100 39314858136 94.7 21262130705338676 91.8
1471123800 39314860536 94.7 21262133538823988 91.8
1471243900 39314908736 94.7 21262210539929396 91.8
1471280600 39314968736 94.7 21262270865112884 91.8
1471293400 39314974436 94.7 21262274932753716 91.8
1471324900 39314987436 94.7 21262291332285748 91.8
1471556900 39314987736 94.7 21262291649081332 91.8
1471567100 39315011536 94.7 21262301584010228 91.8
1471618900 39315011736 94.7 21262301693291524 91.8
1471673500 39315013936 94.7 21262306305577476 91.8
1471738400 39315014936 94.7 21262309034069508 91.8
1471827600 39315015236 94.7 21262309469723204 91.8
1471857000 39315053036 94.7 21262339083399748 91.8
1471973600 39315054636 94.7 21262339584135748 91.8
1471976600 39316038636 94.7 21265565104575044 91.8
1471996700 39316041636 94.7 21265568482440004 91.8
1472008800 39316049336 94.7 21265579523003204 91.8
1472102800 39316049936 94.7 21265580239712964 91.8
1472189700 39316054836 94.7 21265581696045764 91.8
1472217000 39316071636 94.7 21265604660683460 91.8
1472217600 39316077236 94.7 21265606007986756 91.8
1472225800 39316078036 94.7 21265606602930756 91.8
1472311700 39316089536 94.7 21265613460363332 91.8
1472376600 39316099936 94.7 21265620235246148 91.8
1472407800 39316100936 94.7 21265621183060548 91.8
1472422200 39316110936 94.7 21265638797288004 91.8
1472613300 39316112636 94.7 21265641048040004 91.8
1472754200 39316113936 94.7 21265641201230404 91.8
1472792000 39316167036 94.7 21265675961958980 91.8
1472812700 39316239036 94.7 21265721734038084 91.8
1472932200 39316241036 94.7 21265724267225156 91.8
1472948200 39316297036 94.7 21265853490430020 91.8
1472961300 39316298736 94.7 21265860414150212 91.8
1472982500 39316480536 94.7 21265986902988356 91.8
1473102100 39316488336 94.7 21265996622777924 91.8
1473104700 39316493236 94.7 21266002613177924 91.8
1473129400 39316497436 94.7 21266004546310084 91.8
1473167300 39316499036 94.7 21266005479993284 91.8
1473172100 39316508736 94.7 21266012241874884 91.8
1473185400 39316511836 94.7 21266014151634884 91.8
1473203500 39316512136 94.7 21266014561234884 91.8
1473343000 39316513136 94.7 21266015867409348 91.8
1473376900 39316524536 94.7 21266034355930052 91.8
1473480000 39316908036 94.7 21266366594810820 91.8
1473588400 39316908436 94.7 21266367017196132 91.8
1473615800 39316943336 94.7 21266381345440356 91.8
1473619400 39316965736 94.7 21266402278310500 91.8
1473683800 39316965836 94.7 21266402383908804 91.8
1473795400 39317008436 94.7 21266431994468292 91.8
1473956300 39317009436 94.7 21266432906387012 91.8
1473988300 39317013636 94.7 21266436435705412 91.8
1474024200 39317063736 94.7 21266469926381124 91.8
1474049300 39317072236 94.7 21266475068089924 91.8
1474105700 39317116136 94.7 21266508426454596 91.8
1474292600 39317121736 94.7 21266513822475332 91.8
1474333300 39317125936 94.7 21266518234099268 91.8
1474433800 39317164136 94.7 21266549372534340 91.8
1474705600 39317167536 94.7 21266552629603652 91.8
1474810400 39317169436 94.7 21266554992678212 91.8
1474905100 39317297736 94.7 21266790980195652 91.8
1474944700 39317330936 94.7 21266845139412292 91.8
1474952100 39317338136 94.7 21266852528512836 91.8
1474957000 39317341336 94.7 21266857984384836 91.8
1475163800 39317351836 94.7 21266868252264260 91.8
1475168500 39317357736 94.7 21266873867311428 91.8
1475244100 39317359936 94.7 21266876095125828 91.8
1475277300 39317369936 94.7 21266886051887428 91.8
1475327300 39317399136 94.7 21266906225197380 91.8
1475345600 39317479736 94.7 21266982504882500 91.8
1475350800 39317505836 94.7 21267002511796548 91.8
1475393100 39317510036 94.7 21267006637038916 91.8
1475432800 39317512436 94.7 21267008249399108 91.8
1475438400 39317517736 94.7 21267013474997572 91.8
1475504300 39317518236 94.7 21267015571944772 91.8
1475525600 39317522936 94.7 21267019449964868 91.8
1475530500 39317527336 94.7 21267024745068868 91.8
1475573300 39318312836 94.7 21268610885744964 91.8
1475675500 39318314036 94.7 21268611230628164 91.8
1475702800 39318314436 94.7 21268611542449348 91.8
1475703800 39318347836 94.7 21268637035803844 91.8
1475889400 39318349936 94.7 21268639407592644 91.8
1475986400 39318352736 94.7 21268641061206212 91.8
1476147100 39318363536 94.7 21268650694225092 91.8
1476199500 39318364036 94.7 21268651388370500 91.8
1476205800 39318365636 94.7 21268652674387268 91.8
1476259000 39318368036 94.7 21268654719334468 91.8
1476299100 39318373136 94.7 21268662341090372 91.8
1476300800 39318373436 94.7 21268662719970372 91.8
1476321100 39318378236 94.7 21268668040264772 91.8
1476340800 39318384336 94.7 21268677377878084 91.8
1476346300 39318384436 94.7 21268677749794884 91.8
1476359700 39318396236 94.7 21268685149529156 91.8
1476397900 39318398636 94.7 21268685564044356 91.8
1476448300 39318400836 94.7 21268686957913156 91.8
1476451000 39318429936 94.7 21268713443800132 91.8
1476498200 39318430036 94.7 21268713549401428 91.8
1476907900 39318432436 94.7 21268714719102036 91.8
1477010200 39318447136 94.7 21268725094509652 91.8
1477111500 39318478836 94.7 21268772689263700 91.8
1477118300 39318479736 94.7 21268773793820756 91.8
1477124700 39318483236 94.7 21268776800694356 91.8
1477149200 39318486236 94.7 21268778419638356 91.8
1477191400 39318486336 94.7 21268778723151956 91.8
1477199500 39318488736 94.7 21268781113782356 91.8
1477229900 39318499336 94.7 21268791989438548 91.8
1477299000 39318534036 94.7 21268843929114708 91.8
1477359900 39318536536 94.7 21268844918428116 91.8
1477410100 39318572236 94.7 21268864908431828 91.8
1477420700 39318573136 94.7 21268865340150228 91.8
1477435400 39318575536 94.7 21268866191563604 91.8
1477692700 39318576736 94.7 21268866567979220 91.8
1477714400 39318580936 94.7 21268869486910420 91.8
1478339300 39318581736 94.7 21268869697240020 91.8
1478605800 39318585036 94.7 21268873853187284 91.8
1478607500 39318600736 94.7 21268896655748308 91.8
1478619000 39318601736 94.7 21268897449143508 91.8
1478684500 39318603736 94.7 21268903226756308 91.8
1478724800 39318613836 94.7 21268909530211540 91.8
1478875700 39318625736 94.7 21268923080482004 91.8
1478878800 39318630936 94.7 21268929180245204 91.8
1478922000 39318642036 94.7 21268933741550804 91.8
1478930200 39318665936 94.7 21268975138880724 91.8
1478934500 39318667836 94.7 21268977252498900 91.8
1478951700 39318692036 94.7 21269001711451604 91.8
1479001300 39318702836 94.7 21269015340273108 91.8
1479039700 39318707136 94.7 21269021223446996 91.8
1479039800 39318708836 94.7 21269023451670996 91.8
1479238500 39318725036 94.7 21269039004967380 91.8
1479255900 39318725136 94.7 21269039149965780 91.8
1479472500 39318747936 94.7 21269072850387412 91.8
1479510300 39318751436 94.7 21269074647311572 91.8
1479639800 39318753036 94.7 21269075631261908 91.8
1479688900 39318753436 94.7 21269076158137012 91.8
1479910700 39318753936 94.7 21269078056756660 91.8
1479952300 39318773936 94.7 21269096693077428 91.8
1480072900 39318774636 94.7 21269097927816628 91.8
1480296100 39318774836 94.7 21269098357827444 91.8
1480353100 39318777736 94.7 21269100801501044 91.8
1480453400 39318821036 94.7 21269133539606388 91.8
1480497300 39318825036 94.7 21269136200116596 91.8
1480551400 39318828036 94.7 21269141610641268 91.8
1480558600 39318829136 94.7 21269143445649268 91.8
1480671400 39318834236 94.7 21269156521265012 91.8
1480764500 39318841136 94.7 21269160735434612 91.8
1480853800 39318845136 94.7 21269163496155764 91.8
1480912700 39318863736 94.7 21269186479096436 91.8
1480974200 39318865736 94.7 21269189506952820 91.8
1481019500 39318867936 94.7 21269191274564340 91.8
1481081400 39318870536 94.7 21269197037307124 91.8
1481206700 39318873836 94.7 21269199260463348 91.8
1481636200 39318879636 94.7 21269201684476148 91.8
1481643500 39318898236 94.7 21269214761433332 91.8
1481660900 39318917036 94.7 21269223526073588 91.8
1482026100 39318926536 94.7 21269228914312436 91.8
1482139500 39318933736 94.7 21269235525689588 91.8
1482410200 39318944736 94.7 21269253180317940 91.8
1482659700 39318966336 94.7 21269274108518644 91.8
1482803700 39318973236 94.7 21269280667784436 91.8
1482837300 39318987536 94.7 21269300626283764 91.8
1482918800 39319017536 94.7 21269342480383220 91.8
1483024800 39319019836 94.7 21269343252739636 91.8
1483093500 39319021236 94.7 21269345495709236 91.8
1483145900 39319032136 94.7 21269355985999412 91.8
1483230600 39319034336 94.7 21269357653890612 91.8
1483315700 39319045336 94.7 21269365015142452 91.8
1483358000 39319045536 94.7 21269365167229156 91.8
1483387900 39319046036 94.7 21269365971478756 91.8
1483400600 39319074836 94.7 21269394935994596 91.8
1483759400 39319081336 94.7 21269403349646052 91.8
1483818100 39319632036 94.7 21271382469212900 91.9
1484019400 39319667936 94.7 21271420341230308 91.9
1484144500 39319683036 94.7 21271423507033316 91.9
1484154700 39319687736 94.7 21271436243111140 91.9
1484167000 39319690136 94.7 21271438440250596 91.9
1484220900 39319709936 94.7 21271449172002020 91.9
1484267400 39319711436 94.7 21271450710664420 91.9
1484283400 39319713236 94.7 21271451189691620 91.9
1484433500 39319713636 94.7 21271451715618020 91.9
1484499800 39319715636 94.7 21271453695999332 91.9
1484966300 39319728036 94.7 21271462620726628 91.9
1485090800 39319728636 94.7 21271464143338084 91.9
1485098100 39319729236 94.7 21271464341994084 91.9
1485714100 39319730936 94.7 21271467494843748 91.9
1485868000 39319741436 94.7 21271475177434980 91.9
1485947300 39319747436 94.7 21271481099953508 91.9
1486160300 39319753536 94.7 21271485787444068 91.9
1486460200 39319754236 94.7 21271486263194468 91.9
1486641500 39319798536 94.7 21271516863964004 91.9
1486672500 39319806836 94.7 21271523844265828 91.9
1487104200 39319858536 94.7 21271609069279076 91.9
1487160600 39319928936 94.7 21271673386383204 91.9
1487185400 39319960336 94.7 21271710769706852 91.9
1487813500 39321059236 94.7 21272424779773796 91.9
1487834000 39321061236 94.7 21272427091351396 91.9
1487850800 39321061936 94.7 21272427272394596 91.9
1487890600 39321070336 94.7 21272434910443364 91.9
1488193200 39321112036 94.7 21272487429916516 91.9
1488296400 39321121936 94.7 21272490353269092 91.9
1488405100 39321123836 94.7 21272492611394404 91.9
1488801800 39321130036 94.7 21272499738269028 91.9
1488923400 39321137436 94.7 21272503572307812 91.9
1488950300 39321143536 94.7 21272506902649444 91.9
1489349900 39321146536 94.7 21272509367272548 91.9
1489512700 39321146836 94.7 21272510692456548 91.9
1489635500 39321146936 94.7 21272510916917348 91.9
1489705800 39321147636 94.7 21272511845554660 91.9
1490001600 39321159836 94.7 21272527472274916 91.9
1490117600 39321164636 94.7 21272535668780516 91.9
1490286400 39321167336 94.7 21272539948166628 91.9
1490459900 39321180536 94.7 21272555411498468 91.9
1490618100 39321191436 94.7 21272564954336740 91.9
1490682100 39321195936 94.7 21272574214592996 91.9
1490904600 39321197236 94.7 21272574745639396 91.9
1491065700 39321197436 94.7 21272575412589924 91.9
1491100800 39321197636 94.7 21272575623784516 91.9
1491248100 39321213036 94.7 21272587198853188 91.9
1491439200 39321213236 94.7 21272587384936580 91.9
1491801000 39321223336 94.7 21272594508771460 91.9
1491996500 39321229836 94.7 21272608213851268 91.9
1492001800 39321230136 94.7 21272609477589252 91.9
1492287200 39321238436 94.7 21272616264866052 91.9
1492650000 39321244836 94.7 21272622891845892 91.9
1492737000 39321245536 94.7 21272623224850692 91.9
1492756000 39321248436 94.7 21272625719012612 91.9
1492896800 39321263936 94.7 21272629815291908 91.9
1493005100 39321760536 94.7 21273217259220996 91.9
1493162300 39321766636 94.7 21273226646663172 91.9
1493285500 39321767136 94.7 21273227448659972 91.9
1493540100 39322339036 94.7 21274358108631044 91.9
1493834200 39322341836 94.7 21274359661485572 91.9
1493954900 39322342936 94.7 21274360606842372 91.9
1494181700 39322349436 94.7 21274365907080196 91.9
1494258700 39322350736 94.7 21274368187585540 91.9
1494374600 39322350836 94.7 21274368770651140 91.9
1494511700 39322351636 94.7 21274369890630660 91.9
1494676200 39322375136 94.7 21274398462477316 91.9
1494713000 39322379336 94.7 21274402622024964 91.9
1494909200 39322383136 94.7 21274404138247556 91.9
1495198200 39322387736 94.7 21274408248788356 91.9
1495526100 39322389136 94.7 21274409156757060 91.9
1495658800 39322394736 94.7 21274415090757188 91.9
1495806100 39322396336 94.7 21274415960337988 91.9
1495981200 39322412636 94.7 21274428936875588 91.9
1496066300 39322413436 94.7 21274430443291844 91.9
1496174000 39322415436 94.7 21274431559730628 91.9
1496537200 39322429336 94.7 21274442679751108 91.9
1497138100 39322431236 94.7 21274444231720772 91.9
1497522400 39322454036 94.7 21274455254422340 91.9
1497624200 39322455336 94.7 21274456147350340 91.9
1497709000 39322460136 94.7 21274457213590020 91.9
1497757400 39322461436 94.7 21274458673173508 91.9
1497792400 39322462736 94.7 21274460484451332 91.9
1497874800 39322480436 94.7 21274482105205764 91.9
1498029100 39322484236 94.7 21274486899802116 91.9
1498261200 39322486536 94.7 21274489506536708 91.9
1498450400 39322488036 94.7 21274490853096708 91.9
1498537900 39322493336 94.7 21274493000015108 91.9
1498539200 39322494536 94.7 21274495155739908 91.9
1498747300 39322494836 94.7 21274495472536100 91.9
1498779000 39322505036 94.7 21274503081130532 91.9
1498943000 39322511236 94.7 21274509352997412 91.9
1498996600 39322517936 94.7 21274514393739812 91.9
1499002200 39322572736 94.7 21274580663435812 91.9
1499054300 39322587736 94.7 21274598613873188 91.9
1499290400 39322589136 94.7 21274601056932388 91.9
1499333700 39322602036 94.7 21274614483587620 91.9
1499487900 39322602436 94.7 21274615130263460 91.9
1499792200 39322605036 94.7 21274615875325860 91.9
1499801100 39322645436 94.7 21274680503984036 91.9
1499995000 39322647836 94.7 21274683511496868 91.9
1500120400 39322648136 94.7 21274683744559268 91.9
1500138200 39322651136 94.7 21274688126361764 91.9
1500165000 39322651836 94.7 21274689795319588 91.9
1500399300 39322651936 94.7 21274689885226788 91.9
1500516200 39322652536 94.7 21274691155191588 91.9
1500552000 39322831136 94.7 21274816215648036 91.9
1500628000 39322849036 94.7 21274823722377508 91.9
1500642300 39322849736 94.7 21274826106575908 91.9
1501003200 39322854636 94.7 21274834440197668 91.9
1501017600 39322856836 94.7 21274838344704548 91.9
1501030700 39322865836 94.7 21274847482528292 91.9
1501123000 39322869736 94.7 21274852406178852 91.9
1501139600 39322879636 94.7 21274864808202276 91.9
1501425000 39322886636 94.7 21274870315274276 91.9
1501606000 39322887636 94.7 21274871164170276 91.9
1501624000 39322896936 94.7 21274884816488484 91.9
1501954800 39322898936 94.7 21274886212655908 91.9
1502085900 39322899136 94.7 21274886423834804 91.9
1502307700 39322925536 94.7 21274890500784308 91.9
1502378200 39322926836 94.7 21274891555420980 91.9
1502385500 39322931136 94.7 21274895962102580 91.9
1502399800 39322933936 94.7 21274897765776180 91.9
1502402800 39322935536 94.7 21274898460969396 91.9
1502499000 39322938836 94.7 21274903840575924 91.9
1502820400 39322940136 94.7 21274906499840948 91.9
1502850700 39322941636 94.7 21274908195789748 91.9
1502857900 39322962936 94.7 21274911774141620 91.9
1502889800 39322973036 94.7 21274925728009396 91.9
1502897800 39322974036 94.7 21274926529068788 91.9
1502917300 39322974936 94.7 21274927355973876 91.9
1502951900 39323016036 94.7 21274965683675380 91.9
1503035700 39323019836 94.7 21274968126120180 91.9
1503096500 39323067936 94.7 21275013948858612 91.9
1503107500 39323069536 94.7 21275015016071412 91.9
1503116100 39323134236 94.7 21275063990599924 91.9
1503183600 39323153336 94.7 21275077391949044 91.9
1503300900 39323160036 94.7 21275084157312244 91.9
1503310600 39323166136 94.7 21275101751928052 91.9
1503313400 39323166436 94.7 21275102134289652 91.9
1503327900 39323168436 94.7 21275103484124020 91.9
1503357900 39323176836 94.7 21275114771125108 91.9
1503447300 39323178836 94.7 21275116749288308 91.9
1503457100 39323179036 94.7 21275116764443508 91.9
1503519400 39323180236 94.7 21275117338907508 91.9
1503593400 39323186236 94.7 21275121611865972 91.9
1503596300 39323197036 94.7 21275131460494196 91.9
1503789800 39323203136 94.7 21275136253964148 91.9
1503794000 39323208336 94.7 21275141442494324 91.9
1503814400 39323208536 94.7 21275141653697332 91.9
1503918100 39323220236 94.7 21275152076650292 91.9
1504030900 39323220336 94.7 21275152182247692 91.9
1504097800 39323483036 94.7 21275469580697868 91.9
1504115700 39323484836 94.7 21275470639718668 91.9
1504149000 39323490936 94.7 21275474366105356 91.9
1504152500 39323491536 94.7 21275474408089356 91.9
1504187700 39323494236 94.7 21275478749448972 91.9
1504206300 39323498636 94.7 21275485202319116 91.9
1504300900 39323500336 94.7 21275487757813516 91.9
1504364100 39323502136 94.7 21275488822692940 91.9
1504470100 39323502936 94.7 21275489415793740 91.9
1504713500 39323504736 94.7 21275492456459340 91.9
1504726400 39323506136 94.7 21275493583883340 91.9
1504777600 39323515236 94.7 21275497967795276 91.9
1504779100 39324364136 94.7 21276061405101132 91.9
1504812000 39324364436 94.7 21276061539654732 91.9
1505233700 39324366336 94.7 21276061759609932 91.9
1505255400 39324368436 94.7 21276063065136076 91.9
1505324400 39324393136 94.7 21276086510025676 91.9
1505342100 39324394836 94.7 21276087933019596 91.9
1505362700 39324396536 94.7 21276089348361164 91.9
1505480600 39324397236 94.7 21276090450799564 91.9
1505766900 39324397336 94.7 21276090556397764 91.9
1505910300 39324398236 94.7 21276090996843364 91.9
1505921800 39324400736 94.7 21276094307318628 91.9
1506093300 39324400936 94.7 21276094518526436 91.9
1506111000 39324405836 94.7 21276104108637668 91.9
1506117100 39324411236 94.7 21276105745604068 91.9
1506224300 39324417236 94.7 21276111341764068 91.9
1506282600 39324492236 94.7 21276172253613540 91.9
1506354000 39324494436 94.7 21276173734727140 91.9
1506358500 39324502536 94.7 21276177875987940 91.9
1506471800 39324520136 94.7 21276186177788388 91.9
1506604700 39324538636 94.7 21276212307446244 91.9
1506639400 39324538736 94.7 21276212413029644 91.9
1506798300 39324563136 94.7 21276236817241356 91.9
1506801000 39324563936 94.7 21276237125874956 91.9
1507218500 39324573836 94.7 21276241901783820 91.9
1507272300 39324581536 94.7 21276251223796492 91.9
1507276400 39324602736 94.7 21276270555564812 91.9
1507322600 39324602836 94.7 21276270661159308 91.9
1507376800 39324603036 94.7 21276270774126908 91.9
1507406200 39324605936 94.7 21276273808238908 91.9
1507438900 39325577136 94.8 21277476525304124 91.9
1507523700 39325577536 94.8 21277476846603324 91.9
1507547900 39325587936 94.8 21277495044299836 91.9
1507681300 39325611536 94.8 21277512382065724 91.9
1507686100 39325646136 94.8 21277580608511036 91.9
1507999600 39325647436 94.8 21277581232246332 91.9
1508021300 39325648736 94.8 21277582329391036 91.9
1508044400 39325648836 94.8 21277582339631036 91.9
1508049900 39325649836 94.8 21277583395584060 91.9
1508065200 39325651636 94.8 21277586005755196 91.9
1508213100 39325661236 94.8 21277599166983484 91.9
1508216600 39325662536 94.8 21277600084324668 91.9
1508255300 39325671836 94.8 21277604355723580 91.9
1508258400 39325675436 94.8 21277606190199996 91.9
1508260500 39325676236 94.8 21277607476548796 91.9
1508331800 39325690736 94.8 21277619903115452 91.9
1508407400 39325691336 94.8 21277621400043836 91.9
1508698100 39325704036 94.8 21277630183805244 91.9
1508699300 39326462436 94.8 21278330241126716 91.9
1508874400 39326471736 94.8 21278342771979580 91.9
1508907200 39326473036 94.8 21278343736177980 91.9
1508969600 39326473136 94.8 21278343817688380 91.9
1509004100 39326476136 94.8 21278346160313148 91.9
1509093100 39326478936 94.8 21278349593887548 91.9
1509144900 39326480736 94.8 21278350890172092 91.9
1509256000 39326482436 94.8 21278353237680316 91.9
1509516300 39326496436 94.8 21278356329917372 91.9
1509528700 39326497836 94.8 21278357485934780 91.9
1509568700 39326498836 94.8 21278358091323580 91.9
1509712200 39326560136 94.8 21278395351185596 91.9
1509768600 39326561236 94.8 21278396447275196 91.9
1509848900 39326589136 94.8 21278433151596732 91.9
1509923500 39326596036 94.8 21278439807596732 91.9
1509977100 39326613936 94.8 21278461684719804 91.9
1510010900 39326625336 94.8 21278474796357820 91.9
1510046400 39326625836 94.8 21278476070953276 91.9
1510094700 39326625936 94.8 21278476176554780 91.9
1510234800 39326634236 94.8 21278490814363420 91.9
1510304400 39326639736 94.8 21278498278564124 91.9
1510611100 39326642536 94.8 21278500055575580 91.9
1510637400 39326702436 94.8 21278636390468636 91.9
1510702900 39326704536 94.8 21278639853119516 91.9
1510728000 39326711936 94.8 21278644829343772 91.9
1510798900 39326727736 94.8 21278652568530972 91.9
1510822500 39326736336 94.8 21278658774329372 91.9
1510832400 39326739536 94.8 21278662930745372 91.9
1510882000 39326742836 94.8 21278667132422172 91.9
1510891800 39327336836 94.8 21278725129488412 91.9
1511017900 39327339036 94.8 21278727761373212 91.9
1511019800 39327341536 94.8 21278730027880476 91.9
1511084400 39327342236 94.8 21278730987907868 91.9
1511147500 39327345336 94.8 21278733570381340 91.9
1511187200 39327363636 94.8 21278773757466140 91.9
1511259300 39327366136 94.8 21278776686168092 91.9
1511280300 39327366936 94.8 21278777735991324 91.9
1511378300 39327367136 94.8 21278777755856924 91.9
1511382400 39327373536 94.8 21278784564023324 91.9
1511418600 39327373836 94.8 21278785061731228 91.9
1511599100 39327385036 94.8 21278791089307036 91.9
1511696600 39327392436 94.8 21278799288013724 91.9
1511698500 39327397436 94.8 21278805069435292 91.9
1511895200 39327405536 94.8 21278812065729948 91.9
1511938000 39327408036 94.8 21278815871772316 91.9
1511947400 39327410036 94.8 21278818347748252 91.9
1511988700 39327451836 94.8 21278843045098396 91.9
1512020500 39327525736 94.8 21278890662388636 91.9
1512027700 39327528536 94.8 21278894019470236 91.9
1512093900 39327533836 94.8 21278901335007132 91.9
1512098900 39327534036 94.8 21278901871173532 91.9
1512115300 39327543136 94.8 21278906718584732 91.9
1512128600 39327553136 94.8 21278915840343964 91.9
1512168700 39327553436 94.8 21278916157148476 91.9
1512350300 39327553636 94.8 21278916269708276 91.9
1512385000 39327556636 94.8 21278920787279860 91.9
1512573100 39327557136 94.8 21278921676607668 91.9
1512647200 39327558736 94.8 21278922952668468 91.9
1512655200 39327571436 94.8 21278940457909556 91.9
1512664700 39327572036 94.8 21278941638581556 91.9
1512742000 39327572636 94.8 21278942410026868 91.9
1512784200 39327577736 94.8 21278950434896756 91.9
1512814600 39327581736 94.8 21278953673603956 91.9
1512822400 39327591536 94.8 21278964728707956 91.9
1512949000 39327591836 94.8 21278964954856356 91.9
1512966500 39327599036 94.8 21278972763955620 91.9
1512969600 39327601636 94.8 21278974006380708 91.9
1513016500 39327604236 94.8 21278975985485988 91.9
1513200000 39327613836 94.8 21278985147039908 91.9
1513239400 39327624736 94.8 21278991501052068 91.9
1513240700 39327650036 94.8 21279019991386276 91.9
1513263800 39327651736 94.8 21279022177478308 91.9
1513293800 39327652636 94.8 21279023561647524 91.9
1513390700 39327653136 94.8 21279023949129124 91.9
1513397700 39327657736 94.8 21279030337786788 91.9
1513532300 39327666036 94.8 21279038929774500 91.9
1513811500 39327667236 94.8 21279039885339492 91.9
1513849100 39327686336 94.8 21279059210326884 91.9
1513917500 39327686836 94.8 21279059426390884 91.9
1514040700 39327690436 94.8 21279061903568996 91.9
1514169100 39327705136 94.8 21279070267715684 91.9
1514257300 39327705836 94.8 21279072339978212 91.9
1514324600 39327714136 94.8 21279078782355428 91.9
1514327000 39327719536 94.8 21279085938316260 91.9
1514404400 39327720636 94.8 21279086972803940 91.9
1514407400 39327722036 94.8 21279087764355940 91.9
1514455700 39327723836 94.8 21279088180632548 91.9
1514470500 39327724036 94.8 21279088936056676 91.9
1514517200 39327726736 94.8 21279092929637732 91.9
1514541600 39327742836 94.8 21279124316147044 91.9
1514559900 39327744236 94.8 21279124950617444 91.9
1514624700 39327747136 94.8 21279127639883876 91.9
1514834400 39327760236 94.8 21279148292135012 91.9
1514840000 39327760736 94.8 21279149313802404 91.9
1514869900 39327774436 94.8 21279158637456548 91.9
1514916400 39327774636 94.8 21279159492291748 91.9
1514949500 39327776836 94.8 21279162317572004 91.9
1515007600 39327786836 94.8 21279178481662884 91.9
1515039900 39327789836 94.8 21279181156954020 91.9
1515078500 39327791136 94.8 21279182647898020 91.9
1515171100 39327792436 94.8 21279183861747620 91.9
1515299100 39327797336 94.8 21279189801388964 91.9
1515339100 39327870636 94.8 21279272668646308 91.9
1515365200 39327984536 94.8 21279278211589540 91.9
1515396800 39328003936 94.8 21279308996070820 91.9
1515415600 39328004336 94.8 21279309434752420 91.9
1515588700 39328006436 94.8 21279311006797220 91.9
1515654900 39328006836 94.8 21279311415003108 91.9
1515667400 39328057736 94.8 21279390290167780 91.9
1515702800 39328057936 94.8 21279390817527780 91.9
1515776400 39328065336 94.8 21279396803533796 91.9
1515795700 39328065936 94.8 21279397226316484 91.9
1515796100 39328066236 94.8 21279397859507396 91.9
1515974100 39328066736 94.8 21279398387484484 91.9
1516076400 39328067436 94.8 21279399738432836 91.9
1516130200 39328068536 94.8 21279400839232836 91.9
1516254700 39328070736 94.8 21279401554849412 91.9
1516321000 39328115236 94.8 21279472808365700 91.9
1516324100 39328117136 94.8 21279473863665796 91.9
1516430600 39328120336 94.8 21279475568282628 91.9
1516484200 39328245436 94.8 21279604957891588 91.9
1516529400 39328245736 94.8 21279605841930180 91.9
1516648900 39328259136 94.8 21279613130148804 91.9
1516699600 39328268436 94.8 21279622575524804 91.9
1516726400 39328271836 94.8 21279629477078980 91.9
1516738900 39328275636 94.8 21279630945420484 91.9
1516778400 39328297236 94.8 21279673140511940 91.9
1516829500 39328298336 94.8 21279674573498180 91.9
1516904100 39328301836 94.8 21279676189517124 91.9
1516927900 39332812736 94.8 21281030954034500 91.9
1517138300 39332815336 94.8 21281032331381060 91.9
1517179600 39332831836 94.8 21281051729742148 91.9
1517475000 39332838836 94.8 21281056111718212 91.9
1517495500 39332840536 94.8 21281057114348100 91.9
1517674300 39332908536 94.8 21281122458454596 91.9
1517698100 39332911136 94.8 21281126057960260 91.9
1517718400 39333575436 94.8 21283451505402692 91.9
1517788300 39333602536 94.8 21283453918356292 91.9
1517808500 39333602636 94.8 21283454071137092 91.9
1517943600 39333602936 94.8 21283454237150596 91.9
1517989600 39333624736 94.8 21283478662161796 91.9
1518134900 39333624936 94.8 21283479189780900 91.9
1518146700 39333625536 94.8 21283479574246180 91.9
1518200600 39333632136 94.8 21283483208515620 91.9
1518249200 39333632536 94.8 21283483429290020 91.9
1518340900 39333633736 94.8 21283483497693220 91.9
1518456200 39333656636 94.8 21283535547269156 91.9
1518465200 39333657336 94.8 21283536076925252 91.9
1518602300 39333670436 94.8 21283545502458180 91.9
1518647300 39334222136 94.8 21284687874105668 91.9
1518681500 39334226436 94.8 21284694503039300 91.9
1518924000 39334227236 94.8 21284694650006404 91.9
1518935700 39334231036 94.8 21284697154835076 91.9
1519002200 39334231436 94.8 21284698176411396 91.9
1519079800 39334233236 94.8 21284700900785924 91.9
1519242800 39334642236 94.8 21284974149385988 91.9
1519256000 39334643036 94.8 21284974427913988 91.9
1519257700 39334646236 94.8 21284977969239812 91.9
1519293600 39334651536 94.8 21284982241367812 91.9
1519317100 39334651736 94.8 21284982262871812 91.9
1519336400 39334664036 94.8 21284996313795332 91.9
1519340100 39334673436 94.8 21285024674706180 91.9
1519343900 39334673636 94.8 21285025202313668 91.9
1519482100 39334680836 94.8 21285037889401284 91.9
1519483200 39334681336 94.8 21285038402306372 91.9
1519493900 39334686436 94.8 21285044221572420 91.9
1519588300 39334693736 94.8 21285053824774468 91.9
1519599100 39334695036 94.8 21285057093587268 91.9
1519648900 39334707136 94.8 21285063298506564 91.9
1519685400 39334709336 94.8 21285065991629636 91.9
1519736000 39334715736 94.8 21285074849119044 91.9
1519808600 39334718236 94.8 21285075768875844 91.9
1520071400 39334718636 94.8 21285076557272516 91.9
1520073100 39334724236 94.8 21285086553717188 91.9
1520105500 39334725536 94.8 21285087271950788 91.9
1520138300 39334743536 94.8 21285089932672452 91.9
1520143800 39334788136 94.8 21285112334699972 91.9
1520236900 39334788936 94.8 21285112585170372 91.9
1520279800 39334907836 94.8 21285315779702212 91.9
1520429600 39334911936 94.8 21285319940230084 91.9
1520798900 39334926936 94.8 21285334429440964 91.9
1520905200 39334930236 94.8 21285337792911300 91.9
1521021000 39334942336 94.8 21285368215773124 91.9
1521082300 39334942436 94.8 21285368475049924 91.9
1521191500 39334966336 94.8 21285392510040004 91.9
1521195900 39334966736 94.8 21285392804132804 91.9
1521256100 39334978336 94.8 21285435255904196 91.9
1521331500 39334981036 94.8 21285438095004100 91.9
1521511500 39334982836 94.8 21285439864271300 91.9
1521653500 39334982936 94.8 21285439969856100 91.9
1521657800 39334983736 94.8 21285441144179300 91.9
1521690500 39334987136 94.8 21285445107878500 91.9
1521754300 39334991236 94.8 21285448284531300 91.9
1521773700 39335008136 94.8 21285452073980004 91.9
1521850600 39335011936 94.8 21285454759412580 91.9
1522000800 39335030536 94.8 21285509062787940 91.9
1522218300 39335039036 94.8 21285516687255908 91.9
1522430100 39335049036 94.8 21285524670723940 91.9
1522662900 39335051236 94.8 21285532679823204 91.9
1522706200 39335094336 94.8 21285596044115812 91.9
1522923700 39335094536 94.8 21285596169566916 91.9
1522941400 39335094836 94.8 21285597418479940 91.9
1522969000 39335094936 94.8 21285597524078644 91.9
1522979400 39335099736 94.8 21285604459439156 91.9
1523151300 39335105636 94.8 21285612164151348 91.9
1523244100 39335106836 94.8 21285612470327348 91.9
1523554100 39335114936 94.8 21285619169120820 91.9
1523890200 39335170436 94.8 21285676127334964 91.9
1524040200 39335174536 94.8 21285676505111156 91.9
1524153300 39335192836 94.8 21285697231708788 91.9
1524290000 39335197336 94.8 21285698978254708 91.9
1524399300 39335200936 94.8 21285702872488564 91.9
1524509000 39335202836 94.8 21285704323011444 91.9
1524541200 39335213336 94.8 21285714362022772 91.9
1524825900 39335217236 94.8 21285718477571444 91.9
1524907100 39335219836 94.8 21285720159593844 91.9
1524916500 39335321336 94.8 21285977691219316 91.9
1525175100 39335321536 94.8 21285977902423316 91.9
1525331900 39335325036 94.8 21285981118813972 91.9
1525705900 39335326136 94.8 21285981641668372 91.9
1526531700 39335427836 94.8 21286057060849428 91.9
1527177600 39335432836 94.8 21286060592657428 91.9
1527490600 39335449436 94.8 21286085816814612 91.9
1527646600 39335480736 94.8 21286131817745428 91.9
1527816500 39335486636 94.8 21286137890608660 91.9
1529382400 39335491836 94.8 21286140450528020 91.9
1529403700 39335492436 94.8 21286141835430292 91.9
1530217400 39335505536 94.8 21286149230643604 91.9
1531101700 39335507136 94.8 21286150011546004 91.9
1531239300 39335507436 94.8 21286150257757700 91.9
1532394900 39335508236 94.8 21286150405418500 91.9
1532767200 39335510736 94.8 21286151894245252 91.9
1534632000 39335515336 94.8 21286155937611652 91.9
1535281800 39335516936 94.8 21286158491661444 91.9
1537405600 39335520936 94.8 21286161523062916 91.9
1537592000 39335525736 94.8 21286164296571268 91.9
1539610300 39335695136 94.8 21286301780121988 91.9
1540059900 39335696236 94.8 21286303549313284 91.9
1540256800 39335696536 94.8 21286303774852388 91.9
1540505800 39335711136 94.8 21286350700053796 91.9
1540997700 39335711436 94.8 21286351035558180 91.9
1542248900 39335724136 94.8 21286360284507428 91.9
1543454500 39335724836 94.8 21286361912713380 91.9
1544142800 39335725536 94.8 21286363007870116 91.9
1544539500 39335725736 94.8 21286363250066420 91.9
1544739100 39335726836 94.8 21286363970962420 91.9
1545179000 39335737936 94.8 21286369103681012 91.9
1545774300 39335738236 94.8 21286370214342132 91.9
1545871500 39337265636 94.8 21287337670143476 91.9
1545896700 39337269236 94.8 21287342775733748 91.9
1546836600 39337269536 94.8 21287343408946676 91.9
1547071200 39337269836 94.8 21287343527037172 91.9
1547254400 39337271636 94.8 21287344845666164 91.9
1548129400 39337281836 94.8 21287355724956532 91.9
1548634700 39337283236 94.8 21287356711682932 91.9
1548647700 39337290536 94.8 21287368813914996 91.9
1548690000 39337292236 94.8 21287370268449396 91.9
1549216900 39337321436 94.8 21287399820520052 91.9
1551557800 39337321736 94.8 21287400319003252 91.9
1551659000 39337322136 94.8 21287400866072180 91.9
1552504000 39337383736 94.8 21287518229317236 91.9
1552711300 39337772536 94.8 21287996821751412 91.9
1561155200 39337776236 94.8 21288001066777460 91.9
1561436200 39338080736 94.8 21288612428331892 91.9
1561469600 39338086936 94.8 21288618807090036 91.9
1582616600 39338099136 94.8 21288629991114612 91.9
1588884500 39338120036 94.8 21288636282398580 91.9
1591096200 39338120136 94.8 21288636387979876 91.9
1591675900 39338160836 94.8 21288696747536996 91.9
1591709500 39338161336 94.8 21288697340144484 91.9
1592971600 39338163636 94.8 21288699201132900 91.9
1593604300 39338165136 94.8 21288700994794340 91.9
1593676900 39338170436 94.8 21288705463525732 91.9
1594347100 39338194736 94.8 21288722905874788 91.9
1595563400 39338194836 94.8 21288723011468788 91.9
1595929700 39338199136 94.8 21288726029363444 91.9
1596627000 39338199536 94.8 21288726692096244 91.9
1596661100 39338207836 94.8 21288743603585268 91.9
1597531700 39338273236 94.8 21288786490974452 91.9
1597866700 39338294336 94.8 21288822912094452 91.9
1598435900 39338306036 94.8 21288845525375220 91.9
1598695300 39338309336 94.8 21288847503743220 91.9
1598769100 39338310036 94.8 21288848911621364 91.9
1598863900 39338314136 94.8 21288855098819828 91.9
1599228400 39338315836 94.8 21288857591210740 91.9
1599288900 39338316736 94.8 21288858447684340 91.9
1600254600 39338332236 94.8 21288873510090484 91.9
1600763900 39338332336 94.8 21288873510704884 91.9
1600985900 39338448036 94.8 21288996375869172 91.9
1601216200 39338449836 94.8 21288998014541300 91.9
1601229400 39338454136 94.8 21289002101011700 91.9
1601265800 39338455036 94.8 21289002878328628 91.9
1601656200 39338459736 94.8 21289006990693428 91.9
1601669000 39338464836 94.8 21289008798853300 91.9
1601704400 39338621836 94.8 21289167803017396 91.9
1601828000 39338637436 94.8 21289188302014644 91.9
1601884800 39338645636 94.8 21289197521048756 91.9
1601980600 39338649836 94.8 21289202628146356 91.9
1602194900 39338650436 94.8 21289203261719284 91.9
1602737200 39338661936 94.8 21289214720718580 91.9
1602778700 39338803736 94.8 21289593683031796 91.9
1603132800 39338804736 94.8 21289594752292596 91.9
1603327800 39338851436 94.8 21289701063456500 91.9
1603421500 39338861236 94.8 21289711802629876 91.9
1603590500 39338863936 94.8 21289715412392180 91.9
1603965400 39338866836 94.8 21289726509134068 91.9
1604016200 39338866936 94.8 21289726511796468 91.9
1604435900 39338888136 94.8 21289762134819060 91.9
1604479200 39338889436 94.8 21289763344549876 91.9
1604498500 39338906336 94.8 21289780110512116 91.9
1604543200 39338909236 94.8 21289782224457716 91.9
1604609300 39338977436 94.8 21289864930635764 91.9
1604790200 39338977636 94.8 21289865465368564 91.9
1604953400 39338977836 94.8 21289865480318964 91.9
1605167000 39338980236 94.8 21289866215960564 91.9
1605447800 39338981736 94.8 21289867375834868 91.9
1605618400 39338984836 94.8 21289870307553268 91.9
1605791800 39338986136 94.8 21289871670383476 91.9
1605918000 39338987336 94.8 21289874002747764 91.9
1606170300 39338991036 94.8 21289878133632116 91.9
1606185600 39338993236 94.8 21289881655492724 91.9
1606252500 39346517436 94.8 21293701565431924 92.0
1606340900 39346519836 94.8 21293702741188724 92.0
1606409900 39346520936 94.8 21293704488587636 92.0
1606673900 39346525236 94.8 21293709080537460 92.0
1606964600 39346526636 94.8 21293709675403124 92.0
1607390500 39346573436 94.8 21293772462421876 92.0
1607404700 39346587236 94.8 21293815595415412 92.0
1607584600 39346589536 94.8 21293819551878772 92.0
1607675400 39346589636 94.8 21293819657476068 92.0
1607736100 39346592336 94.8 21293825155976164 92.0
1607922800 39346606536 94.8 21293831071861220 92.0
1608355400 39346608036 94.8 21293831581813220 92.0
1608473900 39346620636 94.8 21293842184104420 92.0
1608531400 39346622736 94.8 21293845617934052 92.0
1608731200 39346624336 94.8 21293845804097252 92.0
1608826700 39346652836 94.8 21293889914113764 92.0
1608983600 39346692936 94.8 21293927629901540 92.0
1609071100 39346695236 94.8 21293929404083940 92.0
1609181900 39346697536 94.8 21293932297289956 92.0
1609404600 39346697636 94.8 21293932304867556 92.0
1609441800 39346709136 94.8 21293949324639460 92.0
1609568500 39346709336 94.8 21293950186355364 92.0
1609619800 39346713036 94.8 21293958056676004 92.0
1609678400 39346713236 94.8 21293958103370404 92.0
1609829900 39346728436 94.8 21293970953082532 92.0
1610281700 39346733136 94.8 21293974499604132 92.0
1610379700 39346734436 94.8 21293975886498468 92.0
1610428200 39346735036 94.8 21293977064508068 92.0
1610522200 39346736736 94.8 21293979036322468 92.0
1611048300 39346738236 94.8 21293982582229668 92.0
1612270800 39346738536 94.8 21293982708316268 92.0
1612331200 39346754836 94.8 21293993503551596 92.0
1612433000 39346760136 94.8 21293999565221996 92.0
1612483800 39346772436 94.8 21294017344188524 92.0
1612782800 39346772736 94.8 21294017660960428 92.0
1612875000 39346774936 94.8 21294019904544428 92.0
1612997800 39346775036 94.8 21294020010137428 92.0
1613070200 39346775136 94.8 21294020079769428 92.0
1613126100 39346776736 94.8 21294021681481044 92.0
1613203200 39346777436 94.8 21294022323529044 92.0
1613596400 39346779136 94.8 21294023201781652 92.0
1613752900 39346805436 94.8 21294055229026196 92.0
1614149100 39346827136 94.8 21294065765228436 92.0
1614268000 39346829636 94.8 21294068557992852 92.0
1614337500 39346830736 94.8 21294069559464852 92.0
1614401400 39346870536 94.8 21294153035371412 92.0
1614406400 39346874336 94.8 21294161078142868 92.0
1614480500 39346892636 94.8 21294177277635476 92.0
1614495500 39347015636 94.8 21294208665613204 92.0
1614503500 39347023536 94.8 21294228563940244 92.0
1614545900 39347028536 94.8 21294230890468244 92.0
1614557700 39347053436 94.8 21294262203591572 92.0
1614779700 39347055036 94.8 21294264326181012 92.0
1614811100 39347070536 94.8 21294275632096404 92.0
1614876400 39347070636 94.8 21294275642131604 92.0
1614914200 39347071936 94.8 21294280044790420 92.0
1615469100 39347073136 94.8 21294281035000212 92.0
1616392400 39347075036 94.8 21294282270069524 92.0
1616450800 39347153236 94.8 21294346935362324 92.0
1616498500 39347186836 94.8 21294387937002260 92.0
1616917500 39347242436 94.8 21294449784034068 92.0
1616966300 39347242536 94.8 21294449889616164 92.0
1617208500 39347244436 94.8 21294452758659364 92.0
1617681300 39347247036 94.8 21294455127580964 92.0
1617709500 39347249236 94.8 21294457272794788 92.0
1617831000 39347255136 94.8 21294462902523556 92.0
1617955500 39347255336 94.8 21294463190396356 92.0
1617994300 39347255936 94.8 21294464561970372 92.0
1618472200 39347264936 94.8 21294480414078148 92.0
1618509900 39347265036 94.8 21294480519663252 92.0
1618528600 39347293436 94.8 21294506297679508 92.0
1619314600 39347294536 94.8 21294506961845908 92.0
1619726100 39347325436 94.8 21294543147982484 92.0
1620075800 39347325536 94.8 21294543707291284 92.0
1620185300 39347329836 94.8 21294548076289684 92.0
1620285600 39347331636 94.8 21294549983356308 92.0
1620405800 39347349136 94.8 21294589481276820 92.0
1620519200 39347354236 94.8 21294595030990228 92.0
1620677300 39347378836 94.8 21294620967435668 92.0
1621298800 39347385536 94.8 21294626963774868 92.0
1621495500 39347398636 94.8 21294637867833748 92.0
1621578000 39347399836 94.8 21294638883019028 92.0
1621585600 39347424736 94.8 21294662559482132 92.0
1621717800 39347429136 94.8 21294668967480596 92.0
1621834300 39347430336 94.8 21294670861061396 92.0
1621854100 39347430836 94.8 21294671200784980 92.0
1622106600 39347435036 94.8 21294675467998804 92.0
1622413000 39347448236 94.8 21294691096133204 92.0
1622455800 39347449236 94.8 21294693662482004 92.0
1622487900 39347450536 94.8 21294695877803604 92.0
1623057400 39347450936 94.8 21294696667411988 92.0
1623072900 39347455336 94.8 21294703605612052 92.0
1623225100 39347479136 94.8 21294739486998036 92.0
1623401400 39347480536 94.8 21294739907247636 92.0
1623540100 39347481336 94.8 21294740899386644 92.0
1623563400 39348173936 94.8 21295328273192212 92.0
1623649200 39348197336 94.8 21295355662865684 92.0
1623769900 39348199736 94.8 21295357495394324 92.0
1623961800 39348210136 94.8 21295375582875668 92.0
1624280200 39348222036 94.8 21295384904048660 92.0
1624740400 39348226636 94.8 21295391576398356 92.0
1624779700 39348226736 94.8 21295391888103956 92.0
1624826500 39348310536 94.8 21295455306721812 92.0
1624838700 39348314936 94.8 21295457132253460 92.0
1625050900 39348316536 94.8 21295458409181460 92.0
1625281800 39348319836 94.8 21295460999901460 92.0
1625368500 39348321136 94.8 21295461370794260 92.0
1625902900 39348322336 94.8 21295462115674132 92.0
1625935700 39348322536 94.8 21295462326867028 92.0
1626203700 39348323436 94.8 21295463302497428 92.0
1626250200 39348326836 94.8 21295465899679636 92.0
1626408200 39349125936 94.8 21296031712075668 92.0
1626854100 39349131636 94.8 21296038949047188 92.0
1627220600 39349133536 94.8 21296040443310484 92.0
1627250700 39349134436 94.8 21296041243717268 92.0
1627401800 39349138636 94.8 21296044549750676 92.0
1627568500 39349154236 94.8 21296061787127700 92.0
1627734100 39349155736 94.8 21296063283806100 92.0
1628006700 39349156236 94.8 21296063761081012 92.0
1628134000 39349161436 94.8 21296068048364212 92.0
1628387800 39349175636 94.8 21296095133573812 92.0
1628759800 39349177436 94.8 21296097641431220 92.0
1628826700 39349829036 94.8 21296160715063476 92.0
1628845600 39349838236 94.8 21296171428561076 92.0
1628862900 39349838736 94.8 21296171723882676 92.0
1629295600 39349847836 94.8 21296177978119860 92.0
1629327800 39349851336 94.8 21296181948792244 92.0
1629445000 39349852836 94.8 21296182803200436 92.0
1629658600 39350274836 94.8 21296949810198964 92.0
1629724800 39350299036 94.8 21297011555191220 92.0
1629953700 39350299436 94.8 21297012647434292 92.0
1630018600 39350299836 94.8 21297013057282196 92.0
1630030000 39350301936 94.8 21297014874400404 92.0
1630055900 39350304036 94.8 21297017158330004 92.0
1630114300 39350304236 94.8 21297017495351316 92.0
1630232800 39350317636 94.8 21297035369885716 92.0
1630414800 39350320236 94.8 21297036587352852 92.0
1630853600 39350328636 94.8 21297045363103508 92.0
1630944700 39350351336 94.8 21297070317610772 92.0
1630966000 39350354136 94.8 21297073296958740 92.0
1630971400 39350373536 94.8 21297101218776340 92.0
1631230400 39350377436 94.8 21297104994382356 92.0
1631326700 39350382836 94.8 21297109364814356 92.0
1631332600 39350387436 94.8 21297117377614356 92.0
1631409200 39350390736 94.8 21297119592071188 92.0
1631418000 39350393136 94.8 21297122949152788 92.0
1631656500 39350397636 94.8 21297125792906772 92.0
1631673700 39350397836 94.8 21297126040222676 92.0
1631764900 39350409536 94.8 21297144445010900 92.0
1631784700 39350409936 94.8 21297145189295188 92.0
1631799100 39351257536 94.8 21298619029840980 92.0
1631948800 39351922236 94.8 21299097691710548 92.0
1632058600 39351929836 94.8 21299122704860244 92.0
1632226400 39351931636 94.8 21299123522831444 92.0
1632751300 39351931936 94.8 21299123787555348 92.0
1632764700 39351938236 94.8 21299128648180244 92.0
1632869000 39351952336 94.8 21299156043797012 92.0
1633109800 39351967936 94.8 21299179822590484 92.0
1633136300 39351968136 94.8 21299180350167572 92.0
1633175000 39351979036 94.8 21299198165654036 92.0
1633324900 39351979336 94.8 21299199356495252 92.0
1633383500 39351983736 94.8 21299204279028116 92.0
1633462700 39351988436 94.8 21299211143189908 92.0
1633487100 39351991236 94.8 21299213092066708 92.0
1633616300 39351991836 94.8 21299213725657684 92.0
1634016300 39352005036 94.8 21299226276628052 92.0
1634042400 39352012236 94.8 21299234570949716 92.0
1634056300 39352064136 94.8 21299264532575316 92.0
1634085300 39352070336 94.8 21299269019743316 92.0
1634182400 39352073636 94.8 21299273126597204 92.0
1634290200 39352074136 94.8 21299273646014004 92.0
1634305000 39352078536 94.8 21299278107997236 92.0
1634435800 39352079936 94.8 21299283655300148 92.0
1634509600 39352080936 94.8 21299285279517364 92.0
1634547300 39352082736 94.8 21299286552349364 92.0
1634568100 39352086936 94.8 21299290412472500 92.0
1634666000 39352089136 94.8 21299292306667700 92.0
1634753800 39352089236 94.8 21299292412265700 92.0
1634919900 39352098936 94.8 21299301559885028 92.0
1635208500 39352103736 94.8 21299305643574244 92.0
1635236500 39352103836 94.8 21299305749172340 92.0
1635533600 39352111736 94.8 21299309605463668 92.0
1635652200 39352112636 94.8 21299310658135668 92.0
1635736800 39352115536 94.8 21299312874236020 92.0
1635875600 39352116036 94.8 21299314169903476 92.0
1635997800 39352116236 94.8 21299314177071476 92.0
1636077400 39352120036 94.8 21299320678779764 92.0
1636087900 39352143836 94.8 21299357154093940 92.0
1636176800 39352144436 94.8 21299358179342324 92.0
1636215700 39352147236 94.8 21299359631283060 92.0
1636359400 39352149336 94.8 21299359800779364 92.0
1636412700 39352150636 94.8 21299361158086116 92.0
1636657900 39352152236 94.8 21299363784195044 92.0
1636671300 39352161236 94.8 21299367043271652 92.0
1636671600 39352166136 94.8 21299372019390948 92.0
1636694100 39352171836 94.8 21299377333179364 92.0
1636939000 39352176236 94.8 21299383635756516 92.0
1636949600 39352176436 94.8 21299384105895428 92.0
1637074400 39352194536 94.8 21299390148898820 92.0
1637164700 39352260636 94.8 21299475620466692 92.0
1637252700 39352260736 94.8 21299475635417092 92.0
1637324400 39352264536 94.8 21299482499570692 92.0
1637332500 39352265336 94.8 21299482685324292 92.0
1637389800 39352265536 94.8 21299482958527492 92.0
1637550700 39352267436 94.8 21299484902898692 92.0
1637596900 39352268636 94.8 21299486868569092 92.0
1637624800 39352270836 94.8 21299488931289860 92.0
1637826300 39352271236 94.8 21299489593408260 92.0
1637832700 39352306436 94.8 21299529122204420 92.0
1637886200 39352707136 94.8 21299991001123588 92.0
1637981100 39352709336 94.8 21299993640960260 92.0
1638071800 39352734536 94.8 21300021750878468 92.0
1638085500 39352738036 94.8 21300023854666884 92.0
1638112400 39352780636 94.8 21300055751183492 92.0
1638135600 39352784036 94.8 21300058698700676 92.0
1638458100 39352784236 94.8 21300058909883572 92.0
1638696600 39352789536 94.8 21300062499191732 92.0
1638876900 39352818836 94.8 21300080174771124 92.0
1638891400 39352825836 94.8 21300088831348660 92.0
1638965900 39352830736 94.8 21300091139552180 92.0
1638991700 39352832036 94.8 21300091694560180 92.0
1639062600 39352835936 94.8 21300093488296500 92.0
1639406400 39352846236 94.8 21300106403189300 92.0
1639498500 39352882436 94.8 21300194939802164 92.0
1639712500 39352904636 94.8 21300211539684916 92.0
1639720900 39352906736 94.8 21300215193604148 92.0
1639784200 39352907236 94.8 21300215690165748 92.0
1639818800 39352909536 94.8 21300218049666548 92.0
1639828700 39352909636 94.8 21300218155264644 92.0
1639929800 39352910736 94.8 21300219152231044 92.0
1640353100 39352910836 94.8 21300219259136644 92.0
1640401600 39352911536 94.8 21300220587397252 92.0
1640418200 39352912336 94.8 21300221201991364 92.0
1640428400 39353638736 94.8 21302849405044420 92.0
1640552400 39353640436 94.8 21302851358816196 92.0
1640756100 39353648236 94.8 21302860372268996 92.0
1640826200 39353652736 94.8 21302864214003908 92.0
1640959400 39353664936 94.8 21302871538539204 92.0
1641170400 39353698736 94.8 21302892477008580 92.0
1641220300 39353735036 94.8 21302900844449988 92.0
1641629400 39353736936 94.8 21302901970440388 92.0
1641689200 39353748836 94.8 21302904617434564 92.0
1642000800 39353749936 94.8 21302906432986564 92.0
1642137300 39353751536 94.8 21302908208062404 92.0
1642143400 39353752636 94.8 21302909291140164 92.0
1642208800 39353753136 94.8 21302910043958340 92.0
1642315800 39353753436 94.8 21302910790579460 92.0
1642379100 39353775436 94.8 21302930767144196 92.0
1642760900 39353777936 94.8 21302933761982212 92.0
1642768400 39353780636 94.8 21302935525924612 92.0
1642798200 39353785436 94.8 21302939635923972 92.0
1642871200 39353787636 94.8 21302940563543044 92.0
1642931200 39353793136 94.8 21302945216029700 92.0
1643114100 39353793936 94.8 21302945516974692 92.0
1643177600 39353794636 94.8 21302945918504484 92.0
1643314900 39353810836 94.8 21302964029707812 92.0
1643382800 39353811036 94.8 21302965073899684 92.0
1643396500 39353837436 94.8 21302993393928356 92.0
1643436800 39353848036 94.8 21303003429279908 92.0
1643538300 39353848736 94.8 21303003774193828 92.0
1643649100 39353857136 94.8 21303010859955876 92.0
1643754700 39353861936 94.8 21303017604224676 92.0
1643772400 39353862436 94.8 21303018659270692 92.0
1644090700 39353862836 94.8 21303020124235428 92.0
1644793700 39353900636 94.8 21303065019582116 92.0
1644955800 39353941336 94.8 21303088807153316 92.0
1644979000 39353945636 94.8 21303092919465892 92.0
1645056600 39353954036 94.8 21303097762229668 92.0
1645153100 39353960636 94.8 21303105790759844 92.0
1645218200 39353962036 94.8 21303107369389988 92.0
1645333900 39353974636 94.8 21303110695546788 92.0
1645802400 39354003436 94.8 21303125158392740 92.0
1645807100 39354006236 94.8 21303127054953124 92.0
1645848700 39354007736 94.8 21303129262082724 92.0
1645937000 39354045336 94.8 21303146269588132 92.0
1646225300 39354045436 94.8 21303146375182436 92.0
1646382300 39354064636 94.8 21303157333063780 92.0
1646516700 39354082136 94.8 21303191715608676 92.0
1646984300 39354089036 94.8 21303201306757220 92.0
1647201800 39354089336 94.8 21303201446430820 92.0
1647387100 39354091636 94.8 21303203446646116 92.0
1647487400 39354092136 94.8 21303203777807716 92.0
1647514500 39354221336 94.8 21303289127347556 92.0
1647586200 39354226636 94.8 21303295116433764 92.0
1647924000 39354230936 94.8 21303304357798244 92.0
1648347200 39354240236 94.8 21303323180826980 92.0
1648521300 39354245236 94.8 21303331868967268 92.0
1648543200 39354260136 94.8 21303340451383652 92.0
1648620100 39354261736 94.8 21303340618910052 92.0
1648662000 39354261836 94.8 21303341040905636 92.0
1648776800 39354270536 94.8 21303351447371172 92.0
1649069000 39354299336 94.8 21303371597827492 92.0
1649156100 39354303936 94.8 21303374622518692 92.0
1649495700 39354306636 94.8 21303376492957092 92.0
1649530800 39354316036 94.8 21303387499149732 92.0
1649702500 39354869636 94.8 21304323296672164 92.0
1649787500 39354870636 94.8 21304330128390564 92.0
1649973700 39354891036 94.8 21304358421490084 92.0
1650016300 39354891536 94.8 21304359530716836 92.0
1650112200 39354894436 94.8 21304361126108836 92.0
1650296400 39354901536 94.8 21304365412572836 92.0
1650362900 39354908336 94.8 21304368412956580 92.0
1650480600 39354910836 94.8 21304369980234660 92.0
1650516600 39355288736 94.8 21304743419698084 92.0
1650519400 39355296636 94.8 21304750359755684 92.0
1650579800 39355298836 94.8 21304751834930084 92.0
1650647600 39355312236 94.8 21304765162061732 92.0
1650676200 39355375236 94.8 21304839212375972 92.0
1650687200 39355376836 94.8 21304841241534372 92.0
1650847900 39355378636 94.8 21304841894027172 92.0
1650889300 39355392636 94.8 21304866462754724 92.0
1651249800 39355394036 94.8 21304867882314916 92.0
1651260600 39355426736 94.8 21304907752959140 92.0
1651293200 39355434036 94.8 21304914395936932 92.0
1651301000 39355434336 94.8 21304914712728228 92.0
1651702600 39355434936 94.8 21304914913841828 92.0
1651845100 39355435536 94.8 21304915323032228 92.0
1651874400 39355439236 94.8 21304920286556836 92.0
1652178400 39355443136 94.8 21304931002278564 92.0
1652202300 39355450636 94.8 21304938670682276 92.0
1652239900 39355483836 94.8 21305060258664612 92.0
1652336500 39355492436 94.8 21305069593719972 92.0
1652361700 39355492536 94.8 21305069600273572 92.0
1652436700 39355494236 94.8 21305071311675556 92.0
1652495500 39355496036 94.8 21305072528305956 92.0
1652628800 39355497036 94.8 21305074123948068 92.0
1652635700 39355498736 94.8 21305077235151396 92.0
1652711200 39355516336 94.8 21305088108275236 92.0
1652732300 39355517436 94.8 21305089008371236 92.0
1653131700 39355521136 94.8 21305091064972836 92.0
1653146700 39355521836 94.8 21305091421211140 92.0
1653294800 39355522036 94.8 21305091451931140 92.0
1653316700 39355522636 94.8 21305092309633540 92.0
1653379000 39355523136 94.8 21305092732224548 92.0
1653565700 39355523336 94.8 21305093169195652 92.0
1653607000 39355524236 94.8 21305093575109252 92.0
1653695400 39355537736 94.8 21305100952929924 92.0
1653699300 39355550236 94.8 21305107746964100 92.0
1653771400 39355558536 94.8 21305113963273348 92.0
1653939200 39355569736 94.8 21305124450712708 92.0
1654023900 39355577436 94.8 21305129596107908 92.0
1654041800 39355583936 94.8 21305137526821508 92.0
1654149000 39355594136 94.8 21305149185471108 92.0
1654164200 39355606336 94.8 21305152931830660 92.0
1654199400 39355606936 94.8 21305153163997156 92.0
1654588700 39355612836 94.8 21305158584724452 92.0
1654774900 39355613736 94.8 21305160146119652 92.0
1654963800 39355617436 94.8 21305161224801252 92.0
1654995600 39355617736 94.8 21305161469582756 92.0
1655045900 39355617936 94.8 21305161480027556 92.0
1655454600 39355629236 94.8 21305180988661156 92.0
1655472400 39357036736 94.8 21306104693480868 92.0
1655491900 39357037036 94.8 21306105290194340 92.0
1655574700 39357038736 94.8 21306114081848740 92.0
1655615000 39357039336 94.8 21306114253675940 92.0
1656026400 39357060736 94.8 21306135938598308 92.0
1656110600 39357069236 94.8 21306142450829220 92.0
1656160800 39357070836 94.8 21306143059608932 92.0
1656180700 39357076736 94.8 21306146796435556 92.0
1656271500 39357080036 94.8 21306148954257252 92.0
1656344000 39357086036 94.8 21306153204989028 92.0
1656737200 39357086336 94.8 21306154071556964 92.0
1656908000 39357089636 94.8 21306159035861860 92.0
1656999500 39357093336 94.8 21306162372753508 92.0
1657041300 39357102136 94.8 21306169278748772 92.0
1657058100 39357111536 94.8 21306173805491812 92.0
1657090600 39357112736 94.8 21306175830058212 92.0
1657094700 39357148036 94.8 21306210982130916 92.0
1657110900 39357148936 94.8 21306212213593316 92.0
1657230900 39357159936 94.8 21306225590104292 92.0
1657258100 39357160036 94.8 21306225695701396 92.0
1657279400 39357162336 94.8 21306226347690708 92.0
1657366200 39357165736 94.8 21306228776553684 92.0
1657417600 39357172336 94.8 21306231407963092 92.0
1657621800 39357175036 94.8 21306234673770196 92.0
1657665300 39357187036 94.8 21306251861079764 92.0
1657710300 39357212336 94.8 21306309126878932 92.0
1657751200 39357219036 94.8 21306319050496724 92.0
1657816800 39357223336 94.8 21306322660237780 92.0
1657957600 39357233036 94.8 21306335233524180 92.0
1657978700 39357247636 94.8 21306348569520596 92.0
1658107000 39357248136 94.8 21306348962941396 92.0
1658302800 39357250836 94.8 21306351312932308 92.0
1658344900 39357255636 94.8 21306356656520660 92.0
1658408100 39357255836 94.8 21306356657135060 92.0
1658439600 39357257636 94.8 21306359333789652 92.0
1658707400 39357264936 94.8 21306366458123732 92.0
1658801700 39357265036 94.8 21306366576498132 92.0
1658816700 39357311536 94.8 21306404192245204 92.0
1658963000 39357321736 94.8 21306415032370644 92.0
1659244500 39357322536 94.8 21306415672678868 92.0
1659273200 39357323836 94.8 21306416834918868 92.0
1659284100 39357327036 94.8 21306417866291668 92.0
1659319500 39357348736 94.8 21306453922228692 92.0
1659357300 39357356436 94.8 21306457847336660 92.0
1659377000 39357359936 94.8 21306460129716692 92.0
1659471400 39357387236 94.8 21306475284961748 92.0
1659562700 39357392636 94.8 21306479446008532 92.0
1659605800 39357403136 94.8 21306482295800532 92.0
1659626400 39357410136 94.8 21306488561742548 92.0
1659652100 39357413636 94.8 21306490298856148 92.0
1659669800 39357417236 94.8 21306491161473748 92.0
1659987600 39357425336 94.8 21306501623239380 92.0
1660052900 39357437736 94.8 21306518688196308 92.0
1660091800 39357446936 94.8 21306530744567508 92.0
1660191600 39357449536 94.8 21306534030470868 92.0
1660258600 39357450736 94.8 21306534908858068 92.0
1660427700 39357465336 94.8 21306544156244692 92.0
1660458500 39357465436 94.8 21306544444807892 92.0
1660472900 39357483136 94.8 21306563605656276 92.0
1660526300 39357485936 94.8 21306565524495060 92.0
1660622100 39357486136 94.8 21306565949864660 92.0
1660632400 39357494636 94.8 21306574174159060 92.0
1660757900 39357495336 94.8 21306574581506260 92.0
1660791900 39357496836 94.8 21306576049092948 92.0
1660934000 39357520436 94.8 21306658953664852 92.0
1661004900 39357521436 94.8 21306659194919252 92.0
1661038100 39357527536 94.8 21306664153127252 92.0
1661129500 39357528936 94.8 21306666961938260 92.0
1661169100 39357552336 94.8 21306689109471060 92.0
1661176500 39357563836 94.8 21306718706251604 92.0
1661272900 39357565236 94.8 21306719106226004 92.0
1661409900 39357566136 94.8 21306719316350804 92.0
1661426600 39357566836 94.8 21306719492683604 92.0
1662223100 39357588836 94.8 21306737479950164 92.0
1662336600 39357596336 94.8 21306743692762964 92.0
1662416600 39357598336 94.8 21306745411854164 92.0
1662458200 39357598636 94.8 21306745773776660 92.0
1662460900 39357627436 94.8 21306761007743764 92.0
1662595700 39357631336 94.8 21306765376742164 92.0
1662756200 39357634536 94.8 21306768126182164 92.0
1662807300 39357640236 94.8 21306777309668116 92.0
1662852600 39357667036 94.8 21306819331531540 92.0
1662929200 39357667736 94.8 21306821016543508 92.0
1663026200 39357669336 94.8 21306822941012500 92.0
1663034100 39357681336 94.8 21306846815902228 92.0
1663205800 39357686936 94.8 21306852850046484 92.0
1663260900 39357687736 94.8 21306853986481684 92.0
1663298900 39357690236 94.8 21306855953712148 92.0
1663299900 39357693336 94.8 21306859256397844 92.0
1663389400 39357704336 94.8 21306870380476436 92.0
1663425300 39357713536 94.8 21306878272845332 92.0
1663462100 39357719836 94.8 21306881442514708 92.0
1663552200 39357721936 94.8 21306884371251476 92.0
1663596700 39357722036 94.8 21306884432281876 92.0
1663597300 39357722236 94.8 21306884643472884 92.0
1663612700 39357724136 94.8 21306891142294004 92.0
1663617100 39357729836 94.8 21306897922115060 92.0
1663670300 39357731036 94.8 21306900888916980 92.0
1663767800 39357745136 94.8 21306909363803636 92.0
1663850700 39357748436 94.8 21306913171445236 92.0
1663862400 39357753436 94.8 21306915044136436 92.0
1663870800 39357755136 94.8 21306915484046836 92.0
1663920200 39357757236 94.8 21306917150299636 92.0
1663994900 39357765036 94.8 21306925906009588 92.0
1663995800 39357772936 94.8 21306939147195892 92.0
1664068500 39357779536 94.8 21306942315078644 92.0
1664096600 39357784936 94.8 21306947262504948 92.0
1664172200 39357786036 94.8 21306949465935348 92.0
1664352300 39357790536 94.8 21306953475304948 92.0
1664413900 39357797436 94.8 21306955146686324 92.0
1664602900 39357800036 94.8 21306957865868148 92.0
1664611000 39357807436 94.8 21306968619375476 92.0
1664657600 39357808136 94.8 21306968988476980 92.0
1664821200 39357808936 94.8 21306970270086324 92.0
1664883400 39357810136 94.8 21306970424915124 92.0
1664925900 39357819336 94.8 21306972732986548 92.0
1665064000 39357823736 94.8 21306975806397620 92.0
1665099300 39357835436 94.8 21306990627857588 92.0
1665283100 39357837536 94.8 21306992536383284 92.0
1665379900 39357846836 94.8 21307000235224884 92.0
1665406300 39357883436 94.8 21307021561622324 92.0
1665455100 39357884736 94.8 21307023360110388 92.0
1665576000 39357885336 94.8 21307024623367092 92.0
1665578400 39357895336 94.8 21307043311889332 92.0
1665593600 39357897036 94.8 21307043989162932 92.0
1665598200 39357899736 94.8 21307046318881716 92.0
1665600500 39357899936 94.8 21307046485101012 92.0
1665615500 39357900436 94.8 21307047249619412 92.0
1665672300 39357900736 94.8 21307047511353812 92.0
1665754200 39357907536 94.8 21307050708058324 92.0
1665772800 39357912636 94.8 21307052247516372 92.0
1665821100 39357914036 94.8 21307053157464084 92.0
1665849700 39357925336 94.8 21307062841958420 92.0
1665862500 39357932336 94.8 21307070011219988 92.0
1665875400 39357970336 94.8 21307165642858516 92.0
1665917500 39357970636 94.8 21307166019895316 92.0
1666082300 39357973136 94.8 21307167523716628 92.0
1666082900 39357978736 94.8 21307177481092628 92.0
1666095500 39357980536 94.8 21307178848365460 92.0
1666104100 39357980836 94.8 21307179141229460 92.0
1666110700 39357981136 94.8 21307179400301460 92.0
1666118000 39357984736 94.8 21307186916678548 92.0
1666197100 39358250836 94.8 21307714639158164 92.0
1666218000 39358684236 94.8 21309292026977172 92.0
1666254000 39358690336 94.8 21309297602452372 92.0
1666292300 39358693836 94.8 21309299396813332 92.0
1666331700 39358695336 94.8 21309301763637524 92.0
1666510500 39358697236 94.8 21309303438775316 92.0
1666516300 39358697336 94.8 21309303860796020 92.0
1666582100 39358725236 94.8 21309321669632628 92.0
1666644800 39358727436 94.8 21309324573082228 92.0
1666654500 39358736436 94.8 21309334149915252 92.0
1666674200 39358751136 94.8 21309357038803572 92.0
1666674400 39358754336 94.8 21309364309646452 92.0
1666684700 39358759136 94.8 21309367178976884 92.0
1666697000 39358760336 94.8 21309369413277812 92.0
1666764600 39358760836 94.8 21309370628819060 92.0
1666773400 39358763936 94.8 21309373435521652 92.0
1666775000 39358771136 94.8 21309382521942644 92.0
1666841200 39359199836 94.8 21309669686080116 92.0
1667136600 39359220036 94.8 21309711608078964 92.0
1667144000 39359220736 94.8 21309712226121588 92.0
1667162600 39359223036 94.8 21309714821416052 92.0
1667209300 39359252636 94.8 21309735342161012 92.0
1667356500 39359259336 94.8 21309741676625012 92.0
1667473900 39359260736 94.8 21309744185794676 92.0
1667500000 39359261136 94.8 21309744747806388 92.0
1667508900 39359261736 94.8 21309745030020788 92.0
1667561100 39359262936 94.8 21309746087403188 92.0
1667570000 39359263336 94.8 21309746317598388 92.0
1667574500 39359264536 94.8 21309748937606580 92.0
1667639300 39359264836 94.8 21309749212038580 92.0
1667665700 39359292336 94.8 21309789673350580 92.0
1667666000 39359293336 94.8 21309791500940980 92.0
1667692300 39359293936 94.8 21309791712214884 92.0
1667770800 39359298436 94.8 21309795108205924 92.0
1667839400 39359338936 94.8 21309835160307044 92.0
1667843200 39359357636 94.8 21309857538737508 92.0
1667847900 39359371436 94.8 21309883378455908 92.0
1667936100 39359372636 94.8 21309884903191908 92.0
1668004700 39359373036 94.8 21309885359322020 92.0
1668113900 39359376036 94.8 21309888245679780 92.0
1668202000 39359376836 94.8 21309889256572580 92.0
1668204900 39359385336 94.8 21309897898194596 92.0
1668246800 39359389636 94.8 21309901351274916 92.0
1668339100 39359390236 94.8 21309902477470116 92.0
1668412400 39359390636 94.8 21309902967761316 92.0
1668430600 39359405836 94.8 21309914738284964 92.0
1668610800 39359411536 94.8 21309921050527140 92.0
1668812100 39359412136 94.8 21309922000517348 92.0
1668829400 39359414736 94.8 21309924024027108 92.0
1668834500 39359415936 94.8 21309924823975908 92.0
1668847400 39359418336 94.8 21309925899761892 92.0
1668931500 39359429736 94.8 21309934526265572 92.0
1668963100 39359436936 94.8 21309944910035172 92.0
1668964000 39359453236 94.8 21309954094905572 92.0
1669027000 39359453936 94.8 21309954668503652 92.0
1669082700 39359454536 94.8 21309954790359652 92.0
1669163200 39359456636 94.8 21309957908736100 92.0
1669195000 39359457036 94.8 21309957940630900 92.0
1669420800 39359457236 94.8 21309958289610100 92.0
1669434600 39359462036 94.8 21309962772613492 92.0
1669436200 39359464336 94.8 21309963500526900 92.0
1669460700 39359464436 94.8 21309963606121100 92.0
1669535200 39359475736 94.8 21309970080873100 92.0
1669545200 39359478536 94.8 21309979359620748 92.0
1669714100 39359480936 94.8 21309981343486860 92.0
1669751500 39359482436 94.8 21309982581912460 92.0
1669838000 39359485036 94.8 21309984342782860 92.0
1669926700 39359485136 94.8 21309984448379660 92.0
1669958700 39359490836 94.8 21309986623057932 92.0
1669961900 39359494136 94.8 21309986795704332 92.0
1669971600 39359503336 94.8 21309999556291596 92.0
1670027100 39359590536 94.8 21310221247884300 92.0
1670081600 39364026936 94.8 21311567771118604 92.0
1670132900 39364032736 94.8 21311578519637004 92.0
1670141400 39364038136 94.8 21311586212683788 92.0
1670151800 39364038336 94.8 21311586423887484 92.0
1670161100 39364039836 94.8 21311587574959228 92.0
1670189600 39364041436 94.8 21311588485704828 92.0
1670298000 39364047236 94.8 21311591216436860 92.0
1670311500 39364088436 94.8 21311657971816060 92.0
1670392800 39364088536 94.8 21311658077411860 92.0
1670498400 39364129836 94.8 21311705791961620 92.0
1670517000 39364133336 94.8 21311706455923220 92.0
1670526900 39364134636 94.8 21311707030387220 92.0
1670610700 39364139636 94.8 21311711652230164 92.0
1670676900 39364140536 94.8 21311713329609236 92.0
1670992800 39364142936 94.8 21311716657472276 92.0
1671009800 39364146036 94.8 21311718667993876 92.0
1671022900 39364169936 94.8 21311750639620884 92.0
1671097800 39364181036 94.8 21311758132433684 92.0
1671179800 39364193236 94.8 21311771226264340 92.0
1671221600 39364196636 94.8 21311773994859284 92.0
1671257600 39364197136 94.8 21311775058022356 92.0
1671266100 39364199636 94.8 21311775491788756 92.0
1671298700 39364200236 94.8 21311775516159956 92.0
1671427700 39364205736 94.8 21311779014269140 92.0
1671444900 39364206736 94.8 21311779274960436 92.0
1671484600 39364209036 94.8 21311781752841268 92.0
1671540500 39364209936 94.8 21311782189270068 92.0
1671618400 39364212736 94.8 21311782626368884 92.0
1671670000 39364215836 94.8 21311787421351284 92.0
1671696800 39364216136 94.8 21311787738128084 92.0
1671802700 39364217336 94.8 21311789702076756 92.0
1671803200 39364227536 94.8 21311800781061460 92.0
1671914200 39364228836 94.8 21311801180831060 92.0
1671922200 39364229136 94.8 21311801347947860 92.0
1671929600 39364230736 94.8 21311803607711060 92.0
1672016700 39364238336 94.8 21311809945499476 92.0
1672046100 39364239036 94.8 21311810067150676 92.0
1672122500 39364241536 94.8 21311812858381908 92.0
1672131800 39364241836 94.8 21311812951975508 92.0
1672219400 39364242036 94.8 21311813163163108 92.0
1672278500 39364247836 94.8 21311821167156708 92.0
1672448500 39364248036 94.8 21311821174324708 92.0
1672459600 39364257736 94.8 21311834589591012 92.0
1672481600 39364263136 94.8 21311837119388900 92.0
1672525500 39364270336 94.8 21311842594138852 92.0
1672586700 39364280836 94.8 21311850045723364 92.0
1672628300 39364286036 94.8 21311853125673700 92.0
1672653500 39364294136 94.8 21311858636022500 92.0
1672670100 39364306436 94.8 21311868792195812 92.0
1672758800 39364307336 94.8 21311869894019812 92.0
1672779700 39364328136 94.8 21311875480919780 92.0
1672804300 39364339536 94.8 21311888831975140 92.0
1672852300 39364341336 94.8 21311895962906340 92.0
1672856000 39364341536 94.8 21311896568212708 92.0
1672888500 39364342436 94.8 21311896948576612 92.0
1672979800 39364345336 94.8 21311899338601828 92.0
1672983300 39364345536 94.8 21311899538612724 92.0
1672987500 39364346036 94.8 21311899689345524 92.0
1672994500 39364346936 94.8 21311899823284724 92.0
1673011800 39364347336 94.8 21311900571541812 92.0
1673042800 39364347636 94.8 21311900888308116 92.0
1673069200 39364348036 94.8 21311902453927572 92.0
1673073800 39364353736 94.8 21311911293709972 92.0
1673082300 39364377636 94.8 21311930325352084 92.0
1673085900 39364377936 94.8 21311930483170580 92.0
1673503900 39364378236 94.8 21311930498530580 92.0
1673549000 39364378936 94.8 21311931276360980 92.0
1673622100 39364379836 94.8 21311932128943380 92.0
1673659300 39364381036 94.8 21311932956335380 92.0
1673720800 39364381136 94.8 21311933123861780 92.0
1673740600 39364381836 94.8 21311934667644180 92.0
1673762300 39364382536 94.8 21311935101615380 92.0
1673840500 39364400636 94.8 21311984197000468 92.0
1673843600 39364403336 94.8 21311988838061844 92.0
1673861500 39364413936 94.8 21311999747300116 92.0
1673923700 39365301036 94.8 21312599915764500 92.0
1674108500 39365302436 94.8 21312600214866900 92.0
1674184100 39365304636 94.8 21312601938121172 92.0
1674235900 39365307536 94.8 21312605702959572 92.0
1674240900 39365307636 94.8 21312605808553772 92.0
1674242000 39365310936 94.8 21312607510895404 92.0
1674323500 39365324136 94.8 21312630141225772 92.0
1674356400 39365331436 94.8 21312638512413996 92.0
1674389300 39365333036 94.8 21312640041172780 92.0
1674473600 39365353336 94.8 21312650540407596 92.0
1674491700 39365358236 94.8 21312653476215596 92.0
1674564100 39365377236 94.8 21312676887268140 92.0
1674581400 39365386136 94.8 21312686023348012 92.0
1674599300 39365386636 94.8 21312687189684012 92.0
1674615000 39365387036 94.8 21312687434955116 92.0
1674650900 39365388136 94.8 21312689624156268 92.0
1674701700 39365388236 94.8 21312689662453868 92.0
1674756400 39365389036 94.8 21312690557429868 92.0
1674763800 39365397236 94.8 21312697686313068 92.0
1674850900 39365399936 94.8 21312701017853292 92.0
1674907100 39365416636 94.8 21312712189478252 92.0
1674952400 39365418636 94.8 21312713455551852 92.0
1674983700 39365420136 94.8 21312714651993452 92.0
1675012700 39365426136 94.8 21312717999654252 92.0
1675064500 39365429236 94.8 21312718601518252 92.0
1675075700 39365430436 94.8 21312719598689452 92.0
1675396300 39365449436 94.8 21312736949929132 92.0
1675430100 39365450336 94.8 21312738073119660 92.0
1675436200 39365454636 94.8 21312741675551660 92.0
1675490400 39365455836 94.8 21312743323167660 92.0
1675518100 39365456636 94.8 21312743688735660 92.0
1675527500 39365466936 94.8 21312754842556332 92.0
1675555500 39365467436 94.8 21312755135933836 92.0
1675587600 39365473136 94.8 21312763795082636 92.0
1675668700 39365473336 94.8 21312763946839436 92.0
1675671800 39365500536 94.8 21312792032669068 92.0
1675719700 39365532736 94.8 21312822885260684 92.0
1675759300 39365537236 94.8 21312827462540684 92.0
1675761000 39365552736 94.8 21312859072748940 92.0
1675817500 39365552936 94.8 21312859086265740 92.0
1675862800 39365559936 94.8 21312869346950540 92.0
1675864400 39365560136 94.8 21312869874554732 92.0
1675905600 39365560736 94.8 21312870415275756 92.0
1675940000 39365563836 94.8 21312874032407276 92.0
1676011000 39365565236 94.8 21312880218660076 92.0
1676029100 39365571236 94.8 21312889002094828 92.0
1676063000 39365572536 94.8 21312900964544748 92.0
1676129100 39365574336 94.8 21312903053268844 92.0
1676139000 39365579336 94.8 21312907029256044 92.0
1676345000 39365586436 94.8 21312915615905644 92.0
1676423600 39365589636 94.8 21312916335777644 92.0
1676425500 39365589736 94.8 21312916441371244 92.0
1676467300 39365595436 94.8 21312921693964396 92.0
1676639000 39365601336 94.8 21312927736068204 92.0
1676774000 39365605536 94.8 21312934389201004 92.0
1676882500 39365606636 94.8 21312934448388204 92.0
1676889400 39365615236 94.8 21312942788868204 92.0
1676907200 39365625636 94.8 21312954031802476 92.0
1676914500 39365629536 94.8 21312955532483820 92.0
1677000000 39365630336 94.8 21312956796807660 92.0
1677166000 39365633236 94.8 21312959357422060 92.0
1677182500 39365634036 94.8 21312960130337260 92.0
1677243700 39365634336 94.8 21312960213690860 92.0
1677266400 39365634636 94.8 21312960659380364 92.0
1677280500 39365764236 94.8 21313271042627724 92.0
1677462600 39365779136 94.8 21313277169024140 92.0
1677496900 39365781836 94.8 21313279814976140 92.0
1677580800 39365784536 94.8 21313280022333932 92.0
1677593300 39366318836 94.8 21313349355358700 92.0
1677618600 39366346136 94.8 21313370696542700 92.0
1677638200 39366353936 94.8 21313379086037996 92.0
1677678600 39366355836 94.8 21313380536431596 92.0
1677792100 39366357636 94.8 21313382549615596 92.0
1677794200 39366357836 94.8 21313382703737004 92.0
1678093100 39366358636 94.8 21313383877445804 92.0
1678162300 39366573336 94.8 21313645193431212 92.0
1678237000 39366573536 94.8 21313646007382124 92.0
1678383700 39366573836 94.8 21313646022742124 92.0
1678452700 39366587436 94.8 21313657146949740 92.0
1678477500 39366588236 94.8 21313658312443116 92.0
1678481500 39366588736 94.8 21313658449863916 92.0
1678584500 39366596936 94.8 21313668503353580 92.0
1678716700 39366632636 94.9 21313693506842860 92.0
1678734100 39366636036 94.9 21313696496355564 92.0
1678780600 39366645636 94.9 21313708017221868 92.0
1678822000 39366645836 94.9 21313708228420460 92.0
1678907100 39366652036 94.9 21313711767663724 92.0
1678949000 39366654836 94.9 21313712701097324 92.0
1678963300 39366655236 94.9 21313712884802924 92.0
1679064300 39366669936 94.9 21313716593672556 92.0
1679153400 39366671436 94.9 21313716865729644 92.0
1679249400 39366676036 94.9 21313718258488684 92.0
1679325800 39366684536 94.9 21313724079190892 92.0
1679377400 39366684636 94.9 21313724184773388 92.0
1679426000 39366685236 94.9 21313724230034188 92.0
1679646800 39366687736 94.9 21313725799568908 92.0
1679658400 39366700536 94.9 21313728726784012 92.0
1679690400 39366702636 94.9 21313733978692108 92.0
1679696300 39366716436 94.9 21313744196540940 92.0
1679778300 39366724336 94.9 21313745831949324 92.0
1679832000 39366725036 94.9 21313745890112524 92.0
1679857300 39366725936 94.9 21313746948109324 92.0
1679878600 39366726236 94.9 21313747334157324 92.0
1680096400 39366726636 94.9 21313747949376524 92.0
1680136200 39366728036 94.9 21313753665549324 92.0
1680184400 39366734336 94.9 21313757680653324 92.0
1680297300 39366734536 94.9 21313757997273612 92.0
1680397500 39366738736 94.9 21313761865740812 92.0
1680402700 39366740636 94.9 21313765381428748 92.0
1680417300 39366743536 94.9 21313770879586316 92.0
1680443400 39366744136 94.9 21313770934267916 92.0
1680462800 39366744636 94.9 21313771173168620 92.0
1680530300 39366769836 94.9 21313790352322028 92.0
1680575500 39366787536 94.9 21313817733262828 92.0
1680587000 39366794036 94.9 21313825637845996 92.0
1680622300 39366795736 94.9 21313826774736236 92.0
1680663500 39366799136 94.9 21313828577713516 92.0
1680807400 39366803036 94.9 21313834326169452 92.0
1680945200 39366804936 94.9 21313836268770028 92.0
1680968200 39366805536 94.9 21313836870472428 92.0
1681320700 39366810636 94.9 21313839948153836 92.0
1681395400 39368003736 94.9 21315215505933292 92.0
1681471300 39368006336 94.9 21315218119809260 92.0
1681562000 39368006436 94.9 21315218225408556 92.0
1681619800 39368010836 94.9 21315223542630956 92.0
1681624100 39368011236 94.9 21315223556557356 92.0
1681716100 39368011936 94.9 21315223674317356 92.0
1681729500 39368208136 94.9 21315390102333996 92.0
1681744900 39368208836 94.9 21315390701086572 92.0
1681948300 39368212836 94.9 21315393854156140 92.0
1682202600 39368250736 94.9 21315495301156204 92.0
1682706200 39368253036 94.9 21315496894090604 92.0
1682750100 39368254136 94.9 21315496977239404 92.0
1682908100 39368261036 94.9 21315501385058668 92.0
1682910200 39368264336 94.9 21315504517846892 92.0
1682911400 39368266336 94.9 21315506754597996 92.0
1683306100 39368266536 94.9 21315507282215596 92.0
1683364800 39368267736 94.9 21315507787154604 92.0
1683365200 39368274436 94.9 21315514119238316 92.0
1683375600 39368275336 94.9 21315515678370732 92.0
1683472600 39368276136 94.9 21315517195581740 92.0
1683484100 39368280536 94.9 21315521611601708 92.0
1683564300 39368286836 94.9 21315526187538220 92.0
1683803500 39368287436 94.9 21315526629496620 92.0
1683907000 39368292936 94.9 21315529905067820 92.0
1683920900 39368296636 94.9 21315532884288812 92.0
1683931200 39368301536 94.9 21315535596739628 92.0
1684058600 39368302036 94.9 21315535838198828 92.0
1684086800 39368303436 94.9 21315536198399212 92.0
1684133000 39368312836 94.9 21315541851565292 92.0
1684465900 39368313036 94.9 21315542067930892 92.0
1684486500 39368313836 94.9 21315542640551692 92.0
1684592000 39368314436 94.9 21315543177127692 92.0
1684592600 39368316436 94.9 21315545278557836 92.0
1684668900 39368335936 94.9 21315556683638412 92.0
1684750700 39368345736 94.9 21315568006211212 92.0
1684945900 39368366936 94.9 21315595056602764 92.0
1685172000 39368367036 94.9 21315595162204060 92.0
1685205000 39368367636 94.9 21315595577028444 92.0
1685262300 39368375636 94.9 21315603976357724 92.0
1685279800 39368376236 94.9 21315604377356124 92.0
1685291700 39368376536 94.9 21315604522149724 92.0
1685353700 39368391136 94.9 21315626706306908 92.0
1685547200 39368391436 94.9 21315627023086204 92.0
1685633200 39368391536 94.9 21315627495150204 92.0
1685842900 39368417636 94.9 21315660778535548 92.0
1685866100 39368417836 94.9 21315660902152348 92.0
1685896600 39368428936 94.9 21315667006794396 92.0
1686273600 39368431436 94.9 21315667838487196 92.0
1686304900 39368432936 94.9 21315668465274908 92.0
1686371500 39368435036 94.9 21315671937145372 92.0
1686482700 39368441636 94.9 21315675880774172 92.0
1686615700 39368532036 94.9 21315823525386780 92.0
1686662900 39368544536 94.9 21315833504881180 92.0
1686899100 39369268536 94.9 21316682078771740 92.0
1686995500 39369271936 94.9 21316685230438940 92.0
1687004400 39369272736 94.9 21316685258291740 92.0
1687275200 39369273136 94.9 21316685722368540 92.0
1687681000 39369280636 94.9 21316693969939484 92.0
1687691300 39369281836 94.9 21316694748981980 92.0
1687897100 39369283436 94.9 21316696310621916 92.0
1687969300 39369284736 94.9 21316697748188636 92.0
1688025500 39369289736 94.9 21316704892809692 92.0
1688076800 39369290136 94.9 21316704931926492 92.0
1688106400 39369290436 94.9 21316705415175100 92.0
1688127000 39369302536 94.9 21316708557363900 92.0
1688135700 39369308236 94.9 21316709465328892 92.0
1688219700 39369308736 94.9 21316711024804860 92.0
1688295700 39369308936 94.9 21316711208305660 92.0
1688348300 39369309836 94.9 21316712998872060 92.0
1688417300 39369312736 94.9 21316721778089980 92.0
1688499900 39369324336 94.9 21316723209685756 92.0
1688568900 39369325236 94.9 21316723841993660 92.0
1688763400 39369328236 94.9 21316726297786300 92.0
1688835200 39369331236 94.9 21316728337670332 92.0
1689028200 39369331536 94.9 21316728659001532 92.0
1689081900 39369339136 94.9 21316741620179132 92.0
1689241900 39369339836 94.9 21316742339846332 92.0
1689243000 39369346336 94.9 21316749114235068 92.0
1689261600 39369347636 94.9 21316749678254268 92.0
1689616000 39369358836 94.9 21316759492858044 92.0
1689630500 39369359136 94.9 21316759810502844 92.0
1689762100 39369368436 94.9 21316764448429756 92.0
1689899900 39369372636 94.9 21316768201717436 92.0
1689915100 39372805636 94.9 21317776146183868 92.1
1689923800 39372808436 94.9 21317779554670268 92.1
1690168100 39372809236 94.9 21317780449236668 92.1
1690376500 39372813336 94.9 21317784455633596 92.1
1690562600 39372843736 94.9 21317792853004476 92.1
1690681100 39372844036 94.9 21317793193177276 92.1
1690913800 39372852436 94.9 21317805407514812 92.1
1690916300 39372852736 94.9 21317805957198012 92.1
1690927500 39372859036 94.9 21317811570889404 92.1
1691041500 39372859336 94.9 21317811835133100 92.1
1691245000 39372860836 94.9 21317816858672300 92.1
1691256900 39372861936 94.9 21317817046473900 92.1
1691378800 39372863236 94.9 21317818652939436 92.1
1691549100 39372863336 94.9 21317818758539740 92.1
1691667000 39372863536 94.9 21317819286169948 92.1
1691818700 39372864936 94.9 21317820320795356 92.1
1691916700 39372898736 94.9 21317849874840284 92.1
1691948900 39372900436 94.9 21317859951295196 92.1
1692013100 39372901536 94.9 21317861074930524 92.1
1692115900 39372925936 94.9 21317909150894940 92.1
1692207800 39372928536 94.9 21317910603990748 92.1
1692303200 39372929036 94.9 21317910985942748 92.1
1692579200 39372930136 94.9 21317912415446748 92.1
1693102500 39372953236 94.9 21317926949112540 92.1
1693183700 39372960536 94.9 21317931974699740 92.1
1693355000 39372961436 94.9 21317932365964252 92.1
1693482600 39372963636 94.9 21317936135386844 92.1
1693577800 39372970536 94.9 21317943190762716 92.1
1693624900 39372972136 94.9 21317943507627996 92.1
1693710900 39372972536 94.9 21317944408585372 92.1
1693728600 39372973736 94.9 21317946183996572 92.1
1693847400 39373458036 94.9 21317996144157852 92.1
1694023400 39373468736 94.9 21318006463415452 92.1
1694074200 39373470136 94.9 21318007517476636 92.1
1694091200 39373487036 94.9 21318057540847388 92.1
1694242500 39373488136 94.9 21318058087458588 92.1
1694259300 39373489036 94.9 21318058825352988 92.1
1694427600 39373499436 94.9 21318067120566556 92.1
1694445500 39373523836 94.9 21318094413836572 92.1
1694910700 39373524536 94.9 21318094549209372 92.1
1695024500 39373524936 94.9 21318095133273564 92.1
1695275300 39373529136 94.9 21318100581772764 92.1
1695337700 39373568636 94.9 21318139874905564 92.1
1695397100 39373568936 94.9 21318139915046364 92.1
1695427300 39373569636 94.9 21318140545625564 92.1
1695431500 39373583136 94.9 21318151757659612 92.1
1695452200 39373583936 94.9 21318151908802012 92.1
1695494300 39373589736 94.9 21318159541698012 92.1
1696107600 39373596936 94.9 21318167903272412 92.1
1696130300 39373597236 94.9 21318168323112412 92.1
1696331300 39373597336 94.9 21318168428697308 92.1
1696340300 39373600736 94.9 21318170294144732 92.1
1696419200 39373602136 94.9 21318172175642332 92.1
1696517800 39373618636 94.9 21318175425333468 92.1
1696563300 39373621936 94.9 21318177033013468 92.1
1696623900 39373623036 94.9 21318177292290268 92.1
1696960700 39373624636 94.9 21318177840261340 92.1
1697067600 39373625036 94.9 21318178102814940 92.1
1697153800 39373625436 94.9 21318178525210428 92.1
1697159700 39373635136 94.9 21318187788251964 92.1
1697347100 39373636336 94.9 21318188823106364 92.1
1697609100 39373637736 94.9 21318190188689340 92.1
1697635600 39373639236 94.9 21318192136337340 92.1
1697696700 39373746036 94.9 21318309067110332 92.1
1697751100 39373746336 94.9 21318309746636732 92.1
1697928300 39373746536 94.9 21318309957841932 92.1
1698075600 39373746836 94.9 21318310175944524 92.1
1698106200 39373750136 94.9 21318315876921164 92.1
1698314600 39373752036 94.9 21318317837359692 92.1
1698370100 39373753036 94.9 21318318829410892 92.1
1698422700 39373753236 94.9 21318318902934092 92.1
1699260100 39373754636 94.9 21318321299503692 92.1
1699288500 39373780736 94.9 21318365630310988 92.1
1699352300 39373797536 94.9 21318377933875788 92.1
1699413800 39373805936 94.9 21318384708614220 92.1
1699451900 39373806836 94.9 21318385595398220 92.1
1699500800 39373817336 94.9 21318400176638028 92.1
1699670000 39373817636 94.9 21318400809863628 92.1
1699808800 39373821036 94.9 21318404063032780 92.1
1700064600 39373826836 94.9 21318404585682380 92.1
1700291600 39373826936 94.9 21318404602885580 92.1
1700468900 39373827636 94.9 21318404943703692 92.1
1700480900 39373828036 94.9 21318405021957692 92.1
1700504300 39373829436 94.9 21318405399608892 92.1
1700644500 39373829636 94.9 21318405627479196 92.1
1700659000 39373836536 94.9 21318411519551644 92.1
1701005300 39373846336 94.9 21318447071955100 92.1
1701057300 39373908236 94.9 21318516049512604 92.1
1701261800 39373949036 94.9 21318527686913180 92.1
1701323500 39373962136 94.9 21318545927462044 92.1
1701343000 39373962536 94.9 21318546464432284 92.1
1701348000 39373964836 94.9 21318547410813084 92.1
1701436300 39373965336 94.9 21318547715965084 92.1
1701758800 39373967836 94.9 21318551346549404 92.1
1702101200 39373985936 94.9 21318569021387420 92.1
1702104600 39373987136 94.9 21318570061863004 92.1
1702116300 39373988236 94.9 21318571833971292 92.1
1702267400 39373989436 94.9 21318573201415260 92.1
1702333100 39373990136 94.9 21318575349563996 92.1
1702532000 39373994436 94.9 21318579306091100 92.1
1703051200 39374001336 94.9 21318582155300956 92.1
1703268000 39374061236 94.9 21318591672641628 92.1
1703521500 39374061636 94.9 21318592808433884 92.1
1703708500 39374062736 94.9 21318593991999708 92.1
1703907500 39374064136 94.9 21318594360844508 92.1
1704265300 39374067936 94.9 21318596500803420 92.1
1704448500 39374074736 94.9 21318599265427036 92.1
1704472000 39374076136 94.9 21318601510284892 92.1
1704512700 39374082336 94.9 21318606208396892 92.1
1704955400 39374084336 94.9 21318615284723292 92.1
1705100300 39374084736 94.9 21318615423577692 92.1
1705274100 39374085536 94.9 21318615617728092 92.1
1705431700 39374085636 94.9 21318615929433692 92.1
1705434800 39374088836 94.9 21318619646723676 92.1
1705444900 39374089036 94.9 21318620127594076 92.1
1705818600 39374095236 94.9 21318628012167260 92.1
1705985300 39374096136 94.9 21318629044346908 92.1
1706832800 39374458936 94.9 21318875097194524 92.1
1707141400 39374459736 94.9 21318875901002268 92.1
1707261100 39374462336 94.9 21318879428759068 92.1
1707430300 39374662836 94.9 21319270067785244 92.1
1707474900 39374664536 94.9 21319272670998044 92.1
1707691800 39374664636 94.9 21319272725270044 92.1
1707845000 39374667236 94.9 21319275071254044 92.1
1708070500 39374669336 94.9 21319276654249244 92.1
1708357200 39374672536 94.9 21319281654441244 92.1
1708812700 39374673936 94.9 21319283116122396 92.1
1708877800 39374677036 94.9 21319288805901084 92.1
1709154000 39374727536 94.9 21319364816601884 92.1
1709358500 39374729136 94.9 21319367331545884 92.1
1709378400 39374733636 94.9 21319372609241884 92.1
1709454100 39374736336 94.9 21319376678403100 92.1
1709533600 39374740936 94.9 21319379930651932 92.1
1709684200 39374741536 94.9 21319380644994332 92.1
1710508000 39374742436 94.9 21319381937748252 92.1
1710590400 39374782436 94.9 21319439239993628 92.1
1710768200 39374784336 94.9 21319440624211484 92.1
1710784400 39374791136 94.9 21319446749908508 92.1
1711246800 39374794836 94.9 21319451957511708 92.1
1711786000 39374797536 94.9 21319454635585052 92.1
1711972400 39374799436 94.9 21319458277502236 92.1
1713324700 39374854936 94.9 21319489188990236 92.1
1713681100 39374908036 94.9 21319590510988572 92.1
1714269900 39374908336 94.9 21319590914444572 92.1
1714758600 39374925436 94.9 21319616815500572 92.1
1714916600 39374926336 94.9 21319619540052508 92.1
1715055100 39374935236 94.9 21319631359557148 92.1
1715118900 39374937636 94.9 21319635514474524 92.1
1715327900 39374938336 94.9 21319635915472924 92.1
1715612300 39374947936 94.9 21319637714954268 92.1
1715918700 39374949536 94.9 21319640190095388 92.1
1717018200 39374955136 94.9 21319653636034588 92.1
1719003200 39374961036 94.9 21319659212633628 92.1
1720984800 39374965736 94.9 21319662744630556 92.1
1725054900 39374969836 94.9 21319666238000156 92.1
1725319700 39375001236 94.9 21319713018747932 92.1
1726270400 39375104136 94.9 21319774672952348 92.1
1726630600 39375128736 94.9 21319782865003036 92.1
1726823400 39375135636 94.9 21319791416017436 92.1
1727011100 39375145936 94.9 21319810019731996 92.1
1728421300 39375149736 94.9 21319811577925660 92.1
1728754100 39375151236 94.9 21319814311426588 92.1
1729058700 39375156336 94.9 21319821265716252 92.1
1729112000 39375169136 94.9 21319827008378396 92.1
1729585900 39375178836 94.9 21319831222270748 92.1
1729741000 39375187436 94.9 21319841568766748 92.1
1730785700 39375189236 94.9 21319842721900060 92.1
1730984500 39375196036 94.9 21319850625336860 92.1
1731451300 39375197536 94.9 21319852560815260 92.1
1731667300 39375199936 94.9 21319858002325660 92.1
1731867900 39375200336 94.9 21319858424676572 92.1
1733634400 39375204036 94.9 21319869069712604 92.1
1733702800 39375208036 94.9 21319873956716764 92.1
1733859100 39375208436 94.9 21319874457011452 92.1
1733899200 39375232336 94.9 21319910892221692 92.1
1734130600 39375237236 94.9 21319917838332156 92.1
1734135300 39375237336 94.9 21319917943932652 92.1
1734924600 39375239036 94.9 21319919370364652 92.1
1735939800 39375241036 94.9 21319919594006252 92.1
1736219200 39375293236 94.9 21320006715819756 92.1
1736259300 39375295636 94.9 21320007900273260 92.1
1736286200 39375312736 94.9 21320031287872108 92.1
1736318400 39375313836 94.9 21320032888384108 92.1
1736384800 39375372036 94.9 21320085882940012 92.1
1736492400 39375374236 94.9 21320089074742636 92.1
1736914800 39375460236 94.9 21320172583703916 92.1
1736943700 39375477636 94.9 21320188702692716 92.1
1736976100 39375482836 94.9 21320191957805676 92.1
1737217500 39375485736 94.9 21320192901368684 92.1
1737431700 39375502536 94.9 21320212800168812 92.1
1737595200 39375503536 94.9 21320214543650540 92.1
1738103700 39375511236 94.9 21320216006290156 92.1
1738255900 39375521836 94.9 21320226768421612 92.1
1738354100 39375524036 94.9 21320230206474476 92.1
1738423600 39375857636 94.9 21320630561868012 92.1
1738451300 39375857836 94.9 21320631405908396 92.1
1738522000 39375870436 94.9 21320639160045996 92.1
1738749600 39375881736 94.9 21320673458268588 92.1
1738843400 39375887636 94.9 21320677811791788 92.1
1739379400 39375888236 94.9 21320677888796588 92.1
1740434200 39375909436 94.9 21320723192068012 92.1
1740498700 39375911236 94.9 21320724849309612 92.1
1740859900 39375911336 94.9 21320724954895812 92.1
1741541100 39375915136 94.9 21320727692296132 92.1
1741774700 39375915836 94.9 21320728721427780 92.1
1742059700 39375918036 94.9 21320731864489284 92.1
1742196300 39376426336 94.9 21322607354207556 92.1
1742679100 39376907236 94.9 21323607866432836 92.1
1742800000 39376912936 94.9 21323612120442692 92.1
1742879700 39376913536 94.9 21323612807137092 92.1
1743625300 39376915136 94.9 21323613800712708 92.1
1744161300 39376918036 94.9 21323614863829508 92.1
1744617600 39376923936 94.9 21323620795517444 92.1
1744673200 39376924936 94.9 21323621004413444 92.1
1745125300 39376926736 94.9 21323622188976644 92.1
1745215900 39376928636 94.9 21323634318414340 92.1
1745251200 39376985336 94.9 21323665951472132 92.1
1745251600 39376985936 94.9 21323666242697732 92.1
1745765500 39376988536 94.9 21323669623355908 92.1
1745813600 39376988736 94.9 21323669633595908 92.1
1745975400 39376997636 94.9 21323681127264772 92.1
1746077200 39376999736 94.9 21323682169287172 92.1
1746227300 39377003336 94.9 21323686726152708 92.1
1746778200 39377007936 94.9 21323690679579140 92.1
1746873100 39377016136 94.9 21323700131260932 92.1
1747069800 39377016336 94.9 21323700370997732 92.1
1747354600 39377017036 94.9 21323700577559524 92.1
1747699800 39377024236 94.9 21323719756536804 92.1
1747734500 39377560736 94.9 21324102198582244 92.1
1748651100 39377564936 94.9 21324102917635044 92.1
1749392700 39377669936 94.9 21324352624557028 92.1
1749402300 39377671436 94.9 21324353771312100 92.1
1749567600 39377732136 94.9 21324415839351780 92.1
1749602800 39377732736 94.9 21324416241336388 92.1
1749832000 39377738636 94.9 21324425071455300 92.1
1749941700 39377738836 94.9 21324425599049188 92.1
1750166900 39377759536 94.9 21324497575370212 92.1
1750421500 39377762436 94.9 21324501723379172 92.1
1750712900 39377763336 94.9 21324502110860772 92.1
1750808600 39377763536 94.9 21324502237222372 92.1
1750966400 39378987736 94.9 21325296615921124 92.1
1751113500 39379026336 94.9 21325347445925348 92.1
1751154400 39379031736 94.9 21325349517276132 92.1
1751437900 39379032036 94.9 21325349822223332 92.1
1751635500 39379041736 94.9 21325350856053732 92.1
1751731900 39379043136 94.9 21325354529426660 92.1
1751812600 39379049736 94.9 21325364685550820 92.1
1751931200 39379053136 94.9 21325365127429220 92.1
1751998200 39379053736 94.9 21325365426846820 92.1
1752299000 39379054736 94.9 21325366435077220 92.1
1752669200 39379055136 94.9 21325366761938020 92.1
1752938600 39379055836 94.9 21325367452933220 92.1
1753098600 39379056436 94.9 21325367872459812 92.1
1753128300 39379058036 94.9 21325369335972388 92.1
1753276700 39379059236 94.9 21325370054001188 92.1
1753365700 39379059336 94.9 21325370067927588 92.1
1753474100 39379070536 94.9 21325387356529188 92.1
1753610800 39379075536 94.9 21325389871995428 92.1
1753616900 39379075936 94.9 21325390258704516 92.1
1753762200 39379076836 94.9 21325391209023044 92.1
1753937800 39379076936 94.9 21325391239743044 92.1
1753962100 39379078736 94.9 21325392555378244 92.1
1754182200 39379119136 94.9 21325479666468420 92.1
1754663200 39379119236 94.9 21325479772063124 92.1
1754881500 39379122536 94.9 21325480739333524 92.1
1754929400 39379123436 94.9 21325482104154388 92.1
1754952400 39379152136 94.9 21325504496935188 92.1
1755036500 39379206336 94.9 21325530705764628 92.1
1755092300 39379207236 94.9 21325532328653076 92.1
1755175400 39379244536 94.9 21325572748271892 92.1
1755243700 39379986036 94.9 21326276647706900 92.1
1755401300 39379993736 94.9 21326291312936212 92.1
1755459700 39379996836 94.9 21326294558281748 92.1
1755697200 39379997436 94.9 21326296125226004 92.1
1755862900 39379997636 94.9 21326296253339204 92.1
1756165400 39380017036 94.9 21326318025682500 92.1
1756228000 39380026936 94.9 21326326939966020 92.1
1756238500 39380031136 94.9 21326330644330308 92.1
1756523300 39380032936 94.9 21326331534670404 92.1
1756788300 39380039936 94.9 21326334808402500 92.1
1756806700 39380058436 94.9 21326368437936708 92.1
1756856600 39380058836 94.9 21326368549552708 92.1
1757184900 39380059236 94.9 21326369197864004 92.1
1757339500 39380060636 94.9 21326370598107588 92.1
1757478600 39380063936 94.9 21326372035168068 92.1
1757487800 39380064736 94.9 21326372392339268 92.1
1757610000 39380065236 94.9 21326372587286276 92.1
1757777100 39380072536 94.9 21326376658704132 92.1
1757793100 39380076136 94.9 21326383193257732 92.1
1758172300 39380089036 94.9 21326399220343556 92.1
1758638000 39380089436 94.9 21326399552119556 92.1
1758965800 39380408736 94.9 21326623391851268 92.1
1759145600 39380411136 94.9 21326624769306628 92.1
1759621000 39380416936 94.9 21326630555473412 92.1
1759629400 39380417436 94.9 21326631838649092 92.1
1759747800 39380420236 94.9 21326635874847492 92.1
1760041600 39380421636 94.9 21326638094926596 92.1
1760292300 39380427736 94.9 21326642428904196 92.1
1760303700 39380437736 94.9 21326644827260164 92.1
1760557500 39380437836 94.9 21326644932857164 92.1
1760594900 39380441536 94.9 21326647976966476 92.1
1760790500 39380455336 94.9 21326660948452684 92.1
1760877800 39380461436 94.9 21326664952895820 92.1
1761034300 39380464436 94.9 21326669181606220 92.1
1761089200 39380483636 94.9 21326695610632524 92.1
1761302200 39380484636 94.9 21326696761198924 92.1
1762034700 39380489136 94.9 21326699855112524 92.1
1762117600 39380489236 94.9 21326700068514124 92.1
1762416100 39380498236 94.9 21326705586238284 92.1
1762568600 39380589836 94.9 21326760252068684 92.1
1762631800 39380594536 94.9 21326762732583500 92.1
1762764900 39380596936 94.9 21326765787789900 92.1
1762793000 39380597136 94.9 21326766343566924 92.1
1762828500 39380599736 94.9 21326768037262924 92.1
1762836900 39380710636 94.9 21327033326433868 92.1
1762881200 39380711136 94.9 21327033388693068 92.1
1762943400 39380711436 94.9 21327033499820364 92.1
1763042900 39380717436 94.9 21327037671937612 92.1
1763158900 39380717536 94.9 21327038262171212 92.1
1763197400 39380719836 94.9 21327044548857932 92.1
1763213300 39380801336 94.9 21327189052657740 92.1
1763801000 39380807836 94.9 21327211138197580 92.1
1763801300 39380808736 94.9 21327211868514380 92.1
1764116000 39380809236 94.9 21327211919919180 92.1
1764139700 39380960036 94.9 21327310945265740 92.1
1764787000 39380966536 94.9 21327311473854540 92.1
1764855600 39380967936 94.9 21327315913998412 92.1
1765090200 39380972836 94.9 21327318888842060 92.1
1765095000 39380990136 94.9 21327326174573388 92.1
1765779000 39380991236 94.9 21327327066477388 92.1
1766058000 39380991436 94.9 21327327587818892 92.1
1766296700 39380991536 94.9 21327327693416292 92.1
1766498900 39380994336 94.9 21327329250209124 92.1
1766611100 39380996936 94.9 21327335556249956 92.1
1766797900 39381000736 94.9 21327339116902756 92.1
1766823700 39381034536 94.9 21327369372399972 92.1
1766915800 39381044236 94.9 21327382649564516 92.1
1767157200 39381066036 94.9 21327397658802532 92.1
1767321000 39381066236 94.9 21327397930162532 92.1
1767427700 39381072736 94.9 21327409655011684 92.1
1767533800 39381073336 94.9 21327409686960484 92.1
1767571500 39381077336 94.9 21327410803939684 92.1
1767767400 39381078136 94.9 21327411482306980 92.1
1767877700 39381079436 94.9 21327412184201892 92.1
1768075800 39381092836 94.9 21327418499457188 92.1
1768102400 39381093136 94.9 21327418515636388 92.1
1768354400 39381102136 94.9 21327424664910500 92.1
1768397500 39381104336 94.9 21327427578845348 92.1
1768493900 39381104836 94.9 21327427694762148 92.1
1768525700 39381109136 94.9 21327432900384932 92.1
1768777400 39381111236 94.9 21327434698145700 92.1
1768962900 39381113436 94.9 21327436108193700 92.1
1769346000 39381138936 94.9 21327466618539940 92.1
1769361000 39381139236 94.9 21327466862399844 92.1
1769409600 39381157636 94.9 21327497634996580 92.1
1769616300 39381157736 94.9 21327497825255780 92.1
1769708600 39381162436 94.9 21327506962960740 92.1
1769947100 39381166036 94.9 21327509383368804 92.1
1770072900 39381167336 94.9 21327510470058084 92.1
1770098100 39381176536 94.9 21327512632784228 92.1
1770187700 39381176836 94.9 21327512862209924 92.1
1770422400 39381179536 94.9 21327516281141124 92.1
1770961700 39381188736 94.9 21327519765886084 92.1
1771224000 39381190936 94.9 21327522235917188 92.1
1771262900 39381194136 94.9 21327525357069188 92.1
1771446000 39381195236 94.9 21327526206630020 92.1
1772092300 39381195436 94.9 21327526956322052 92.1
1772164100 39381200736 94.9 21327535444040964 92.1
1772223700 39381202236 94.9 21327535545621764 92.1
1772283900 39381246636 94.9 21327614736874756 92.1
1772316200 39381246736 94.9 21327614746295556 92.1
1772758400 39381509536 94.9 21328149991456004 92.1
1772800300 39381512036 94.9 21328151587447556 92.1
1772818100 39381519236 94.9 21328161765278468 92.1
1772981300 39381520736 94.9 21328161910686468 92.1
1772998500 39381521036 94.9 21328162332963972 92.1
1773297200 39381524636 94.9 21328165170764932 92.1
1773305900 39381527736 94.9 21328168543004292 92.1
1773600800 39381530136 94.9 21328170888464516 92.1
1773955100 39381530736 94.9 21328171052918916 92.1
1774078000 39381531636 94.9 21328173452150916 92.1
1774324000 39387347536 94.9 21331001227004036 92.1
1774484300 39387348436 94.9 21331002215504516 92.1
1774546800 39387388736 94.9 21331048027093636 92.1
1774692500 39387388836 94.9 21331048032213636 92.1
1774747100 39387389036 94.9 21331048243401732 92.1
1774853500 39387404936 94.9 21331058439470084 92.1
1774976100 39387405036 94.9 21331058545065684 92.1
1775070700 39387435836 94.9 21331088642719444 92.1
1775088900 39387438736 94.9 21331091642817236 92.1
1775393400 39387442036 94.9 21331093093974612 92.1
1775465000 39387442136 94.9 21331093199568012 92.1
1775631500 39387442336 94.9 21331093410761004 92.1
1776237400 39387444736 94.9 21331096777906476 92.1
1776280400 39387457536 94.9 21331104104055596 92.1
1776331600 39387457936 94.9 21331104128426796 92.1
1776577700 39387458136 94.9 21331104246714892 92.1
1776659100 39387467336 94.9 21331113486328332 92.1
1776678300 39387478436 94.9 21331124692165132 92.1
1776777500 39387479836 94.9 21331125846417932 92.1
1776817300 39387484236 94.9 21331126290629132 92.1
1777164300 39387486936 94.9 21331127994409100 92.1
1777304700 39387489236 94.9 21331128783093900 92.1
1777324400 39387511236 94.9 21331138822799500 92.1
1777894800 39387538636 94.9 21331170693761164 92.1
1777916900 39387541336 94.9 21331172471244428 92.1
1777992000 39387543036 94.9 21331173901175692 92.1
1778446600 39387543636 94.9 21331174681602060 92.1
1778580700 39387570536 94.9 21331191171322892 92.1
1778596900 39387571136 94.9 21331191332317388 92.1
1778864700 39387573636 94.9 21331192720861388 92.1
1778923200 39387714236 94.9 21331316178905292 92.1
1778928700 39387714836 94.9 21331316317145292 92.1
1779027900 39387714936 94.9 21331316957145292 92.1
1779173000 39387715536 94.9 21331317086783692 92.1
1779242800 39387751936 94.9 21331351592589516 92.1
1779446200 39388244336 94.9 21331400794618060 92.1
1779580200 39388247936 94.9 21331402256913484 92.1
1779794100 39388253236 94.9 21331412214084684 92.1
1780012000 39388255536 94.9 21331414232593484 92.1
1780119500 39388256936 94.9 21331416138441036 92.1
1780124900 39388257236 94.9 21331416455210028 92.1
1780326100 39388258736 94.9 21331416872740844 92.1
1780360500 39388259536 94.9 21331418317682540 92.1
1780421500 39388260236 94.9 21331420322462060 92.1
1780614600 39388266736 94.9 21331428037073260 92.1
1780623100 39388267636 94.9 21331428918363500 92.1
1780764500 39388269936 94.9 21331430736987500 92.1
1781796700 39388289636 94.9 21331453599055212 92.1
1781961900 39388290136 94.9 21331453780303212 92.1
1781983500 39388291136 94.9 21331454190003820 92.1
1782035300 39388295336 94.9 21331457799399020 92.1
1782213500 39388295636 94.9 21331458116202412 92.1
1782531000 39388295736 94.9 21331458126032812 92.1
1782543300 39388296636 94.9 21331458911850412 92.1
1782770100 39388302536 94.9 21331471023108012 92.1
1783003500 39388303836 94.9 21331472945980972 92.1
1783078000 39388310336 94.9 21331476792336940 92.1
1783145600 39388316936 94.9 21331478021751340 92.1
1783199000 39388320436 94.9 21331483089527340 92.1
1783205000 39388326936 94.9 21331489770162732 92.1
1783223700 39388330536 94.9 21331492167727660 92.1
1783323900 39388330636 94.9 21331492411849260 92.1
1783385500 39388335036 94.9 21331495852898860 92.1
1783431900 39388337136 94.9 21331496504162860 92.1
1783444300 39388337436 94.9 21331496519522860 92.1
1783534900 39388338136 94.9 21331497374358060 92.1
1783632100 39388370236 94.9 21331501468581164 92.1
1783834400 39388374736 94.9 21331506260696364 92.1
1783944000 39388409136 94.9 21331534951984428 92.1
1784074700 39388409636 94.9 21331535278646028 92.1
1784185200 39388410336 94.9 21331536088630028 92.1
1784245800 39388410736 94.9 21331536109110028 92.1
1784710600 39388412136 94.9 21331538323650828 92.1
1784744800 39388422036 94.9 21331545201654028 92.1
1785164100 39388429736 94.9 21331560647571724 92.1
1785535600 39388429836 94.9 21331560951085324 92.1
1785602100 39388430036 94.9 21331560986720524 92.1
1785657200 39388433436 94.9 21331563021943308 92.1
1785685600 39388434936 94.9 21331564325062668 92.1
1785799200 39388439736 94.9 21331567848627212 92.1
1785921500 39388461536 94.9 21331600754213900 92.1
1786394600 39388461936 94.9 21331600786777100 92.1
1786456600 39388470636 94.9 21331607229261324 92.1
1786466900 39388471036 94.9 21331607455678428 92.1
1786547200 39388471936 94.9 21331608126398428 92.1
1786624400 39388472036 94.9 21331608413528028 92.1
1786670900 39388472236 94.9 21331608578596828 92.1
1786739500 39388481036 94.9 21331612238686684 92.1
1787064500 39388496536 94.9 21331634823530972 92.1
1787160400 39388498636 94.9 21331637636013276 92.1
1787499500 39388500736 94.9 21331639396439132 92.1
1787516600 39388501036 94.9 21331639460951132 92.1
1787701000 39388502036 94.9 21331640178214044 92.1
1787733600 39388518736 94.9 21331662094709916 92.1
1787831600 39388521036 94.9 21331663862133916 92.1
1787833800 39388551836 94.9 21331691045903516 92.1
1787921600 39388562436 94.9 21331696812047516 92.1
1787977100 39388569536 94.9 21331703109237916 92.1
1788020100 39388572236 94.9 21331705204704284 92.1
1788257800 39388579436 94.9 21331709883155484 92.1
1788326100 39388608836 94.9 21331735014865948 92.1
1788352900 39388610636 94.9 21331737619717148 92.1
1788495300 39388611536 94.9 21331737969925148 92.1
1788538700 39388614436 94.9 21331741659601948 92.1
1788588300 39388616036 94.9 21331742875294748 92.1
1789017500 39388618936 94.9 21331745456798748 92.1
1789088500 39388676636 94.9 21331785877363740 92.1
1789151400 39388695936 94.9 21331809414355996 92.1
1789157800 39388696036 94.9 21331809856723996 92.1
1789408900 39388701736 94.9 21331813537227804 92.1
1789639100 39388705336 94.9 21331819842034204 92.1
1789828600 39388737336 94.9 21331841242509852 92.1
1789847500 39388737436 94.9 21331841496461852 92.1
1789881100 39388739036 94.9 21331842990068252 92.1
1789888900 39388756736 94.9 21331871178330652 92.1
1789961200 39388795236 94.9 21331923273421340 92.1
1790031800 39388796136 94.9 21331923591079548 92.1
1790216400 39388799836 94.9 21331929877836924 92.1
1790386800 39388800936 94.9 21331930688025724 92.1
1790556200 39388830736 94.9 21331949580569724 92.1
1790741300 39388848636 94.9 21331972505355388 92.1
1790834300 39388849036 94.9 21331973342168188 92.1
1790984400 39388849936 94.9 21331974581969404 92.1
1791155500 39388852536 94.9 21331976018227836 92.1
1791322800 39388858636 94.9 21331984938490492 92.1
1791397800 39388861636 94.9 21331987164598396 92.1
1791434500 39388863736 94.9 21331988633471356 92.1
1791443600 39388869036 94.9 21331994884445052 92.1
1791472800 39388870136 94.9 21331994933597052 92.1
1791769900 39388890236 94.9 21332000621302652 92.1
1791871000 39388896136 94.9 21332005201552252 92.1
1791888000 39388898936 94.9 21332007612585340 92.1
1792140400 39388899936 94.9 21332010015623548 92.1
1792280100 39388902136 94.9 21332012908302460 92.1
1792568600 39388902336 94.9 21332013296398460 92.1
1792632300 39388904936 94.9 21332017230401660 92.1
1792634700 39388905236 94.9 21332017395880060 92.1
1792708100 39388906736 94.9 21332019515560060 92.1
1792712100 39388909936 94.9 21332022571404412 92.1
1792712700 39388920036 94.9 21332024914556284 92.1
1792741000 39388922836 94.9 21332033475447676 92.1
1792885900 39388925436 94.9 21332037855291260 92.1
1793046700 39388925536 94.9 21332037870036860 92.1
1793177600 39388946736 94.9 21332058495983484 92.1
1793201500 39388948236 94.9 21332059512610684 92.1
1793359000 39388953536 94.9 21332067217915772 92.1
1793387500 39388966636 94.9 21332097664458620 92.1
1793427800 39388971836 94.9 21332100947812220 92.1
1793531100 39388974336 94.9 21332103622705020 92.1
1793657700 39388979536 94.9 21332106409809532 92.1
1794040700 39388979636 94.9 21332106531870332 92.1
1794320700 39388984136 94.9 21332109436527740 92.1
1794408800 39388990836 94.9 21332113072837244 92.1
1794787900 39388991536 94.9 21332113847595644 92.1
1794797700 39389000136 94.9 21332123124421244 92.1
1794895900 39389001436 94.9 21332123435675644 92.1
1794920100 39389101536 94.9 21332211845271548 92.1
1794995600 39389109636 94.9 21332223275094012 92.1
1795065400 39389111736 94.9 21332224306653436 92.1
1795098300 39389121336 94.9 21332234784522492 92.1
1795228600 39389130236 94.9 21332240858627324 92.1
1795241600 39389146036 94.9 21332303178038524 92.1
1795336600 39389146736 94.9 21332303523583420 92.1
1795413100 39389147536 94.9 21332304660121276 92.1
1795440100 39389148436 94.9 21332305877224380 92.1
1795547400 39389152036 94.9 21332309924593596 92.1
1795710100 39389157736 94.9 21332315339095996 92.1
1795743900 39389158936 94.9 21332316446244796 92.1
1795786200 39389159336 94.9 21332316526526396 92.1
1795792200 39389161036 94.9 21332319470740156 92.1
1795799100 39389161336 94.9 21332319701344956 92.1
1795861400 39389162436 94.9 21332321395678396 92.1
1795921300 39389166536 94.9 21332324303905980 92.1
1795944600 39389168236 94.9 21332330917225148 92.1
1795955500 39389179136 94.9 21332339172238524 92.1
1796023400 39389560436 94.9 21332661863867580 92.1
1796132600 39389560936 94.9 21332662836053180 92.1
1796133700 39389562136 94.9 21332666400050876 92.1
1796556300 39389567036 94.9 21332672472370876 92.1
1796586800 39389568236 94.9 21332673118310076 92.1
1797179100 39389568936 94.9 21332674660658876 92.1
1797197700 39389569136 94.9 21332675082680188 92.1
1797265300 39389573236 94.9 21332679044722556 92.1
1797328300 39389576136 94.9 21332682806596220 92.1
1797370200 39389577936 94.9 21332684577501820 92.1
1797437200 39389584736 94.9 21332691254285436 92.1
1797475900 39389591936 94.9 21332698761434236 92.1
1797538400 39389593836 94.9 21332701078541436 92.1
1797538600 39389605936 94.9 21332715112256636 92.1
1797560200 39389617936 94.9 21332724237225084 92.1
1797600300 39389620036 94.9 21332726553113468 92.1
1797618800 39389633636 94.9 21332739154972540 92.1
1797712800 39389637136 94.9 21332742568578940 92.1
1797778900 39389639636 94.9 21332745488913276 92.1
1797823400 39389646936 94.9 21332755185773436 92.1
1798171000 39389729036 94.9 21332807363648380 92.1
1798228700 39389731136 94.9 21332811662082428 92.1
1798309900 39389731336 94.9 21332811716559228 92.1
1798321500 39389732336 94.9 21332812390680444 92.1
1798412100 39389735136 94.9 21332816634503036 92.1
1798456000 39389747736 94.9 21332843189528444 92.1
1798488200 39389748436 94.9 21332843388184444 92.1
1798569100 39389755136 94.9 21332850298067324 92.1
1798574100 39389756136 94.9 21332851895916924 92.1
1798697100 39389760136 94.9 21332855392239996 92.1
1798752700 39389762636 94.9 21332856341487996 92.1
1798803400 39389763736 94.9 21332858329686396 92.1
1798909400 39389764836 94.9 21332859722326396 92.1
1798954400 39389769336 94.9 21332863694736508 92.1
1799080100 39389780536 94.9 21332872629910652 92.1
1799111200 39389780636 94.9 21332872857033852 92.1
1799176500 39389784836 94.9 21332874683030652 92.1
1799401200 39389785936 94.9 21332876623778940 92.1
1799407400 39389788836 94.9 21332880190985340 92.1
1799416100 39389789336 94.9 21332880584610940 92.1
1799473300 39389791036 94.9 21332881022185852 92.1
1799513200 39389824936 94.9 21332967801000316 92.1
1799523800 39389825336 94.9 21332967818817916 92.1
1799661900 39389828336 94.9 21332971956552060 92.1
1799820400 39389828536 94.9 21332972520980860 92.1
1799846000 39389839636 94.9 21333000476678524 92.1
1800006000 39389839736 94.9 21333000481798524 92.1
1800011000 39389839836 94.9 21333000508627324 92.1
1800032000 39389858636 94.9 21333039286200700 92.1
1800105600 39390763636 94.9 21333621078698364 92.1
1800181500 39390765336 94.9 21333622828600060 92.1
1800220400 39390807836 94.9 21333628883028732 92.1
1800362600 39391114736 94.9 21333997922700028 92.1
1800411000 39391118436 94.9 21334002802416380 92.1
1800482900 39391119536 94.9 21334004239868028 92.1
1800533500 39391119636 94.9 21334004249698428 92.1
1800612900 39391120836 94.9 21334004736612220 92.1
1800677300 39391153036 94.9 21334019955095420 92.1
1800725500 39391156936 94.9 21334023413962620 92.1
1800804600 39391157336 94.9 21334024426493820 92.1
1800865500 39391161936 94.9 21334030764234620 92.1
1801143900 39391166236 94.9 21334033422948220 92.1
1801164700 39391173136 94.9 21334044405553020 92.1
1801222100 39391175736 94.9 21334049907253628 92.1
1801252400 39391175836 94.9 21334049912373628 92.1
1801505200 39391175936 94.9 21334050017970628 92.1
1801559600 39391176836 94.9 21334050146789828 92.1
1801656000 39391176936 94.9 21334050151909828 92.1
1801668100 39391189536 94.9 21334055358155204 92.1
1801680700 39391189636 94.9 21334055366347204 92.1
1801811000 39391190036 94.9 21334055585784612 92.1
1801818500 39391190936 94.9 21334055682450212 92.1
1801832500 39391197036 94.9 21334060040429348 92.1
1801947300 39391198236 94.9 21334061430512164 92.1
1801994200 39391692736 94.9 21335855567903268 92.1
1802053400 39391694436 94.9 21335857079909412 92.1
1802117600 39391695736 94.9 21335859378698020 92.1
1802151500 39391699336 94.9 21335863125718820 92.1
1802281500 39391710136 94.9 21335865152498340 92.1
1802300800 39391712936 94.9 21335865958189412 92.1
1802365800 39391721936 94.9 21335877909900644 92.1
1802367000 39391726036 94.9 21335882487795044 92.1
1802416800 39391733736 94.9 21335889337426276 92.1
1802554200 39391737036 94.9 21335893052856164 92.1
1802688600 39391737436 94.9 21335893412894564 92.1
1802724500 39391738636 94.9 21335894593966180 92.1
1802874700 39391739236 94.9 21335895131558116 92.1
1802878600 39391739336 94.9 21335895148351716 92.1
1803034100 39391741136 94.9 21335898365819876 92.1
1803058900 39391741936 94.9 21335899924372708 92.1
1803250600 39391742136 94.9 21335900135563108 92.1
1803307800 39391744936 94.9 21335903111923556 92.1
1803354900 39391745036 94.9 21335903216371556 92.1
1803372300 39391761136 94.9 21335913991360356 92.1
1803476300 39391761336 94.9 21335914202546948 92.1
1803513100 39391764036 94.9 21335922152519940 92.1
1803593100 39391764336 94.9 21335922262292740 92.1
1803594200 39391778036 94.9 21335932267273476 92.1
1803813700 39391778336 94.9 21335932662947076 92.1
1803892500 39391779436 94.9 21335932800572676 92.1
1803981000 39391779536 94.9 21335932906170876 92.1
1804058400 39391782936 94.9 21335936471534076 92.1
1804078200 39391786736 94.9 21335939488138748 92.1
1804137800 39391866536 94.9 21336149707212284 92.1
1804181700 39391866836 94.9 21336150296130556 92.1
1804221600 39391896636 94.9 21336189446886396 92.1
1804369800 39391898136 94.9 21336190015001596 92.1
1804680800 39391923336 94.9 21336211122861052 92.1
1804728400 39391923636 94.9 21336211566253052 92.1
1804816600 39391932336 94.9 21336220542703612 92.1
1804847700 39391936736 94.9 21336221513103740 92.1
1804953300 39391938236 94.9 21336223160036988 92.1
1805013700 39391938736 94.9 21336223932397052 92.1
1805231800 39391939936 94.9 21336225476384252 92.1
1805273800 39391940236 94.9 21336225491744252 92.1
1805330400 39391949036 94.9 21336236264063484 92.1
1805540600 39391949636 94.9 21336237153210108 92.1
1805591400 39391950736 94.9 21336238284525308 92.1
1805816500 39391953936 94.9 21336240518893308 92.1
1805869700 39391962236 94.9 21336257013029628 92.1
1806129000 39391962836 94.9 21336257963831548 92.1
1806170500 39391970236 94.9 21336266145786108 92.1
1806202400 39391971236 94.9 21336268148335356 92.1
1806395600 39391974136 94.9 21336271840033276 92.1
1806421700 39391974636 94.9 21336272019028476 92.1
1806465000 39391983736 94.9 21336283135982076 92.1
1806540400 39391985536 94.9 21336295493174780 92.1
1806721100 39391999636 94.9 21336311713430012 92.1
1806722500 39392000036 94.9 21336311902460412 92.1
1806796800 39392000236 94.9 21336312226044412 92.1
1806812000 39392003936 94.9 21336315664562172 92.1
1806891900 39392004036 94.9 21336315679512572 92.1
1806940700 39392009936 94.9 21336320392370172 92.1
1807107600 39392010236 94.9 21336320700594172 92.1
1807252900 39392010836 94.9 21336322331916668 92.1
1807322700 39392014436 94.9 21336327140211068 92.1
1807403300 39392014536 94.9 21336327147379068 92.1
1807448000 39392015236 94.9 21336327854348668 92.1
1807502100 39392016736 94.9 21336329340172668 92.1
1807617600 39392017636 94.9 21336330312652668 92.1
1807630900 39392018736 94.9 21336331285592380 92.1
1807672800 39392040536 94.9 21336347595436348 92.1
1807708600 39392041136 94.9 21336347743711548 92.1
1807709600 39392053436 94.9 21336360216116540 92.1
1807714200 39392053936 94.9 21336361486946492 92.1
1807755900 39392061836 94.9 21336372694550716 92.1
1807972700 39392064036 94.9 21336379621910716 92.1
1808006900 39392071836 94.9 21336387661949116 92.1
1808084000 39392081336 94.9 21336427525183676 92.1
1808335700 39392082136 94.9 21336428620044476 92.1
1808426900 39392085636 94.9 21336436433171644 92.1
1808429500 39392086236 94.9 21336437583738044 92.1
1808500100 39392086736 94.9 21336437893805244 92.1
1808599800 39392122436 94.9 21336580789384380 92.1
1808624300 39392124536 94.9 21336582737237180 92.1
1808631700 39392129836 94.9 21336586575869372 92.1
1808796500 39392140636 94.9 21336595203069372 92.1
1808865800 39392144936 94.9 21336599003092668 92.1
1808876300 39392157036 94.9 21336615962171068 92.1
1808957300 39392171836 94.9 21336636534347452 92.1
1808968200 39392173336 94.9 21336637652965052 92.1
1808988900 39392175936 94.9 21336641846627516 92.1
1809006200 39392179936 94.9 21336642540694716 92.1
1809047600 39392180036 94.9 21336642646288812 92.1
1809130300 39392189736 94.9 21336647824136620 92.1
1809164900 39392192336 94.9 21336651331746220 92.1
1809173100 39392192436 94.9 21336651437339820 92.1
1809224400 39392192836 94.9 21336651804709932 92.1
1809247100 39392193236 94.9 21336652544777644 92.1
1809344700 39392194236 94.9 21336652655369644 92.1
1809413600 39392372936 94.9 21336864702930348 92.1
1809436400 39392376936 94.9 21336870070282668 92.1
1809528100 39392381036 94.9 21336874261745836 92.1
1809537400 39392383136 94.9 21336876855947436 92.1
1809615000 39392383436 94.9 21336876861477036 92.1
1809628900 39392383536 94.9 21336877190385836 92.1
1809653200 39392384036 94.9 21336877662859436 92.1
1809675100 39392384236 94.9 21336877811953836 92.1
1809688300 39392384736 94.9 21336878036414636 92.1
1809738600 39392387436 94.9 21336879427630892 92.1
1809776300 39392388036 94.9 21336879601096492 92.1
1809790500 39392392136 94.9 21336886752917292 92.1
1809839900 39392392836 94.9 21336887492075116 92.1
1809855400 39392393236 94.9 21336888323972716 92.1
1809878600 39392737436 94.9 21337111701757548 92.1
1809950100 39392738336 94.9 21337112510103148 92.1
1810001600 39392744836 94.9 21337115937413228 92.1
1810010700 39392745536 94.9 21337117592972652 92.1
1810086700 39392745636 94.9 21337117698574852 92.1
1810131500 39392747936 94.9 21337120437365252 92.1
1810151000 39392752636 94.9 21337126109852164 92.1
1810235800 39392761236 94.9 21337129812901892 92.1
1810269800 39392764236 94.9 21337134723186692 92.1
1810378400 39392764336 94.9 21337134728306692 92.1
1810405900 39392766936 94.9 21337139034552324 92.1
1810489600 39392771536 94.9 21337145236510724 92.1
1810563600 39392775936 94.9 21337149619845124 92.1
1810640800 39393024836 94.9 21337326772434948 92.1
1810717400 39393025736 94.9 21337328506476548 92.1
1810810500 39393032736 94.9 21337335407622148 92.1
1810873600 39393037836 94.9 21337336442476548 92.1
1810903700 39393042936 94.9 21337340227999748 92.1
1810953600 39393043336 94.9 21337340296380852 92.1
1810970300 39393050836 94.9 21337346877219252 92.1
1810971800 39393055436 94.9 21337352996233652 92.1
1811062400 39393058736 94.9 21337357730579380 92.1
1811069400 39393065636 94.9 21337363767264180 92.1
1811110800 39393066136 94.9 21337363825632180 92.1
1811125700 39393066236 94.9 21337363834233780 92.1
1811155900 39393067336 94.9 21337364716511284 92.1
1811160100 39393078336 94.9 21337374675465268 92.1
1811266000 39393082036 94.9 21337378599897140 92.1
1811363200 39393082536 94.9 21337378709260340 92.1
1811366800 39393083636 94.9 21337379381823540 92.1
1811393400 39393085236 94.9 21337379502245940 92.1
1811404400 39393085336 94.9 21337379510847540 92.1
1811406000 39393089736 94.9 21337385122572340 92.1
1811486100 39393122136 94.9 21337405796753460 92.1
1811565000 39393122636 94.9 21337405822763060 92.1
1811681400 39393126036 94.9 21337407419749812 92.1
1811696900 39393127336 94.9 21337409095044916 92.1
1811720500 39393133336 94.9 21337412178513716 92.1
1811726500 39393134036 94.9 21337413706837044 92.1
1811733900 39393239836 94.9 21337485167529012 92.1
1811858000 39393252136 94.9 21337501347329076 92.1
1811928100 39393254736 94.9 21337501831479764 92.1
1811959100 39393257336 94.9 21337502225924564 92.1
1812041400 39393258436 94.9 21337504141418964 92.1
1812125700 39393268736 94.9 21337514666910164 92.1
1812158900 39393275536 94.9 21337518047452372 92.1
1812183500 39393275736 94.9 21337518083701972 92.1
1812383700 39393275836 94.9 21337518088821972 92.1
1812413000 39393278636 94.9 21337523458101460 92.1
1812416000 39393280536 94.9 21337525476390996 92.1
1812633100 39393293436 94.9 21337555678898260 92.1
1812651900 39393293836 94.9 21337555939813460 92.1
1812729900 39393294436 94.9 21337556572645460 92.1
1812784700 39393296636 94.9 21337557589477460 92.1
1812829500 39393307336 94.9 21337571567841364 92.1
1812939500 39393307736 94.9 21337571672903764 92.1
1812976700 39393308536 94.9 21337572019063156 92.1
1813118800 39393308636 94.9 21337572124657356 92.1
1813124600 39393308736 94.9 21337572164183756 92.1
1813152000 39393317636 94.9 21337575533207500 92.1
1813169700 39393329036 94.9 21337584849354700 92.1
1813303600 39393329436 94.9 21337586315547596 92.1
1813351900 39393329736 94.9 21337586446619596 92.1
1813361000 39393329836 94.9 21337586451944396 92.1
1813434100 39393332336 94.9 21337594483072972 92.1
1813450200 39393332736 94.9 21337595048497100 92.1
1813633200 39393347336 94.9 21337608625980364 92.1
1813711900 39393347936 94.9 21337609243343244 92.1
1813723900 39393364336 94.9 21337627239453068 92.1
1813746200 39393366536 94.9 21337630087994252 92.1
1813886900 39393366836 94.9 21337630451207436 92.1
1814055700 39393367736 94.9 21337631183145548 92.1
1814077300 39393367936 94.9 21337631415593548 92.1
1814144800 39393380736 94.9 21337642776852044 92.1
1814177300 39393385836 94.9 21337650469635148 92.1
1814190400 39393386036 94.9 21337650490319948 92.1
1814217800 39393387136 94.9 21337652110152396 92.1
1814230600 39393390836 94.9 21337658366997196 92.1
1814238700 39393394136 94.9 21337659336929996 92.1
1814257700 39393396936 94.9 21337662515190476 92.1
1814268700 39393397436 94.9 21337662550416076 92.1
1814281800 39393398636 94.9 21337663615811916 92.1
1814477600 39393400036 94.9 21337664274767180 92.1
1814577900 39393404736 94.9 21337674721742156 92.1
1814667300 39393410336 94.9 21337678858625612 92.1
1814795900 39393415636 94.9 21337686011060812 92.1
1814810600 39393416236 94.9 21337686649695436 92.1
1814849100 39393421236 94.9 21337690343080908 92.1
1814856800 39393421836 94.9 21337690535797708 92.1
1815022300 39393424636 94.9 21337692530344908 92.1
1815039300 39393425336 94.9 21337692823208908 92.1
1815073200 39393425536 94.9 21337693350826412 92.1
1815073600 39393425736 94.9 21337693356970412 92.1
1815169300 39393435336 94.9 21337700277162412 92.1
1815211700 39393452636 94.9 21337731872477612 92.1
1815273200 39393453036 94.9 21337732072157612 92.1
1815308100 39393453836 94.9 21337733183596460 92.1
1815337400 39393455636 94.9 21337734958393260 92.1
1815491700 39393495336 94.9 21337758370252716 92.1
1815632500 39393496836 94.9 21337759989729964 92.1
1815635700 39393497436 94.9 21337761686415788 92.1
1815639300 39393497836 94.9 21337762101135788 92.1
1815653400 39393500336 94.9 21337770221962668 92.1
1815664600 39393514936 94.9 21337793174607276 92.1
1815677100 39393515336 94.9 21337793191605676 92.1
1815878000 39393535336 94.9 21337811394518444 92.1
1815909900 39393549136 94.9 21337820395818412 92.1
1815988300 39393550736 94.9 21337822511554988 92.1
1816023200 39393558836 94.9 21337835030967724 92.1
1816028100 39393566036 94.9 21337839126908588 92.1
1816078400 39393566836 94.9 21337839494419084 92.1
1816159600 39393567736 94.9 21337840145478284 92.1
1816441500 39393569136 94.9 21337841340314636 92.1
1816464700 39393581236 94.9 21337857364634636 92.1
1816496600 39393581636 94.9 21337857385729036 92.1
1816560500 39393583336 94.9 21337858711809036 92.1
1816636400 39393589536 94.9 21337864486840332 92.1
1816639100 39393596536 94.9 21337865183979532 92.1
1816642700 39393604636 94.9 21337874141931532 92.1
1816655600 39393605036 94.9 21337875033630732 92.1
1816705300 39393607636 94.9 21337881195858956 92.1
1816765500 39393612336 94.9 21337881554463756 92.1
1816788900 39393613136 94.9 21337881650924556 92.1
1816792100 39393613536 94.9 21337882112209164 92.1
1816835500 39393615936 94.9 21337884867924748 92.1
1816880900 39393649236 94.9 21337919098344204 92.1
1817066800 39393651236 94.9 21337920685339404 92.1
1817261600 39393657236 94.9 21337925972292876 92.1
1817262400 39393657936 94.9 21337926260446476 92.1
1817289600 39393661636 94.9 21337931032491276 92.1
1817321300 39393669436 94.9 21337937655605004 92.1
1817508100 39393670236 94.9 21337937913857804 92.1
1817515800 39393670536 94.9 21337937932699404 92.1
1817588400 39393677536 94.9 21337938649080716 92.1
1817777500 39393685036 94.9 21337939400644492 92.1
1817792300 39393686036 94.9 21337940158689804 92.1
1817796900 39393686436 94.9 21337940311470604 92.1
1817890200 39396564936 94.9 21338785748939276 92.1
1817920400 39396565936 94.9 21338787029300748 92.1
1817923000 39396575036 94.9 21338799412123148 92.1
1817993800 39396578336 94.9 21338802815694348 92.1
1817995200 39396579436 94.9 21338804847687436 92.1
1818130500 39396580136 94.9 21338805478471436 92.1
1818146500 39397015736 94.9 21339657470195468 92.1
1818241300 39397019736 94.9 21339660750681868 92.1
1818254900 39397024736 94.9 21339665151805708 92.1
1818276500 39397025336 94.9 21339665481943308 92.1
1818318600 39397028536 94.9 21339667946592524 92.1
1818358600 39397028836 94.9 21339667961952524 92.1
1818386800 39397029036 94.9 21339668077459724 92.1
1818516800 39397031136 94.9 21339675031900428 92.1
1818535800 39397033036 94.9 21339675890898444 92.1
1818537200 39397061736 94.9 21339692043927052 92.1
1818583200 39397062436 94.9 21339692361571852 92.1
1818607100 39397062536 94.9 21339692366691852 92.1
1818671000 39397062936 94.9 21339692400074252 92.1
1818857700 39397063436 94.9 21339693190148556 92.1
1818880300 39397068036 94.9 21339701694852556 92.1
1818893400 39397069036 94.9 21339702977896908 92.1
1818903200 39397069236 94.9 21339703084188108 92.1
1819025800 39397071036 94.9 21339704575541708 92.1
1819046700 39397071436 94.9 21339704707228108 92.1
1819062300 39397071836 94.9 21339705129613324 92.1
1819114500 39397077836 94.9 21339705890626060 92.1
1819288600 39397078136 94.9 21339705909467660 92.1
1819301800 39397078536 94.9 21339705928514060 92.1
1819335600 39397082636 94.9 21339709981096460 92.1
1819349600 39397246136 94.9 21340012517882380 92.1
1819429200 39397253236 94.9 21340016629321228 92.2
1819466300 39397307736 94.9 21340060435029516 92.2
1819566000 39397307836 94.9 21340061082607116 92.2
1819709100 39397315336 94.9 21340066209893900 92.2
1819798100 39397315936 94.9 21340066498866700 92.2
1819817500 39397316036 94.9 21340066604468300 92.2
1819909500 39397316636 94.9 21340067451512588 92.2
1820041900 39397317236 94.9 21340067603064588 92.2
1820069800 39397320336 94.9 21340073030760204 92.2
1820094500 39397323536 94.9 21340076427982604 92.2
1820123500 39397323736 94.9 21340076520347404 92.2
1820128700 39397324036 94.9 21340076530997004 92.2
1820174900 39397334036 94.9 21340082007820044 92.2
1820192200 39397335036 94.9 21340083293218444 92.2
1820339600 39397341036 94.9 21340091020527244 92.2
1820367600 39397341136 94.9 21340091534370444 92.2
1820369300 39397345136 94.9 21340092863003404 92.2
1820378400 39397345536 94.9 21340092954139404 92.2
1820423400 39397391936 94.9 21340176492559116 92.2
1820437300 39397408236 94.9 21340189558983436 92.2
1820442200 39397408936 94.9 21340190452730636 92.2
1820457800 39397418636 94.9 21340197823147788 92.2
1820577000 39397418936 94.9 21340197838507788 92.2
1820589600 39397420536 94.9 21340200098680588 92.2
1820630000 39397421336 94.9 21340200862998092 92.2
1820732900 39397421436 94.9 21340200868118092 92.2
1821039200 39397444936 94.9 21340232234559052 92.2
1821078500 39397447036 94.9 21340232836056652 92.2
1821141900 39397451536 94.9 21340233341503052 92.2
1821368700 39397458736 94.9 21340245073892940 92.2
1821513900 39397459536 94.9 21340245813532940 92.2
1821537900 39397465236 94.9 21340252914818316 92.2
1821626000 39397478336 94.9 21340266642105612 92.2
1821630900 39397482536 94.9 21340271295980812 92.2
1821715700 39397483436 94.9 21340271469241612 92.2
1821725100 39397486136 94.9 21340275480249612 92.2
1821882700 39397490836 94.9 21340277185758476 92.2
1821986700 39398132636 94.9 21340986055902476 92.2
1822095000 39398132936 94.9 21340986432857068 92.2
1822246800 39398134336 94.9 21340987853759468 92.2
1822323300 39398135536 94.9 21340988433598956 92.2
1822333900 39398140436 94.9 21340991799486956 92.2
1822356400 39398147736 94.9 21341006078385644 92.2
1822466100 39398148636 94.9 21341007124504044 92.2
1822616400 39398149436 94.9 21341008102943724 92.2
1822663700 39398152136 94.9 21341008883436524 92.2
1822742200 39398152536 94.9 21341009209478124 92.2
1822875800 39398153336 94.9 21341009623378924 92.2
1822932700 39398153436 94.9 21341009701817324 92.2
1823298100 39398156136 94.9 21341012836282604 92.2
1823315500 39398157136 94.9 21341015785812204 92.2
1823689100 39398158136 94.9 21341015952519404 92.2
1823944100 39398160036 94.9 21341017541191020 92.2
1823985800 39398586036 94.9 21341059272324460 92.2
1824004400 39398586336 94.9 21341059589358156 92.2
1824027000 39398589236 94.9 21341063203742540 92.2
1824145100 39398589536 94.9 21341063219716940 92.2
1824176900 39398589636 94.9 21341063325311644 92.2
1824212900 39398589936 94.9 21341063637257436 92.2
1824221400 39398590136 94.9 21341063853416828 92.2
1824222200 39398592736 94.9 21341064676712828 92.2
1824245700 39398593436 94.9 21341066127815292 92.2
1824296800 39398594336 94.9 21341068648296572 92.2
1824353500 39398595136 94.9 21341068849130876 92.2
1824357400 39398595536 94.9 21341068869610876 92.2
1824423700 39398618936 94.9 21341093471948156 92.2
1824426800 39398619336 94.9 21341093773399964 92.2
1824485000 39398648536 94.9 21341128420435868 92.2
1824672900 39398648636 94.9 21341128868333468 92.2
1824674600 39398648936 94.9 21341129012022076 92.2
1824735500 39398651936 94.9 21341130634652476 92.2
1824803300 39398658036 94.9 21341132952074556 92.2
1824830500 39398663536 94.9 21341136684815164 92.2
1824858400 39398664436 94.9 21341137240027964 92.2
1824964100 39398665736 94.9 21341139347315516 92.2
1825000200 39398671136 94.9 21341144573262140 92.2
1825017000 39398681736 94.9 21341152901691196 92.2
1825023400 39398681836 94.9 21341152901895996 92.2
1825353500 39398684036 94.9 21341153347950396 92.2
1825384900 39398685236 94.9 21341153851553596 92.2
1825417200 39398685436 94.9 21341153865070396 92.2
1825500100 39398687436 94.9 21341155375472060 92.2
1825624100 39398695736 94.9 21341166710201788 92.2
1825703600 39398696836 94.9 21341167221753180 92.2
1825831600 39398697536 94.9 21341167549637980 92.2
1825905800 39398697836 94.9 21341167556396380 92.2
1826086400 39398698336 94.9 21341167674361180 92.2
1826179700 39398702936 94.9 21341171797394780 92.2
1826184900 39399054736 94.9 21342430481548636 92.2
1826264500 39399055336 94.9 21342430985683644 92.2
1826311700 39399056136 94.9 21342431750611644 92.2
1826457400 39399065936 94.9 21342442015187644 92.2
1826464900 39399078736 94.9 21342448643949244 92.2
1826485900 39399085336 94.9 21342456158269116 92.2
1826493800 39399093536 94.9 21342477220515516 92.2
1826548900 39399097636 94.9 21342481711942332 92.2
1826743500 39399098336 94.9 21342481947871932 92.2
1826966000 39399100136 94.9 21342484031638716 92.2
1826993400 39399101836 94.9 21342486192073916 92.2
1827001500 39399103636 94.9 21342488905893820 92.2
1827045600 39399177136 94.9 21342581550041020 92.2
1827080400 39399177836 94.9 21342581717362620 92.2
1827098500 39399178636 94.9 21342581860313020 92.2
1827194700 39399181336 94.9 21342584152807612 92.2
1827232800 39399206836 94.9 21342601364134076 92.2
1827468000 39399206936 94.9 21342601469728676 92.2
1827493100 39399207336 94.9 21342601557587876 92.2
1827520500 39399219836 94.9 21342607246602148 92.2
1827561000 39399220636 94.9 21342607670333348 92.2
1828102700 39399222636 94.9 21342611074109348 92.2
1828428400 39399222936 94.9 21342611318845348 92.2
1828723000 39399224336 94.9 21342612336175460 92.2
1828812600 39399226236 94.9 21342613944212836 92.2
1828859500 39399226836 94.9 21342614921836964 92.2
1828949200 39399227436 94.9 21342614936377764 92.2
1829125000 39399301536 94.9 21342683847702948 92.2
1829256700 39399304736 94.9 21342687347852196 92.2
1829338700 39399305736 94.9 21342687892620196 92.2
1829799000 39399315236 94.9 21342701892214692 92.2
1829872000 39399319336 94.9 21342707387517348 92.2
1829891800 39399366536 94.9 21342740554150308 92.2
1829976400 39399366836 94.9 21342740802572708 92.2
1830042300 39399369836 94.9 21342743073083812 92.2
1830090800 39399370736 94.9 21342745089559972 92.2
1830105600 39399376536 94.9 21342749393794468 92.2
1830114800 39399383936 94.9 21342753466059684 92.2
1830304700 39399390236 94.9 21342765067446180 92.2
1830368800 39399391136 94.9 21342765947267876 92.2
1830610500 39399391236 94.9 21342766052855676 92.2
1830624900 39399392236 94.9 21342766521156796 92.2
1830655600 39399403936 94.9 21342768511812796 92.2
1830694500 39399692536 94.9 21343379349275836 92.2
1830797800 39399694036 94.9 21343393689986236 92.2
1830841500 39399703236 94.9 21343405428231356 92.2
1831079800 39399703336 94.9 21343405431098556 92.2
1831217500 39399705736 94.9 21343408869480124 92.2
1831361200 39399708036 94.9 21343411855863740 92.2
1831502000 39399711836 94.9 21343414075076540 92.2
1831554700 39399733436 94.9 21343448412098492 92.2
1831760900 39399742836 94.9 21343460562769852 92.2
1832006200 39399744336 94.9 21343461685164476 92.2
1832117300 39399755236 94.9 21343474686247356 92.2
1832375800 39399755536 94.9 21343474720039356 92.2
1832448900 39399757436 94.9 21343475594535356 92.2
1832618500 39399759036 94.9 21343477271232956 92.2
1832775900 39399759636 94.9 21343477305024956 92.2
1832904700 39399762636 94.9 21343478539149756 92.2
1832920600 39399763236 94.9 21343479000359356 92.2
1832979100 39399774636 94.9 21343491216185788 92.2
1833003400 39399775036 94.9 21343491271481788 92.2
1833198200 39399776736 94.9 21343493151420476 92.2
1833678600 39399777436 94.9 21343493197910076 92.2
1834458200 39400245536 94.9 21343904232722492 92.2
1834574200 39400251836 94.9 21343909270416444 92.2
1834645900 39400253436 94.9 21343911910288444 92.2
1834965600 39400253536 94.9 21343912015881844 92.2
1835112200 39400253636 94.9 21343912437903636 92.2
1835287500 39400254036 94.9 21343912502415636 92.2
1835404700 39400275736 94.9 21343939548713236 92.2
1836476800 39400276136 94.9 21343939696988436 92.2
1836496000 39400278636 94.9 21343941570908436 92.2
1836723900 39400280736 94.9 21343944292104468 92.2
1836950000 39400283836 94.9 21343946815626260 92.2
1836980900 39400284436 94.9 21343946856791060 92.2
1836990800 39400285036 94.9 21343947112812164 92.2
1837005400 39400286036 94.9 21343948191893764 92.2
1837031500 39400286836 94.9 21343948601493764 92.2
1837072100 39400295336 94.9 21343955744712964 92.2
1837746700 39400360836 94.9 21344145333856516 92.2
1837880200 39400368536 94.9 21344152653075204 92.2
1838441900 39400380036 94.9 21344157489102084 92.2
1838624100 39400380636 94.9 21344158930074884 92.2
1838700200 39400382636 94.9 21344160546151684 92.2
1838787100 39403350436 94.9 21345075178102020 92.2
1838926300 39403350636 94.9 21345075179740420 92.2
1839456500 39403352336 94.9 21345075348290820 92.2
1839559100 39403439036 94.9 21345168202562820 92.2
1839571100 39403441236 94.9 21345170718121220 92.2
1840013100 39403442936 94.9 21345171035356420 92.2
1840247800 39403453236 94.9 21345175473833220 92.2
1840577600 39403454936 94.9 21345176396424452 92.2
1840751000 39403496136 94.9 21345196550178052 92.2
1840891700 39403498436 94.9 21345197086139652 92.2
1841143000 39403546836 94.9 21345245030843652 92.2
1841713300 39403548836 94.9 21345247277136900 92.2
1841748700 39403549236 94.9 21345247660317700 92.2
1841750400 39403549636 94.9 21345247824772100 92.2
1841763800 39403550936 94.9 21345249604797700 92.2
1842285400 39403552936 94.9 21345250862382852 92.2
1842698200 39403553236 94.9 21345250869550852 92.2
1842803800 39403555636 94.9 21345252240880388 92.2
1842819200 39403556336 94.9 21345254443708164 92.2
1842975900 39403556436 94.9 21345254448828164 92.2
1843144400 39403560036 94.9 21345261078079748 92.2
1843354500 39403560336 94.9 21345261168806148 92.2
1843590500 39403564636 94.9 21345268531618564 92.2
1843626800 39403565036 94.9 21345269044220964 92.2
1843837900 39403566036 94.9 21345270823931940 92.2
1844192900 39403606236 94.9 21345279144930852 92.2
1844394700 39403606636 94.9 21345279209669152 92.2
1844427500 39403606736 94.9 21345279315260848 92.2
1845133400 39403612636 94.9 21345287334272432 92.2
1845193700 39403648436 94.9 21345427207396784 92.2
1845617500 39403649236 94.9 21345428079515312 92.2
1845692800 39403666736 94.9 21345454459055792 92.2
1845741100 39404588836 94.9 21346036527197872 92.2
1845864800 39404590536 94.9 21346038258559664 92.2
1845896800 39404590936 94.9 21346038279039664 92.2
1845925100 39404594336 94.9 21346042913695408 92.2
1846354800 39404594736 94.9 21346045647570608 92.2
1846379500 39404597436 94.9 21346049372882608 92.2
1846558500 39405359536 94.9 21346926993049264 92.2
1846711200 39405367936 94.9 21346940248774320 92.2
1846714700 39405368236 94.9 21346940465076720 92.2
1847159400 39405368536 94.9 21346940785793520 92.2
1847344600 39405375436 94.9 21346952175335920 92.2
1847430500 39405381636 94.9 21346958641209840 92.2
1847591500 39405381736 94.9 21346958681760240 92.2
1847595700 39405435236 94.9 21347071254569456 92.2
1847921500 39405446336 94.9 21347109494387184 92.2
1848046400 39405451336 94.9 21347113411128304 92.2
1848357000 39405455036 94.9 21347114999147504 92.2
1848437300 39405457336 94.9 21347122906761712 92.2
1848570700 39405457636 94.9 21347122978032112 92.2
1848876300 39405459436 94.9 21347130407290352 92.2
1848981700 39405490336 94.9 21347159652320752 92.2
1849068800 39405490736 94.9 21347159815955952 92.2
1849111700 39405490936 94.9 21347159818003952 92.2
1849178300 39405664236 94.9 21347498442974704 92.2
1849274800 39405664336 94.9 21347498457720304 92.2
1849415900 39405673136 94.9 21347502255531504 92.2
1849888800 39405674436 94.9 21347503550072304 92.2
1849960200 39405675636 94.9 21347504869470448 92.2
1850247000 39405681036 94.9 21347513261764848 92.2
1850353700 39405681436 94.9 21347513316241648 92.2
1850568300 39405735936 94.9 21347527183664368 92.2
1850694600 39405736136 94.9 21347527329277168 92.2
1850778500 39405993636 94.9 21347553924195568 92.2
1850934600 39405993836 94.9 21347554104624368 92.2
1851013300 39405994336 94.9 21347554176713968 92.2
1851322300 39406000636 94.9 21347559154003184 92.2
1851561500 39406000836 94.9 21347559204998384 92.2
1851675500 39406001436 94.9 21347559637535984 92.2
1851777100 39406006836 94.9 21347561189910256 92.2
1852298300 39406007036 94.9 21347561195439856 92.2
1852860200 39406010136 94.9 21347563764951536 92.2
1852950900 39406083336 94.9 21347741301385712 92.2
1853102300 39406087836 94.9 21347748389275632 92.2
1853342400 39406091436 94.9 21347751269801200 92.2
1853399700 39406092436 94.9 21347752597082352 92.2
1853410300 39406192436 94.9 21347778868158704 92.2
1853436900 39406227636 94.9 21347807362597104 92.2
1853471900 39406227736 94.9 21347807363006704 92.2
1853540900 39406260736 94.9 21347851525329136 92.2
1853615100 39406267936 94.9 21347860661593328 92.2
1854196700 39406271236 94.9 21347861173883632 92.2
1854482200 39406272536 94.9 21347864768172528 92.2
1854529600 39406278336 94.9 21347867998892528 92.2
1854975300 39406278836 94.9 21347868490208336 92.2
1855159500 39406279736 94.9 21347868565936832 92.2
1855443600 39406283936 94.9 21347873678973632 92.2
1855574400 39406702836 94.9 21348168386501312 92.2
1855767200 39406705536 94.9 21348170940906688 92.2
1856286700 39406707236 94.9 21348173413833920 92.2
1856308400 39406708336 94.9 21348175056125120 92.2
1856554300 39406709136 94.9 21348175268297920 92.2
1856590400 39406714336 94.9 21348189371024576 92.2
1856643000 39406717536 94.9 21348192628755392 92.2
1856673000 39406725836 94.9 21348202421452736 92.2
1856763800 39406726136 94.9 21348203528560192 92.2
1857236600 39406737036 94.9 21348213370596928 92.2
1857298000 39406737936 94.9 21348214125080128 92.2
1857302700 39406739736 94.9 21348215804465088 92.2
1857957200 39406740336 94.9 21348216300900288 92.2
1858060700 39406741336 94.9 21348216508977088 92.2
1858077100 39406741636 94.9 21348216556900288 92.2
1858122600 39406742136 94.9 21348216818225088 92.2
1858346200 39406793636 94.9 21348295888924608 92.2
1858433400 39406793736 94.9 21348296146972608 92.2
1858459900 39406794536 94.9 21348296420102400 92.2
1858517100 39406799536 94.9 21348302039609600 92.2
1858564900 39406799936 94.9 21348302399770688 92.2
1858669600 39406800136 94.9 21348302405095488 92.2
1858681900 39406865636 94.9 21348374163124288 92.2
1858688100 39406865836 94.9 21348374216167488 92.2
1858809300 39406870936 94.9 21348379071610432 92.2
1858870300 39406880136 94.9 21348384720570944 92.2
1859128900 39406881736 94.9 21348386153966144 92.2
1859265600 39406881936 94.9 21348386212334144 92.2
1859343200 39406882236 94.9 21348386839063424 92.2
1859385300 39406894036 94.9 21348388019689088 92.2
1859652900 39406907636 94.9 21348412054285952 92.2
1859691700 39406917336 94.9 21348417863609472 92.2
1859827100 39406917936 94.9 21348418164460672 92.2
1859971500 39406924736 94.9 21348422329887872 92.2
1859980200 39406944436 94.9 21348433428957312 92.2
1860033300 39406944636 94.9 21348433942726112 92.2
1860241300 39406944836 94.9 21348434364781504 92.2
1860295800 39406945036 94.9 21348434786833504 92.2
1860409700 39406945436 94.9 21348435624700128 92.2
1860471700 39406945536 94.9 21348435730293928 92.2
1860549500 39406952536 94.9 21348441247196328 92.2
1860570800 39406961936 94.9 21348447908673192 92.2
1860637300 39406962336 94.9 21348451664909992 92.2
1860686400 39406962536 94.9 21348451684570792 92.2
1860692400 39407344036 94.9 21348726123484840 92.2
1860764700 39407345636 94.9 21348727408064552 92.2
1861097700 39407347636 94.9 21348733001357352 92.2
1861204800 39407347836 94.9 21348733031258152 92.2
1861382900 39407348936 94.9 21348733449459752 92.2
1861546900 39407349636 94.9 21348734458304552 92.2
1861724200 39407349836 94.9 21348734687604648 92.2
1861874300 39407351236 94.9 21348736814043048 92.2
1861917500 39407352236 94.9 21348736817115048 92.2
1862076900 39407353536 94.9 21348737698259560 92.2
1862080800 39407353936 94.9 21348738747654760 92.2
1862425700 39407355536 94.9 21348740936373864 92.2
1862518900 39407360036 94.9 21348743893276264 92.2
1862789800 39407363436 94.9 21348750669720168 92.2
1862817200 39407363536 94.9 21348750853425768 92.2
1862909100 39407487336 94.9 21348824389528168 92.2
1862955700 39407504236 94.9 21348828014527848 92.2
1862959500 39407508236 94.9 21348831942281576 92.2
1863076300 39407508636 94.9 21348832364671592 92.2
1863188400 39407509136 94.9 21348832491728192 92.2
1863402000 39407513136 94.9 21348835899330368 92.2
1863591100 39407513836 94.9 21348836189941568 92.2
1863853200 39407515836 94.9 21348838226472768 92.2
1864338500 39407521136 94.9 21348843623985472 92.2
1864522000 39407521236 94.9 21348843729583376 92.2
1864686200 39407925736 94.9 21349191186185488 92.2
1865036400 39407929836 94.9 21349201766622480 92.2
1865258400 39407975636 94.9 21349249132504336 92.2
1865738900 39407986436 94.9 21349276053935376 92.2
1866014500 39407989336 94.9 21349278076416400 92.2
1866353900 39407989636 94.9 21349278115328400 92.2
1867530000 39407998936 94.9 21349288932252048 92.2
1867717000 39407999936 94.9 21349290793719696 92.2
1867806600 39408003136 94.9 21349296564353424 92.2
1867836500 39408008536 94.9 21349315409813904 92.2
1868013000 39408038036 94.9 21349345655368080 92.2
1868061500 39408039136 94.9 21349345915873680 92.2
1868167400 39408039636 94.9 21349346112891280 92.2
1868199100 39408052536 94.9 21349361972808080 92.2
1868665500 39408052636 94.9 21349362183834288 92.2
1868913400 39408062236 94.9 21349367870720688 92.2
1868992600 39408062336 94.9 21349368284211888 92.2
1869268300 39408064036 94.9 21349370387173040 92.2
1869340800 39408065236 94.9 21349370992076720 92.2
1870013700 39408066136 94.9 21349371872921520 92.2
1870981400 39408067436 94.9 21349373165414320 92.2
1870986600 39408148736 95.0 21349497977702320 92.2
1871016400 39408149736 95.0 21349498747545520 92.2
1871017700 39408150536 95.0 21349503194982320 92.2
1871257000 39408151236 95.0 21349503368652720 92.2
1871915000 39408171036 95.0 21349520513163184 92.2
1872079100 39408171936 95.0 21349520733118384 92.2
1872129800 39408172836 95.0 21349521631371184 92.2
1872491700 39408174436 95.0 21349522565955184 92.2
1872849300 39408225536 95.0 21349558936977008 92.2
1873300400 39408225936 95.0 21349559546825584 92.2
1873382200 39408228036 95.0 21349560842799984 92.2
1873548700 39408228236 95.0 21349561092451184 92.2
1873741500 39408228436 95.0 21349561303641392 92.2
1873747700 39408228636 95.0 21349561514824400 92.2
1873783200 39408228736 95.0 21349561519944400 92.2
1873978500 39408234336 95.0 21349569506285776 92.2
1874050200 39408247636 95.0 21349576251560144 92.2
1874819100 39408248236 95.0 21349576541352144 92.2
1875124700 39408249136 95.0 21349577904568528 92.2
1875195000 39408249436 95.0 21349578057554128 92.2
1875600500 39408542936 95.0 21349905766783184 92.2
1875949900 39408543136 95.0 21349905894373584 92.2
1876081500 39408547936 95.0 21349910808959184 92.2
1876173900 39408548336 95.0 21349911366629584 92.2
1876218400 39408555536 95.0 21349918382258384 92.2
1876353600 39408557236 95.0 21349919361611984 92.2
1876453400 39408559236 95.0 21349920471423184 92.2
1876600400 39408560436 95.0 21349920559896784 92.2
1876816800 39408561736 95.0 21349922656434384 92.2
1877085100 39408562036 95.0 21349922973218480 92.2
1877557800 39408568636 95.0 21349933342856880 92.2
1877745500 39408569836 95.0 21349935265619760 92.2
1877766200 39408571036 95.0 21349935924666160 92.2
1877887700 39408572236 95.0 21349936828448560 92.2
1877934700 39408972436 95.0 21350734776893232 92.2
1878432600 39408973036 95.0 21350735809494832 92.2
1878485800 39408973636 95.0 21350736094371632 92.2
1878706800 39408975936 95.0 21350737712086832 92.2
1878736100 39408976736 95.0 21350738161622832 92.2
1879005700 39408977936 95.0 21350739232317232 92.2
1879279600 39408981736 95.0 21350742261242416 92.2
1879796400 39408983736 95.0 21350744509332016 92.2
1880012300 39408989736 95.0 21350750535867952 92.2
1880014600 39408996236 95.0 21350752738957872 92.2
1880173700 39409420436 95.0 21352274411477552 92.2
1880211100 39409432236 95.0 21352282331373104 92.2
1880430100 39409435136 95.0 21352284633734704 92.2
1880530200 39409437236 95.0 21352286197382704 92.2
1881374000 39409437336 95.0 21352286224211504 92.2
1881374700 39409437436 95.0 21352286227897904 92.2
1881846700 39409437736 95.0 21352286523164720 92.2
1882366900 39409437836 95.0 21352286642563120 92.2
1882794500 39409438736 95.0 21352288591823664 92.2
1883013900 39409438936 95.0 21352289551438064 92.2
1883072800 39409439136 95.0 21352289565978864 92.2
1883095100 39409439536 95.0 21352289924051856 92.2
1883526000 39409446636 95.0 21352305727165328 92.2
1883638700 39409446736 95.0 21352305832748224 92.2
1883681900 39409447836 95.0 21352308010181824 92.2
1884022200 39409447936 95.0 21352308019602624 92.2
1884266300 39409448836 95.0 21352308745247808 92.2
1884596500 39409448936 95.0 21352308798495808 92.2
1884641300 39409459036 95.0 21352327361457216 92.2
1885185400 39409459636 95.0 21352327379889216 92.2
1885257600 39409460836 95.0 21352328070474816 92.2
1885587000 39409461136 95.0 21352328247012416 92.2
1885708400 39409464136 95.0 21352329118439424 92.2
1885800500 39409464236 95.0 21352329224035224 92.2
1885857900 39409464536 95.0 21352329523043224 92.2
1885907600 39409465336 95.0 21352331314915224 92.2
1886037900 39409473736 95.0 21352336087988120 92.2
1886162800 39409474036 95.0 21352336103348120 92.2
1886248000 39409478136 95.0 21352338692634520 92.2
1886502600 39409481136 95.0 21352341378011800 92.2
1886610900 39409482936 95.0 21352342139458200 92.2
1886839600 39409487336 95.0 21352350937461400 92.2
1887362500 39409488236 95.0 21352351924802200 92.2
1887481400 39409496836 95.0 21352372362396312 92.2
1887681400 39409498436 95.0 21352374562972312 92.2
1888091700 39409498636 95.0 21352374864129720 92.2
1888425100 39409499136 95.0 21352375785282808 92.2
1888845100 39409501836 95.0 21352377811750648 92.2
1888969400 39409513836 95.0 21352389910105848 92.2
1889482500 39409514136 95.0 21352389971545848 92.2
1889665400 39409516336 95.0 21352391343501048 92.2
1889766100 39409519236 95.0 21352393458151928 92.2
1890241200 39409562636 95.0 21352433608004088 92.2
1890639500 39409565036 95.0 21352436358020344 92.2
1890725400 39409569836 95.0 21352444098417912 92.2
1890848600 39409570836 95.0 21352445416853880 92.2
1890955300 39409572336 95.0 21352446008725880 92.2
1891246200 39409576436 95.0 21352451718345080 92.2
1891548300 39409577136 95.0 21352452177097080 92.2
1891786700 39409577736 95.0 21352457656930680 92.2
1891789200 39409578236 95.0 21352458400850488 92.2
1892154300 39409580036 95.0 21352460136325688 92.2
1892428400 39409580236 95.0 21352461014840504 92.2
1892521900 39409581236 95.0 21352461386347704 92.2
1892616200 39409583036 95.0 21352462999557304 92.2
1892820900 39409584936 95.0 21352470997553848 92.2
1892923300 39410059836 95.0 21352770277298872 92.2
1892966900 39410060136 95.0 21352770671629176 92.2
1893114800 39410060636 95.0 21352770850419576 92.2
1893212900 39410062736 95.0 21352771840013176 92.2
1893309000 39410062936 95.0 21352771982349176 92.2
1893352200 39410063136 95.0 21352771992589176 92.2
1893522800 39410087336 95.0 21352818709517176 92.2
1893579300 39410090236 95.0 21352821367891576 92.2
1893669500 39410112436 95.0 21352837336675960 92.2
1893686800 39410134436 95.0 21352850308911736 92.2
1893708900 39410134736 95.0 21352850518831736 92.2
1893748500 39410135736 95.0 21352851095466040 92.2
1893824900 39410139636 95.0 21352855359606840 92.2
1893923300 39410142936 95.0 21352857894621240 92.2
1893931100 39410143336 95.0 21352857910186040 92.2
1894048100 39410148536 95.0 21352860209270840 92.2
1894336500 39410150736 95.0 21352861667033784 92.2
1894458000 39410179636 95.0 21352897970365112 92.2
1894624200 39410184736 95.0 21352903997219512 92.2
1894716900 39410215436 95.0 21352911905759416 92.2
1894767700 39410216036 95.0 21352912610681016 92.2
1894809700 39410219236 95.0 21352913855660216 92.2
1894853100 39410219336 95.0 21352913860780216 92.2
1895050700 39410226536 95.0 21352919647485112 92.2
1895152100 39410230036 95.0 21352923052558264 92.2
1895162400 39410245536 95.0 21352978786543544 92.2
1895250800 39410247636 95.0 21352980212770744 92.2
1895341400 39410250336 95.0 21352983433458872 92.2
1895506800 39410250736 95.0 21352984145308984 92.2
1895869800 39410316436 95.0 21353029134675256 92.2
1895995700 39410337936 95.0 21353065513606456 92.2
1896088900 39410338436 95.0 21353066971761336 92.2
1896270400 39410342836 95.0 21353072513034936 92.2
1896503500 39410343136 95.0 21353072524913336 92.2
1896689700 39410344136 95.0 21353073000915640 92.2
1896844400 39410350736 95.0 21353081005342392 92.2
1896969900 39410351436 95.0 21353081336299192 92.2
1897317100 39410352836 95.0 21353084519283128 92.2
1897406900 39410356036 95.0 21353089288255928 92.2
1897652200 39410373736 95.0 21353114388232632 92.2
1897851000 39410386236 95.0 21353119494539704 92.2
1897864400 39410386636 95.0 21353119568062904 92.2
1898037200 39410388936 95.0 21353120056101304 92.2
1898161900 39410389136 95.0 21353120107096504 92.2
1898242000 39410474436 95.0 21353322988710328 92.2
1898281000 39410478336 95.0 21353326365862328 92.2
1898301500 39410479436 95.0 21353328765094328 92.2
1898324900 39410495636 95.0 21353345235315128 92.2
1898753800 39410497536 95.0 21353347293268408 92.2
1899075800 39410505736 95.0 21353349849172408 92.2
1899103900 39410507436 95.0 21353350902096824 92.2
1899172900 39410519136 95.0 21353369513020344 92.2
1899185500 39410537236 95.0 21353393632111544 92.2
1899354200 39410537336 95.0 21353393737709640 92.2
1899530600 39410571536 95.0 21353402621656136 92.2
1899828800 39410572936 95.0 21353403360984136 92.2
1899915200 39410581036 95.0 21353405526896712 92.2
1900077100 39410581236 95.0 21353405676195912 92.2
1900287200 39410582636 95.0 21353406427811912 92.2
1900452400 39410584936 95.0 21353411211120712 92.2
1900588400 39410586936 95.0 21353412256237256 92.2
1900626100 39410596236 95.0 21353412749190856 92.2
1900765600 39410596736 95.0 21353412778272456 92.2
1900925400 39410608736 95.0 21353424656262856 92.2
1900986200 39410609036 95.0 21353424708486856 92.2
1901351400 39410609836 95.0 21353424959776456 92.2
1901520600 39410609936 95.0 21353424964896456 92.2
1901578700 39410611436 95.0 21353425786849672 92.2
1901700200 39410611736 95.0 21353425832315272 92.2
1901806500 39410612236 95.0 21353426599797448 92.2
1901819600 39410616836 95.0 21353432864310472 92.2
1902041600 39410617036 95.0 21353432924112072 92.2
1902243100 39410624836 95.0 21353442017509576 92.2
1902580800 39410625436 95.0 21353442283784872 92.2
1902605400 39410629636 95.0 21353447101834920 92.2
1902622500 39410640736 95.0 21353450847610536 92.2
1902815800 39410641436 95.0 21353451733642536 92.2
1903174300 39410642136 95.0 21353452529996456 92.2
1903194200 39410650436 95.0 21353468693658280 92.2
1903207800 39410655236 95.0 21353471105178280 92.2
1903261200 39410655636 95.0 21353471121152680 92.2
1903738600 39410681836 95.0 21353492622910120 92.2
1903826800 39410754036 95.0 21353543950381736 92.2
1903884100 39410754136 95.0 21353543955501736 92.2
1903932700 39410754236 95.0 21353544061095432 92.2
1903956500 39410755536 95.0 21353544924941832 92.2
1904105600 39410765036 95.0 21353556640914952 92.2
1904163700 39410770836 95.0 21353560219373320 92.2
1904243400 39410771136 95.0 21353560536142728 92.2
1904272200 39410782136 95.0 21353567716901256 92.2
1904325100 39410782436 95.0 21353567733080456 92.2
1904465600 39410782536 95.0 21353567840805256 92.2
1904486500 39410782636 95.0 21353567846130056 92.2
1904512200 39410783636 95.0 21353568057893256 92.2
1904628800 39410790136 95.0 21353570821464456 92.2
1904705600 39410962236 95.0 21353900969058696 92.2
1904709800 39410962936 95.0 21353901422998216 92.2
1904786900 39410963036 95.0 21353901426070216 92.2
1904914500 39410963736 95.0 21353901887894216 92.2
1904967800 39410966736 95.0 21353902856893832 92.2
1905216200 39410970436 95.0 21353905091796360 92.2
1905347600 39410970736 95.0 21353905266825064 92.2
1905459400 39410972836 95.0 21353907601954664 92.2
1905865400 39410992236 95.0 21353934611894120 92.2
1906232400 39410993336 95.0 21353936886082152 92.2
1906291100 39411021436 95.0 21353998049860200 92.2
1906684800 39411021536 95.0 21353998155455704 92.2
1906715500 39411262636 95.0 21354165653904600 92.2
1906818000 39411279736 95.0 21354184353645784 92.2
1906864600 39411281436 95.0 21354184890016984 92.2
1907233000 39411282136 95.0 21354185545849048 92.2
1907359500 39411350936 95.0 21354260948916440 92.2
1907529500 39411353336 95.0 21354265354701528 92.2
1907565700 39411353636 95.0 21354265365555928 92.2
1907769800 39411393136 95.0 21354274742399704 92.2
1907804500 39413985036 95.0 21355033967194840 92.2
1907814000 39413989936 95.0 21355040196596440 92.2
1907818600 39413990136 95.0 21355040280974040 92.2
1907839700 39413995236 95.0 21355042528399576 92.2
1907846700 39414025236 95.0 21355085687337176 92.2
1908051600 39414025936 95.0 21355086705397976 92.2
1908073300 39414026736 95.0 21355087124623576 92.2
1908394500 39414027936 95.0 21355088687691224 92.2
1908510500 39414028836 95.0 21355088907236824 92.2
1908595600 39414029736 95.0 21355090115556824 92.2
1908630400 39414030536 95.0 21355090471908824 92.2
1908976800 39414031036 95.0 21355091736734680 92.2
1909017200 39414368436 95.0 21355129251843032 92.2
1909168900 39414368636 95.0 21355129331100632 92.2
1909183200 39414368836 95.0 21355129441792536 92.2
1909223000 39414370536 95.0 21355131340173976 92.2
1909244400 39414370936 95.0 21355131440436072 92.2
1909247300 39414371536 95.0 21355131496346472 92.2
1909440900 39414387036 95.0 21355147097396072 92.2
1909441900 39414387136 95.0 21355147121357672 92.2
1909457700 39414395836 95.0 21355150820250472 92.2
1909609400 39414398636 95.0 21355153064644200 92.2
1909615500 39414398936 95.0 21355153084100200 92.2
1909707500 39414400536 95.0 21355154249002600 92.2
1909733300 39414401636 95.0 21355154559274600 92.2
1909790200 39414401736 95.0 21355154638532200 92.2
1909803600 39414403936 95.0 21355155730043240 92.2
1909808400 39414404236 95.0 21355155745403240 92.2
1909841400 39414405336 95.0 21355156392980840 92.2
1909909100 39414405536 95.0 21355156406702440 92.2
1909975400 39414407236 95.0 21355156625428840 92.2
1910510700 39414411936 95.0 21355157454868840 92.2
1910570300 39414412136 95.0 21355157610721640 92.2
1911008000 39414412736 95.0 21355158619566440 92.2
1911085400 39414413236 95.0 21355158700462440 92.2
1911186100 39414414136 95.0 21355158975968040 92.2
1911275200 39414414336 95.0 21355159187193640 92.2
1911282000 39414415136 95.0 21355159422508840 92.2
1911402800 39414415436 95.0 21355159474323240 92.2
1911582500 39414481136 95.0 21355228084793128 92.2
1911737300 39414483236 95.0 21355229352709928 92.2
1911800800 39414483436 95.0 21355229362949928 92.2
1911874900 39414486436 95.0 21355232559263528 92.2
1911973300 39414487036 95.0 21355232816697128 92.2
1912206400 39414487136 95.0 21355232891449128 92.2
1912393100 39414487236 95.0 21355233106079528 92.2
1912397700 39414488336 95.0 21355234404489000 92.2
1912439600 39414488436 95.0 21355234441557800 92.2
1912463600 39414488636 95.0 21355235166876200 92.2
1912553700 39414490036 95.0 21355237495686184 92.2
1912661100 39414490536 95.0 21355238323692584 92.2
1912722300 39414493036 95.0 21355240892004392 92.2
1912791500 39414493836 95.0 21355241903010984 92.2
1912844000 39414494136 95.0 21355242060502184 92.2
1913071000 39414494636 95.0 21355242465186984 92.2
1913087000 39414494936 95.0 21355242511266984 92.2
1913211400 39414497336 95.0 21355243888137384 92.2
1913373400 39414498336 95.0 21355244768777384 92.2
1913405700 39414500836 95.0 21355250193488040 92.2
1913424800 39414501236 95.0 21355250374326440 92.2
1913491000 39414515836 95.0 21355264526944424 92.2
1913502500 39414531336 95.0 21355275505088680 92.2
1913544400 39414537136 95.0 21355276875405480 92.2
1913569800 39414538736 95.0 21355277642995880 92.2
1913596100 39414545436 95.0 21355288373491880 92.2
1913715700 39414545836 95.0 21355288419571880 92.2
1913743600 39414546836 95.0 21355289637851432 92.2
1913839800 39414547336 95.0 21355289821352232 92.2
1913844500 39415115836 95.0 21355972179038504 92.2
1913943700 39415123336 95.0 21355997963522344 92.2
1914381500 39415204236 95.0 21356007167534376 92.2
1914413600 39415204536 95.0 21356007825404264 92.2
1914795700 39415206336 95.0 21356008810287464 92.2
1914807300 39415206436 95.0 21356008846127464 92.2
1914876700 39415206836 95.0 21356009196540264 92.2
1914939200 39415207136 95.0 21356009555672456 92.2
1915095300 39415207436 95.0 21356009616702856 92.2
1915538500 39415210036 95.0 21356011578439176 92.2
1915919000 39415211036 95.0 21356012984595976 92.2
1915936700 39415211436 95.0 21356013779424776 92.2
1915969700 39415211836 95.0 21356013803181576 92.2
1916039700 39415238636 95.0 21356014791136776 92.2
1916141400 39415239136 95.0 21356014925690376 92.2
1916211400 39415240236 95.0 21356021578462216 92.2
1916347900 39415241136 95.0 21356022101726216 92.2
1916541100 39415241436 95.0 21356022334788616 92.2
1916991900 39415242336 95.0 21356022672299016 92.2
1917121600 39415244936 95.0 21356025103932424 92.2
1917473700 39415246336 95.0 21356025669180424 92.2
1917732100 39415246836 95.0 21356026182409224 92.2
1917744600 39415248136 95.0 21356026921467400 92.2
1918199600 39415251236 95.0 21356033801415688 92.2
1918285900 39415251336 95.0 21356033806535688 92.2
1918419400 39415251436 95.0 21356033912129888 92.2
1918506900 39415251836 95.0 21356033962715488 92.2
1918608600 39415253136 95.0 21356034126760288 92.2
1918643600 39415253636 95.0 21356034352654688 92.2
1918734300 39415444936 95.0 21356197419231584 92.2
1918736400 39415449136 95.0 21356201085621088 92.2
1918759400 39415453136 95.0 21356205684241248 92.2
1918883400 39415462036 95.0 21356237729274720 92.2
1918885400 39415474436 95.0 21356245062138720 92.2
1918890200 39415478836 95.0 21356246093324896 92.2
1918933800 39415480836 95.0 21356246636044896 92.2
1918952700 39415483236 95.0 21356248090329696 92.2
1919399000 39415483336 95.0 21356248095449696 92.2
1919567400 39415483636 95.0 21356248570218592 92.2
1919650200 39415483736 95.0 21356248675816792 92.2
1919674200 39415484136 95.0 21356248994485592 92.2
1920073300 39415486336 95.0 21356251355829592 92.2
1920085100 39415487036 95.0 21356252468712792 92.2
1920133600 39415487336 95.0 21356252584219992 92.2
1920180200 39415487536 95.0 21356252748264792 92.2
1920637800 39415487936 95.0 21356253304501592 92.2
1920733800 39415489636 95.0 21356254572008792 92.2
1920796600 39415490136 95.0 21356255184565592 92.2
1920828400 39415492336 95.0 21356257871954264 92.2
1921027300 39415496736 95.0 21356263049298264 92.2
1921121100 39415498236 95.0 21356263581459544 92.2
1921147200 39415498836 95.0 21356263891321944 92.2
1921219000 39415498936 95.0 21356263931667544 92.2
1921299100 39415499436 95.0 21356264332051544 92.2
1921338900 39415502836 95.0 21356268030370904 92.2
1921527700 39415550736 95.0 21356311232128088 92.2
1921799500 39415568936 95.0 21356328990131288 92.2
1921818500 39415569436 95.0 21356329199846488 92.2
1921831900 39415570336 95.0 21356330893252440 92.2
1921933300 39415570536 95.0 21356331420869048 92.2
1921956500 39415570736 95.0 21356331480670648 92.2
1921964400 39415574436 95.0 21356333366572344 92.2
1922085800 39415574536 95.0 21356333472168040 92.2
1922142500 39415580036 95.0 21356342099291240 92.2
1922169600 39415581236 95.0 21356342476532840 92.2
1922338300 39415611436 95.0 21356391805807720 92.2
1922676900 39415611536 95.0 21356391810927720 92.2
1922901400 39415621836 95.0 21356393376559464 92.2
1923209400 39415624136 95.0 21356396312162664 92.2
1923805100 39415624236 95.0 21356396312572264 92.2
1923829000 39415629636 95.0 21356399888747880 92.2
1923870500 39415629936 95.0 21356399975378280 92.2
1923909300 39415630336 95.0 21356400798908392 92.2
1923914400 39415644936 95.0 21356428603703272 92.2
1924010500 39415706536 95.0 21356533244420072 92.2
1924019300 39415707336 95.0 21356533254250472 92.2
1924026400 39415708736 95.0 21356539720810472 92.2
1924181800 39415754136 95.0 21356554725741544 92.2
1924288100 39415755236 95.0 21356557056465384 92.2
1924723500 39415755436 95.0 21356557066705384 92.2
1924840900 39415757536 95.0 21356557909662184 92.2
1924846500 39415760736 95.0 21356558541265384 92.2
1925124500 39415760836 95.0 21356558542289384 92.2
1925360800 39415761936 95.0 21356559836830184 92.2
1925520700 39415763136 95.0 21356564287077352 92.2
1925600000 39415769236 95.0 21356574333058024 92.2
1926192500 39415769536 95.0 21356574416411624 92.2
1926195100 39416027236 95.0 21357489817295848 92.2
1926251600 39416267736 95.0 21357978447485928 92.2
1926282600 39416268036 95.0 21357978458135528 92.2
1926323400 39416268536 95.0 21357978826161128 92.2
1926426500 39416268736 95.0 21357978963377128 92.2
1926743400 39416270236 95.0 21357982735523560 92.2
1926970200 39416270336 95.0 21357982756003560 92.2
1928154200 39416270436 95.0 21357982761123560 92.2
1928182600 39416275436 95.0 21357986491994600 92.2
1928342800 39416278536 95.0 21357989932887016 92.2
1929368200 39416278736 95.0 21357989946608616 92.2
1929599600 39416279436 95.0 21357990305008616 92.2
1929604100 39416280836 95.0 21357990652963816 92.2
1929708000 39416320036 95.0 21358092570659816 92.2
1930077200 39416976936 95.0 21358544113535976 92.2
1930286600 39416977336 95.0 21358544466611176 92.2
1930989200 39416977736 95.0 21358544488319976 92.2
1931069700 39416977836 95.0 21358544493439976 92.2
1931078500 39416989836 95.0 21358551313378280 92.2
1931634700 39416990136 95.0 21358551446907880 92.2
1931677200 39416991436 95.0 21358552175176680 92.2
1931836400 39416999836 95.0 21358559404152808 92.2
1931855300 39417001936 95.0 21358561292771048 92.2
1931922500 39417002436 95.0 21358561519689448 92.2
1932145600 39417003136 95.0 21358562508463848 92.2
1932363500 39417004536 95.0 21358564946849512 92.2
1933220200 39417004636 95.0 21358564951969512 92.2
1933417200 39417174036 95.0 21358678625660648 92.2
1934068200 39417177936 95.0 21358681733296616 92.2
1934325000 39417207136 95.0 21358709701005800 92.2
1934536200 39417207836 95.0 21358710392615400 92.2
1934942300 39417208936 95.0 21358710512218600 92.2
1935647600 39417212436 95.0 21358726083004904 92.2
1935667500 39417212936 95.0 21358726131132904 92.2
1935710800 39417214836 95.0 21358726567971304 92.2
1935757900 39417354636 95.0 21358897294035432 92.2
1936017400 39417355836 95.0 21358897582598632 92.2
1936206300 39417356236 95.0 21358897603078632 92.2
1936923500 39417356336 95.0 21358897808697832 92.2
1936955600 39417356736 95.0 21358898031929832 92.2
1938234800 39417356936 95.0 21358898042374632 92.2
1938322400 39417373536 95.0 21358900145465832 92.2
1938460100 39417383036 95.0 21358907715192296 92.2
1938906200 39417508236 95.0 21359151624586728 92.2
1939295300 39417687436 95.0 21359171086411240 92.2
1939435600 39417698136 95.0 21359178669540840 92.2
1939573200 39417698836 95.0 21359178781976040 92.2
1939903100 39417699736 95.0 21359179007460840 92.2
1940296000 39417703136 95.0 21359179743921640 92.2
1940715800 39417752936 95.0 21359262858110440 92.2
1941078800 39417753436 95.0 21359264018925416 92.2
1941707800 39417753836 95.0 21359266735187816 92.2
1942488500 39417755336 95.0 21359267104647016 92.2
1942490700 39417755436 95.0 21359267109767016 92.2
1942575100 39417759436 95.0 21359267470215016 92.2
1942764000 39417760236 95.0 21359268270286440 92.2
1942968600 39417768636 95.0 21359284805875304 92.2
1942979200 39417768736 95.0 21359284810995304 92.2
1943128100 39417808036 95.0 21359312050624104 92.2
1943259200 39417808336 95.0 21359312073356904 92.2
1943368600 39417808636 95.0 21359312345536104 92.2
1943417900 39417808936 95.0 21359312860044104 92.2
1943550900 39417813136 95.0 21359317077676872 92.2
1943665000 39417820636 95.0 21359322286484808 92.2
1944051500 39417821736 95.0 21359322743393608 92.2
1944625300 39417879836 95.0 21359476320030024 92.2
1944897200 39417881836 95.0 21359477100113224 92.2
1945051100 39417882736 95.0 21359477602897224 92.2
1945297700 39417883236 95.0 21359478162206024 92.2
1945638600 39417884236 95.0 21359478412266824 92.2
1946424600 39417904636 95.0 21359488848174408 92.2
1946553300 39417909036 95.0 21359491745314632 92.2
1946614100 39417910936 95.0 21359494772258632 92.2
1946672400 39417919136 95.0 21359506531180360 92.2
1947244800 39417919936 95.0 21359506798444360 92.2
1947351200 39417922636 95.0 21359508378681160 92.2
1947783100 39417932136 95.0 21359515724373832 92.2
1947813900 39417983536 95.0 21359551205809992 92.2
1948213000 39417984336 95.0 21359551741952392 92.2
1948381400 39418043136 95.0 21359687035453832 92.2
1948556100 39418043236 95.0 21359687040573832 92.2
1948655300 39418056836 95.0 21359700350865800 92.2
1949330700 39418057336 95.0 21359700489310600 92.2
1949684100 39418061936 95.0 21359706417984392 92.2
1949888300 39418073936 95.0 21359708443714312 92.2
1950313900 39418074436 95.0 21359708630901512 92.2
1950484500 39418430136 95.0 21360021429379848 92.2
1950497800 39418431036 95.0 21360022134711048 92.2
1950597600 39418451336 95.0 21360038109261576 92.2
1950606600 39418455536 95.0 21360042528515336 92.2
1950791900 39418456236 95.0 21360043658093448 92.2
1950800800 39420549136 95.0 21360651468841864 92.2
1951110600 39420566936 95.0 21360667517379464 92.2
1951231200 39420567836 95.0 21360667587011464 92.2
1951866100 39420569336 95.0 21360667772560264 92.2
1952298500 39420571036 95.0 21360667876598664 92.2
1952716800 39420572836 95.0 21360670391659400 92.2
1952914400 39420573236 95.0 21360670598097800 92.2
1953404800 39420573836 95.0 21360671150648200 92.2
1953452000 39420645536 95.0 21360752703073160 92.2
1953837200 39420646836 95.0 21360753140116360 92.2
1954037300 39421135336 95.0 21361272588774280 92.2
1954952700 39421136536 95.0 21361273541637256 92.2
1955108100 39421136936 95.0 21361273901880456 92.2
1955253200 39421137236 95.0 21361273925432456 92.2
1955540300 39421143836 95.0 21361274815238152 92.2
1955707800 39421144336 95.0 21361275631980552 92.2
1957046400 39421147036 95.0 21361276662943752 92.2
1957057500 39421154536 95.0 21361290055634952 92.2
1957067400 39421156736 95.0 21361292161846664 92.2
1958096500 39421157136 95.0 21361292182326664 92.2
1959141700 39421158036 95.0 21361292252777864 92.2
1959181000 39421159036 95.0 21361293776285064 92.2
1959334900 39421159236 95.0 21361293918948664 92.2
1960060900 39421179436 95.0 21361326376267064 92.2
1960365400 39421186136 95.0 21361339842059576 92.2
1960401600 39421193936 95.0 21361344998707512 92.2
1960402300 39421200836 95.0 21361347839283512 92.2
1960722300 39421204036 95.0 21361348511437112 92.2
1961463900 39421205436 95.0 21361349466009912 92.2
1961508600 39421464736 95.0 21361521175507256 92.2
1961758200 39421465136 95.0 21361521195987256 92.2
1961967900 39421526636 95.0 21361591428419896 92.2
1962574600 39421541736 95.0 21361592481296696 92.2
1962582800 39421585436 95.0 21361686326464824 92.2
1962635000 39421587036 95.0 21361688419111224 92.2
1962725700 39421587436 95.0 21361688574964024 92.2
1963371300 39421588736 95.0 21361689495335224 92.2
1963481000 39421588936 95.0 21361689633165624 92.2
1963667800 39421589436 95.0 21361690352013624 92.2
1964474400 39421693336 95.0 21361811911291192 92.2
1964544500 39421697136 95.0 21361816002164280 92.2
1964887100 39421697236 95.0 21361816007284280 92.2
1965748000 39421716736 95.0 21361862583084600 92.2
1965853900 39421717336 95.0 21361863100432184 92.2
1966114300 39421807836 95.0 21361877074140984 92.2
1966142300 39421808136 95.0 21361877075164984 92.2
1966353600 39421809736 95.0 21361885330243384 92.2
1966504400 39421891836 95.0 21361933459115832 92.2
1966536800 39421892036 95.0 21361933469355832 92.2
1967361200 39421892136 95.0 21361933573189432 92.2
1967770600 39421951036 95.0 21362024340827960 92.2
1967912600 39422019836 95.0 21362216730406712 92.2
1968332000 39422024136 95.0 21362218617638072 92.2
1969296500 39422035036 95.0 21362228292556984 92.2
1969315800 39422038236 95.0 21362234062129336 92.2
1969455400 39422038436 95.0 21362234476711448 92.2
1969528000 39422039836 95.0 21362237817613848 92.2
1969529500 39422055036 95.0 21362238937665048 92.2
1969549900 39422055836 95.0 21362239751694488 92.2
1969597100 39422056836 95.0 21362240546318488 92.2
1969765300 39422060236 95.0 21362248116919960 92.2
1969809000 39422060336 95.0 21362248485764760 92.2
1970449600 39422145536 95.0 21362262010891928 92.2
1970460800 39422147936 95.0 21362266112011928 92.2
1970731900 39422148136 95.0 21362266117746328 92.2
1970783500 39422150436 95.0 21362269409692568 92.2
1971182000 39422150836 95.0 21362269669788568 92.2
1971222500 39422153136 95.0 21362272061033368 92.2
1971368600 39422156736 95.0 21362275326837656 92.2
1971665400 39422168836 95.0 21362294041652120 92.2
1972131100 39422169336 95.0 21362294062746520 92.2
1972172000 39422201636 95.0 21362332175412120 92.2
1972492800 39422202336 95.0 21362332572724120 92.2
1972581400 39422209536 95.0 21362340330936216 92.2
1972718100 39422209736 95.0 21362340416542616 92.2
1972752800 39422214536 95.0 21362342894008216 92.2
1972802000 39422215736 95.0 21362343577221016 92.2
1973021500 39422223836 95.0 21362351379570584 92.2
1973117400 39422224536 95.0 21362352435174296 92.2
1974025100 39422233036 95.0 21362365089971096 92.2
1974054100 39422233436 95.0 21362367225018136 92.2
1974079900 39422235136 95.0 21362367496992536 92.2
1974259800 39422247236 95.0 21362372967578904 92.2
1975109200 39422248436 95.0 21362374542081304 92.2
1976058600 39422248836 95.0 21362374614990104 92.2
1976172100 39422249136 95.0 21362374700391704 92.2
1976580600 39422249436 95.0 21362374719438104 92.2
1976587100 39422249936 95.0 21362375164468504 92.2
1976906200 39422260636 95.0 21362391867228440 92.2
1977248800 39422262536 95.0 21362394034626840 92.2
1977325700 39422355136 95.0 21362480833470744 92.2
1977377300 39422355836 95.0 21362480853950744 92.2
1978244600 39422356636 95.0 21362481036017944 92.2
1978275200 39422359436 95.0 21362487309633304 92.2
1978341700 39422359636 95.0 21362487326222104 92.2
1978585300 39422360936 95.0 21362488499111704 92.2
1978680100 39422361336 95.0 21362488549492504 92.2
1978741600 39422416736 95.0 21362493902759704 92.2
1979036500 39422417036 95.0 21362493918119704 92.2
1979414600 39422648636 95.0 21362694796953368 92.2
1979416300 39422662736 95.0 21362707957401368 92.2
1979446300 39422737936 95.0 21362775373444888 92.2
1979728900 39422741636 95.0 21362779313751576 92.2
1979909900 39422744736 95.0 21362785802886680 92.2
1980112000 39422766136 95.0 21362809762135576 92.2
1980162100 39422771336 95.0 21362820113739288 92.2
1980280900 39423053036 95.0 21363843994136088 92.3
1980524600 39423124636 95.0 21363922910522904 92.3
1980815300 39423125436 95.0 21363924018150936 92.3
1980856000 39423151636 95.0 21364019432431128 92.3
1981100900 39423165236 95.0 21364049796961816 92.3
1981153600 39423183736 95.0 21364072590382616 92.3
1981333800 39423183836 95.0 21364072590792216 92.3
1981563000 39423185036 95.0 21364074074977816 92.3
1982025100 39423185736 95.0 21364075160008216 92.3
1982088200 39423191836 95.0 21364082497953816 92.3
1982141200 39423192236 95.0 21364082525806616 92.3
1982265900 39423195336 95.0 21364085269307416 92.3
1982297600 39423199036 95.0 21364086033825816 92.3
1982738200 39423222336 95.0 21364104514072600 92.3
1983026000 39423222736 95.0 21364104545816600 92.3
1983254600 39423223336 95.0 21364104661119000 92.3
1983640900 39423224136 95.0 21364104928383000 92.3
1984043300 39423234036 95.0 21364125429610520 92.3
1984048000 39423235936 95.0 21364127076094360 92.3
1984324100 39423259436 95.0 21364168447742360 92.3
1984385600 39423259536 95.0 21364168658763160 92.3
1984519800 39423267036 95.0 21364176623484824 92.3
1984957500 39423271936 95.0 21364179774537624 92.3
1985038900 39423274436 95.0 21364180562608024 92.3
1985733800 39423336836 95.0 21364218348412824 92.3
1985938100 39423339536 95.0 21364219054358424 92.3
1986029000 39423339936 95.0 21364219084279024 92.3
1986058100 39423421436 95.0 21364301409717488 92.3
1986255900 39423421636 95.0 21364301441256688 92.3
1986351200 39423422636 95.0 21364302381053488 92.3
1986654100 39423422936 95.0 21364302923978288 92.3
1986671100 39423427136 95.0 21364303632372912 92.3
1986688400 39423427336 95.0 21364303684596912 92.3
1986803300 39423427736 95.0 21364304478196912 92.3
1987361600 39423427836 95.0 21364304483316912 92.3
1987811100 39423452236 95.0 21364306025051312 92.3
1988025900 39423452736 95.0 21364306812302512 92.3
1988100700 39423462136 95.0 21364314639348912 92.3
1988170500 39423466536 95.0 21364323360233648 92.3
1988173600 39423466636 95.0 21364323370268848 92.3
1988535100 39423471636 95.0 21364328598459568 92.3
1988535600 39423477836 95.0 21364337476129968 92.3
1988842400 39423477936 95.0 21364337526510768 92.3
1989189300 39423478036 95.0 21364337531630768 92.3
1989746400 39423496036 95.0 21364346879655088 92.3
1990018200 39423501136 95.0 21364357571549360 92.3
1990019000 39423502436 95.0 21364358018624944 92.3
1990053300 39423811136 95.0 21364963631492528 92.3
1990169700 39423815036 95.0 21364965696286128 92.3
1990353800 39423823236 95.0 21364971685457328 92.3
1990712700 39423823936 95.0 21364971857898928 92.3
1990748600 39423824136 95.0 21364972143594928 92.3
1991154900 39423824236 95.0 21364972249188432 92.3
1991371500 39423824336 95.0 21364972249393232 92.3
1991597300 39423825836 95.0 21364973852567632 92.3
1991721700 39423826236 95.0 21364974591384848 92.3
1992137000 39424582436 95.0 21365456363003152 92.3
1992164200 39424583036 95.0 21365456762567952 92.3
1992172000 39424583436 95.0 21365456935828752 92.3
1992673400 39424583636 95.0 21365457256875440 92.3
1992708800 39424583836 95.0 21365457320363440 92.3
1992719800 39424584936 95.0 21365457851000240 92.3
1993238300 39424585236 95.0 21365457996534240 92.3
1993440900 39424591736 95.0 21365462814454240 92.3
1993546900 39424595536 95.0 21365465570975712 92.3
1993785800 39424791136 95.0 21365681738538976 92.3
1993796800 39424796836 95.0 21365689326993376 92.3
1993951400 39424797036 95.0 21365689543381072 92.3
1993953900 39424799336 95.0 21365691556974672 92.3
1994092400 39424799436 95.0 21365691562094672 92.3
1994157500 39424865336 95.0 21365761866616912 92.3
1994327200 39425203936 95.0 21366092623859792 92.3
1994469500 39425204636 95.0 21366092746944592 92.3
1994548300 39425204836 95.0 21366092839923792 92.3
1994710300 39425205536 95.0 21366093151116592 92.3
1994798900 39425206136 95.0 21366094005495088 92.3
1994861800 39425206236 95.0 21366094010615088 92.3
1995603500 39425206736 95.0 21366094022083888 92.3
1996071600 39425310336 95.0 21366109245482288 92.3
1996131000 39425310536 95.0 21366109370615088 92.3
1996189300 39425311236 95.0 21366110393591088 92.3
1996377000 39425311536 95.0 21366110710383984 92.3
1996792900 39425350236 95.0 21366136759592304 92.3
1996827500 39425350336 95.0 21366136763073904 92.3
1997006500 39425350436 95.0 21366136841921904 92.3
1997687700 39425351836 95.0 21366137979233776 92.3
1998086400 39425354436 95.0 21366141692462576 92.3
1998240900 39425357036 95.0 21366143024844016 92.3
1998259100 39425357636 95.0 21366143787314416 92.3
1998345500 39425360936 95.0 21366145427688816 92.3
1998410700 39425376136 95.0 21366171901775216 92.3
1998525800 39425379936 95.0 21366172115992816 92.3
1999129300 39425380236 95.0 21366172781797616 92.3
1999293300 39425380636 95.0 21366173098008816 92.3
1999563300 39425381036 95.0 21366173144088816 92.3
1999915800 39425381436 95.0 21366173842252016 92.3
2000074800 39425383736 95.0 21366175882184944 92.3
2000220900 39425384836 95.0 21366176172591344 92.3
2000235400 39425385236 95.0 21366176360802544 92.3
2000430700 39425385736 95.0 21366176576456944 92.3
2001621800 39425387336 95.0 21366177311688944 92.3
2001965000 39427779036 95.0 21367360419072240 92.3
2002104600 39427780236 95.0 21367366205636336 92.3
2002768500 39428013836 95.0 21367519539789552 92.3
2003196100 39428014336 95.0 21367519565389552 92.3
2003457800 39428014436 95.0 21367519570509552 92.3
2003766500 39428015836 95.0 21367520293043952 92.3
2003972100 39428155336 95.0 21367800029363952 92.3
2004047400 39428155836 95.0 21367801880141552 92.3
2004324700 39428179336 95.0 21367858311208688 92.3
2004555000 39428182336 95.0 21367860398120688 92.3
2005291100 39428182736 95.0 21367860509941488 92.3
2005564000 39428183136 95.0 21367860525711088 92.3
2006168200 39428185036 95.0 21367863617899248 92.3
2006397800 39428194536 95.0 21367903481506544 92.3
2006483400 39428199036 95.0 21367919703178992 92.3
2006706000 39428236136 95.0 21367942209396464 92.3
2006847100 39428237436 95.0 21367943916658416 92.3
2006922900 39428237536 95.0 21367943921778416 92.3
2007044200 39428240336 95.0 21367946043711216 92.3
2008020200 39428241036 95.0 21367947520791024 92.3
2008168600 39428247936 95.0 21367957958291952 92.3
2008344700 39428248636 95.0 21367963742522864 92.3
2008795500 39428249236 95.0 21367963935444464 92.3
2009287100 39428250136 95.0 21367963955924464 92.3
2009339900 39428318436 95.0 21368023420685808 92.3
2009402300 39428319436 95.0 21368023723175408 92.3
2009482500 39428319636 95.0 21368023772941808 92.3
2009539500 39428320236 95.0 21368023887220208 92.3
2009585800 39428380136 95.0 21368029847924208 92.3
2009846600 39428381836 95.0 21368031569689712 92.3
2010292300 39428387236 95.0 21368038391370352 92.3
2010590800 39428387336 95.0 21368038396490352 92.3
2010796800 39428388836 95.0 21368040236208752 92.3
2011587100 39428389636 95.0 21368040618365552 92.3
2011673700 39428439436 95.0 21368074176604784 92.3
2011874700 39428442136 95.0 21368075364239984 92.3
2012434200 39428447036 95.0 21368076300175728 92.3
2012666900 39428447136 95.0 21368076305090928 92.3
2012720400 39428447536 95.0 21368077097645040 92.3
2012733200 39428451636 95.0 21368079507936240 92.3
2012767800 39428452336 95.0 21368080584774640 92.3
2013374800 39428461536 95.0 21368084162369776 92.3
2013604800 39428485836 95.0 21368112611016944 92.3
2013630300 39428493536 95.0 21368125028216048 92.3
2013711200 39428496336 95.0 21368127050769264 92.3
2015366800 39428502136 95.0 21368137625438064 92.3
2015623900 39428502236 95.0 21368137630558064 92.3
2015946400 39428503836 95.0 21368139494852464 92.3
2015960700 39428511536 95.0 21368145346602864 92.3
2016435600 39428513036 95.0 21368146588714864 92.3
2016443100 39428523836 95.0 21368158797913968 92.3
2016774300 39428523936 95.0 21368158806515568 92.3
2017031500 39428558336 95.0 21368191172697968 92.3
2017155500 39428558636 95.0 21368191441325776 92.3
2017394900 39428562936 95.0 21368198530804944 92.3
2017969100 39428563136 95.0 21368198619256848 92.3
2018058800 39428567936 95.0 21368199852562448 92.3
2018362900 39428568736 95.0 21368200424773648 92.3
2018439900 39428569236 95.0 21368200583084048 92.3
2019360300 39428589436 95.0 21368219972352016 92.3
2019413300 39428589636 95.0 21368220566476816 92.3
2019554800 39428590836 95.0 21368221271398416 92.3
2019765400 39428591136 95.0 21368221669529616 92.3
2019939700 39428591536 95.0 21368221685299216 92.3
2020800600 39428603136 95.0 21368231967705104 92.3
2020810300 39428629236 95.0 21368252578367504 92.3
2020854800 39428630036 95.0 21368252976703504 92.3
2021366400 39428633536 95.0 21368253627557904 92.3
2021553300 39428633636 95.0 21368253733137808 92.3
2022475300 39428633736 95.0 21368253804613008 92.3
2022673900 39428634636 95.0 21368254363666448 92.3
2023944900 39428635036 95.0 21368255013496848 92.3
2024128000 39428637736 95.0 21368255413061648 92.3
2024128200 39428637836 95.0 21368255443576848 92.3
2024488800 39428638036 95.0 21368256061868048 92.3
2024798800 39428642636 95.0 21368260605085712 92.3
2025149000 39428643436 95.0 21368266489652240 92.3
2025783800 39428645136 95.0 21368266633514736 92.3
2025872700 39428665836 95.0 21368319742525168 92.3
2027424200 39428666036 95.0 21368319792086768 92.3
2027939100 39428728336 95.0 21368400081149680 92.3
2028112000 39428767636 95.0 21368420515276528 92.3
2028207600 39428768236 95.0 21368421076838128 92.3
2028638800 39428768336 95.0 21368421287851120 92.3
2028716100 39428771836 95.0 21368423422071920 92.3
2028892600 39428937136 95.0 21368769254298736 92.3
2029175500 39428937936 95.0 21368769327207536 92.3
2029543200 39429123036 95.0 21369428841993328 92.3
2035658600 39429123236 95.0 21369428876399728 92.3
2036286700 39429137036 95.0 21369439269385328 92.3
2037655500 39429138436 95.0 21369439309526128 92.3
2039205200 39429138536 95.0 21369439314646128 92.3
2041187800 39429140736 95.0 21369439633698544 92.3
2042012500 39429145036 95.0 21369444580790512 92.3
2042427100 39429146336 95.0 21369445446480112 92.3
2042493300 39429146736 95.0 21369445499523312 92.3
2042642100 39429150736 95.0 21369448852304112 92.3
2042826400 39429155036 95.0 21369452327691760 92.3
2042859200 39429156636 95.0 21369455261861360 92.3
2043195700 39429158436 95.0 21369456249066352 92.3
2043294200 39429159536 95.0 21369456815133552 92.3
2043745500 39429159636 95.0 21369456820253552 92.3
2043812600 39429178236 95.0 21369468871103344 92.3
2043921400 39429191636 95.0 21369480038810480 92.3
2043926400 39429191836 95.0 21369480049050480 92.3
2044045100 39429191936 95.0 21369480054784880 92.3
2044167800 39429192036 95.0 21369480138548080 92.3
2044624600 39429192336 95.0 21369480147968880 92.3
2045252500 39429192736 95.0 21369480168653680 92.3
2045747900 39429192936 95.0 21369480182375280 92.3
2046133700 39429222836 95.0 21369552588104560 92.3
2046520100 39429234236 95.0 21369574439553904 92.3
2047339700 39429235036 95.0 21369575021390704 92.3
2047490400 39429235936 95.0 21369575701736304 92.3
2048364100 39429236036 95.0 21369575710337904 92.3
2048628600 39429236436 95.0 21369575882546800 92.3
2049420900 39429237236 95.0 21369577151487600 92.3
2050083400 39429238536 95.0 21369577666713200 92.3
2050170000 39429243636 95.0 21369583924172400 92.3
2050512800 39429244136 95.0 21369583983154800 92.3
2050686500 39429248236 95.0 21369593234597488 92.3
2051434800 39429248936 95.0 21369594337445488 92.3
2051524400 39429250436 95.0 21369595576355952 92.3
2051603200 39429401136 95.0 21369727587552368 92.3
2051622900 39429402436 95.0 21369728323398768 92.3
2051782400 39429870736 95.0 21370015339949168 92.3
2052006500 39429959736 95.0 21370067502918768 92.3
2052167300 39429964636 95.0 21370075462470768 92.3
2052288400 39429965236 95.0 21370075509984368 92.3
2053190200 39430077636 95.0 21370090165306480 92.3
2053335600 39430181636 95.0 21370215421428848 92.3
2053355600 39430185336 95.0 21370216875039856 92.3
2053451100 39430185636 95.0 21370216890399856 92.3
2053804800 39430186036 95.0 21370217241836656 92.3
2054035300 39430476136 95.0 21370529329642608 92.3
2054548700 39430595936 95.0 21370721886731376 92.3
2054624300 39430596336 95.0 21370721945304176 92.3
2054635900 39430599736 95.0 21370729064078448 92.3
2054645700 39430601336 95.0 21370731534785648 92.3
2054907500 39430602336 95.0 21370731956878448 92.3
2055104300 39430602436 95.0 21370731961998448 92.3
2057357500 39430605236 95.0 21370733855269616 92.3
2057462700 39430613936 95.0 21370747552811760 92.3
2057507400 39430620736 95.0 21370756670920432 92.3
2057553700 39430621336 95.0 21370756732916232 92.3
2057594500 39430652336 95.0 21370760499188232 92.3
2057911900 39430696236 95.0 21370772110994952 92.3
2057971000 39430701036 95.0 21370775918004232 92.3
2058004400 39430758736 95.0 21370853215881224 92.3
2058907400 39430760536 95.0 21370857349413640 92.3
2058955900 39430764936 95.0 21370860514716680 92.3
2059101100 39430766436 95.0 21370861623708680 92.3
2059782100 39430773436 95.0 21370875275933704 92.3
2060398300 39430983436 95.0 21371071989741576 92.3
2060488100 39430985836 95.0 21371072379088968 92.3
2061120700 39431011936 95.0 21371098533990472 92.3
2061510000 39431015036 95.0 21371106110059080 92.3
2061574300 39431016436 95.0 21371107871953480 92.3
2061660900 39431016836 95.0 21371108716009160 92.3
2061881100 39431036336 95.0 21371123130806984 92.3
2062113200 39431104836 95.0 21371158770168520 92.3
2064262400 39431172636 95.0 21371355937518280 92.3
2065141300 39431172936 95.0 21371356254343880 92.3
2065649200 39431176936 95.0 21371365847249608 92.3
2065718100 39431177036 95.0 21371366117380808 92.3
2066410500 39431178336 95.0 21371366533944008 92.3
2066453800 39431181136 95.0 21371369814087112 92.3
2066993100 39432560836 95.0 21371816015058376 92.3
2067441300 39432561336 95.0 21371816164767176 92.3
2068115600 39432561736 95.0 21371816336594376 92.3
2068843500 39432562836 95.0 21371817114424776 92.3
2069047700 39432616036 95.0 21371869957854664 92.3
2069135500 39432619836 95.0 21371871915007432 92.3
2069573900 39432620936 95.0 21371871976447432 92.3
2070255500 39432622136 95.0 21371872572019016 92.3
2071547200 39432653436 95.0 21371932077633864 92.3
2071794000 39432687836 95.0 21371952828907848 92.3
2072440700 39432687936 95.0 21371952996843848 92.3
2073267000 39432690036 95.0 21371956123320648 92.3
2073322400 39432690136 95.0 21371956128440648 92.3
2074283800 39432773636 95.0 21372042219807048 92.3
2074860600 39432791836 95.0 21372062851303752 92.3
2075462600 39432791936 95.0 21372063052417352 92.3
2075643100 39432793636 95.0 21372065910810952 92.3
2076038100 39432809036 95.0 21372074806188360 92.3
2076550300 39432809236 95.0 21372074812946760 92.3
2077304700 39432809536 95.0 21372074818885960 92.3
2078204500 39432809936 95.0 21372074839775560 92.3
2079222300 39432821236 95.0 21372089211484488 92.3
2079229200 39432823236 95.0 21372091626145096 92.3
2079508300 39432823436 95.0 21372091714618696 92.3
2080307800 39432823636 95.0 21372091946452296 92.3
2080877900 39432825036 95.0 21372093911022152 92.3
2081352600 39432827236 95.0 21372096352033352 92.3
2081454300 39432830236 95.0 21372100823431752 92.3
2081501700 39432830336 95.0 21372100823636552 92.3
2081536600 39432846836 95.0 21372104274709064 92.3
2081907000 39433027736 95.0 21372283567540808 92.3
2082060300 39433027836 95.0 21372283572660808 92.3
2082454000 39433043436 95.0 21372305757006408 92.3
2082513400 39433087336 95.0 21372320742700616 92.3
2082817900 39433104636 95.0 21372342416291400 92.3
2082958800 39433105836 95.0 21372343391549000 92.3
2083903200 39433114136 95.0 21372345965170248 92.3
2084591800 39433114536 95.0 21372346177343048 92.3
2086914800 39433114636 95.0 21372346752626248 92.3
2087121100 39433115136 95.0 21372347282443848 92.3
2087316400 39433115336 95.0 21372347390699544 92.3
2087383500 39433115436 95.0 21372347415070744 92.3
2087459000 39433117136 95.0 21372348418377112 92.3
2088161000 39433117336 95.0 21372348740117912 92.3
2088250000 39433117536 95.0 21372348775343512 92.3
2090666500 39433117636 95.0 21372348854191512 92.3
2138782000 39433147536 95.0 21372378677046680 92.3
2141817200 39433148536 95.0 21372381641961112 92.3
2144288700 39433148836 95.0 21372381692751512 92.3
2146645700 39433154136 95.0 21372387351573144 92.3
2147047900 39433154336 95.0 21372387559762136 92.3
2147910100 39433154436 95.0 21372387559941736 92.3
2148112900 39433156836 95.0 21372391165986152 92.3
2148343400 39433169736 95.0 21372402443446632 92.3
2150593100 39433174736 95.0 21372403043715432 92.3
2152377500 39433189636 95.0 21372438216681832 92.3
2153099100 39433189736 95.0 21372438221801832 92.3
2153775000 39433258836 95.0 21372505139190120 92.3
2154084500 39433263936 95.0 21372508134923368 92.3
2254057700 39433283336 95.0 21372559870000232 92.3
2255042400 39433293836 95.0 21372571425837160 92.3
2255066300 39433294336 95.0 21372572319174760 92.3
2256386500 39433299336 95.0 21372578985414760 92.3
2256789500 39433319736 95.0 21372579094565160 92.3
2256997300 39433320036 95.0 21372579298750760 92.3
2257075200 39433320136 95.0 21372579582603560 92.3
2257848500 39433320236 95.0 21372580079448360 92.3
2258298000 39433332236 95.0 21372588696023336 92.3
2259729800 39433333736 95.0 21372594532208936 92.3
2261350000 39433334336 95.0 21372594677412136 92.3
2263407200 39433335336 95.0 21372596251914536 92.3
2263955500 39433335436 95.0 21372596462940232 92.3
2264834600 39433338136 95.0 21372601877455944 92.3
2264880200 39433338336 95.0 21372601884214344 92.3
2265568200 39433338436 95.0 21372601982723144 92.3
2266897900 39433338936 95.0 21372603172611144 92.3
2267714900 39433421836 95.0 21372747834696776 92.3
2267771300 39433422036 95.0 21372748210373960 92.3
2268364900 39433734936 95.0 21372955883324744 92.3
2268897800 39433941436 95.0 21373698145699144 92.3
2268899800 39433942836 95.0 21373698507375944 92.3
2269406400 39434142236 95.0 21374090970203464 92.3
2270437300 39434142336 95.0 21374091067073864 92.3
2271660400 39434142536 95.0 21374091073832264 92.3
2271675700 39434143436 95.0 21374091937473864 92.3
2271688400 39434143636 95.0 21374091950990664 92.3
2271751000 39434144236 95.0 21374092215182664 92.3
2272757200 39434144936 95.0 21374092600001864 92.3
2272855800 39434252636 95.0 21374179171468616 92.3
2273053000 39434258136 95.0 21374184778203464 92.3
2273097600 39434258336 95.0 21374184837185864 92.3
2273289500 39434290036 95.0 21374264441790792 92.3
2273489300 39434290636 95.0 21374265724453192 92.3
2273492200 39434291236 95.0 21374266031857992 92.3
2273556300 39434291736 95.0 21374266701349192 92.3
2273703000 39434333936 95.0 21374307944792392 92.3
2274336600 39434334836 95.0 21374308362379592 92.3
2275131300 39434337136 95.0 21374312133747528 92.3
2277453400 39434343036 95.0 21374319616923976 92.3
2277470100 39434351036 95.0 21374321072642376 92.3
2278773000 39434351636 95.0 21374321851701576 92.3
2279011800 39434352436 95.0 21374322551057736 92.3
2279459700 39434913436 95.0 21374654293765448 92.3
2279473900 39434960636 95.0 21374659249925448 92.3
2279476400 39434966136 95.0 21374666385900872 92.3
2279515400 39434967236 95.0 21374668034950472 92.3
2279521700 39434976136 95.0 21374674709712200 92.3
2279669100 39434976736 95.0 21374675659719368 92.3
2280184800 39435032136 95.0 21374711132414664 92.3
2280444500 39435033436 95.0 21374711903781960 92.3
2280551400 39435052136 95.0 21374727391035464 92.3
2283268000 39435064136 95.0 21374736555881544 92.3
2283527700 39435360536 95.0 21375068722279496 92.3
2283594800 39435389836 95.0 21375079599750216 92.3
2284437000 39435389936 95.0 21375079705355320 92.3
2284465600 39435391936 95.0 21375080437720120 92.3
2284562800 39435392036 95.0 21375080543317224 92.3
2286835200 39435586836 95.0 21375210018860264 92.3
2287107300 39436765736 95.0 21375544669203688 92.3
2287151300 39436766436 95.0 21375545647947688 92.3
2287203300 39436768536 95.0 21375548126070952 92.3
2287912800 39436773936 95.0 21375554728512680 92.3
2287994800 39436776236 95.0 21375557504926376 92.3
2288045300 39436776336 95.0 21375557510046376 92.3
2288553400 39436787336 95.0 21375586561800872 92.3
2289325200 39436790936 95.0 21375593921578152 92.3
2290142500 39436791936 95.0 21375594258711752 92.3
2290158200 39436792036 95.0 21375594263831752 92.3
2290504900 39436792636 95.0 21375594790782152 92.3
2290622300 39436804136 95.0 21375598559445192 92.3
2290763200 39436805136 95.0 21375599619080392 92.3
2290853500 39436805236 95.0 21375600528801992 92.3
2291204100 39436908736 95.0 21375703337304264 92.3
2291283200 39436909136 95.0 21375704044612872 92.3
2291723100 39436909236 95.0 21375704150195768 92.3
2291796200 39436909336 95.0 21375704255792368 92.3
2291871600 39436909436 95.0 21375704361373072 92.3
2291873000 39436909936 95.0 21375704411549072 92.3
2292035300 39436911336 95.0 21375706988371088 92.3
2292822200 39436911536 95.0 21375707050425488 92.3
2293663600 39436913836 95.0 21375710553763984 92.3
2295464600 39436914236 95.0 21375710587351184 92.3
2295552100 39436914436 95.0 21375710798548288 92.3
2295737000 39436966536 95.0 21375794811997504 92.3
2295877300 39436967936 95.0 21375795002849408 92.3
2295886800 39436970636 95.0 21375796196833408 92.3
2295914400 39436982236 95.0 21375812452833408 92.3
2295962400 39436983236 95.0 21375812763719808 92.3
2295971500 39437104336 95.0 21375960428779648 92.3
2296825300 39437113036 95.0 21375967380935808 92.3
2298003800 39437113136 95.0 21375967486522808 92.3
2298058200 39437126936 95.0 21375968886740408 92.3
2298126300 39437142336 95.0 21375977761584568 92.3
2298178600 39437142436 95.0 21375977885078968 92.3
2299108400 39437143836 95.0 21375978197786072 92.3
2299181600 39437144836 95.0 21375978473856472 92.3
2300908100 39437146336 95.0 21375980248352984 92.3
2305174300 39437146536 95.0 21375980775948568 92.3
2305243700 39437177336 95.0 21376020499902744 92.3
2305495100 39437231636 95.0 21376061375295768 92.3
2306693100 39437235836 95.0 21376064967836696 92.3
2307243800 39437340436 95.0 21376177897227288 92.3
2311729200 39437446736 95.0 21376559878128664 92.3
2311780300 39437447736 95.0 21376560206013464 92.3
2313317900 39437465236 95.0 21376570026173464 92.3
2315300500 39437465536 95.0 21376570111165464 92.3
2315976100 39437472736 95.0 21376582154839064 92.3
2316387700 39437472936 95.0 21376582261734064 92.3
2316595300 39437473136 95.0 21376582276889264 92.3
2316900900 39437498036 95.0 21376587343385264 92.3
2318888100 39437708136 95.0 21376935084020400 92.3
2318888900 39437709736 95.0 21376935299879600 92.3
2319263700 39437787436 95.0 21377027836760752 92.3
2319787100 39437790236 95.0 21377031094514352 92.3
2320239000 39437791236 95.0 21377031348399760 92.3
2322642200 39437791436 95.0 21377031767830160 92.3
2322872600 39437791736 95.0 21377031857484064 92.3
2323577800 39437843236 95.0 21377081442636064 92.3
2326204800 39437850936 95.0 21377092943536416 92.3
2327889100 39437851836 95.0 21377093813837216 92.3
2328373400 39437877036 95.0 21377154805599648 92.3
2328990000 39438143036 95.0 21377319584910752 92.3
2329550900 39438147636 95.0 21377321431650848 92.3
2333074800 39438148336 95.0 21377321733571360 92.3
2333498500 39438148436 95.0 21377321798288160 92.3
2333508200 39438149336 95.0 21377323160617760 92.3
2343813700 39438236836 95.0 21377453295665952 92.3
2345372600 39438254636 95.0 21377469709578016 92.3
2345958200 39438254736 95.0 21377469815159616 92.3
2346144900 39438255536 95.0 21377471460890560 92.3
2346894000 39438354536 95.0 21377536162912192 92.3
2348793200 39438354636 95.0 21377536268516992 92.3
2349601600 39439395736 95.0 21377996812140160 92.3
2350655700 39439398036 95.0 21377999098699648 92.3
2350827400 39439398536 95.0 21377999616881440 92.3
2350860300 39439398736 95.0 21377999711089440 92.3
2350955700 39439399136 95.0 21377999808983840 92.3
2351708200 39439470236 95.0 21378047392420640 92.3
2353437900 39439541236 95.0 21378111540310816 92.3
2354447700 39439541336 95.0 21378111594582816 92.3
2355613500 39439570836 95.0 21378140966017824 92.3
2355670400 39439571336 95.0 21378141748763424 92.3
2356436400 39439572036 95.0 21378141780097824 92.3
2357191300 39439575036 95.0 21378144135168544 92.3
2357581800 39439579036 95.0 21378148011056928 92.3
2357915900 39439638136 95.0 21378250466901792 92.3
2358621200 39439638536 95.0 21378250498645792 92.3
2358745700 39439638636 95.0 21378250604117792 92.3
2359538500 39439661936 95.0 21378309161070368 92.3
2359561900 39439667836 95.0 21378315088027936 92.3
2360500700 39439693936 95.0 21378346920659232 92.3
2360893300 39439694536 95.0 21378348058495008 92.3
2360916300 39439710836 95.0 21378357154192416 92.3
2360960300 39439711336 95.0 21378358209246688 92.3
2361873400 39439726036 95.0 21378376433018336 92.3
2361878500 39439727936 95.0 21378378295030112 92.3
2362032500 39439728136 95.0 21378378300559712 92.3
2362109300 39439739236 95.0 21378383256681824 92.3
2363096700 39439745936 95.0 21378388990920544 92.3
2363349700 39439746436 95.0 21378389374306144 92.3
2363534800 39439771836 95.0 21378408038752096 92.3
2363786900 39439773036 95.0 21378408905416672 92.3
2364011800 39439875136 95.0 21378455583023072 92.3
2364092300 39439878036 95.0 21378462742546400 92.3
2364126800 39439878236 95.0 21378463133304800 92.3
2364262800 39439878336 95.0 21378463402002400 92.3
2364998900 39439878736 95.0 21378463435384800 92.3
2365483200 39439883136 95.0 21378468878966752 92.3
2365565000 39439883436 95.0 21378468894326752 92.3
2365698200 39439883636 95.0 21378469036041456 92.3
2365950000 39439883736 95.0 21378469047305456 92.3
2366013100 39439889336 95.0 21378472388883440 92.3
2366230300 39439889836 95.0 21378473041254384 92.3
2366637200 39439889936 95.0 21378473146849984 92.3
2367302900 39439890036 95.0 21378473152174784 92.3
2367482700 39439890136 95.0 21378473152584384 92.3
2368241200 39439890236 95.0 21378473363613184 92.3
2368261300 39439890336 95.0 21378473364022784 92.3
2368579400 39439890436 95.0 21378473469688688 92.3
2368786500 39439890636 95.0 21378474575813488 92.3
2369935300 39439892536 95.0 21378476806066800 92.3
2369942600 39439892636 95.0 21378476816511600 92.3
2370087600 39439892736 95.0 21378477378278000 92.3
2370708300 39439959536 95.0 21378550296343152 92.3
2370899100 39440038936 95.0 21378826684527216 92.3
2370929800 39440039036 95.0 21378826790121520 92.3
2371537300 39440039936 95.0 21378828729592368 92.3
2372274200 39440045536 95.0 21378833977578032 92.3
2372480100 39440046836 95.0 21378837824626480 92.3
2372801800 39440047836 95.0 21378839562968880 92.3
2373777100 39440048036 95.0 21378839774314384 92.3
2373780600 39440048136 95.0 21378839774723984 92.3
2374190400 39440048336 95.0 21378840417171216 92.3
2374569900 39440048436 95.0 21378840522768320 92.3
2374777300 39440050136 95.0 21378842516086720 92.3
2374951500 39440050736 95.0 21378842830454720 92.3
2375285800 39440051836 95.0 21378843243536320 92.3
2375580000 39440051936 95.0 21378843378089920 92.3
2375650900 39440055936 95.0 21378847898435520 92.3
2375837300 39440074836 95.0 21378897764536256 92.3
2376089700 39440074936 95.0 21378897788088256 92.3
2376109500 39440076036 95.0 21378897948916064 92.3
2376729400 39440085036 95.0 21378905489242464 92.3
2380720900 39440086836 95.0 21378908991193952 92.3
2381370000 39440177836 95.0 21379074597372768 92.3
2383183200 39440177936 95.0 21379074702968568 92.3
2385065100 39440209236 95.0 21379090213439224 92.3
2385222600 39440211136 95.0 21379097274738424 92.3
2385252200 39440211236 95.0 21379097276786424 92.3
2385257200 39440224536 95.0 21379105045981944 92.3
2385486200 39440225936 95.0 21379106011613944 92.3
2387223600 39440241836 95.0 21379121328616184 92.3
2388236000 39440242036 95.0 21379121336808184 92.3
2391270700 39440243036 95.0 21379121832014584 92.3
2391933200 39440323836 95.0 21379174169805560 92.3
2392100800 39440324236 95.0 21379174498339160 92.3
2392261000 39440369836 95.0 21379232641673560 92.3
2392546700 39440376736 95.0 21379237309947224 92.3
2392548000 39440377336 95.0 21379237444296024 92.3
2392912100 39440378436 95.0 21379237992063320 92.3
2393585300 39440398836 95.0 21379313118888280 92.3
2394193600 39440471236 95.0 21379373195022680 92.3
2394419400 39440471636 95.0 21379373213045080 92.3
2395580300 39440474636 95.0 21379379227611480 92.3
2395702700 39440487836 95.0 21379395184175448 92.3
2396396800 39440538736 95.0 21379447760087384 92.3
2397895300 39440541136 95.0 21379451998597720 92.3
2398374900 39440547436 95.0 21379468713793112 92.3
2399093300 39440548436 95.0 21379469613120536 92.3
2399461800 39440548836 95.0 21379469858675736 92.3
2399522400 39440913136 95.0 21379586562563096 92.3
2399703800 39440953636 95.0 21379609589197848 92.3
2400434100 39440954536 95.0 21379610313985048 92.3
2400682700 39440968936 95.0 21379623026071576 92.3
2400878800 39440969836 95.0 21379625106839576 92.3
2401325500 39441041136 95.0 21379699552958488 92.3
2402197400 39441064236 95.0 21379731923488792 92.3
2403132300 39441143936 95.0 21379804867751960 92.3
2403563700 39441145436 95.0 21379806650034584 92.3
2405251600 39441151636 95.0 21379813792178584 92.3
2407104800 39441152036 95.0 21379814780748184 92.3
2407182200 39441152136 95.0 21379814827647384 92.3
2408504500 39441161536 95.0 21379821393330584 92.3
2415128600 39441168336 95.0 21379846959040920 92.3
2422282500 39441175936 95.0 21379856205464984 92.3
2424883100 39441180936 95.0 21379868178673048 92.3
2431060100 39441191636 95.0 21379880346045848 92.3
2432038700 39441191836 95.0 21379880353009048 92.3
2432356500 39441192036 95.0 21379880418279448 92.3
2433180000 39441196236 95.0 21379881911427608 92.3
2433619300 39441197136 95.0 21379884610417688 92.3
2434610400 39441197636 95.0 21379886720605464 92.3
2436222200 39441199436 95.0 21379888306330136 92.3
2442269800 39441239736 95.0 21379912792769048 92.3