# 222485970944 44980501001273344 950340 1943130800 1432792162776200 0 0
0 178141839360 80.1 7609702795968512 16.9
3347800 195930335232 88.1 23637119511560192 52.5
5195400 199801416960 89.8 26956419488022528 59.9
6780100 201926054016 90.8 28756241102667776 63.9
8203000 203375465856 91.4 29972624964583424 66.6
9514300 204470261504 91.9 30884494571470848 68.7
10743100 205346042880 92.3 31609325197721600 70.3
11902400 206073938688 92.6 32208876459786240 71.6
13005200 206694990464 92.9 32718272164003840 72.7
14065100 207234267328 93.1 33158438867435520 73.7
15079200 207709948224 93.4 33545376464109568 74.6
16065700 208134006720 93.5 33889311606702080 75.3
17016900 208516176416 93.7 34198453353447424 76.0
17936100 208863219904 93.9 34478849722941440 76.7
18835200 209180199104 94.0 34733831797866496 77.2
19705800 209471460992 94.2 34967882366451712 77.7
20554800 209740895104 94.3 35183993628393472 78.2
21385400 209990345920 94.4 35384137879650304 78.7
22196700 210222967616 94.5 35570105333055488 79.1
23001100 210440487904 94.6 35743875330998272 79.5
23774600 210644401200 94.7 35906509216940032 79.8
23775000 210644401300 94.7 35906509239058432 79.8
25297000 211016436628 94.8 36203095051567104 80.5
25302800 211016869928 94.8 36203255550869504 80.5
26752000 211347891528 95.0 36466907537375232 81.1
26760900 211348700728 95.0 36467217577541632 81.1
28188900 211646485912 95.1 36703959731666944 81.6
28198800 211647259712 95.1 36704263752974336 81.6
29563900 211917125824 95.2 36918609431035904 82.1
29571200 211917845224 95.2 36918884710285312 82.1
30897600 212163985016 95.4 37113999286403072 82.5
30905500 212164663116 95.4 37114254556495872 82.5
32213300 212390073820 95.5 37292895131238400 82.9
32225500 212390715520 95.5 37293144035328000 82.9
33482900 212598017520 95.6 37457579760713728 83.3
33486400 212598360320 95.6 37457758261116928 83.3
34730600 212790163824 95.6 37609548696813568 83.6
34740000 212790482124 95.6 37609723567144960 83.6
35941000 212968715308 95.7 37750678085566464 83.9
35946800 212969054008 95.7 37750845249257472 83.9
37165800 213135239912 95.8 37882265091276800 84.2
37172900 213135547812 95.8 37882425147392000 84.2
38896900 213135548212 95.8 37882425398272000 84.2
38897300 213365235604 95.9 38063651241336832 84.6
38899300 213365417904 95.9 38063687113695232 84.6
40605900 213365418004 95.9 38063687142776832 84.6
40606100 213573845716 96.0 38228120318025728 85.0
40606800 213574112716 96.0 38228173763862528 85.0
42304000 213764886412 96.1 38378660374994944 85.3
42304200 213764886812 96.1 38378660428857344 85.3
42306000 213765139612 96.1 38378709414354944 85.3
43924300 213940282908 96.2 38516804658962432 85.6
43924500 213940540908 96.2 38516856732639232 85.6
45524200 214102775420 96.2 38644544625565696 85.9
45536400 214103001420 96.2 38644657914167296 85.9
47106200 214253008428 96.3 38762562970501120 86.2
47108100 214253080528 96.3 38762578830622720 86.2
47117400 214253438428 96.3 38762739992248320 86.2
48587800 214392836524 96.4 38872560343072768 86.4
48589400 214393045324 96.4 38872602864877568 86.4
48602400 214393469524 96.4 38872819638927360 86.4
50593300 214565642420 96.4 39008461500907520 86.7
50594400 214565918320 96.4 39008520426987520 86.7
50606300 214566317720 96.4 39008721835089920 86.7
52518700 214566317820 96.4 39008721851883520 86.7
52520400 214724122412 96.5 39132740341178368 87.0
52539500 214724516812 96.5 39132942489624576 87.0
54458900 214724517012 96.5 39132942508261376 87.0
54459400 214724517212 96.5 39132942537957376 87.0
54459600 214869938012 96.6 39247171295223808 87.3
54472500 214870464612 96.6 39247378402484224 87.3
56319800 215005016420 96.6 39352990540996608 87.5
56320100 215005016520 96.6 39352990571511808 87.5
56341700 215005291520 96.6 39353115037073408 87.5
56342700 215005517120 96.6 39353160926814208 87.5
58149800 215005853120 96.6 39353323759607808 87.5
58150300 215130822720 96.7 39451496310120448 87.7
58153100 215131048920 96.7 39451540647272448 87.7
60432900 215275517816 96.8 39564820434870272 88.0
60454100 215275920416 96.8 39565017382330368 88.0
60456100 215275920616 96.8 39565017397075968 88.0
60457300 215276161516 96.8 39565071959891968 88.0
62621100 215409210316 96.8 39669398896549888 88.2
62642100 215409512716 96.8 39669545645973504 88.2
62642200 215409512916 96.8 39669545677512704 88.2
62643600 215409513316 96.8 39669545758613504 88.2
62644300 215409745816 96.8 39669595343970304 88.2
64739900 215409820016 96.8 39669631020744704 88.2
64740500 215532841520 96.9 39766094803419136 88.4
64760900 215533196820 96.9 39766273933590528 88.4
64761400 215533479920 96.9 39766351457763328 88.4
66876200 215647586024 96.9 39855679856918528 88.6
66880400 215647769124 96.9 39855717276131328 88.6
66880500 215647910224 96.9 39855747005104128 88.6
66883600 215647910324 96.9 39855747019644928 88.6
66884000 215648255224 96.9 39855917115875328 88.6
69319700 215775428024 97.0 39955519269740544 88.8
69324300 215775428124 97.0 39955519287967744 88.8
69324600 215775555224 97.0 39955544143314944 88.8
69325400 215775555424 97.0 39955544189190144 88.8
71712600 215775555524 97.0 39955544211513344 88.8
71713100 215893136324 97.0 40047392925999104 89.0
71713300 215893375024 97.0 40047440503087104 89.0
71717000 215893444424 97.0 40047455029346304 89.0
71752100 215893737924 97.0 40047612695445504 89.0
74164600 215894082924 97.0 40047795064930304 89.0
74165000 215894083124 97.0 40047795114901504 89.0
74166000 216002762228 97.1 40132647361216512 89.2
74166900 216002985828 97.1 40132692214669312 89.2
76498300 216104234324 97.1 40211513899081728 89.4
76522100 216104406624 97.1 40211597086793728 89.4
76522900 216104406724 97.1 40211597108912128 89.4
76525200 216104661424 97.1 40211650941206528 89.4
79143100 216104661724 97.1 40211651035209728 89.4
79143800 216214562524 97.2 40297197254287360 89.6
79167600 216214938724 97.2 40297374399111168 89.6
79168800 216214938824 97.2 40297374408531968 89.6
79171500 216215169224 97.2 40297423871623168 89.6
81738100 216316506928 97.2 40376414771036160 89.8
81760100 216316873228 97.2 40376594030362624 89.8
81761300 216316873328 97.2 40376594047156224 89.8
81763000 216317088428 97.2 40376637290676224 89.8
84324400 216411132924 97.3 40449846962782208 89.9
84332300 216411545724 97.3 40450048827392000 89.9
84359900 216411597624 97.3 40450074394214400 89.9
84364200 216411810824 97.3 40450115180544000 89.9
84365000 216411810924 97.3 40450115202867200 89.9
84367900 216411811024 97.3 40450115413901408 89.9
87226900 216511590328 97.3 40527738206847072 90.1
87228100 216511590428 97.3 40527738417881968 90.1
87258000 216511832328 97.3 40527790700864368 90.1
87259300 216511832428 97.3 40527790714176368 90.1
87260000 216512168928 97.3 40527957649523568 90.1
90102800 216512169028 97.3 40527957649933168 90.1
90103900 216604650324 97.4 40599874864038768 90.3
90114000 216605023324 97.4 40600054404203376 90.3
90114600 216605023424 97.4 40600054430212976 90.3
90118800 216605175924 97.4 40600088454660976 90.3
92933800 216701779628 97.4 40675023638266736 90.4
92938900 216701806528 97.4 40675028894868336 90.4
92941300 216702194928 97.4 40675219539092336 90.4
92975500 216702195028 97.4 40675219569607536 90.4
92976400 216702267328 97.4 40675254829613936 90.4
96032800 216791563728 97.4 40744450947056496 90.6
96036800 216791563928 97.4 40744451152266096 90.6
96037400 216791800328 97.4 40744502602531696 90.6
96048400 216791981428 97.4 40744542969430896 90.6
96053400 216792316128 97.4 40744704500925296 90.6
96054000 216792316228 97.4 40744704510960496 90.6
96055400 216792316328 97.4 40744704511370096 90.6
99074500 216884385032 97.5 40815964897469296 90.7
99084900 216884433832 97.5 40815975111664496 90.7
99126600 216884434032 97.5 40815975150166896 90.7
99127000 216884811632 97.5 40816144401605488 90.7
102369200 216885020832 97.5 40816242292523888 90.7
102419500 216885272832 97.5 40816292245906288 90.7
102420000 216970541936 97.5 40882135004717936 90.9
105559300 217057452832 97.6 40949187056870256 91.0
105598200 217057749632 97.6 40949326290559856 91.0
108738700 217138342336 97.6 41011247027004272 91.2
108752700 217138483536 97.6 41011276299477872 91.2
108752800 217138517436 97.6 41011283107439472 91.2
108767500 217138907736 97.6 41011467652309872 91.2
112126800 217138992936 97.6 41011484401673072 91.2
112132300 217220128328 97.6 41074051471975280 91.3
112184700 217220128428 97.6 41074051494093680 91.3
112185600 217220336428 97.6 41074144815924080 91.3
115390300 217220366928 97.6 41074159170560880 91.3
115396700 217295843632 97.7 41132373392171888 91.4
115398500 217295843732 97.7 41132373392581488 91.4
115441300 217296462632 97.7 41132618152960880 91.4
115442600 217296630932 97.7 41132699898880880 91.4
118766600 217372341028 97.7 41190901386584944 91.6
118774900 217372386828 97.7 41190910216946544 91.6
118779800 217372609328 97.7 41190955994047344 91.6
118781800 217372671028 97.7 41190968570815344 91.6
118798500 217373024028 97.7 41191132825133936 91.6
121892400 217373155628 97.7 41191162034529136 91.6
121899100 217443646124 97.7 41245306501997424 91.7
121900400 217443646224 97.7 41245306502407024 91.7
121901000 217443670624 97.7 41245317946631024 91.7
121952700 217443914724 97.7 41245431252231024 91.7
125257100 217514687428 97.8 41299846243918704 91.8
125295100 217514702528 97.8 41299849389851504 91.8
125298000 217514944428 97.8 41299906685928304 91.8
125305000 217514972828 97.8 41299911437493104 91.8
125305300 217515026128 97.8 41299922768053104 91.8
125347400 217515284728 97.8 41300051004187504 91.8
125363200 217515499328 97.8 41300147459048304 91.8
128038800 217515602628 97.8 41300189445915504 91.8
128052800 217515649528 97.8 41300210259739504 91.8
128091500 217515695128 97.8 41300219234689904 91.8
128098100 217515717928 97.8 41300229842715504 91.8
128107000 217515761528 97.8 41300251057333104 91.8
128111700 217586394728 97.8 41354467377423216 91.9
128150000 217586466728 97.8 41354500216284016 91.9
128162600 217586615728 97.8 41354561925186416 91.9
131650800 217655076928 97.8 41407168219743088 92.1
131688300 217655163028 97.8 41407206095455088 92.1
131690000 217655233228 97.8 41407239459013488 92.1
131742600 217657330628 97.8 41408596916929392 92.1
131754100 217657417028 97.8 41408636244878192 92.1
134661800 217722662628 97.9 41458771427484528 92.2
134703500 217722706828 97.9 41458789596930928 92.2
134703700 217722773928 97.9 41458807237174128 92.2
134709300 217722839628 97.9 41458820928668528 92.2
134714300 217722904728 97.9 41458857880322928 92.2
134719000 217723137928 97.9 41458907616822128 92.2
134780700 217723332828 97.9 41458992688694128 92.2
137675400 217788412728 97.9 41508908437898096 92.3
137731800 217788552628 97.9 41508969761366896 92.3
137739800 217788698128 97.9 41509000685962096 92.3
137814700 217789088728 97.9 41509173538800496 92.3
140874400 217789089028 97.9 41509174171910192 92.3
140874900 217789089128 97.9 41509174382945392 92.3
140875000 217790887728 97.9 41510315766441072 92.3
140886500 217853984028 97.9 41558850524275824 92.4
140952200 217854339628 97.9 41559007478277232 92.4
144040400 217854582928 97.9 41559104685163632 92.4
144046700 217854637128 97.9 41559130181831792 92.4
144079400 217854819428 97.9 41559167332437104 92.4
144088300 217854836628 97.9 41559175713672304 92.4
144092400 217854847328 97.9 41559178135022704 92.4
144092800 217918992228 97.9 41608316218322032 92.5
144109800 217919052928 97.9 41608337769426032 92.5
144118100 217919075728 97.9 41608343058181232 92.5
144154400 217919146328 97.9 41608371351506032 92.5
147675700 217919270628 97.9 41608427488861296 92.5
147679300 217919286928 97.9 41608434072566896 92.5
147687200 217982943628 98.0 41657090456829040 92.6
147701200 217983011528 98.0 41657106175229040 92.6
147760300 217983095928 98.0 41657123625417840 92.6
147760900 217983157528 98.0 41657147856739440 92.6
147779600 217983372828 98.0 41657258505034864 92.6
147789700 217983431028 98.0 41657275270986864 92.6
150564400 218046381328 98.0 41705383245806704 92.7
150564600 218046563428 98.0 41705455059745904 92.7
150573800 218046649228 98.0 41705475088366704 92.7
150575800 218046680528 98.0 41705481901653104 92.7
150576500 218046718828 98.0 41705490533563504 92.7
150642200 218047033028 98.0 41705642584456304 92.7
153510700 218109063728 98.0 41753029159959664 92.8
153520900 218109097928 98.0 41753045224676464 92.8
153530200 218109136528 98.0 41753058146942064 92.8
153585800 218109173028 98.0 41753074331466864 92.8
153588300 218109244128 98.0 41753101529930864 92.8
153594700 218109269828 98.0 41753106807626864 92.8
153596300 218109349228 98.0 41753121657265264 92.8
153596600 218109349328 98.0 41753121657674864 92.8
153606700 218109380828 98.0 41753137640881264 92.8
157109500 218109658028 98.0 41753214625815664 92.8
157139900 218171100828 98.1 41800199852563568 92.9
157156500 218171131628 98.1 41800214803577968 92.9
157184400 218171148828 98.1 41800222497094768 92.9
157195500 218171200228 98.1 41800234206534768 92.9
157200600 218171588728 98.1 41800423666195568 92.9
157273400 218171675428 98.1 41800468296621168 92.9
160687000 218171773428 98.1 41800513546771568 92.9
160702700 218232628728 98.1 41846876284279920 93.0
160714000 218232645228 98.1 41846882645163120 93.0
160735000 218232900328 98.1 41846946166750320 93.0
160746300 218232917528 98.1 41846950408363120 93.0
160768200 218232935528 98.1 41846958155127920 93.0
160776600 218232972728 98.1 41846976103595120 93.0
160788800 218233100928 98.1 41847032796740720 93.0
160792700 218233101028 98.1 41847032806161520 93.0
160845600 218233121528 98.1 41847040945323120 93.0
160847300 218233139128 98.1 41847048432196720 93.0
160851400 218233155328 98.1 41847055519300720 93.0
164515900 218233324428 98.1 41847117649886320 93.0
164547800 218233331228 98.1 41847119181585520 93.0
164561900 218293228428 98.1 41892706186763376 93.1
164573700 218293295328 98.1 41892726017547376 93.1
164582100 218293310028 98.1 41892732747070576 93.1
164631700 218293413928 98.1 41892784711384176 93.1
164659600 218293446328 98.1 41892799768075376 93.1
164680400 218293492928 98.1 41892811441880176 93.1
164690800 218293530028 98.1 41892822017956976 93.1
164694000 218293566428 98.1 41892830372772976 93.1
164697700 218293583528 98.1 41892838137150576 93.1
168571400 218293621128 98.1 41892845766564976 93.1
168583600 218294040228 98.1 41893044573690992 93.1
168605900 218294054728 98.1 41893054327700592 93.1
168633500 218294054928 98.1 41893054358830192 93.1
168633700 218355052328 98.1 41939294964153456 93.2
168644100 218355144828 98.1 41939316364934256 93.2
168706100 218355211128 98.1 41939345685331056 93.2
168731400 218355283728 98.1 41939373298105456 93.2
168825000 218355366628 98.1 41939408733011056 93.2
173087500 218413625528 98.2 41983774931483760 93.3
173091200 218413740228 98.2 41983827896245360 93.3
173112600 218413740328 98.2 41983827906894960 93.3
173114600 218413874828 98.2 41983864375016560 93.3
173174600 218413945228 98.2 41983880713755760 93.3
173181600 218415500028 98.2 41984932206369904 93.3
173190300 218415591028 98.2 41984976089070704 93.3
173207700 218415647928 98.2 41984993091976304 93.3
173221000 218415670428 98.2 41985000355413104 93.3
178178100 218415949528 98.2 41985131530837104 93.3
178185100 218415989728 98.2 41985151728622704 93.3
178246100 218416019528 98.2 41985160244411504 93.3
178253700 218416055828 98.2 41985169216699504 93.3
178267500 218474444828 98.2 42029304107695216 93.4
178268000 218474457028 98.2 42029309011221616 93.4
178289300 218474457128 98.2 42029309025557616 93.4
178291000 218474487028 98.2 42029323870895216 93.4
178399400 218474583928 98.2 42029371991317616 93.4
184495500 218474595728 98.2 42029377834056816 93.4
184518900 218474702028 98.2 42029413367266416 93.4
184520300 218533405928 98.2 42073560069422192 93.5
184523400 218533453228 98.2 42073571235732592 93.5
184528400 218533509228 98.2 42073593395706992 93.5
184551400 218533524328 98.2 42073600297057392 93.5
184575100 218533548328 98.2 42073610186849392 93.5
184592200 218533561528 98.2 42073615275310192 93.5
184626900 218533802328 98.2 42073683835796592 93.5
184659000 218533817228 98.2 42073691256929392 93.5
184665500 218533833228 98.2 42073700179041392 93.5
184669700 218533955428 98.2 42073755807226992 93.5
184701400 218534055028 98.2 42073802881530992 93.5
189895400 218589529928 98.2 42115743606275184 93.6
189916100 218589606028 98.2 42115760731446384 93.6
189924000 218589643228 98.2 42115769781558384 93.6
189928600 218589672528 98.2 42115785398991984 93.6
189939500 218589705528 98.2 42115795994729584 93.6
189943300 218589753728 98.2 42115806184758384 93.6
189963300 218589802128 98.2 42115820424092784 93.6
190022500 218590054128 98.2 42115936060111984 93.6
190048900 218591508428 98.2 42116935593819248 93.6
190065600 218591612528 98.2 42116983919860848 93.6
190080400 218591624928 98.2 42116989629480048 93.6
196506400 218591639228 98.2 42116997780724848 93.6
196573300 218591819028 98.2 42117082257243248 93.6
196582600 218591902128 98.2 42117114028276848 93.6
196589900 218591928728 98.2 42117126529678448 93.6
196591800 218591977728 98.2 42117144229928048 93.6
196599200 218647275128 98.3 42158712483699824 93.7
196662000 218648674028 98.3 42159633820703856 93.7
196669000 218648764028 98.3 42159672607161456 93.7
196679600 218648779128 98.3 42159679605587056 93.7
196684500 218648786028 98.3 42159681369939056 93.7
196707800 218648829328 98.3 42159696740383856 93.7
196708200 218648840428 98.3 42159702391020656 93.7
203320900 218648942028 98.3 42159753673555056 93.7
203325300 218648958328 98.3 42159762226412656 93.7
203342500 218649031228 98.3 42159795077971056 93.7
203375600 218649061028 98.3 42159805247724656 93.7
203427200 218649072728 98.3 42159809951980656 93.7
203432100 218649153428 98.3 42159839100140656 93.7
203436400 218649165828 98.3 42159844302265456 93.7
203450900 218649176428 98.3 42159850077625456 93.7
203454600 218705280828 98.3 42202005173247088 93.8
203469600 218705302328 98.3 42202009872383088 93.8
203471600 218705315128 98.3 42202016140287088 93.8
203490000 218705475828 98.3 42202053392587888 93.8
203490500 218705522328 98.3 42202077053746288 93.8
203499600 218705533228 98.3 42202082294987888 93.8
203521800 218705587728 98.3 42202102670130288 93.8
203542700 218705601428 98.3 42202108901579888 93.8
203594800 218705637428 98.3 42202124705381488 93.8
203597200 218705649628 98.3 42202130399845488 93.8
203604700 218705661728 98.3 42202134896843888 93.8
209136000 218705792228 98.3 42202190935448688 93.8
209174500 218705889928 98.3 42202235710667888 93.8
209235500 218759632528 98.3 42242462735072368 93.9
209272900 218759643928 98.3 42242469464800368 93.9
209279700 218759803128 98.3 42242540391545968 93.9
209279800 218760004628 98.3 42242585913875568 93.9
209396300 218760074528 98.3 42242618431609968 93.9
216295200 218760182428 98.3 42242668119981168 93.9
216307100 218760195128 98.3 42242672196729968 93.9
216327500 218760229728 98.3 42242689548409968 93.9
216337000 218760240728 98.3 42242694412205168 93.9
216339100 218760252328 98.3 42242700289350768 93.9
216377300 218811515228 98.3 42281081832578160 94.0
216383300 218811528728 98.3 42281090207874160 94.0
216421300 218811552728 98.3 42281098996251760 94.0
216430300 218811612428 98.3 42281113649691760 94.0
216437500 218811635528 98.3 42281118556494960 94.0
216439400 218811647228 98.3 42281124015848560 94.0
216443000 218811751528 98.3 42281158335618160 94.0
216445200 218811776228 98.3 42281169455848560 94.0
216468100 218811813728 98.3 42281181101800560 94.0
216498500 218811823328 98.3 42281185547394160 94.0
216501400 218813173828 98.3 42282055090117744 94.0
223265800 218813184428 98.3 42282059169938544 94.0
223298700 218813312028 98.3 42282104188664944 94.0
223306100 218813345528 98.3 42282113067973744 94.0
223318800 218813353728 98.3 42282117703621744 94.0
223372600 218813377328 98.3 42282127360965744 94.0
223411400 218813397528 98.3 42282136970796144 94.0
223419400 218813498228 98.3 42282176312261744 94.0
223423600 218813554828 98.3 42282200955231344 94.0
223454900 218865236628 98.4 42320766523546736 94.1
223522500 218865362028 98.4 42320820250983536 94.1
230758000 218915678728 98.4 42358384710237296 94.2
230875300 218915746728 98.4 42358414983158896 94.2
230876500 218915746828 98.4 42358415001181296 94.2
230905900 218915957628 98.4 42358466460867696 94.2
238300400 218965078928 98.4 42395106180947056 94.3
238370400 218965530528 98.4 42395319001734256 94.3
238371700 218965530628 98.4 42395319018732656 94.3
238387600 218965547228 98.4 42395325461535856 94.3
238388000 218965547328 98.4 42395325492051056 94.3
238416200 218965644128 98.4 42395354875116656 94.3
238508300 218966104628 98.4 42395512177491056 94.3
238524000 218966209228 98.4 42395562995539056 94.3
238577000 218966216328 98.4 42395566582201456 94.3
246931900 219014107028 98.4 42431278174108784 94.3
246958400 219014121828 98.4 42431283977731184 94.3
246969100 219014149128 98.4 42431294168579184 94.3
246969400 219014149228 98.4 42431294199094384 94.3
246974200 219014160928 98.4 42431298628508784 94.3
246987800 219014202028 98.4 42431309920566384 94.3
246992300 219014229328 98.4 42431316344299632 94.3
247061000 219014282928 98.4 42431338329170032 94.3
247101500 219015487528 98.4 42432109693198448 94.3
247118600 219015615928 98.4 42432165420507248 94.3
247151800 219015711628 98.4 42432207170625648 94.3
256586100 219015763928 98.4 42432224914088048 94.3
256600200 219015894628 98.4 42432277956264048 94.3
256605200 219015911428 98.4 42432284704219248 94.3
256618700 219064046928 98.5 42468111975030896 94.4
256640800 219064138228 98.5 42468132580778096 94.4
256734200 219064161128 98.5 42468143340560496 94.4
256753300 219064194328 98.5 42468151705002096 94.4
256758300 219064249328 98.5 42468178740854896 94.4
256769400 219064268028 98.5 42468185527722096 94.4
256780200 219064446728 98.5 42468273425219696 94.4
256793600 219064456128 98.5 42468277702262896 94.4
256796300 219064503628 98.5 42468289104298096 94.4
256935600 219064592628 98.5 42468328115216496 94.4
267143300 219064653728 98.5 42468358390390896 94.4
267229200 219113026728 98.5 42504214555762800 94.5
267230600 219113026828 98.5 42504214571122800 94.5
267272600 219113035028 98.5 42504218451878000 94.5
267274100 219113042828 98.5 42504221874495600 94.5
267295100 219113240128 98.5 42504267998527600 94.5
267414200 219113443528 98.5 42504362592985200 94.5
267499800 219113599628 98.5 42504439861158000 94.5
274864100 219113620728 98.5 42504456310148208 94.5
274944600 219113686228 98.5 42504498152533104 94.5
274958400 219113749328 98.5 42504542025645168 94.5
275022500 219113779728 98.5 42504562990716016 94.5
275025300 219113801628 98.5 42504574247061616 94.5
275065600 219113843528 98.5 42504607974484080 94.5
275066000 219113847228 98.5 42504608976365680 94.5
275110600 219113853028 98.5 42504610120992880 94.5
275132400 219113856528 98.5 42504610928314480 94.5
275154900 219113885228 98.5 42504628623769712 94.5
275195200 219113927228 98.5 42504658254567536 94.5
275204400 219113952128 98.5 42504669824075888 94.5
275234300 219113956928 98.5 42504672531531888 94.5
275251400 219113964928 98.5 42504675903768688 94.5
275252000 219113980228 98.5 42504680508696688 94.5
275253300 219113987728 98.5 42504683553458288 94.5
275344600 219114022628 98.5 42504706694881392 94.5
275350600 219114082828 98.5 42504743019937904 94.5
275371500 219114089328 98.5 42504745731285104 94.5
275396500 219114108228 98.5 42504757993209968 94.5
275426900 219114137228 98.5 42504772251897968 94.5
275461600 219114233528 98.5 42504831659053168 94.5
275475300 219114265728 98.5 42504850762952816 94.5
275482900 219114348928 98.5 42504897096194160 94.5
275490500 219114393228 98.5 42504922870126704 94.5
275494200 219114411228 98.5 42504929949448304 94.5
275498300 219114419728 98.5 42504932695611504 94.5
275499200 219114474228 98.5 42504967565850736 94.5
275564100 219114531328 98.5 42505002848114800 94.5
275588500 219114558928 98.5 42505021669542000 94.5
275599900 219114565428 98.5 42505024248588400 94.5
275612600 219114569828 98.5 42505026092812400 94.5
275618200 219114581928 98.5 42505029768153200 94.5
275632000 219114610728 98.5 42505043340044400 94.5
275641100 219114628028 98.5 42505052091805808 94.5
275658700 219114658328 98.5 42505072326760560 94.5
275698700 219114688128 98.5 42505087957201008 94.5
275711700 219114694728 98.5 42505090317930608 94.5
275720900 219114705228 98.5 42505094031773808 94.5
275732400 219114710428 98.5 42505095534391408 94.5
275749800 219114714528 98.5 42505096693764208 94.5
275753500 219114717928 98.5 42505097646493808 94.5
275757400 219114723028 98.5 42505102604497008 94.5
275761300 219114858028 98.5 42505188303163504 94.5
275811900 219114879228 98.5 42505198470664304 94.5
275816200 219114963828 98.5 42505256369377392 94.5
275824100 219114970128 98.5 42505258371502192 94.5
275824300 219114984728 98.5 42505265550151792 94.5
275872200 219114988228 98.5 42505266274734192 94.5
275883600 219114996028 98.5 42505269482311792 94.5
275884700 219115003628 98.5 42505272213319792 94.5
275890300 219115021628 98.5 42505279313022064 94.5
275895600 219115039828 98.5 42505288577684592 94.5
275896100 219115060728 98.5 42505298043778160 94.5
275912900 219115092928 98.5 42505315378336880 94.5
275923200 219115105928 98.5 42505320151200880 94.5
275942500 219115120228 98.5 42505327070573680 94.5
275947600 219115162328 98.5 42505352841440368 94.5
275983800 219115167828 98.5 42505354744441968 94.5
275995800 219115183728 98.5 42505360314182768 94.5
276003100 219115217528 98.5 42505379708963952 94.5
276020700 219115236728 98.5 42505393089788016 94.5
276054900 219115256828 98.5 42505399728789616 94.5
276074100 219115258728 98.5 42505400136136816 94.5
276074500 219115269528 98.5 42505404399048816 94.5
276119800 219115283128 98.5 42505409797986416 94.5
276150300 219115300528 98.5 42505418407673968 94.5
276153700 219115304728 98.5 42505419599200368 94.5
276163900 219115382228 98.5 42505469321285744 94.5
276179800 219115388828 98.5 42505471159980144 94.5
276180900 219115399228 98.5 42505474928504944 94.5
276232400 219115411828 98.5 42505481366207088 94.5
276250000 219115459828 98.5 42505507623133808 94.5
276305400 219163952128 98.5 42542223977341552 94.6
276318100 219163963328 98.5 42542228227351152 94.6
276340200 219163969928 98.5 42542230274736752 94.6
276417200 219163984128 98.5 42542237734666352 94.6
276444600 219163996828 98.5 42542243078103152 94.6
276572900 219164000728 98.5 42542244282736752 94.6
276658800 219164009128 98.5 42542246630154352 94.6
278174100 219211120128 98.5 42577124553810032 94.7
278195400 219211146628 98.5 42577129769042032 94.7
278196300 219211172528 98.5 42577136611410032 94.7
278213300 219212309128 98.5 42577881859866736 94.7
278245600 219212419528 98.5 42577941108301936 94.7
278381600 219212672428 98.5 42578057024897136 94.7
278383400 219212716928 98.5 42578075681357936 94.7
278413500 219212759728 98.5 42578086695297136 94.7
279597100 219212779028 98.5 42578097908704368 94.7
279630500 219212817828 98.5 42578117080665200 94.7
279771400 219212827028 98.5 42578122707750000 94.7
279799000 219212866428 98.5 42578142261443696 94.7
279869500 219212881828 98.5 42578150520003696 94.7
279877200 219212892128 98.5 42578153476906096 94.7
279886400 219212920628 98.5 42578168481801328 94.7
279886500 219212924728 98.5 42578171798946928 94.7
279902700 219212926528 98.5 42578172022588528 94.7
279927900 219212932128 98.5 42578173564118128 94.7
279948300 219212989028 98.5 42578202895934576 94.7
279957000 219213001228 98.5 42578208268452976 94.7
279971900 219213176028 98.5 42578326802613360 94.7
279978500 219213272528 98.5 42578382126769264 94.7
279980900 219213289328 98.5 42578391568895088 94.7
279984500 219213297928 98.5 42578397941656688 94.7
280050300 219213320828 98.5 42578409817639024 94.7
280067600 219213339428 98.5 42578418347664496 94.7
280079600 219213373628 98.5 42578438433696880 94.7
280096700 219213396428 98.5 42578450071456880 94.7
280128300 219213427528 98.5 42578473468701808 94.7
280139500 219213434128 98.5 42578475768810608 94.7
280152000 219213447028 98.5 42578481436036208 94.7
280154100 219213482328 98.5 42578501514042480 94.7
280194400 219213486628 98.5 42578503761927280 94.7
280203700 219213498028 98.5 42578512504072304 94.7
280219700 219213506028 98.5 42578514631944304 94.7
280235800 219213562828 98.5 42578547507517552 94.7
280242500 219213568928 98.5 42578548932720752 94.7
280251700 219213570928 98.5 42578549536266352 94.7
280259400 219213572328 98.5 42578549850634352 94.7
280262100 219213599328 98.5 42578562247147632 94.7
280276600 219259333128 98.5 42613300318027888 94.7
280286900 219259355928 98.5 42613311832367216 94.7
280289300 219259364428 98.5 42613315666018416 94.7
280290600 219259390728 98.5 42613331480986736 94.7
280290700 219259407028 98.5 42613341584253040 94.7
280292100 219259410228 98.5 42613342335049840 94.7
280294500 219259417628 98.5 42613345491632240 94.7
280308400 219259453528 98.5 42613364431158896 94.7
280312500 219259474228 98.5 42613375134028400 94.7
280326800 219259490728 98.5 42613385303421552 94.7
280326900 219259547828 98.5 42613420955255408 94.7
280327600 219259559928 98.5 42613425359069808 94.7
280332400 219259563428 98.5 42613426176017008 94.7
280338800 219259568028 98.5 42613428908663408 94.7
280342100 219259571328 98.5 42613430132957808 94.7
280348300 219259599728 98.5 42613457702992496 94.7
280367600 219259608528 98.5 42613460219370096 94.7
280403100 219259628928 98.5 42613472783109744 94.7
280404900 219259705028 98.5 42613511774973552 94.7
280421600 219259716028 98.5 42613516922211952 94.7
280424300 219259776228 98.5 42613551278216816 94.7
280438800 219259851228 98.5 42613608616953456 94.7
280484900 219259875828 98.5 42613629615871600 94.7
280489700 219259906528 98.5 42613641279026800 94.7
280496800 219259950828 98.6 42613674544367216 94.7
280507800 219259965928 98.6 42613683421648496 94.7
280514900 219259978628 98.6 42613688090064496 94.7
280567300 219259992128 98.6 42613698267820656 94.7
280586400 219259993928 98.6 42613698857030256 94.7
280590300 219260000428 98.6 42613702358086256 94.7
280608800 219260042528 98.6 42613723703784048 94.7
280666300 219260051028 98.6 42613726640820848 94.7
280674500 219260067928 98.6 42613736369641072 94.7
280702300 219260118628 98.6 42613766062050928 94.7
280707600 219260125028 98.6 42613768674274928 94.7
280761600 219260133128 98.6 42613772160790128 94.7
280770100 219260161628 98.6 42613786510007920 94.7
280826400 219260177328 98.6 42613792777194608 94.7
280872700 219260189828 98.6 42613799178389104 94.7
280881700 219260246428 98.6 42613832778053232 94.7
280888100 219260254728 98.6 42613836467934832 94.7
280892700 219260337928 98.6 42613888857327216 94.7
280893800 219260351528 98.6 42613897932542576 94.7
280944800 219260378328 98.6 42613909174628976 94.7
280972400 219260396828 98.6 42613919627550320 94.7
281029800 219260412828 98.6 42613925318737520 94.7
284645300 219260472228 98.6 42613964694380144 94.7
284779500 219260489228 98.6 42613970828549744 94.7
284822400 219260530128 98.6 42613994615369328 94.7
284902800 219260574228 98.6 42614023328276080 94.7
284957400 219260579728 98.6 42614025451028080 94.7
284977900 219260658528 98.6 42614084190920304 94.7
285041800 219260689428 98.6 42614106515224176 94.7
285123300 219260720128 98.6 42614128533972592 94.7
285135600 219260725128 98.6 42614129308321392 94.7
285198500 219260737428 98.6 42614137950240368 94.7
285234600 219260745828 98.6 42614140959571568 94.7
285266400 219260778728 98.6 42614169051692656 94.7
285277400 219260783928 98.6 42614171682348656 94.7
285284900 219260796928 98.6 42614178562743408 94.7
285325100 219260804628 98.6 42614180990442608 94.7
285332500 219260811028 98.6 42614182926826608 94.7
285336200 219260857128 98.6 42614212530320496 94.7
285336800 219260906428 98.6 42614240259720304 94.7
285393000 219260910628 98.6 42614242264097904 94.7
285396300 219260918728 98.6 42614245253358704 94.7
285396600 219260935028 98.6 42614251735893104 94.7
285405000 219260939228 98.6 42614253779387504 94.7
285420400 219260970328 98.6 42614273190683760 94.7
285424400 219260982028 98.6 42614278348162160 94.7
285426600 219260991428 98.6 42614281047221360 94.7
285451400 219260995628 98.6 42614282350363760 94.7
285457300 219261015228 98.6 42614293689628784 94.7
285460200 219261030528 98.6 42614302832916592 94.7
285524800 219261037028 98.6 42614305148794992 94.7
285524900 219261050928 98.6 42614314100977776 94.7
285535100 219261066728 98.6 42614323895577712 94.7
285550000 219261075028 98.6 42614326366080112 94.7
285574700 219261096828 98.6 42614339029048432 94.7
285598000 219261121828 98.6 42614351048146032 94.7
285601100 219261129228 98.6 42614353549982832 94.7
285610200 219261183328 98.6 42614387562200176 94.7
285630400 219261205228 98.6 42614400307832944 94.7
285659800 219261211128 98.6 42614402015455344 94.7
285697300 219261225028 98.6 42614407651141744 94.7
285742000 219305653728 98.6 42647990952536176 94.8
285758900 219305656028 98.6 42647991546865776 94.8
285759300 219305697828 98.6 42648014929236080 94.8
285803500 219305715328 98.6 42648025082060912 94.8
285815600 219305721928 98.6 42648027595161712 94.8
285827300 219305770328 98.6 42648056169676912 94.8
285841300 219305818828 98.6 42648086053294192 94.8
285842500 219305820628 98.6 42648086721966192 94.8
285844000 219305842028 98.6 42648098162691184 94.8
285845100 219305843228 98.6 42648098477468784 94.8
285863100 219305858728 98.6 42648108873771120 94.8
285863400 219305995228 98.6 42648194830248048 94.8
285865400 219306018728 98.6 42648207369071728 94.8
285889400 219306030428 98.6 42648211414076528 94.8
285891200 219306047428 98.6 42648224283054192 94.8
285909000 219306053428 98.6 42648227737210992 94.8
285918700 219306086628 98.6 42648245948502128 94.8
285920200 219306129328 98.6 42648277715800176 94.8
285926000 219306141228 98.6 42648283905675376 94.8
285929200 219306225328 98.6 42648339833249904 94.8
285939200 219306241528 98.6 42648349037498480 94.8
285940000 219306264028 98.6 42648361179196528 94.8
285943600 219306301328 98.6 42648385123726448 94.8
285948600 219306307728 98.6 42648387636827248 94.8
285957700 219306314028 98.6 42648390682408048 94.8
285976000 219306315928 98.6 42648391195636848 94.8
285987800 219306383628 98.6 42648424552729712 94.8
285994900 219306401128 98.6 42648435588468848 94.8
285996200 219306434728 98.6 42648450368477296 94.8
286009100 219306457928 98.6 42648457654646896 94.8
286034400 219306483328 98.6 42648467344349296 94.8
286035600 219306509828 98.6 42648484267087984 94.8
286046600 219306534128 98.6 42648495256246384 94.8
286051400 219306552428 98.6 42648506083518576 94.8
286056000 219306590628 98.6 42648531330091120 94.8
286058200 219306620728 98.6 42648552479072368 94.8
286069100 219306623228 98.6 42648553043091568 94.8
286073800 219306656228 98.6 42648575033217136 94.8
286075400 219306660628 98.6 42648576476852336 94.8
286075900 219306666028 98.6 42648578023501936 94.8
286098900 219306673628 98.6 42648581955866736 94.8
286108500 219306680128 98.6 42648585951514736 94.8
286115900 219306766628 98.6 42648640710901872 94.8
286134100 219306782828 98.6 42648646948905072 94.8
286139800 219306796628 98.6 42648652419522672 94.8
286150200 219306809128 98.6 42648657748418672 94.8
286156000 219306834228 98.6 42648671271364720 94.8
286162400 219306838428 98.6 42648673258539120 94.8
286174300 219306888128 98.6 42648709349709936 94.8
286198400 219306890228 98.6 42648709740263536 94.8
286220300 219306904328 98.6 42648715841665136 94.8
286225700 219306909628 98.6 42648718940698736 94.8
286243600 219306938828 98.6 42648731611469936 94.8
286246700 219306969828 98.6 42648746778631280 94.8
286249200 219306983428 98.6 42648753322810480 94.8
286255000 219307012228 98.6 42648771058429040 94.8
286273500 219307021128 98.6 42648773347888240 94.8
286295100 219307027228 98.6 42648776443440240 94.8
286302700 219307049528 98.6 42648787699862640 94.8
286310200 219307069628 98.6 42648799359713392 94.8
286328200 219307073728 98.6 42648800361390192 94.8
286338100 219307080928 98.6 42648804077076592 94.8
286349400 219307095828 98.6 42648810689044592 94.8
286378200 219307113128 98.6 42648815509012592 94.8
286398100 219307129928 98.6 42648822995066992 94.8
286427300 219307136828 98.6 42648826526228592 94.8
286430500 219307144628 98.6 42648828168929392 94.8
286444100 219307146828 98.6 42648828627066992 94.8
286453000 219307148928 98.6 42648829075783792 94.8
286460800 219307187128 98.6 42648856513785968 94.8
286475000 219307193528 98.6 42648858462457968 94.8
286491300 219307216428 98.6 42648872043795568 94.8
286493700 219307223828 98.6 42648874605843568 94.8
286501000 219307234628 98.6 42648878678496368 94.8
286515100 219307251428 98.6 42648883833721968 94.8
286534500 219307310028 98.6 42648919996777584 94.8
286538700 219307322928 98.6 42648927407335536 94.8
286543900 219307451828 98.6 42649018482780272 94.8
286549700 219307460128 98.6 42649021040117872 94.8
286567600 219307465728 98.6 42649023712962672 94.8
286601900 219307471028 98.6 42649025364879472 94.8
286610800 219307482928 98.6 42649028102645872 94.8
286631800 219307551828 98.6 42649072909338736 94.8
286640300 219307573728 98.6 42649082699393136 94.8
286649400 219307605228 98.6 42649103826024560 94.8
286662200 219307607128 98.6 42649104438376560 94.8
286671900 219307713728 98.6 42649170307651696 94.8
286677300 219307736328 98.6 42649181832820848 94.8
286678300 219307742728 98.6 42649184411457648 94.8
286685300 219307769528 98.6 42649203889055856 94.8
286694200 219307821328 98.6 42649232008958064 94.8
286716100 219307844728 98.6 42649239613591664 94.8
286775700 219307857728 98.6 42649246402711664 94.8
286793400 219307969028 98.6 42649322449686640 94.8
286824200 219307972528 98.6 42649323179184240 94.8
286856200 219307978028 98.6 42649324382179440 94.8
286880200 219308051328 98.6 42649367758266480 94.8
286929000 219308054828 98.6 42649368639520880 94.8
286984900 219308059428 98.6 42649370758791280 94.8
287039100 219308112828 98.6 42649402154780784 94.8
287091400 219359360428 98.6 42687894251473008 94.9
287227200 219359367828 98.6 42687897053137008 94.9
287255600 219359372428 98.6 42687898868279408 94.9
289540900 219408940728 98.6 42724517511981168 95.0
289549900 219409028128 98.6 42724539999430768 95.0
289646000 219409047228 98.6 42724548265106032 95.0
289702200 219409047428 98.6 42724548463762032 95.0
289703100 219409381128 98.6 42724705899256432 95.0
289731600 219409469928 98.6 42724762746706544 95.0
289737900 219409511828 98.6 42724772807096944 95.0
289959400 219409531128 98.6 42724784983734896 95.0
290020700 219409770128 98.6 42724937051634288 95.0
290044800 219410607428 98.6 42725444386781808 95.0
299530200 219410611828 98.6 42725446114269808 95.0
299734500 219410697828 98.6 42725505698597488 95.0
299868500 219410705528 98.6 42725508489816688 95.0
299919600 219410735828 98.6 42725530436033136 95.0
299992800 219410866128 98.6 42725611587451504 95.0
300032500 219410879328 98.6 42725617655675504 95.0
300119800 219410915628 98.6 42725632344341104 95.0
300122500 219410970828 98.6 42725662777201264 95.0
300135600 219410978028 98.6 42725666175652464 95.0
300148900 219410989228 98.6 42725670725694064 95.0
300152500 219411116928 98.6 42725751607661168 95.0
300158500 219411200228 98.6 42725794703905392 95.0
300164900 219411223028 98.6 42725803876078192 95.0
300218600 219411332728 98.6 42725878693958256 95.0
300224300 219411380028 98.6 42725899259155056 95.0
300234600 219411405028 98.6 42725904875385456 95.0
300235600 219461930328 98.6 42763231429522032 95.1
300241200 219461940328 98.6 42763234986693232 95.1
300244800 219462016028 98.6 42763290504585840 95.1
300259600 219462064628 98.6 42763301591638640 95.1
300288500 219462121828 98.6 42763339539772016 95.1
300289000 219462130928 98.6 42763342466159216 95.1
300292500 219462139428 98.6 42763344078959216 95.1
300294300 219462149028 98.6 42763346768392816 95.1
300320300 219462151128 98.6 42763347715183216 95.1
300322100 219462195728 98.6 42763358182306416 95.1
300326300 219502359228 98.7 42793495877644912 95.1
300327400 219502384628 98.7 42793506477407856 95.1
300332800 219502392528 98.7 42793510598188656 95.1
300351500 219502413828 98.7 42793519983113840 95.1
300354300 219502426128 98.7 42793524219431024 95.1
300356000 219502458628 98.7 42793536820109424 95.1
300360400 219502469428 98.7 42793539601498224 95.1
300372400 219502479428 98.7 42793543134093424 95.1
300376200 219502501428 98.7 42793551226765424 95.1
300377200 219502506828 98.7 42793553264115824 95.1
300388700 219502521128 98.7 42793564837352560 95.1
300403400 219503074128 98.7 42793817143153776 95.1
300403800 219503085528 98.7 42793820011787376 95.1
300418600 219503105528 98.7 42793828289188976 95.1
300422600 219503118928 98.7 42793834417419376 95.1
300423800 219503122128 98.7 42793834913035376 95.1
300428200 219503187428 98.7 42793870044394608 95.1
300430900 219503191228 98.7 42793870651421808 95.1
300434000 219503256028 98.7 42793918359225456 95.1
300461000 219503262128 98.7 42793921256121456 95.1
300465200 219503284028 98.7 42793929215845488 95.1
300466900 219503317628 98.7 42793950851482736 95.1
300467500 219503331028 98.7 42793962767043696 95.1
300467600 219503354228 98.7 42793971035434096 95.1
300476300 219503458628 98.7 42794032075320432 95.1
300491500 219503463728 98.7 42794033890258032 95.1
300509600 219503484428 98.7 42794046200928368 95.1
300510800 219503505428 98.7 42794058700290160 95.1
300535100 219503514228 98.7 42794062748162160 95.1
300537600 219503520128 98.7 42794064422811760 95.1
300554600 219503531628 98.7 42794068930459760 95.1
300569900 219503534928 98.7 42794070029826160 95.1
300580100 219503540028 98.7 42794071062837360 95.1
300598300 219503570128 98.7 42794089419948144 95.1
300609600 219503614428 98.7 42794119754956912 95.1
300628800 219503834428 98.7 42794270087626864 95.1
300630800 219503894628 98.7 42794284787351664 95.1
300691600 219503909928 98.7 42794289683505264 95.1
300692300 219503917828 98.7 42794292607025264 95.1
300696500 219503922928 98.7 42794295844708464 95.1
300706600 219504517528 98.7 42794671018549360 95.1
300707900 219504531128 98.7 42794675759874160 95.1
300719900 219504539528 98.7 42794679433166960 95.1
300763900 219504544228 98.7 42794680910798960 95.1
300764900 219504546628 98.7 42794681463554160 95.1
300809800 219504553028 98.7 42794683912962160 95.1
300818300 219504557628 98.7 42794685910581360 95.1
300823000 219504630228 98.7 42794739541459056 95.1
300823200 219504650828 98.7 42794752856377456 95.1
300831600 219504687528 98.7 42794773509427312 95.1
300832300 219504755028 98.7 42794817315762288 95.1
300842200 219504759228 98.7 42794818913816688 95.1
300875900 219504765128 98.7 42794822146789488 95.1
300884300 219504782528 98.7 42794831347014768 95.1
300885400 219504793428 98.7 42794836113529968 95.1
300891300 219504806528 98.7 42794841921798256 95.1
300894300 219504813528 98.7 42794844720799856 95.1
300896300 219504820928 98.7 42794848103071856 95.1
300964600 219504884528 98.7 42794883001516144 95.1
300977000 219504888628 98.7 42794884789010544 95.1
300985300 219504915828 98.7 42794898576203888 95.1
301013900 219504937628 98.7 42794907148971632 95.1
301019800 219504969928 98.7 42794921615224432 95.1
301024100 219504979328 98.7 42794925483282032 95.1
301028700 219505111128 98.7 42795006328245872 95.1
301033900 219505172228 98.7 42795049021705840 95.1
301075800 219505178828 98.7 42795051502448240 95.1
301080700 219505188628 98.7 42795055619542640 95.1
301085300 219505207928 98.7 42795068584437360 95.1
301092600 219505244828 98.7 42795094276703856 95.1
301095700 219505264228 98.7 42795100088927856 95.1
301107700 219505274628 98.7 42795104760006256 95.1
301125200 219505280428 98.7 42795106989049456 95.1
301128800 219505323328 98.7 42795122965907056 95.1
301144500 219505351128 98.7 42795139966433904 95.1
301150400 219505355928 98.7 42795141305825904 95.1
301174700 219505363528 98.7 42795144378849904 95.1
301182900 219505366428 98.7 42795145318472304 95.1
301184600 219505381828 98.7 42795159233640048 95.1
301216600 219505397128 98.7 42795167748304496 95.1
301222600 219505434228 98.7 42795189238941296 95.1
301223300 219505439528 98.7 42795191311517296 95.1
301238000 219505447428 98.7 42795193878480496 95.1
301256100 219505465328 98.7 42795202776880752 95.1
301263700 219505486528 98.7 42795214568873584 95.1
301272900 219505519228 98.7 42795230226857584 95.1
301277000 219505571628 98.7 42795261969940080 95.1
301280000 219505588428 98.7 42795269617786480 95.1
301285000 219505603428 98.7 42795279216596592 95.1
301297100 219505608528 98.7 42795281098298992 95.1
301312600 219505611228 98.7 42795281672558192 95.1
301321500 219505616728 98.7 42795283127662192 95.1
301326800 219505629228 98.7 42795288801646192 95.1
301355700 219505630628 98.7 42795289328391792 95.1
301383700 219505657628 98.7 42795303145545328 95.1
301395000 219505668728 98.7 42795307629231728 95.1
301401400 219505678528 98.7 42795311167151728 95.1
301403500 219505684828 98.7 42795312793673328 95.1
301404100 219505691828 98.7 42795315549052528 95.1
301416900 219505698228 98.7 42795319203913328 95.1
301425100 219505704228 98.7 42795320277270128 95.1
301431500 219505790628 98.7 42795377045814896 95.1
301436200 219505797928 98.7 42795380582096496 95.1
301477000 219505799328 98.7 42795380780342896 95.1
301496100 219505800528 98.7 42795381065424496 95.1
301497800 219505802428 98.7 42795381749661296 95.1
301498200 219505810828 98.7 42795385218563696 95.1
301504000 219505815628 98.7 42795386901405296 95.1
301537900 219505974628 98.7 42795478587940464 95.1
301538800 219505979028 98.7 42795480770084464 95.1
301572200 219505995128 98.7 42795489367588464 95.1
301580200 219506001328 98.7 42795492551409264 95.1
301600600 219506007228 98.7 42795494668017264 95.1
301602800 219506040828 98.7 42795519023015536 95.1
301615200 219506059128 98.7 42795530201016944 95.1
301628200 219506064328 98.7 42795532472453744 95.1
301632300 219506065428 98.7 42795532605368944 95.1
301644100 219506071928 98.7 42795535413791344 95.1
301656900 219506074728 98.7 42795536078981744 95.1
301662400 219506115928 98.7 42795563552377456 95.1
301687100 219506123728 98.7 42795565168863856 95.1
301695900 219506174428 98.7 42795593734122096 95.1
301726300 219506238628 98.7 42795638472403568 95.1
301726400 219506245628 98.7 42795641130707568 95.1
301727600 219506282228 98.7 42795663683246704 95.1
301731100 219506290028 98.7 42795665883822704 95.1
301733000 219506316228 98.7 42795676550270576 95.1
301750400 219506325728 98.7 42795680551857776 95.1
301778900 219506355028 98.7 42795695136479856 95.1
301795100 219506421628 98.7 42795740644780656 95.1
301820700 219506489928 98.7 42795784372300400 95.1
301826400 219506509728 98.7 42795793769020016 95.1
301827400 219506559328 98.7 42795825245473392 95.1
301862300 219506594828 98.7 42795851777964656 95.1
301865800 219506667328 98.7 42795894787775088 95.1
301919700 219506677128 98.7 42795897678117488 95.1
302008000 219506682628 98.7 42795900181183088 95.1
302090000 219506687428 98.7 42795901501938288 95.1
302095400 219506720528 98.7 42795922183031408 95.1
302104600 219506753728 98.7 42795936100215408 95.1
302247100 219548999328 98.7 42827445423139440 95.2
311929200 219602428728 98.7 42867192958904944 95.3
311929900 219602812128 98.7 42867446574082672 95.3
311952200 219602881428 98.7 42867462488066672 95.3
311985700 219602908128 98.7 42867473724918384 95.3
311986800 219602908328 98.7 42867473760348784 95.3
312164000 219602996828 98.7 42867509803100784 95.3
312183500 219603507528 98.7 42867747061033584 95.3
312253800 219603525028 98.7 42867758848789104 95.3
312308000 219603732528 98.7 42867812099246704 95.3
312338700 219604912528 98.7 42868620453890672 95.3
315714700 219604921428 98.7 42868623642012272 95.3
315788700 219604999728 98.7 42868664591338096 95.3
315798000 219605120628 98.7 42868743738296944 95.3
315846700 219605149428 98.7 42868760695301744 95.3
315875000 219605187828 98.7 42868786384473712 95.3
315940400 219605220028 98.7 42868799933556336 95.3
315954800 219605224028 98.7 42868802694669936 95.3
315967200 219605244728 98.7 42868811942004336 95.3
315987800 219605263428 98.7 42868820520052336 95.3
316016300 219605268228 98.7 42868823660250736 95.3
316096600 219605273728 98.7 42868826298074736 95.3
316106800 219605338328 98.7 42868864214742640 95.3
316106900 219605353528 98.7 42868872951772784 95.3
316142800 219605376928 98.7 42868883153969776 95.3
316145600 219605382628 98.7 42868885622219376 95.3
316147500 219605419028 98.7 42868899201688176 95.3
316180500 219605431728 98.7 42868904855396976 95.3
316203100 219605444428 98.7 42868910756094576 95.3
316218800 219605454228 98.7 42868914556158576 95.3
316237800 219605468728 98.7 42868920551678576 95.3
316252600 219605505028 98.7 42868937459147376 95.3
316276900 219605522828 98.7 42868942922187376 95.3
316300500 219605556628 98.7 42868958530814576 95.3
316319900 219605583228 98.7 42868974804809328 95.3
316339000 219605616228 98.7 42869001271977584 95.3
316341100 219605676028 98.7 42869046152025712 95.3
316347000 219605714128 98.7 42869071826882160 95.3
316348700 219605763228 98.7 42869102805917296 95.3
316355500 219605771628 98.7 42869105129782896 95.3
316359300 219605776528 98.7 42869107504438896 95.3
316373000 219605835428 98.7 42869146197515888 95.3
316385100 219605846528 98.7 42869154739145840 95.3
316391300 219605852428 98.7 42869157536509040 95.3
316396300 219605854928 98.7 42869158042160240 95.3
316400700 219605860028 98.7 42869160456342640 95.3
316406200 219605866628 98.7 42869162469731440 95.3
316407100 219605871528 98.7 42869163366960240 95.3
316411200 219605887328 98.7 42869176625268848 95.3
316413200 219605906428 98.7 42869185290530928 95.3
316471800 219605986728 98.7 42869236707151984 95.3
316477000 219606021128 98.7 42869256946980976 95.3
316485100 219656590528 98.7 42906765689100400 95.4
316486200 219656606128 98.7 42906773515076720 95.4
316501700 219656613728 98.7 42906775814980720 95.4
316510500 219704954428 98.8 42942965557544048 95.5
316516300 219704993028 98.8 42942987168908400 95.5
316525600 219705025128 98.8 42943012826279024 95.5
316529400 219705034628 98.8 42943017704819824 95.5
316581500 219705041228 98.8 42943020073946224 95.5
316581600 219705079728 98.8 42943040856177776 95.5
316583500 219705087428 98.8 42943043803044976 95.5
316587800 219705102728 98.8 42943048797912176 95.5
316591000 219705114028 98.8 42943053392395376 95.5
316595900 219705192028 98.8 42943103591472240 95.5
316605400 219705269428 98.8 42943153259580528 95.5
316605800 219705297728 98.8 42943164220066928 95.5
316616400 219705317128 98.8 42943172156066928 95.5
316623000 219705337228 98.8 42943187092473968 95.5
316641400 219705404628 98.8 42943235213170800 95.5
316653300 219705407428 98.8 42943235971135600 95.5
316658200 219705426928 98.8 42943242819442800 95.5
316658800 219705499328 98.8 42943290286360688 95.5
316685200 219705515628 98.8 42943297552459888 95.5
316686800 219705541928 98.8 42943315763093616 95.5
316720500 219705553828 98.8 42943325589286000 95.5
316735700 219705565828 98.8 42943331187903600 95.5
316738700 219705573428 98.8 42943333334002800 95.5
316752900 219705587128 98.8 42943338788236400 95.5
316757200 219705594628 98.8 42943341423193200 95.5
316758300 219705601628 98.8 42943344199052400 95.5
316758500 219705618628 98.8 42943352411676272 95.5
316767400 219705631128 98.8 42943357990837872 95.5
316774700 219705652628 98.8 42943369050870384 95.5
316791400 219705667128 98.8 42943374840156784 95.5
316795300 219705707928 98.8 42943395710280304 95.5
316800600 219705726628 98.8 42943407658332784 95.5
316802700 219705735828 98.8 42943410727670384 95.5
316819800 219705765528 98.8 42943431250295408 95.5
316830300 219705771028 98.8 42943434256145008 95.5
316841700 219705778528 98.8 42943436325034608 95.5
316844600 219705818728 98.8 42943456423162480 95.5
316846600 219705837028 98.8 42943464391725680 95.5
316848000 219705839328 98.8 42943464752992880 95.5
316861300 219705847728 98.8 42943468514349680 95.5
316870300 219705854528 98.8 42943469767520880 95.5
316889200 219705868528 98.8 42943475271974000 95.5
316894300 219705890028 98.8 42943485094814832 95.5
316905100 219705898228 98.8 42943488827294832 95.5
316905700 219705904528 98.8 42943490989982832 95.5
316909200 219705920428 98.8 42943495405675632 95.5
316931100 219705922728 98.8 42943496047928432 95.5
316932300 219705938528 98.8 42943504554680432 95.5
316937100 219705992228 98.8 42943543199555696 95.5
316938300 219706005128 98.8 42943549408886896 95.5
316939800 219706009028 98.8 42943550423875696 95.5
316949700 219706063028 98.8 42943583128451184 95.5
316973700 219706106328 98.8 42943608907905136 95.5
316988900 219706134028 98.8 42943626328076400 95.5
316990300 219706160428 98.8 42943642197576816 95.5
316997900 219706177928 98.8 42943651995422832 95.5
317021700 219706190628 98.8 42943661577444464 95.5
317027600 219706195728 98.8 42943664709450864 95.5
317093300 219706228928 98.8 42943686790091888 95.5
317105100 219706235728 98.8 42943689881957488 95.5
317129500 219706242928 98.8 42943693064344688 95.5
317141600 219706259528 98.8 42943700871525488 95.5
317168500 219706421528 98.8 42943809489654896 95.5
317185000 219706428628 98.8 42943811868816496 95.5
317187600 219706434328 98.8 42943815274845296 95.5
317198900 219706440728 98.8 42943817592771696 95.5
317206400 219706446128 98.8 42943819111568496 95.5
317220600 219706468428 98.8 42943831437539440 95.5
317221100 219706488328 98.8 42943842376327280 95.5
317224600 219706498628 98.8 42943846792224880 95.5
317224900 219706500128 98.8 42943847225991280 95.5
317226400 219706505128 98.8 42943850646356080 95.5
317244300 219706540328 98.8 42943870203711600 95.5
317249100 219706629228 98.8 42943907465023600 95.5
317249400 219706798328 98.8 42944007956664432 95.5
317267000 219706800228 98.8 42944008400466032 95.5
317276700 219706804628 98.8 42944010312069232 95.5
317308400 219706807728 98.8 42944010785976432 95.5
317482400 219706826028 98.8 42944018752286832 95.5
317488100 219706831128 98.8 42944021456875632 95.5
317510300 219706864028 98.8 42944031430635632 95.5
319510800 219707000528 98.8 42944118464450672 95.5
319633400 219707006428 98.8 42944119848898672 95.5
319684600 219707020028 98.8 42944123758530672 95.5
319686600 219707058028 98.8 42944131971306608 95.5
319705000 219707062928 98.8 42944132973597808 95.5
319740000 219707066628 98.8 42944134133994608 95.5
319776400 219707151928 98.8 42944191475426416 95.5
319798400 219707177028 98.8 42944209269083248 95.5
319819300 219707331528 98.8 42944307162049648 95.5
319847600 219707351528 98.8 42944319180830832 95.5
319945900 219707419328 98.8 42944337992120432 95.5
319968900 219708042528 98.8 42944621425686640 95.5
319993000 219708049128 98.8 42944622763849840 95.5
320009700 219708268528 98.8 42944773456361584 95.5
320035500 219708569828 98.8 42944993981397104 95.5
320049900 219708579828 98.8 42944995904673904 95.5
320093100 219708974728 98.8 42945161140164720 95.5
320100300 219709138628 98.8 42945275023145072 95.5
320140100 219709232228 98.8 42945343203997808 95.5
320239200 219765998928 98.8 42987679082510448 95.6
320258500 219766019328 98.8 42987691985038448 95.6
320329800 219766049128 98.8 42987705243585648 95.6
320344700 219766369228 98.8 42987924718537840 95.6
320446200 219766473028 98.8 42987991554735216 95.6
320486000 219766543928 98.8 42988045486648432 95.6
320525600 219766658628 98.8 42988134068276336 95.6
320548100 219766712028 98.8 42988173291371632 95.6
320549600 219766723428 98.8 42988175988792432 95.6
320568800 219766750228 98.8 42988190723130480 95.6
320569000 219766775128 98.8 42988212025877616 95.6
320585100 219766852528 98.8 42988270673736816 95.6
320621000 219766870528 98.8 42988282715580528 95.6
320635000 219766912428 98.8 42988306718607472 95.6
320651800 219767161728 98.8 42988481630341232 95.6
320652300 219767190728 98.8 42988494516357232 95.6
320682000 219767205128 98.8 42988497213368432 95.6
320711400 219767225328 98.8 42988507854763120 95.6
320753800 219767302528 98.8 42988544287044720 95.6
320782300 219767324528 98.8 42988555339895920 95.6
320802100 219767342328 98.8 42988569735072880 95.6
320846100 219767364328 98.8 42988583567108208 95.6
320876100 219767385928 98.8 42988595313843312 95.6
320891000 219767391228 98.8 42988596209638512 95.6
320898200 219767411128 98.8 42988607685674096 95.6
320899700 219767413928 98.8 42988608138896496 95.6
320908300 219767443128 98.8 42988614744310896 95.6
320928300 219767581528 98.8 42988681510544496 95.6
320935600 219767609728 98.8 42988700317029488 95.6
320938400 219827491828 98.8 43033624034972784 95.7
320944700 219827571828 98.8 43033648513897584 95.7
320949400 219827591828 98.8 43033661337094256 95.7
320950600 219827607128 98.8 43033667022956656 95.7
320950800 219827758728 98.8 43033733623797872 95.7
320974300 219827783128 98.8 43033749496356976 95.7
320981500 219827787128 98.8 43033750265790576 95.7
320985400 219827812328 98.8 43033760685107312 95.7
320992100 219827815928 98.8 43033761474611312 95.7
320998700 219827819228 98.8 43033762564966512 95.7
321005900 219827828828 98.8 43033764930816112 95.7
321053800 219827913528 98.8 43033813843978352 95.7
321056600 219827916428 98.8 43033814309283952 95.7
321114600 219827938628 98.8 43033828020619376 95.7
321130500 219828019428 98.8 43033883903088752 95.7
321152100 219828066528 98.8 43033909738227824 95.7
321163900 219828069828 98.8 43033910370035824 95.7
321189100 219828114428 98.8 43033942269065328 95.7
321189200 219828222328 98.8 43034016456710256 95.7
321233000 219828242728 98.8 43034024895227504 95.7
321240100 219828286428 98.8 43034057755055728 95.7
323574500 219828290828 98.8 43034058970338928 95.7
323630200 219828307028 98.8 43034071818134128 95.7
323718400 219828368728 98.8 43034107404534384 95.7
323732900 219828386428 98.8 43034117957952112 95.7
323771600 219828727428 98.8 43034273989534320 95.7
323773900 219828743628 98.8 43034284529572464 95.7
323810500 219828764328 98.8 43034295655760496 95.7
323860300 219828775728 98.8 43034299990557296 95.7
323893700 219828798728 98.8 43034315048111728 95.7
323927200 219828806128 98.8 43034316796694128 95.7
323939100 219828844328 98.8 43034340654567024 95.7
323946600 219828857728 98.8 43034343426739824 95.7
323961300 219828878228 98.8 43034352416441968 95.7
323984100 219828896928 98.8 43034362362466928 95.7
323985500 219828899928 98.8 43034363039740528 95.7
323990800 219829109328 98.8 43034506380407408 95.7
324000000 219829113728 98.8 43034507282961008 95.7
324008100 219829117228 98.8 43034508227498608 95.7
324031600 219829119328 98.8 43034508632593008 95.7
324041400 219829142028 98.8 43034521979201136 95.7
324045900 219829162028 98.8 43034531120653936 95.7
324052200 219829168228 98.8 43034532406183536 95.7
324057500 219829170428 98.8 43034532810868336 95.7
324060300 219829172428 98.8 43034533212685936 95.7
324070400 219829218328 98.8 43034559044316784 95.7
324111600 219829243528 98.8 43034572583235184 95.7
324115400 219829271328 98.8 43034585762866800 95.7
324122600 219829279028 98.8 43034587480319600 95.7
324134400 219829295928 98.8 43034601851284080 95.7
324136200 219829346928 98.8 43034626831295088 95.7
324144700 219829350228 98.8 43034627765183088 95.7
324147900 219829371128 98.8 43034641176725104 95.7
324151000 219829381528 98.8 43034644139771504 95.7
324163600 219829548328 98.8 43034718316832368 95.7
324185000 219829565128 98.8 43034730746937968 95.7
324190600 219829606228 98.8 43034758901772912 95.7
324207700 219829612328 98.8 43034760822796912 95.7
324259400 219883122728 98.8 43074842300658288 95.8
324277600 219883230328 98.8 43074909328503408 95.8
324278600 219883390928 98.8 43075013656883824 95.8
324279500 219883421628 98.8 43075025513370224 95.8
324306700 219883453128 98.8 43075050103577200 95.8
324322500 219883469128 98.8 43075059942221424 95.8
324333400 219883510928 98.8 43075084421729904 95.8
324334200 219883528728 98.8 43075088062254704 95.8
324349700 219883530928 98.8 43075088737889904 95.8
324352900 219883566628 98.8 43075110578699888 95.8
324384700 219883612228 98.8 43075139707889264 95.8
324488100 219883706628 98.8 43075203264693872 95.8
324600300 219883759328 98.8 43075239512458864 95.8
324605200 219883961628 98.8 43075351799170672 95.8
331493900 219884017728 98.8 43075384644111984 95.8
331625500 219884038428 98.8 43075397600175728 95.8
331864700 219884061428 98.8 43075411414832752 95.8
331918200 219884084328 98.8 43075424207052400 95.8
331931900 219884095528 98.8 43075430439323248 95.8
331953600 219884107228 98.8 43075435363534448 95.8
331988100 219884109428 98.8 43075435937384048 95.8
332019100 219884121528 98.8 43075439397889648 95.8
332024600 219884126428 98.8 43075442031412848 95.8
332041500 219884139528 98.8 43075446766798448 95.8
332095600 219884152128 98.8 43075450178766448 95.8
332097900 219884229228 98.8 43075500557129328 95.8
332148400 219884241628 98.8 43075509226221168 95.8
332154000 219884254528 98.8 43075515265158768 95.8
332199500 219884258928 98.8 43075516916461168 95.8
332202700 219884266228 98.8 43075519667334768 95.8
332216100 219884268728 98.8 43075520121785968 95.8
332236500 219884279128 98.8 43075523315641968 95.8
332260000 219884295528 98.8 43075533967494768 95.8
332265100 219884301628 98.8 43075536696454768 95.8
332279400 219884323428 98.8 43075548803636848 95.8
332340400 219884330828 98.8 43075549796507248 95.8
332354900 219884332528 98.8 43075550154702448 95.8
332355700 219884369128 98.8 43075570605188720 95.8
332358300 219884374928 98.8 43075572890756720 95.8
332368100 219884379728 98.8 43075575141918320 95.8
332378200 219884380928 98.8 43075575203358320 95.8
332379400 219884386128 98.8 43075577166161520 95.8
332383600 219884406228 98.8 43075588230006384 95.8
332390000 219884417728 98.8 43075592450524784 95.8
332390800 219884431528 98.8 43075599077852784 95.8
332417300 219884452328 98.8 43075606507638896 95.8
332440600 219884466228 98.8 43075614894608496 95.8
332443800 219884530428 98.8 43075660880478320 95.8
332484800 219929152128 98.9 43108617240379504 95.8
332515400 219929153428 98.9 43108617545736304 95.8
332522600 219929167728 98.9 43108623462203504 95.8
332525400 219929178428 98.9 43108627476488304 95.8
332531600 219929198728 98.9 43108636171453552 95.8
332538900 219929222928 98.9 43108651664454768 95.8
332548700 219929228728 98.9 43108653898208368 95.8
332570100 219929245028 98.9 43108660252742768 95.8
332580500 219929265328 98.9 43108669885807728 95.8
332586500 219929282928 98.9 43108679698865264 95.8
332634400 219929300128 98.9 43108687143345264 95.8
332641200 219929344928 98.9 43108717512871024 95.8
332648100 219929351028 98.9 43108718775053424 95.8
332660500 219929359628 98.9 43108722967514224 95.8
332666800 219929388928 98.9 43108746208922736 95.8
332691600 219929396128 98.9 43108748370381936 95.8
332699200 219929404128 98.9 43108751861402736 95.8
332704500 219929406028 98.9 43108752420097136 95.8
332708300 219929518128 98.9 43108808624258160 95.8
332730900 219929968428 98.9 43109098727455856 95.8
332732500 219929987628 98.9 43109105694752880 95.8
332732900 219929995028 98.9 43109108775559280 95.8
332758400 219929999028 98.9 43109110857556080 95.8
332763200 219930016328 98.9 43109120414989424 95.8
332770500 219930081128 98.9 43109162478464112 95.8
332803800 219930184928 98.9 43109232087075952 95.8
332820700 219930192528 98.9 43109234774666352 95.8
332830500 219930214628 98.9 43109244575575152 95.8
332840300 219930225228 98.9 43109248225111152 95.8
332870000 219930242228 98.9 43109254472125552 95.8
332889400 219930272128 98.9 43109273718946928 95.8
332926800 219930282928 98.9 43109277637590128 95.8
333018100 219930303628 98.9 43109287534345328 95.8
333038300 219930382728 98.9 43109334606855280 95.8
333085600 219930384228 98.9 43109335084653680 95.8
333093500 219930419128 98.9 43109355377595504 95.8
333122000 219930439528 98.9 43109367250912368 95.8
333175000 219930443228 98.9 43109368328160368 95.8
333178400 219930464228 98.9 43109377068000368 95.8
333263200 219930476128 98.9 43109382103008368 95.8
333335100 219930508628 98.9 43109407466495088 95.8
333372800 219930537828 98.9 43109420101631088 95.8
333475400 219930576728 98.9 43109441721064560 95.8
333516500 219930590428 98.9 43109448475220592 95.8
348503200 219930595828 98.9 43109450844961392 95.8
348589600 219930611928 98.9 43109463022560880 95.8
348712500 219930618428 98.9 43109465645639280 95.8
348714100 219974947728 98.9 43142154713032304 95.9
348738100 219974959928 98.9 43142158489339504 95.9
348822500 219974967728 98.9 43142161533077104 95.9
348845600 219974985228 98.9 43142167381755504 95.9
348846400 219974990828 98.9 43142169380193904 95.9
348872300 219975017728 98.9 43142181966382704 95.9
348911400 219975024028 98.9 43142184377083504 95.9
348944100 219975031828 98.9 43142187052385904 95.9
348959200 219975035528 98.9 43142188385633904 95.9
349003100 219975040728 98.9 43142189945390704 95.9
349023300 219975049428 98.9 43142193657185904 95.9
349026500 219975064628 98.9 43142200500782704 95.9
349028000 219975087328 98.9 43142210110817904 95.9
349082500 219975093028 98.9 43142211502024304 95.9
349110400 219975105828 98.9 43142219444987504 95.9
349130100 219975127228 98.9 43142230770151024 95.9
349180400 219975190428 98.9 43142273655901808 95.9
349199300 219975197728 98.9 43142276415172208 95.9
349222500 219975207328 98.9 43142279241821808 95.9
349263500 219975208828 98.9 43142279501098608 95.9
349301400 219975213528 98.9 43142281834794608 95.9
349310100 219975270128 98.9 43142316518583920 95.9
349314300 219975275328 98.9 43142319026974320 95.9
349320800 219975291028 98.9 43142325777796720 95.9
349330600 219975296428 98.9 43142328604855920 95.9
349334300 219975299928 98.9 43142330311863920 95.9
349342800 219975303928 98.9 43142331842334320 95.9
349348500 219975308028 98.9 43142334332497520 95.9
349364000 219975356228 98.9 43142363392435824 95.9
349365700 219975368428 98.9 43142367997568624 95.9
349371800 219975373128 98.9 43142370297063024 95.9
349373000 219975399928 98.9 43142385155843696 95.9
349391300 219975412028 98.9 43142389422032496 95.9
349395700 219975434128 98.9 43142397087901296 95.9
349400000 219975445528 98.9 43142401464272496 95.9
349426800 219975447928 98.9 43142402379933296 95.9
349457300 219975464428 98.9 43142406500918896 95.9
349483900 219975473428 98.9 43142409671837296 95.9
349485700 219975493528 98.9 43142421343042160 95.9
349528700 219975500328 98.9 43142424604072560 95.9
349556800 219975506828 98.9 43142427694299760 95.9
349586700 219975557628 98.9 43142463638882928 95.9
349597700 219975607028 98.9 43142494561858160 95.9
349600500 219975627728 98.9 43142508395172464 95.9
349624300 219975635428 98.9 43142511598244464 95.9
349654700 219975639828 98.9 43142512991294064 95.9
349657500 219975644928 98.9 43142515331543664 95.9
349659300 219975655528 98.9 43142518514135664 95.9
349690300 219975686928 98.9 43142529425060464 95.9
349731600 219975693728 98.9 43142532261745264 95.9
349740800 219975710328 98.9 43142539367690864 95.9
349747800 219975734628 98.9 43142552088312432 95.9
349776600 219975742528 98.9 43142554584210032 95.9
349795300 219975746428 98.9 43142556891486832 95.9
349801000 219975755028 98.9 43142560285694576 95.9
349804500 219975759228 98.9 43142563288676976 95.9
349839700 219975764328 98.9 43142565839870576 95.9
349859300 219975786228 98.9 43142577210715760 95.9
349869100 219975807528 98.9 43142590024846960 95.9
349881100 219975842128 98.9 43142609108070000 95.9
349883900 219975846728 98.9 43142610654924400 95.9
349895200 219975866628 98.9 43142618399026800 95.9
349898700 219975943228 98.9 43142663676309104 95.9
349918600 219975961728 98.9 43142668796923504 95.9
350058100 219976389328 98.9 43142949325147760 95.9
350096300 219976447228 98.9 43142985337962096 95.9
350299100 219976484328 98.9 43143007731195504 95.9
350337700 219976488228 98.9 43143009304059504 95.9
350358100 219976501128 98.9 43143015273365104 95.9
366876400 219976532228 98.9 43143032419423856 95.9
367071200 219976555728 98.9 43143046504951408 95.9
367075900 219976603428 98.9 43143071287905904 95.9
367095700 219976606928 98.9 43143072933269104 95.9
367218900 219976628128 98.9 43143081603886704 95.9
367241300 219976656428 98.9 43143095270217328 95.9
367285300 219976657628 98.9 43143095631689328 95.9
367304700 219976672428 98.9 43143103524582000 95.9
367326300 219976684428 98.9 43143107383423600 95.9
367355100 219976725528 98.9 43143131441445488 95.9
367360900 219976732928 98.9 43143134211979888 95.9
367393600 219976768228 98.9 43143156375878256 95.9
367414500 219976789428 98.9 43143169910156912 95.9
367440200 219976799728 98.9 43143173781900912 95.9
367452300 220018604628 98.9 43173882219253360 96.0
367481400 220018609728 98.9 43173883622747760 96.0
367494700 220018616928 98.9 43173887557979760 96.0
367501200 220018648128 98.9 43173905724255856 96.0
367507700 220018662928 98.9 43173913345683056 96.0
367550800 220018682428 98.9 43173920700255856 96.0
367558800 220018695828 98.9 43173926765407856 96.0
367562300 220018697928 98.9 43173927433260656 96.0
367581100 220018708228 98.9 43173934013146736 96.0
367610200 220018713628 98.9 43173936182183536 96.0
367622800 220018717828 98.9 43173937150477936 96.0
367627100 220018724728 98.9 43173939605415536 96.0
367680000 220018738328 98.9 43173943155623536 96.0
367686100 220018764928 98.9 43173960023057008 96.0
367736500 220018782628 98.9 43173966914392688 96.0
367762700 220018788728 98.9 43173970262872688 96.0
367783600 220018793828 98.9 43173972184101488 96.0
367806100 220018802928 98.9 43173976157221488 96.0
367841900 220018806728 98.9 43173977478181488 96.0
367848300 220018820628 98.9 43173982748180080 96.0
367859100 220018842328 98.9 43173992041042544 96.0
367865500 220018852028 98.9 43173995543941744 96.0
367870100 220018880228 98.9 43174007247249008 96.0
367881200 220018904528 98.9 43174021658823280 96.0
367927000 220018927528 98.9 43174030674119280 96.0
367976500 220018962028 98.9 43174044339285616 96.0
367979500 220018965728 98.9 43174045978709616 96.0
367984700 220018975828 98.9 43174049219260016 96.0
368001800 220018983728 98.9 43174052688754544 96.0
368032100 220018997228 98.9 43174060794738544 96.0
368033400 220019005728 98.9 43174063385868144 96.0
368047400 220019012428 98.9 43174065672460144 96.0
368187800 220019038728 98.9 43174081774636912 96.0
368212100 220019269228 98.9 43174219953557360 96.0
368277500 220019275428 98.9 43174221779963760 96.0
368348400 220019426028 98.9 43174326597054320 96.0
368349000 220019431228 98.9 43174329407115120 96.0
368386100 220019454928 98.9 43174342968141680 96.0
368426900 220019482028 98.9 43174353175783280 96.0
368436900 220019502628 98.9 43174363066599280 96.0
368584600 220019609628 98.9 43174435143485296 96.0
388099200 220056175228 98.9 43201110776416112 96.0
388432000 220056202428 98.9 43201122114963312 96.0
388572700 220056210928 98.9 43201125215430512 96.0
388601200 220056218428 98.9 43201127943776112 96.0
388617800 220056227428 98.9 43201132257888112 96.0
388638700 220056255628 98.9 43201144629856112 96.0
388684100 220056277228 98.9 43201154987001712 96.0
388757100 220056296528 98.9 43201162482476912 96.0
388790900 220056514328 98.9 43201300052731760 96.0
388793300 220056572328 98.9 43201331884697456 96.0
388811800 220056596328 98.9 43201347562951536 96.0
388816800 220056602728 98.9 43201350713686128 96.0
388823800 220056627628 98.9 43201359463766128 96.0
388828000 220056665228 98.9 43201378245396592 96.0
388881900 220056671728 98.9 43201381008148592 96.0
388896600 220056746428 98.9 43201433474439280 96.0
388943600 220056748228 98.9 43201434039482480 96.0
388949200 220056770928 98.9 43201447427033200 96.0
388951700 220056777328 98.9 43201450912319600 96.0
388987900 220056778828 98.9 43201451071244400 96.0
388996400 220056832228 98.9 43201484255926384 96.0
389045300 220056837228 98.9 43201486916164976 96.0
389058300 220056850328 98.9 43201492402142576 96.0
389072100 220056869728 98.9 43201499054137712 96.0
389072500 220056936428 98.9 43201547122553200 96.0
389105400 220056967328 98.9 43201560938361200 96.0
389109000 220056971928 98.9 43201562936185200 96.0
389110800 220056991128 98.9 43201572249055600 96.0
389123000 220056996528 98.9 43201574437343600 96.0
389146200 220057018028 98.9 43201581685220720 96.0
389147000 220057025428 98.9 43201584428516720 96.0
389166600 220057029728 98.9 43201585871127920 96.0
389184700 220057041228 98.9 43201591549822320 96.0
389198200 220057048128 98.9 43201593987966320 96.0
389231500 220057057128 98.9 43201597288523120 96.0
389240000 220057070428 98.9 43201601892017520 96.0
389259100 220057084228 98.9 43201608266417520 96.0
389259900 220057090828 98.9 43201611531543920 96.0
389261200 220057139728 98.9 43201639985839472 96.0
389268100 220057152828 98.9 43201644001967472 96.0
389284400 220057210128 98.9 43201686382108016 96.0
389305500 220057224328 98.9 43201691965365616 96.0
389380800 220057236428 98.9 43201697572584816 96.0
389387700 220057249328 98.9 43201701883624816 96.0
389396700 220057261428 98.9 43201710820739440 96.0
389421800 220057262628 98.9 43201711213341040 96.0
389445700 220057285928 98.9 43201722481001840 96.0
389464800 220057351628 98.9 43201765079561584 96.0
389471000 220057366028 98.9 43201772069590384 96.0
389487400 220057370828 98.9 43201773286511984 96.0
389537000 220057420128 98.9 43201804254889328 96.0
389556200 220057429128 98.9 43201811528265584 96.0
389592600 220057436928 98.9 43201813868105584 96.0
389594400 220057456928 98.9 43201827243819888 96.0
389602300 220057469128 98.9 43201834851320688 96.0
389606300 220057492328 98.9 43201845144978288 96.0
389633600 220057504828 98.9 43201854115610480 96.0
389641200 220057512128 98.9 43201858331213680 96.0
389670600 220057518128 98.9 43201861289549680 96.0
389686500 220057527728 98.9 43201864291508080 96.0
389709100 220057574928 98.9 43201894056206192 96.0
389784400 220057593928 98.9 43201901482868592 96.0
389831900 220057621028 98.9 43201915791683440 96.0
389866900 220057629228 98.9 43201920117059440 96.0
389874900 220057634128 98.9 43201922085597040 96.0
389934200 220057685628 98.9 43201947395430256 96.0
389964200 220057699028 98.9 43201952798054256 96.0
390036500 220057710328 98.9 43201957343180656 96.0
390042000 220057720728 98.9 43201962117683056 96.0
390048900 220057728128 98.9 43201966169036656 96.0
390137700 220057817728 98.9 43202029924267888 96.0
390259700 220057872028 98.9 43202070941718384 96.0
408701600 220103826128 98.9 43235700621629296 96.1
408805900 220103932328 98.9 43235771065636720 96.1
408845800 220103960828 98.9 43235790197092208 96.1
408873900 220103976628 98.9 43235795128676208 96.1
408939100 220103986928 98.9 43235799924273008 96.1
409042100 220104085328 98.9 43235851776565104 96.1
409043000 220104301428 98.9 43236001643159408 96.1
409078300 220104334428 98.9 43236016963223408 96.1
409106100 220104345128 98.9 43236020106698608 96.1
409122200 220104350528 98.9 43236022899556208 96.1
409171600 220104364528 98.9 43236028426698608 96.1
409172500 220104391328 98.9 43236038286999408 96.1
409178500 220104419528 98.9 43236051011018608 96.1
409188100 220104704528 98.9 43236253985611632 96.1
409196300 220104705528 98.9 43236254159691632 96.1
409213600 220104716128 98.9 43236259257778032 96.1
409253500 220104751628 98.9 43236272413106032 96.1
409278000 220104757628 98.9 43236275049291632 96.1
409279300 220104806128 98.9 43236302788222832 96.1
409287500 220104815128 98.9 43236306812952432 96.1
409310200 220104833428 98.9 43236312732696432 96.1
409321800 220104843828 98.9 43236316291301232 96.1
409325500 220104848928 98.9 43236317734731632 96.1
409365900 220104886328 98.9 43236334101118832 96.1
409369200 220104895328 98.9 43236337683890032 96.1
409385300 220104905028 98.9 43236342029541232 96.1
409423500 220104927828 98.9 43236352381362032 96.1
409433200 220104934128 98.9 43236357415960432 96.1
409451400 220104945828 98.9 43236362006757232 96.1
409459200 220104948428 98.9 43236362735435632 96.1
409473400 220104954428 98.9 43236365438181232 96.1
409530100 220104960628 98.9 43236368221208432 96.1
409555400 220104967228 98.9 43236370621669232 96.1
409564300 220104971928 98.9 43236372909899632 96.1
409580500 220104978328 98.9 43236375421771632 96.1
409590600 220104998128 98.9 43236382022270832 96.1
409593600 220105024528 98.9 43236389292466032 96.1
409616900 220105030428 98.9 43236392296472432 96.1
409646600 220105049628 98.9 43236400527384432 96.1
409648800 220105066228 98.9 43236408903582576 96.1
409685400 220105071928 98.9 43236411687633776 96.1
409714200 220105084628 98.9 43236417236280176 96.1
409718600 220105107628 98.9 43236427794334576 96.1
409791300 220105154928 98.9 43236448454763376 96.1
409838000 220105166728 98.9 43236452560388976 96.1
409878000 220105178928 98.9 43236456969323376 96.1
409913800 220105190928 98.9 43236462615864176 96.1
409954800 220105259128 98.9 43236502713066352 96.1
410001200 220105279928 98.9 43236514201919344 96.1
410017500 220105285328 98.9 43236516231077744 96.1
410077000 220105300728 98.9 43236521962405744 96.1
429391800 220105308428 98.9 43236524911116144 96.1
429410000 220105316728 98.9 43236528347864944 96.1
429476700 220105330528 98.9 43236533122981744 96.1
429620300 220105338728 98.9 43236536627314544 96.1
429687600 220105354528 98.9 43236541972184944 96.1
429722800 220105361228 98.9 43236544777944944 96.1
429735400 220148713328 98.9 43268337570807664 96.2
429737500 220148725728 98.9 43268341453406064 96.2
429754200 220148739828 98.9 43268348441591664 96.2
429761400 220148750028 98.9 43268352176119664 96.2
429781200 220148766228 98.9 43268360976734064 96.2
429781800 220149240928 98.9 43268671661250416 96.2
429816400 220149263428 98.9 43268683582248816 96.2
429854500 220149270928 98.9 43268686644213616 96.2
429871900 220149288928 98.9 43268695357113200 96.2
429901900 220149301828 98.9 43268703738684272 96.2
429924900 220149311028 98.9 43268706350703472 96.2
429926000 220149321328 98.9 43268712530313584 96.2
429961400 220149328328 98.9 43268714086383984 96.2
430000700 220149334128 98.9 43268715965423984 96.2
430000900 220149347628 98.9 43268720607011184 96.2
430021400 220149397328 98.9 43268746361741680 96.2
430028400 220149406628 98.9 43268749910516080 96.2
430028900 220149418828 98.9 43268754079629680 96.2
430031300 220149424328 98.9 43268756654170480 96.2
430033900 220149506528 98.9 43268819696042352 96.2
430036700 220149519928 98.9 43268824543658352 96.2
430041300 220149599628 98.9 43268866048254320 96.2
430074400 220149615628 98.9 43268870723838320 96.2
430083600 220149620528 98.9 43268873588375920 96.2
430091000 220149627628 98.9 43268876972900720 96.2
430100500 220149643828 98.9 43268882531172720 96.2
430138200 220149656628 98.9 43268888658993520 96.2
430144600 220149667328 98.9 43268891810455920 96.2
430146400 220149676928 98.9 43268896956875120 96.2
430162400 220149698128 98.9 43268904215806320 96.2
430273700 220149706028 98.9 43268907581284720 96.2
430275100 220149737428 98.9 43268920192049520 96.2
430299300 220149741428 98.9 43268921834750320 96.2
430316200 220149755128 98.9 43268927933284720 96.2
430332200 220149815528 98.9 43268963627188592 96.2
430338300 220149824428 98.9 43268967029530992 96.2
430349700 220149831028 98.9 43268968337383792 96.2
430399100 220149837028 98.9 43268971533697392 96.2
430427000 220149843628 98.9 43268974120321392 96.2
430438100 220149877328 99.0 43268996600793456 96.2
430442500 220149898528 99.0 43269004471257456 96.2
430443600 220149905328 99.0 43269007636646256 96.2
430449900 220149918828 99.0 43269014834419056 96.2
430455000 220149979328 99.0 43269047036470640 96.2
430470500 220149986328 99.0 43269049319581040 96.2
430499200 220150022128 99.0 43269062332573040 96.2
430515300 220150023428 99.0 43269062576080240 96.2
430515600 220150038728 99.0 43269072264448368 96.2
430536200 220150062728 99.0 43269083158989168 96.2
430541500 220150070728 99.0 43269086506035568 96.2
430548100 220150202528 99.0 43269171739937136 96.2
430548200 220150208228 99.0 43269173822343536 96.2
430604600 220150244528 99.0 43269193655806320 96.2
430694600 220150283228 99.0 43269220869810544 96.2
430702100 220150302328 99.0 43269227455154544 96.2
430723500 220150320228 99.0 43269234936908144 96.2
430801100 220150351528 99.0 43269247169816944 96.2
430814600 220150356928 99.0 43269248795928944 96.2
430819300 220150369128 99.0 43269252035864944 96.2
430822700 220150382628 99.0 43269258251135344 96.2
430825100 220150388228 99.0 43269260312652144 96.2
430827700 220150429928 99.0 43269275312556400 96.2
430843000 220150439928 99.0 43269279249631600 96.2
430876400 220150492828 99.0 43269322461538672 96.2
430887600 220150547428 99.0 43269343689263472 96.2
430888200 220150560628 99.0 43269348292757872 96.2
430945900 220150612828 99.0 43269390995110256 96.2
430993200 220150637028 99.0 43269400064473456 96.2
431120300 220150655328 99.0 43269407486835056 96.2
431294800 220150665228 99.0 43269414257911152 96.2
451020400 220150679728 99.0 43269419864515952 96.2
451048800 220150703928 99.0 43269430035498352 96.2
451126800 220150721228 99.0 43269438058743152 96.2
451269600 220150735228 99.0 43269444230391152 96.2
451294900 220150763428 99.0 43269454859715952 96.2
451354200 220150769428 99.0 43269458578883952 96.2
451369300 220150799528 99.0 43269476099741040 96.2
451378700 220150809228 99.0 43269481198237040 96.2
451383500 220150813028 99.0 43269482419254640 96.2
451424000 220150821228 99.0 43269485765481840 96.2
451474200 220150827928 99.0 43269488434025840 96.2
451507400 220150831928 99.0 43269490274768240 96.2
451525400 220150836528 99.0 43269492458550640 96.2
451595600 220150842028 99.0 43269495113782640 96.2
451629500 220150864428 99.0 43269502728041840 96.2
451633600 220150871528 99.0 43269505521513840 96.2
451638300 220150876528 99.0 43269508385641840 96.2
451638900 220150923928 99.0 43269528622544240 96.2
451654900 220150934128 99.0 43269534031926640 96.2
451656900 220203831928 99.0 43308314524767600 96.3
451804100 220203837228 99.0 43308316439238000 96.3
451829900 220203852828 99.0 43308324503647600 96.3
451860600 220203870428 99.0 43308330368710000 96.3
451861500 220203881228 99.0 43308334762489200 96.3
451898200 220203895428 99.0 43308340430534000 96.3
451905500 220203903728 99.0 43308345277131632 96.3
451923600 220203916028 99.0 43308350010264432 96.3
451923700 220203925528 99.0 43308354736843632 96.3
451951500 220203938528 99.0 43308359967435632 96.3
451958600 220203981828 99.0 43308374804581232 96.3
451964000 220203986528 99.0 43308376720075632 96.3
451975000 220204185528 99.0 43308505408310128 96.3
451978000 220204187928 99.0 43308506014108528 96.3
451997800 220204194528 99.0 43308509022415728 96.3
452031400 220204201728 99.0 43308512804427120 96.3
452053000 220204220328 99.0 43308516676171120 96.3
452058800 220204225228 99.0 43308518108951920 96.3
452205400 220204230528 99.0 43308520561636720 96.3
452229200 220204246128 99.0 43308526749463920 96.3
452244600 220204251128 99.0 43308528501527920 96.3
452311800 220204253528 99.0 43308529184945520 96.3
452388000 220204255328 99.0 43308529857099120 96.3
452389700 220204286328 99.0 43308550278858096 96.3
452396200 220204292428 99.0 43308552942691696 96.3
452407200 220204311928 99.0 43308560260810096 96.3
452428200 220204341228 99.0 43308570665674096 96.3
452454400 220204972628 99.0 43308988726994288 96.3
452476900 220204978428 99.0 43308990085637488 96.3
452497300 220204995428 99.0 43308994186347888 96.3
452544500 220205005828 99.0 43308999256171888 96.3
452687500 220205013428 99.0 43309005694372720 96.3
452714100 220205027728 99.0 43309013271153520 96.3
452753600 220205084328 99.0 43309052385418096 96.3
452759800 220205125928 99.0 43309084635048816 96.3
452762400 220205183628 99.0 43309111405071216 96.3
453062900 220205204928 99.0 43309119398415216 96.3
453092400 220205213228 99.0 43309122750991216 96.3
474312000 220205219528 99.0 43309125505346416 96.3
474313900 220205247428 99.0 43309139875443568 96.3
474382200 220205357428 99.0 43309220366873456 96.3
474438700 220205366128 99.0 43309225780422512 96.3
474466900 220205370428 99.0 43309228355168112 96.3
474515500 220205433828 99.0 43309275793196912 96.3
474527500 220205451228 99.0 43309288476284784 96.3
474578500 220205617128 99.0 43309405827733360 96.3
474684700 220205671128 99.0 43309449432115056 96.3
474719200 220205677628 99.0 43309452217190256 96.3
474727700 220205698328 99.0 43309461513075568 96.3
474783100 220205708628 99.0 43309466261568368 96.3
474816600 220205717228 99.0 43309469661657968 96.3
474828700 220205718428 99.0 43309469830208368 96.3
474842500 220205723928 99.0 43309472062118768 96.3
474852500 220205741928 99.0 43309481804454768 96.3
474856500 220205763628 99.0 43309493619731312 96.3
474860100 220205772028 99.0 43309496573766512 96.3
474861900 220205783428 99.0 43309500081171312 96.3
474899900 220205795028 99.0 43309504641452912 96.3
474906000 220205808828 99.0 43309509328505712 96.3
474906100 220205861228 99.0 43309542422543216 96.3
474909400 220205872428 99.0 43309547330984816 96.3
474946600 220205880328 99.0 43309549718133616 96.3
474992000 220205891228 99.0 43309555047029616 96.3
474993400 220205918528 99.0 43309569276282736 96.3
475004200 220205925628 99.0 43309571972269936 96.3
475004900 220205976628 99.0 43309592962375536 96.3
475008800 220206022728 99.0 43309619216437104 96.3
475008900 220206025828 99.0 43309620282830704 96.3
475025900 220206071028 99.0 43309649662986096 96.3
475084000 220206080128 99.0 43309652997744496 96.3
475111800 220206093128 99.0 43309660599510896 96.3
475149900 220206099628 99.0 43309662839818096 96.3
475163500 220206115928 99.0 43309669768202096 96.3
475199600 220206133828 99.0 43309676517022576 96.3
475202700 220206137828 99.0 43309678225873776 96.3
475213000 220206155728 99.0 43309683971947376 96.3
475222500 220206170228 99.0 43309689800555376 96.3
475225600 220206185228 99.0 43309701786913648 96.3
475246200 220206191828 99.0 43309705034017648 96.3
475252000 220206211928 99.0 43309712451464048 96.3
475253100 220206215228 99.0 43309713723886448 96.3
475268300 220206235328 99.0 43309725807922032 96.3
475279600 220206241228 99.0 43309728195275632 96.3
475295900 220206258428 99.0 43309733799422832 96.3
475299200 220206271728 99.0 43309739637656432 96.3
475313900 220206282928 99.0 43309742885579632 96.3
475316500 220206354128 99.0 43309796844473200 96.3
475331600 220206358428 99.0 43309798826118000 96.3
475340600 220249163428 99.0 43340826292718448 96.4
475362800 220249164428 99.0 43340826547489648 96.4
475370800 220249208028 99.0 43340842961185648 96.4
475404700 220249226428 99.0 43340849588308848 96.4
475445900 220249233028 99.0 43340851921800048 96.4
475449200 220249242828 99.0 43340858186049392 96.4
475463600 220249318228 99.0 43340904815789936 96.4
475490700 220249322628 99.0 43340906853549936 96.4
475490800 220249325728 99.0 43340907970324336 96.4
475518700 220249329528 99.0 43340909743482736 96.4
475532600 220249335928 99.0 43340913578576240 96.4
475564400 220249336728 99.0 43340913726441840 96.4
475570700 220249344928 99.0 43340917068777840 96.4
475586000 220249361628 99.0 43340923097885040 96.4
475602100 220249364528 99.0 43340923968899440 96.4
475603200 220249382528 99.0 43340937113419120 96.4
475610900 220249390228 99.0 43340939892759920 96.4
475614400 220249416828 99.0 43340956909891952 96.4
475619700 220249431728 99.0 43340962150910832 96.4
475622300 220249461428 99.0 43340983450534768 96.4
475626400 220249469528 99.0 43340985620595568 96.4
475638300 220249475828 99.0 43340990215478640 96.4
475645800 220249497628 99.0 43341009027394928 96.4
475680000 220249499528 99.0 43341009479388528 96.4
475682800 220249509828 99.0 43341013751516528 96.4
475688900 220249527428 99.0 43341019370818928 96.4
475704500 220249530428 99.0 43341020892278128 96.4
475707600 220249544528 99.0 43341026696310128 96.4
475717900 220249545828 99.0 43341026978524528 96.4
475725000 220249552128 99.0 43341029030415728 96.4
475740800 220249614628 99.0 43341054227502448 96.4
475749100 220249626628 99.0 43341058563528048 96.4
475794000 220249627028 99.0 43341058653230448 96.4
475797000 220249633128 99.0 43341062690103408 96.4
475811800 220249633828 99.0 43341062922141808 96.4
475814400 220249642228 99.0 43341066356637808 96.4
475845800 220249755328 99.0 43341135773409392 96.4
475882300 220249764328 99.0 43341140020346992 96.4
475895600 220249792928 99.0 43341150661959792 96.4
475925400 220249830028 99.0 43341166028922992 96.4
476067500 220249838328 99.0 43341168733306992 96.4
476095400 220249854828 99.0 43341175707566192 96.4
476174200 220249860028 99.0 43341177850798192 96.4
476219300 220249870428 99.0 43341185164599408 96.4
476239400 220249876828 99.0 43341187120644208 96.4
476248400 220249880428 99.0 43341188358660208 96.4
495025200 220291214728 99.0 43370949028012144 96.4
495301800 220291217328 99.0 43370950666412144 96.4
495321600 220291226028 99.0 43370955156856944 96.4
495529400 220291229528 99.0 43370956239224944 96.4
495626300 220291235728 99.0 43370957814136944 96.4
495652100 220291246028 99.0 43370961705336944 96.4
495666100 220291259028 99.0 43370966824722544 96.4
495741400 220291271928 99.0 43370971866693744 96.4
495761300 220291280628 99.0 43370976583237744 96.4
495783800 220291412828 99.0 43371063014776944 96.4
495806900 220291415428 99.0 43371064226168944 96.4
495894600 220291485328 99.0 43371111479849072 96.4
495934200 220291493028 99.0 43371115555573872 96.4
495969200 220291504628 99.0 43371120214364272 96.4
495969600 220291529628 99.0 43371130962882672 96.4
496025800 220291545128 99.0 43371137776783472 96.4
496083500 220291547428 99.0 43371138412073072 96.4
496091800 220291555628 99.0 43371142285045872 96.4
496129800 220291557628 99.0 43371143209717872 96.4
496136700 220291559828 99.0 43371144144015472 96.4
496139600 220291560728 99.0 43371144305807472 96.4
496150900 220291564728 99.0 43371146783068272 96.4
496165400 220291565828 99.0 43371147050127472 96.4
496174800 220291569228 99.0 43371148004905072 96.4
496216600 220291571728 99.0 43371148353884272 96.4
496225000 220291583328 99.0 43371153246965872 96.4
496233300 220291587528 99.0 43371154493788272 96.4
496234500 220291607728 99.0 43371169385029744 96.4
496241600 220291615928 99.0 43371172348485744 96.4
496249100 220291620128 99.0 43371173679071344 96.4
496249300 220291624428 99.0 43371175357407344 96.4
496256100 220291628528 99.0 43371178686431344 96.4
496261200 220291636328 99.0 43371181259948144 96.4
496263500 220291648328 99.0 43371189046803056 96.4
496279200 220291652128 99.0 43371190491871856 96.4
496334700 220291652828 99.0 43371190757907056 96.4
496343400 220291653728 99.0 43371191129823856 96.4
496403800 220291668828 99.0 43371197377862256 96.4
496416700 220291686228 99.0 43371204369324656 96.4
496419300 220291713328 99.0 43371216293804656 96.4
496437200 220291715628 99.0 43371216952031856 96.4
496439400 220291740028 99.0 43371233410156144 96.4
496448400 220291749628 99.0 43371238991980144 96.4
496454100 220291801328 99.0 43371272342189680 96.4
496460600 220291806128 99.0 43371274748384880 96.4
496480100 220291811528 99.0 43371278650318192 96.4
496496800 220291818528 99.0 43371281872846192 96.4
496527200 220291843628 99.0 43371295630683504 96.4
496533300 220291847328 99.0 43371296260033904 96.4
496535000 220291852528 99.0 43371297557441904 96.4
496575800 220291854828 99.0 43371300070133104 96.4
496579400 220291862328 99.0 43371302715534704 96.4
496617000 220291872828 99.0 43371309732305776 96.4
496620200 220291875128 99.0 43371310354488176 96.4
496627700 220291877128 99.0 43371311291038576 96.4
496629400 220291881128 99.0 43371313268996976 96.4
496645900 220291883728 99.0 43371314208004976 96.4
496653700 220291891228 99.0 43371317242936176 96.4
496655600 220291904528 99.0 43371323269380976 96.4
496659200 220291907228 99.0 43371324836715376 96.4
496663000 220291913428 99.0 43371326878571376 96.4
496693900 220291926528 99.0 43371331870776176 96.4
496698600 220291948528 99.0 43371346024580976 96.4
496702600 220291952028 99.0 43371347840747376 96.4
496703400 220291966328 99.0 43371360100031344 96.4
496727300 220291969528 99.0 43371361013029744 96.4
496732500 220291975528 99.0 43371363796261744 96.4
496737200 220291980228 99.0 43371365112920944 96.4
496758400 220291982528 99.0 43371365954648944 96.4
496761200 220291987128 99.0 43371367905368944 96.4
496763900 220291992928 99.0 43371370010508144 96.4
496766000 220292006228 99.0 43371375437708144 96.4
496781800 220292045928 99.0 43371404363369328 96.4
496831400 220292071628 99.0 43371417540151152 96.4
496860100 220292196628 99.0 43371503097816944 96.4
496876300 220292223428 99.0 43371511596607344 96.4
496899600 220292234328 99.0 43371515100325744 96.4
496901800 220292242728 99.0 43371518479116144 96.4
496907600 220292245328 99.0 43371519904114544 96.4
496922200 220292255028 99.0 43371525425522544 96.4
496923800 220292267128 99.0 43371530912524144 96.4
496930500 220292276528 99.0 43371534213153648 96.4
496946200 220292284428 99.0 43371538293384048 96.4
496982200 220292291428 99.0 43371542089761648 96.4
497025000 220292307528 99.0 43371547722376048 96.4
497054400 220292356928 99.0 43371580877831024 96.4
497073100 220292360828 99.0 43371582315936624 96.4
497078300 220292363528 99.0 43371583322323824 96.4
497103600 220292367128 99.0 43371585455520624 96.4
497122600 220292381328 99.0 43371590484589424 96.4
497126900 220292382128 99.0 43371590767827824 96.4
497148000 220292435828 99.0 43371624802974576 96.4
497265900 220292436828 99.0 43371625035627376 96.4
497311900 220292442928 99.0 43371627290065776 96.4
497372800 220292457328 99.0 43371631713336176 96.4
497548600 220292461728 99.0 43371634144926576 96.4
510856500 220292494228 99.0 43371650426362736 96.4
511264500 220292500328 99.0 43371655474958704 96.4
511268500 220292527928 99.0 43371670231277936 96.4
511295600 220292535928 99.0 43371675311137136 96.4
511327600 220292553628 99.0 43371681366253936 96.4
511398900 220292559228 99.0 43371683367354736 96.4
511430900 220292570828 99.0 43371687805780336 96.4
511454900 220292589228 99.0 43371698145313136 96.4
511483600 220292597828 99.0 43371701673812336 96.4
511494700 220292603928 99.0 43371703464788336 96.4
511499900 220292611428 99.0 43371706750804336 96.4
511516100 220292621628 99.0 43371709555540336 96.4
511520300 220292626328 99.0 43371712526612080 96.4
511535700 220292667328 99.0 43371746617575024 96.4
511573900 220292678028 99.0 43371752322196080 96.4
511649100 220292734528 99.0 43371784963033712 96.4
511666000 220292739528 99.0 43371787301113200 96.4
511671500 220292741628 99.0 43371788237868400 96.4
511697400 220292759328 99.0 43371795090271600 96.4
511713300 220292773828 99.0 43371802190546800 96.4
511720300 220292785728 99.0 43371808867324784 96.4
511726600 220292801928 99.0 43371815837692784 96.4
511729000 220292805128 99.0 43371817328227184 96.4
511730400 220292807728 99.0 43371818180604784 96.4
511753900 220292823428 99.0 43371829078768496 96.4
511757800 220292869628 99.0 43371861596400496 96.4
511764400 220292871128 99.0 43371862299274096 96.4
511774800 220292879628 99.0 43371866627926896 96.4
511806400 220292882728 99.0 43371867573283696 96.4
511821100 220292883528 99.0 43371867731594096 96.4
511831600 220292898828 99.0 43371880282205040 96.4
511839200 220292905628 99.0 43371883653622640 96.4
511844700 220292919028 99.0 43371891393367920 96.4
511859000 220292932528 99.0 43371898131697520 96.4
511868200 220292940528 99.0 43371901235646320 96.4
511893400 220292955628 99.0 43371909984916336 96.4
511905400 220292978428 99.0 43371921626567536 96.4
511937600 220293029328 99.0 43371950482070384 96.4
511948300 220293034628 99.0 43371954034519408 96.4
511959000 220293037128 99.0 43371955776548208 96.4
511964100 220293074028 99.0 43371980961607024 96.4
511967600 220293076528 99.0 43371981668371824 96.4
511967700 220293102128 99.0 43371997666157936 96.4
512064200 220293108328 99.0 43372000419898736 96.4
512064400 220293112228 99.0 43372003746492528 96.4
512071100 220293114928 99.0 43372005127049328 96.4
512075400 220293120828 99.0 43372006731247728 96.4
512094200 220293134728 99.0 43372011361366128 96.4
512094800 220293143128 99.0 43372016780988528 96.4
512124800 220293145928 99.0 43372017963503728 96.4
512127300 220293146628 99.0 43372018208854128 96.4
512136100 220293155028 99.0 43372020450390128 96.4
512150900 220293156228 99.0 43372021350486128 96.4
512175800 220293161028 99.0 43372023578300528 96.4
512177500 220293163928 99.0 43372025046306928 96.4
512219300 220293172828 99.0 43372028955938928 96.4
512220500 220293179828 99.0 43372031793647728 96.4
512228200 220293200328 99.0 43372046116439152 96.4
512238900 220293228328 99.0 43372058436287600 96.4
512258000 220293245328 99.0 43372066767370864 96.4
512288800 220293251028 99.0 43372070925924976 96.4
512295900 220293275628 99.0 43372091517039216 96.4
512298600 220293298228 99.0 43372106441625200 96.4
512300500 220293301428 99.0 43372107632127600 96.4
512305700 220293305428 99.0 43372109090508400 96.4
512314500 220293323528 99.0 43372120159966832 96.4
512319800 220293325928 99.0 43372121792427632 96.4
512329900 220293329128 99.0 43372122927838832 96.4
512336500 220293573328 99.0 43372283346368112 96.4
512342700 220293575128 99.0 43372284222092912 96.4
512344200 220293579628 99.0 43372286365324912 96.4
512347200 220293581828 99.0 43372286837798512 96.4
512412500 220293585828 99.0 43372287860160112 96.4
512413700 220293594628 99.0 43372295417556080 96.4
512430900 220293640828 99.0 43372328206656624 96.4
512470600 220293667728 99.0 43372342820128880 96.4
512473500 220293748728 99.0 43372394025396336 96.4
512478900 220293753728 99.0 43372396819687536 96.4
512511900 220293758628 99.0 43372398240180336 96.4
512512400 220293780128 99.0 43372410893849712 96.4
512524400 220293783928 99.0 43372412727219312 96.4
512554800 220293786228 99.0 43372413824332912 96.4
512555200 220293788528 99.0 43372415045350512 96.4
512558400 220293794228 99.0 43372416684160112 96.4
512574500 220293802028 99.0 43372419032396912 96.4
512576200 220328057228 99.0 43397054314689648 96.5
512601800 220328061128 99.0 43397056054875248 96.5
512603900 220328077028 99.0 43397065834205296 96.5
512617600 220328097628 99.0 43397077783951472 96.5
512623600 220328102128 99.0 43397080393308272 96.5
512638900 220328109728 99.0 43397084342261872 96.5
512646600 220328110928 99.0 43397084640655472 96.5
512653300 220328114528 99.0 43397085918402672 96.5
512662900 220328116928 99.0 43397087085762672 96.5
512681700 220328119028 99.0 43397088139049072 96.5
512690900 220328122328 99.0 43397089421097072 96.5
512708600 220328127228 99.0 43397091250370672 96.5
512726300 220328130728 99.0 43397092949596272 96.5
512744300 220328135628 99.0 43397094736885872 96.5
512769800 220328149328 99.0 43397103365279856 96.5
512781000 220328153328 99.0 43397105968502896 96.5
512789400 220328210628 99.0 43397147680319600 96.5
512798000 220328214228 99.0 43397148961548400 96.5
512811600 220328228928 99.0 43397159357996144 96.5
512850500 220328243328 99.0 43397164796255344 96.5
512868000 220328282728 99.0 43397203172056176 96.5
512871000 220328284428 99.0 43397203991460976 96.5
512915800 220328297328 99.0 43397211019636848 96.5
512922100 220328303528 99.0 43397212862222448 96.5
512977400 220328332928 99.0 43397228206110832 96.5
512984100 220328335328 99.0 43397229050501232 96.5
512986100 220328347028 99.0 43397233147730032 96.5
512994400 220328350828 99.0 43397234376530032 96.5
512998700 220328388828 99.0 43397260753909872 96.5
513013900 220328395328 99.0 43397264984984176 96.5
513028400 220328397828 99.0 43397266543307376 96.5
513033400 220328404528 99.0 43397270325963376 96.5
513045500 220328418828 99.0 43397281348971120 96.5
513066500 220328420028 99.0 43397281935518320 96.5
513090300 220328422128 99.0 43397282439735920 96.5
513115300 220328424228 99.0 43397283385297520 96.5
513155500 220328432628 99.0 43397285790673520 96.5
513181400 220328441728 99.0 43397292174271600 96.5
513184200 220328459028 99.0 43397298664793200 96.5
513190600 220328470128 99.0 43397303928358000 96.5
513207900 220328484428 99.0 43397310539097200 96.5
513236200 220328488128 99.0 43397311778751600 96.5
513251500 220328492228 99.0 43397313327587440 96.5
513261000 220328507728 99.0 43397319828349040 96.5
513264500 220328510628 99.0 43397321481699440 96.5
513268700 220328535428 99.0 43397337999927408 96.5
513277700 220328538428 99.0 43397338794346608 96.5
513308500 220328541728 99.0 43397340012906608 96.5
513314700 220328564428 99.0 43397348750903408 96.5
513326300 220328567428 99.0 43397350222801008 96.5
513358000 220328571928 99.0 43397351944554608 96.5
513365500 220328581428 99.0 43397357175761008 96.5
513392600 220328586928 99.0 43397358915537008 96.5
513403700 220328633728 99.0 43397393301301360 96.5
513418400 220328646728 99.0 43397402550475888 96.5
513422300 220328653728 99.0 43397406805195888 96.5
513424300 220328656628 99.0 43397407927499888 96.5
513448800 220328659028 99.0 43397408568933488 96.5
513464500 220328659528 99.0 43397408645119088 96.5
513495600 220328706228 99.0 43397439155848304 96.5
513498400 220328710728 99.0 43397442526972016 96.5
513510600 220328739628 99.0 43397452728264816 96.5
513514300 220328744728 99.0 43397454419093616 96.5
513537200 220328747828 99.0 43397456973359216 96.5
513562000 220328749928 99.0 43397458696546416 96.5
513567100 220328783228 99.0 43397480539957360 96.5
513571400 220328784028 99.0 43397480932149360 96.5
513581500 220328791228 99.0 43397483556251760 96.5
513599500 220328814528 99.0 43397499125879920 96.5
513599900 220328820828 99.0 43397500749943920 96.5
513613900 220328823728 99.0 43397501584913520 96.5
513624300 220328826328 99.0 43397502381995120 96.5
513649300 220328832828 99.0 43397505079211120 96.5
513655600 220328849628 99.0 43397516942341232 96.5
513661700 220328859328 99.0 43397520848286832 96.5
513689400 220328869328 99.0 43397526520427632 96.5
513696300 220328874028 99.0 43397529305502832 96.5
513714700 220328881428 99.0 43397533318354032 96.5
513717800 220328885628 99.0 43397534970885232 96.5
513719200 220328888828 99.0 43397536501970032 96.5
513719800 220329149528 99.0 43397732151014512 96.5
513724700 220329165628 99.0 43397738175616112 96.5
513734100 220329200528 99.0 43397764909055088 96.5
513740000 220329210028 99.0 43397769443531888 96.5
513749300 220329217928 99.0 43397771583896688 96.5
513755700 220329253228 99.0 43397791071390832 96.5
513766100 220329254028 99.0 43397791412382832 96.5
513791900 220329256428 99.0 43397792958418032 96.5
513803800 220329265228 99.0 43397797707320432 96.5
513809800 220329296028 99.0 43397817710603376 96.5
513833000 220329298428 99.0 43397818941860976 96.5
513836900 220329299628 99.0 43397819138468976 96.5
513853300 220329303228 99.0 43397820906712176 96.5
513856300 220329312928 99.0 43397828047051376 96.5
513862500 220329317528 99.0 43397831098992496 96.5
513882400 220362118528 99.0 43421517858310000 96.5
513935400 220362122228 99.0 43421518642898800 96.5
513938500 220362138828 99.0 43421525317330800 96.5
513953600 220362147428 99.0 43421529315231600 96.5
513967800 220362153328 99.0 43421531683129200 96.5
513968200 220362160628 99.0 43421534335494000 96.5
513985600 220362185328 99.0 43421546781804400 96.5
514002600 220362213328 99.0 43421562963133296 96.5
514008000 220362225628 99.0 43421566883413872 96.5
514009900 220362230028 99.0 43421568774127472 96.5
514013600 220362232128 99.0 43421569653333872 96.5
514020000 220362234928 99.0 43421573056290672 96.5
514023000 220362238428 99.0 43421573843746672 96.5
514046900 220362253828 99.0 43421580516335472 96.5
514048900 220362256428 99.0 43421581480329072 96.5
514050300 220362258628 99.0 43421582220066672 96.5
514107100 220362310528 99.0 43421612571416432 96.5
514153000 220362345428 99.0 43421636145508208 96.5
514156100 220362352128 99.0 43421638340964208 96.5
514175900 220362357228 99.0 43421640072343408 96.5
514180400 220362367328 99.0 43421644130045808 96.5
514202100 220362369128 99.0 43421644553777008 96.5
514219600 220362379828 99.0 43421650499940208 96.5
514237700 220362392028 99.0 43421660408907632 96.5
514304700 220362394328 99.0 43421661961496432 96.5
514311600 220362409628 99.0 43421668670949232 96.5
514412000 220362419828 99.0 43421672834738032 96.5
514449800 220362427128 99.0 43421676983576432 96.5
514510600 220362437828 99.0 43421684107768176 96.5
514518700 220362445428 99.0 43421687480414576 96.5
514581900 220362496428 99.0 43421726354219376 96.5
514920900 220362501528 99.0 43421727901278576 96.5
524468700 220362521928 99.0 43421736684983664 96.5
524671800 220362542028 99.0 43421745873950064 96.5
524807000 220362547528 99.0 43421748394218864 96.5
524853100 220362550728 99.0 43421750573495664 96.5
524875000 220362581728 99.0 43421772072256880 96.5
524926000 220362584028 99.0 43421772571354480 96.5
524966700 220362586628 99.0 43421773916480880 96.5
524973400 220362609628 99.0 43421783993511280 96.5
524979500 220362621928 99.0 43421788375616880 96.5
524986100 220362624628 99.0 43421789796928880 96.5
524992400 220362648328 99.0 43421800380173680 96.5
525032200 220362654628 99.0 43421804162371184 96.5
525063700 220362742428 99.0 43421859497770608 96.5
525088600 220362754228 99.0 43421864181546608 96.5
525123500 220362769428 99.0 43421875695705712 96.5
525151700 220362867228 99.0 43421935915482736 96.5
525162000 220362930728 99.0 43421973177470576 96.5
525222100 220362935928 99.0 43421975169969776 96.5
525255300 220363029928 99.0 43422040661888624 96.5
525262000 220363038228 99.0 43422043432218224 96.5
525267000 220363040828 99.0 43422044197965424 96.5
525276000 220363043328 99.0 43422044925415024 96.5
525303400 220363050428 99.0 43422048961203824 96.5
525305300 220363053328 99.0 43422050995072624 96.5
525351200 220363077728 99.0 43422072433475184 96.5
525363600 220363090928 99.0 43422082178582128 96.5
525370500 220363098328 99.0 43422085027145328 96.5
525378900 220363109328 99.0 43422088646166128 96.5
525393700 220363117428 99.0 43422093281563248 96.5
525403400 220363121128 99.0 43422094667854448 96.5
525405700 220363125328 99.0 43422097780874864 96.5
525458900 220363131128 99.0 43422100808452464 96.5
525482100 220363134128 99.0 43422101900855664 96.5
525489400 220363137428 99.0 43422103267895664 96.5
525494300 220363143828 99.0 43422105840183664 96.5
525517900 220363145528 99.0 43422106495338864 96.5
525519600 220363149228 99.0 43422107906615664 96.5
525523000 220363156628 99.0 43422111613086064 96.5
525542400 220363160828 99.0 43422113727441264 96.5
525547500 220363163728 99.0 43422114687748464 96.5
525553000 220363166728 99.0 43422115980446064 96.5
525566300 220363174228 99.0 43422118242666864 96.5
525579200 220363180228 99.0 43422120088938864 96.5
525587700 220363183928 99.0 43422122788490864 96.5
525593500 220363197128 99.0 43422129522929264 96.5
525594100 220363202528 99.0 43422133382608240 96.5
525598500 220363211128 99.0 43422136031081840 96.5
525657000 220363214928 99.0 43422137406928240 96.5
525657300 220363220828 99.0 43422141445171312 96.5
525665700 220363222728 99.0 43422141856204912 96.5
525673800 220363249828 99.0 43422162874325104 96.5
525681900 220363254128 99.0 43422164512929904 96.5
525685700 220363260528 99.0 43422166608238704 96.5
525689100 220363261428 99.0 43422166954555504 96.5
525724600 220363265228 99.0 43422168168609904 96.5
525764400 220363272128 99.0 43422170767931504 96.5
525778300 220363282928 99.0 43422175103752304 96.5
525802300 220363284228 99.0 43422176076347504 96.5
525810000 220363291428 99.0 43422178126395504 96.5
525811500 220363304328 99.0 43422184213326960 96.5
525825800 220363311328 99.0 43422189436462704 96.5
525836500 220363315028 99.0 43422192038037104 96.5
525850200 220363318528 99.0 43422193299195504 96.5
525860800 220363327028 99.0 43422196858824304 96.5
525892400 220363337828 99.0 43422202880816752 96.5
525901400 220363344528 99.0 43422205134435952 96.5
525905700 220363346828 99.0 43422205854103152 96.5
525906500 220363350628 99.0 43422207727203952 96.5
525912400 220363356228 99.0 43422210337994352 96.5
525914800 220363358828 99.0 43422211645642352 96.5
525918800 220363361428 99.0 43422212366128752 96.5
525920100 220363376228 99.0 43422222601103984 96.5
525931200 220363392328 99.0 43422233472839280 96.5
525940000 220363395628 99.0 43422234506055280 96.5
525941900 220363409328 99.0 43422244336041584 96.5
525951900 220363416628 99.0 43422246401039984 96.5
525955000 220363420428 99.0 43422248283561584 96.5
525958400 220363424428 99.0 43422249822428784 96.5
525958800 220363434428 99.0 43422253871734384 96.5
525974400 220363437228 99.0 43422256208911984 96.5
525979200 220363449528 99.0 43422264305641072 96.5
526002000 220363509328 99.0 43422308391888496 96.5
526034800 220363520328 99.0 43422312878442096 96.5
526043800 220363532128 99.0 43422318959568496 96.5
526068300 220363541428 99.0 43422323218986096 96.5
526076500 220363544928 99.0 43422324382864496 96.5
526103500 220363549428 99.0 43422326289142896 96.5
526106300 220363553628 99.0 43422328905692784 96.5
526116700 220363571828 99.0 43422341078543984 96.5
526135700 220363576228 99.0 43422343065718384 96.5
526147900 220363582728 99.0 43422345606262384 96.5
526201400 220363597428 99.0 43422352860073584 96.5
526209000 220363603628 99.0 43422356177198448 96.5
526214200 220363609428 99.0 43422358745800048 96.5
526232900 220363618928 99.0 43422362233134448 96.5
526240100 220363626628 99.0 43422364348308848 96.5
526251300 220363642528 99.0 43422373312957808 96.5
526298200 220363645728 99.0 43422374791204208 96.5
526300700 220397324728 99.1 43446631906659696 96.6
526304000 220397330528 99.1 43446634163555696 96.6
526312600 220397333728 99.1 43446634961046896 96.6
526326800 220397344528 99.1 43446640509283696 96.6
526342700 220397351528 99.1 43446643325597808 96.6
526358900 220397354028 99.1 43446644930820208 96.6
526367900 220397357128 99.1 43446646460881008 96.6
526486600 220397361828 99.1 43446648861475440 96.6
526501100 220397372928 99.1 43446651986723440 96.6
526519400 220397405328 99.1 43446675599069808 96.6
526559500 220397409228 99.1 43446676486468208 96.6
526580100 220397416728 99.1 43446683272887920 96.6
526581900 220397461928 99.1 43446716481758832 96.6
526655000 220397467728 99.1 43446718129170032 96.6
526655900 220397483728 99.1 43446729925938800 96.6
526712500 220397487828 99.1 43446731749273200 96.6
526723600 220397492028 99.1 43446733396070000 96.6
526738100 220397494428 99.1 43446733967052400 96.6
526763700 220397506728 99.1 43446742162182768 96.6
526769200 220397509728 99.1 43446742603321968 96.6
526776000 220397518628 99.1 43446746200633968 96.6
526840300 220397528628 99.1 43446749919187568 96.6
526854000 220397531328 99.1 43446751299334768 96.6
526877500 220397601328 99.1 43446799614022256 96.6
526940500 220397618228 99.1 43446806167417456 96.6
526955900 220397651728 99.1 43446826830242416 96.6
537657400 220397680828 99.1 43446845501299312 96.6
537781400 220397683928 99.1 43446846690163312 96.6
537850100 220397714828 99.1 43446865344944752 96.6
537994600 220397724728 99.1 43446869429885552 96.6
538038300 220397728728 99.1 43446870425623152 96.6
538131600 220432066728 99.1 43471579856919152 96.6
538243800 220432076828 99.1 43471583873661552 96.6
538253700 220432080128 99.1 43471585247459952 96.6
538275800 220432082828 99.1 43471586233367152 96.6
538306000 220432095928 99.1 43471590722378352 96.6
538329600 220432102328 99.1 43471592678013552 96.6
538417700 220432104428 99.1 43471593513597552 96.6
538434500 220432106828 99.1 43471594630576752 96.6
538441300 220432114428 99.1 43471598248778352 96.6
538443600 220432132728 99.1 43471605674416752 96.6
538465700 220432145628 99.1 43471610027440752 96.6
538502200 220432148228 99.1 43471611090147952 96.6
538508400 220432155228 99.1 43471613461527152 96.6
538516100 220432159428 99.1 43471614710397552 96.6
538517100 220432163428 99.1 43471618926453616 96.6
538524600 220432174428 99.1 43471626407993200 96.6
538530300 220432181728 99.1 43471631081938800 96.6
538531500 220432184428 99.1 43471632704978800 96.6
538552800 220432189028 99.1 43471634760761200 96.6
538602100 220432192328 99.1 43471636598431600 96.6
538605500 220432195028 99.1 43471637375442800 96.6
538622100 220432201528 99.1 43471641342214000 96.6
538626000 220432210128 99.1 43471645060972400 96.6
538627900 220432223328 99.1 43471650400722800 96.6
538666100 220432226728 99.1 43471651087007600 96.6
538669500 220432228828 99.1 43471651725574000 96.6
538675000 220432236128 99.1 43471654642130800 96.6
538680800 220432239528 99.1 43471655773446000 96.6
538684200 220432242728 99.1 43471657250668400 96.6
538688100 220432245928 99.1 43471657943506800 96.6
538709300 220432267728 99.1 43471665615519600 96.6
538709400 220432270628 99.1 43471667242246000 96.6
538764800 220432286928 99.1 43471674130284400 96.6
538779500 220432290328 99.1 43471675593170800 96.6
538786000 220432295528 99.1 43471678357561200 96.6
538791000 220432303628 99.1 43471680955449200 96.6
538806300 220432306228 99.1 43471682394374000 96.6
538815800 220432310028 99.1 43471684594540400 96.6
538817000 220432315128 99.1 43471686705414000 96.6
538817300 220432320328 99.1 43471688762425200 96.6
538832500 220432324628 99.1 43471691154284400 96.6
538874500 220432326928 99.1 43471691832582000 96.6
538875100 220432329728 99.1 43471693273554800 96.6
538876700 220432331328 99.1 43471694253113200 96.6
538913100 220432332628 99.1 43471694984044400 96.6
538923000 220432352328 99.1 43471702183788400 96.6
538950000 220432354728 99.1 43471703189561200 96.6
538957600 220432367428 99.1 43471708522758000 96.6
538968100 220432371928 99.1 43471709738450800 96.6
538992900 220432374928 99.1 43471711636332400 96.6
539003600 220432376228 99.1 43471711833350000 96.6
539022500 220432384528 99.1 43471715755065200 96.6
539025400 220432387128 99.1 43471716990418800 96.6
539047900 220432390128 99.1 43471718036946800 96.6
539048400 220432393828 99.1 43471719276601200 96.6
539049000 220432403528 99.1 43471723923513200 96.6
539055200 220432405428 99.1 43471724873170800 96.6
539074600 220432408228 99.1 43471725690937200 96.6
539081500 220432433028 99.1 43471737761234800 96.6
539086700 220432436428 99.1 43471739004985200 96.6
539088400 220432452828 99.1 43471744694124400 96.6
539096000 220432455028 99.1 43471745752735600 96.6
539110100 220432457828 99.1 43471746562719600 96.6
539114800 220432459228 99.1 43471746815238000 96.6
539119600 220432465928 99.1 43471748438687600 96.6
539126200 220432468628 99.1 43471749899730800 96.6
539155000 220432472328 99.1 43471751024492400 96.6
539155200 220432478528 99.1 43471752897593200 96.6
539182500 220432480528 99.1 43471753304326000 96.6
539187700 220432482428 99.1 43471753949446000 96.6
539190300 220432502128 99.1 43471765397371760 96.6
539191400 220432507128 99.1 43471767358946160 96.6
539192600 220432513328 99.1 43471770435246960 96.6
539201400 220432516428 99.1 43471771799624560 96.6
539207100 220432519728 99.1 43471773715938160 96.6
539225300 220432526328 99.1 43471776697826160 96.6
539228400 220432529828 99.1 43471778833070960 96.6
539243600 220432533128 99.1 43471780042414960 96.6
539260500 220432547228 99.1 43471785207061360 96.6
539269500 220432550128 99.1 43471786225736560 96.6
539318900 220432554028 99.1 43471787895266160 96.6
539355900 220432561228 99.1 43471789970504560 96.6
539367800 220432571828 99.1 43471795488021360 96.6
539387500 220432689328 99.1 43471876302510960 96.6
539411400 220432697928 99.1 43471879990754160 96.6
539425600 220432704428 99.1 43471882512661360 96.6
539433900 220432706728 99.1 43471883886459760 96.6
539434500 220432710328 99.1 43471884957154160 96.6
539448700 220432714128 99.1 43471886898248560 96.6
539499400 220432735028 99.1 43471895384136560 96.6
539510300 220432738628 99.1 43471897026018160 96.6
539548400 220432744128 99.1 43471899306056560 96.6
539559100 220432752428 99.1 43471901722082160 96.6
539579000 220432754628 99.1 43471902566677360 96.6
539580300 220432758528 99.1 43471903855893360 96.6
539705200 220432765828 99.1 43471905912290160 96.6
539714200 220432775228 99.1 43471910569646960 96.6
539725800 220433125128 99.1 43472171431549808 96.6
539726900 220433130828 99.1 43472173355236208 96.6
539746500 220433135128 99.1 43472175178161008 96.6
539802200 220433136428 99.1 43472175635479408 96.6
539902100 220433141628 99.1 43472177750653808 96.6
539904100 220433158828 99.1 43472186207665008 96.6
565730000 220433225128 99.1 43472237601745776 96.6
565954800 220433233028 99.1 43472241738296176 96.6
565972700 220433240128 99.1 43472244511083376 96.6
565988100 220433259328 99.1 43472251644062576 96.6
566022000 220433274828 99.1 43472257869163376 96.6
566025300 220469287628 99.1 43498143045659504 96.7
566044700 220469295728 99.1 43498147052571504 96.7
566064200 220469338128 99.1 43498163718990704 96.7
566080300 220469360428 99.1 43498170502581104 96.7
566148200 220469368228 99.1 43498173091662704 96.7
566149400 220469383928 99.1 43498181884307312 96.7
566239100 220469400428 99.1 43498187974649712 96.7
566263800 220469409528 99.1 43498191365728112 96.7
566282600 220469420928 99.1 43498196992198512 96.7
566289900 220469423928 99.1 43498198627116912 96.7
566309800 220469432028 99.1 43498202940409712 96.7
566341100 220469446428 99.1 43498208606406512 96.7
566342600 220469465428 99.1 43498215431980912 96.7
566357700 220469473928 99.1 43498218163398512 96.7
566359400 220469476728 99.1 43498219069228912 96.7
566372300 220469491628 99.1 43498223350777712 96.7
566378700 220469496128 99.1 43498224663750512 96.7
566379900 220469506228 99.1 43498228521158512 96.7
566392900 220469514728 99.1 43498231210387312 96.7
566394100 220469518128 99.1 43498232484652912 96.7
566395500 220469520928 99.1 43498234003654512 96.7
566396000 220469540828 99.1 43498240234284912 96.7
566400200 220469543728 99.1 43498241217529712 96.7
566410300 220469546428 99.1 43498243030419312 96.7
566424300 220469549828 99.1 43498244111148912 96.7
566447100 220469556228 99.1 43498247193593712 96.7
566457700 220469570128 99.1 43498251307206512 96.7
566460800 220469585328 99.1 43498257921836912 96.7
566482400 220469733028 99.1 43498361308948336 96.7
566489400 220469796628 99.1 43498401120364400 96.7
566507700 220469800428 99.1 43498402421868400 96.7
566509900 220469803828 99.1 43498404175775600 96.7
566520100 220469873028 99.1 43498447902189424 96.7
566565300 220469876628 99.1 43498449919264624 96.7
566601400 220469881028 99.1 43498453102061424 96.7
566642800 220469887028 99.1 43498455991584624 96.7
566659800 220469891028 99.1 43498457611143024 96.7
566673500 220469894928 99.1 43498458674055024 96.7
566684400 220469904328 99.1 43498463580448624 96.7
566689900 220469916028 99.1 43498470304482160 96.7
566705600 220469922228 99.1 43498472843182960 96.7
566714200 220469925928 99.1 43498474075259760 96.7
566719600 220469930628 99.1 43498475618018160 96.7
566743100 220469934328 99.1 43498477429474160 96.7
566771100 220469938928 99.1 43498479333909360 96.7
566779800 220469953328 99.1 43498484231291760 96.7
566783500 220469953828 99.1 43498484492616560 96.7
566790100 220469975128 99.1 43498492248392560 96.7
566799600 220469984528 99.1 43498497826530160 96.7
566800200 220469991128 99.1 43498500159406960 96.7
566820300 220469994628 99.1 43498503064699760 96.7
566830800 220470003528 99.1 43498507049902960 96.7
566851200 220470006728 99.1 43498507949794160 96.7
566861000 220470030928 99.1 43498516113941360 96.7
566892600 220470041228 99.1 43498521028731760 96.7
566910700 220470055028 99.1 43498526522901360 96.7
566920000 220470061728 99.1 43498528890389360 96.7
566960600 220470076428 99.1 43498533792072560 96.7
566965900 220470089028 99.1 43498539163362160 96.7
566987800 220470090228 99.1 43498539569480560 96.7
567030800 220470504028 99.1 43498813201957744 96.7
567037300 220470534028 99.1 43498823963788144 96.7
567086600 220470546228 99.1 43498829121061744 96.7
567088900 220470558428 99.1 43498833843544944 96.7
567096700 220470566628 99.1 43498838893017968 96.7
567162500 220470571128 99.1 43498840075737968 96.7
567170600 220470576028 99.1 43498841212582768 96.7
567175300 220470582928 99.1 43498845412006768 96.7
567226600 220470586728 99.1 43498846661696368 96.7
567230300 220470590528 99.1 43498848660749168 96.7
567241000 220470613028 99.1 43498856685837168 96.7
567265200 220470627428 99.1 43498861220518768 96.7
567317600 220470631828 99.1 43498863396109168 96.7
567318400 220470644128 99.1 43498868734630768 96.7
567339100 220471013428 99.1 43499134586608496 96.7
567439000 220471021128 99.1 43499138447907696 96.7
567540500 220471025428 99.1 43499140642544496 96.7
567623300 220471041928 99.1 43499147834710896 96.7
567626600 220471075928 99.1 43499169967793008 96.7
567729600 220471115228 99.1 43499186730058608 96.7
594071300 220471120928 99.1 43499188901962608 96.7
594310000 220471124128 99.1 43499189807997808 96.7
594350500 220471151928 99.1 43499199372362608 96.7
594426800 220471258528 99.1 43499243959985008 96.7
594464200 220471264228 99.1 43499248044539504 96.7
594498800 220471297628 99.1 43499262277729904 96.7
594529600 220471365328 99.1 43499305324023408 96.7
594576900 220471391228 99.1 43499316965879408 96.7
594642700 220471399528 99.1 43499321187922032 96.7
594660300 220471407028 99.1 43499323366584432 96.7
594661800 220471412528 99.1 43499327056670832 96.7
594724500 220471419428 99.1 43499330507141232 96.7
594741000 220471433428 99.1 43499336595230832 96.7
594753500 220471467028 99.1 43499352465592432 96.7
594765100 220471470028 99.1 43499353461944432 96.7
594779600 220471493528 99.1 43499365155000432 96.7
594818000 220513587828 99.1 43529745440493680 96.8
594849100 220513604628 99.1 43529751737888880 96.8
594860600 220513624328 99.1 43529757702688880 96.8
594862700 220513627828 99.1 43529758990061680 96.8
594875300 220513637128 99.1 43529763886420080 96.8
594877700 220513666728 99.1 43529775993172080 96.8
594939900 220513675228 99.1 43529778302292080 96.8
594950800 220513679128 99.1 43529779913658480 96.8
595018800 220513700428 99.1 43529789975482480 96.8
595018900 220513707728 99.1 43529793165037680 96.8
595025000 220513719728 99.1 43529799309447280 96.8
595065500 220513737428 99.1 43529805145018480 96.8
595108700 220513772428 99.1 43529818995028080 96.8
595108900 220513779928 99.1 43529821396512880 96.8
595109300 220513788028 99.1 43529829195995760 96.8
595122300 220513791928 99.1 43529832222325360 96.8
595200400 220513805128 99.1 43529838188763760 96.8
595229200 220513836528 99.1 43529850819690096 96.8
595276100 220513860028 99.1 43529858632400496 96.8
595279400 220513867228 99.1 43529862680886896 96.8
595286400 220513878628 99.1 43529866516995696 96.8
595301800 220513882028 99.1 43529867925200496 96.8
595316800 220513897228 99.1 43529874743811696 96.8
595331300 220513910528 99.1 43529880383798896 96.8
595337000 220513922628 99.1 43529885945552496 96.8
595350300 220513933228 99.1 43529890139242096 96.8
595372100 220514197228 99.1 43530072969494128 96.8
595385300 220514198728 99.1 43530073362095728 96.8
595405000 220514206328 99.1 43530076856598128 96.8
595408200 220514218228 99.1 43530084028798064 96.8
595410200 220514221728 99.1 43530085203326064 96.8
595470400 220514234528 99.1 43530088830129264 96.8
595487400 220514240728 99.1 43530093097342064 96.8
595489100 220514247328 99.1 43530096148452464 96.8
595513100 220514256828 99.1 43530099893834864 96.8
595587800 220514261328 99.1 43530101825508464 96.8
595598600 220514264628 99.1 43530103249073264 96.8
595600300 220514270328 99.1 43530105344063728 96.8
595610000 220514273828 99.1 43530107008882928 96.8
595613000 220514276928 99.1 43530108117465328 96.8
595615800 220514300528 99.1 43530117284313328 96.8
595625800 220514322528 99.1 43530128665663728 96.8
595630600 220514323128 99.1 43530128836671728 96.8
595638300 220514330228 99.1 43530133449181424 96.8
595656500 220514342028 99.1 43530141262629616 96.8
595661200 220514346828 99.1 43530142795557616 96.8
595673900 220514349928 99.1 43530143764261616 96.8
595674900 220514381928 99.1 43530162679042800 96.8
595708300 220514389728 99.1 43530164511388400 96.8
595721700 220514402228 99.1 43530171740347632 96.8
595766500 220514419028 99.1 43530178721979632 96.8
595827200 220514423328 99.1 43530180615355632 96.8
595879500 220514446128 99.1 43530191095995632 96.8
595932100 220514460028 99.1 43530197058133232 96.8
596009300 220514516628 99.1 43530223433096432 96.8
596185800 220514526128 99.1 43530228218043632 96.8
596265700 220514568028 99.1 43530253765414128 96.8
596352600 220514583628 99.1 43530265175277808 96.8
596372500 220514987228 99.1 43530549127233776 96.8
596407200 220515009728 99.1 43530569053262064 96.8
623536900 220515067528 99.1 43530606809673968 96.8
623802400 220515072028 99.1 43530607942422768 96.8
623844800 220515094728 99.1 43530616362979568 96.8
623994400 220515146428 99.1 43530653804712176 96.8
624000300 220515151028 99.1 43530655740276976 96.8
624054700 220515156128 99.1 43530657384820976 96.8
624058100 220515161128 99.1 43530661481844976 96.8
624070900 220515247728 99.1 43530724471902448 96.8
624111900 220515249328 99.1 43530724820881648 96.8
624114900 220515259628 99.1 43530729413726448 96.8
624246200 220515261628 99.1 43530729780113648 96.8
624259900 220515274828 99.1 43530734240248048 96.8
624348600 220515280428 99.1 43530736227627248 96.8
624354400 220515284028 99.1 43530738410182640 96.8
624387500 220515302328 99.1 43530745244768240 96.8
624396100 220515311728 99.1 43530748534675440 96.8
624416500 220515319628 99.1 43530751511853040 96.8
624448100 220515327228 99.1 43530754046048240 96.8
624454300 220515330328 99.1 43530754887161840 96.8
624461500 220515333028 99.1 43530755488864240 96.8
624462800 220515347228 99.1 43530759596947440 96.8
624466100 220515349528 99.1 43530760590637040 96.8
624468700 220515355628 99.1 43530762863302640 96.8
624485300 220515366528 99.1 43530767441197040 96.8
624513800 220558036828 99.1 43561534699468784 96.8
624528500 220558039128 99.1 43561535711590384 96.8
624535900 220558045828 99.1 43561538523084784 96.8
624564600 220558052028 99.1 43561543094872560 96.8
624585700 220558057328 99.1 43561544527858160 96.8
624591000 220558060128 99.1 43561545748875760 96.8
624595900 220558062228 99.1 43561546275416560 96.8
624612700 220558081528 99.1 43561552943294960 96.8
624624100 220558118328 99.1 43561574321271280 96.8
624660700 220558129228 99.1 43561578444100080 96.8
624668900 220558132428 99.1 43561579986244080 96.8
624710700 220558146428 99.1 43561584484676080 96.8
624719800 220558156828 99.1 43561587973239280 96.8
624725500 220558165228 99.1 43561592287556080 96.8
624729000 220558167028 99.1 43561592971178480 96.8
624740500 220558175728 99.1 43561595868688880 96.8
624741100 220558178328 99.1 43561597036253680 96.8
624789900 220558189128 99.1 43561600169693680 96.8
624793400 220558192128 99.1 43561601403408880 96.8
624821600 220558195828 99.1 43561602460791280 96.8
624823700 220558197828 99.1 43561603124957680 96.8
624838600 220558200828 99.1 43561604022800880 96.8
624861600 220558207528 99.1 43561606081245680 96.8
624886700 220558214228 99.1 43561609017668080 96.8
624891100 220558219928 99.1 43561610874065904 96.8
624899600 220558225528 99.1 43561613217836784 96.8
624960100 220558228528 99.1 43561614893510384 96.8
624963100 220558236328 99.1 43561617870278384 96.8
624979600 220558238628 99.1 43561618743545584 96.8
624980200 220558240028 99.1 43561619507449584 96.8
624986300 220558241928 99.1 43561620200083184 96.8
624988800 220558248028 99.1 43561621671571184 96.8
624990900 220558256828 99.1 43561625003462384 96.8
624992200 220558259128 99.1 43561625694662384 96.8
624996600 220558274328 99.1 43561631209516784 96.8
625000500 220558285728 99.1 43561635991596784 96.8
625014000 220558287328 99.1 43561637043244784 96.8
625016100 220558299128 99.1 43561640878124784 96.8
625042500 220558300928 99.1 43561641333599984 96.8
625078000 220558314328 99.1 43561651693577968 96.8
625099600 220558316628 99.1 43561652444579568 96.8
625103500 220558327928 99.1 43561657323120368 96.8
625112400 220558333828 99.1 43561659950704368 96.8
625141000 220558345628 99.1 43561664220579568 96.8
625146900 220558347928 99.1 43561665634313968 96.8
625175800 220558350528 99.1 43561667061769968 96.8
625185100 220558354828 99.1 43561669423728368 96.8
625202300 220558357028 99.1 43561670302320368 96.8
625220700 220558360628 99.1 43561671544227568 96.8
625226900 220558374728 99.1 43561677300950768 96.8
625250500 220558380128 99.1 43561679590614768 96.8
625256000 220558395428 99.1 43561685769840368 96.8
625271100 220558497328 99.1 43561769269946096 96.8
625273800 220558500628 99.1 43561770322208496 96.8
625281700 220558505828 99.1 43561771993581296 96.8
625295700 220558508328 99.1 43561772835104496 96.8
625318000 220558511828 99.1 43561773895354096 96.8
625321200 220558521328 99.1 43561778324358896 96.8
625346400 220558524028 99.1 43561779296134896 96.8
625367800 220558535828 99.1 43561783905568496 96.8
625388100 220558537728 99.1 43561784318445296 96.8
625413700 220558549428 99.1 43561788548794096 96.8
625419300 220558554528 99.1 43561791455110896 96.8
625428000 220558557128 99.1 43561792683091696 96.8
625480000 220558735528 99.1 43561906269685488 96.8
625484600 220558741228 99.1 43561907883919088 96.8
625492700 220558746828 99.1 43561911491219184 96.8
625509300 220558767928 99.1 43561920480915184 96.8
625520500 220558772128 99.1 43561922413817584 96.8
625549100 220558774228 99.1 43561923191443184 96.8
625574700 220558776428 99.1 43561923982790384 96.8
625581000 220558785328 99.1 43561929564204784 96.8
625611200 220558796728 99.1 43561933900435184 96.8
625637400 220558805428 99.1 43561937319980784 96.8
625658400 220558809528 99.1 43561938894892784 96.8
625690500 220558815928 99.1 43561944278893808 96.8
625728300 220558818928 99.1 43561945355527408 96.8
625729800 220558821528 99.1 43561946881287408 96.8
625740500 220558828828 99.1 43561950476551408 96.8
625941600 220558830028 99.1 43561950600455408 96.8
626041400 220558832228 99.1 43561951283873008 96.8
626065000 220558835328 99.1 43561952945415408 96.8
626074900 220558859828 99.1 43561963169031408 96.8
626193400 220558886328 99.1 43561974024865008 96.8
645964600 220558888728 99.1 43561976082285808 96.8
646059400 220558903128 99.1 43561981686433008 96.8
646355300 220558913028 99.1 43561987078817008 96.8
646374900 220558917928 99.1 43561989378925808 96.8
646377800 220558921428 99.1 43561990926599408 96.8
646389100 220558923528 99.1 43561991594042608 96.8
646488100 220558927128 99.1 43561993225889008 96.8
646559400 220558928328 99.1 43561994125985008 96.8
646571000 220558957228 99.1 43562012737608944 96.8
646606100 220558959428 99.1 43562013984226544 96.8
646633000 220558971228 99.1 43562018311445744 96.8
646641300 220558971828 99.1 43562018741935344 96.8
646653300 220558976028 99.1 43562021575957744 96.8
646776200 220558991728 99.1 43562032220037360 96.8
646783700 220559052428 99.1 43562076181373168 96.8
646788200 220559054228 99.1 43562077273366768 96.8
646794000 220559056928 99.1 43562078307197168 96.8
646800500 220592177628 99.1 43585720283930864 96.9
646816300 220592182128 99.1 43585722583015664 96.9
646836400 220592190328 99.1 43585725985358064 96.9
646882000 220592208828 99.1 43585737320432880 96.9
646886800 220592218028 99.1 43585742335984880 96.9
646890900 220592225528 99.1 43585746731607280 96.9
646927400 220592237228 99.1 43585749790090480 96.9
646970400 220592239528 99.1 43585750610519280 96.9
646999600 220592241228 99.1 43585751011722480 96.9
647011400 220592255528 99.1 43585757111485680 96.9
647012800 220592259128 99.1 43585758558807280 96.9
647022400 220592261928 99.1 43585759714288880 96.9
647023100 220592273328 99.1 43585763281700080 96.9
647023200 220592282228 99.1 43585769893970672 96.9
647107000 220592284728 99.1 43585770556293872 96.9
647131500 220592293528 99.1 43585772771615472 96.9
647134200 220592320028 99.1 43585786242138864 96.9
647142400 220592332028 99.1 43585792598704368 96.9
647156200 220592337328 99.1 43585795038896368 96.9
647156600 220592339628 99.1 43585796803453168 96.9
647159900 220592346628 99.1 43585803482318576 96.9
647172500 220592347528 99.1 43585803674830576 96.9
647176200 220592350028 99.1 43585804960974576 96.9
647176400 220592352528 99.1 43585805964084976 96.9
647200700 220592355228 99.1 43585807616616176 96.9
647211700 220592366728 99.1 43585812216014576 96.9
647239600 220592368128 99.1 43585812873627376 96.9
647242700 220592379628 99.1 43585821009797360 96.9
647276600 220592381228 99.1 43585821722910960 96.9
647277600 220592390928 99.1 43585825432043760 96.9
647293200 220592395528 99.1 43585826024120560 96.9
647294700 220592398028 99.1 43585827104850160 96.9
647296100 220592409928 99.1 43585831689298160 96.9
647299100 220592419928 99.1 43585834103275760 96.9
647301700 220592424728 99.1 43585836550615792 96.9
647321900 220592742928 99.1 43586065767674608 96.9
647343000 220592745028 99.1 43586066678420208 96.9
647348200 220592747828 99.1 43586068124922608 96.9
647359800 220592754328 99.1 43586069702701808 96.9
647371600 220592763828 99.1 43586076666060528 96.9
647376700 220592768828 99.1 43586077805977328 96.9
647382600 220592773328 99.1 43586079767756528 96.9
647395700 220592777828 99.1 43586082043289328 96.9
647406800 220592795328 99.1 43586090680114928 96.9
647421300 220592797828 99.1 43586091533106928 96.9
647460200 220592806928 99.1 43586093692722928 96.9
647463900 220592809828 99.1 43586094600396528 96.9
647485400 220592811428 99.1 43586095064473328 96.9
647519100 220592816328 99.1 43586097462066928 96.9
647530500 220592827128 99.1 43586103581954800 96.9
647536200 220592831028 99.1 43586105601078000 96.9
647543200 220592836128 99.1 43586107221250800 96.9
647564300 220592839628 99.1 43586109230134000 96.9
647575500 220592850328 99.1 43586115402806000 96.9
647642800 220592858028 99.1 43586123066206448 96.9
647650900 220592860828 99.1 43586125493291248 96.9
647653700 220592863428 99.1 43586126289758448 96.9
647673000 220592866028 99.1 43586127093598448 96.9
647676200 220592871328 99.1 43586129116408048 96.9
647703000 220592879328 99.1 43586132252715248 96.9
647730100 220592881828 99.1 43586132943096048 96.9
647737000 220592888528 99.1 43586135361374448 96.9
647743000 220592901028 99.1 43586140059896048 96.9
647754400 220592973428 99.1 43586192824502512 96.9
647765300 220592976628 99.1 43586194732624112 96.9
647778000 220592979628 99.1 43586195587049712 96.9
647783900 220592980828 99.1 43586196070172912 96.9
647811600 220592981928 99.1 43586196411369712 96.9
647815400 220592991428 99.1 43586199835830512 96.9
647818500 220592993628 99.1 43586201033091312 96.9
647827500 220593004028 99.1 43586204452841712 96.9
647836700 220593016528 99.1 43586209139987184 96.9
647836900 220593044628 99.1 43586233408641776 96.9
647837400 220593048828 99.1 43586235055438576 96.9
647873600 220593054128 99.1 43586239523520240 96.9
647899200 220593069828 99.1 43586249063801584 96.9
647902600 220593091628 99.1 43586267429157616 96.9
647915300 220593093328 99.1 43586268010584816 96.9
647935200 220593098128 99.1 43586270581848816 96.9
647939100 220593103328 99.1 43586274866594800 96.9
647941100 220593114328 99.1 43586278297814000 96.9
647965300 220593118828 99.1 43586280050287600 96.9
647967300 220593124028 99.1 43586281336431600 96.9
648009200 220593160128 99.1 43586307857570800 96.9
648034100 220593168028 99.1 43586310887586800 96.9
648076300 220593172928 99.1 43586313625762800 96.9
648107300 220593175628 99.1 43586314719394800 96.9
648122000 220593248328 99.1 43586368323914736 96.9
648127900 220593250928 99.1 43586368850455536 96.9
648151300 220593252328 99.1 43586369887357936 96.9
648172300 220593252528 99.1 43586370017405936 96.9
648187100 220593256228 99.1 43586371514493936 96.9
648188800 220593260328 99.1 43586373149002736 96.9
648232100 220593261928 99.1 43586373446781936 96.9
648250200 220593267328 99.1 43586378566610416 96.9
648289700 220593278928 99.1 43586382133202416 96.9
648298500 220593283128 99.1 43586383255916016 96.9
648327300 220593283228 99.1 43586383414431216 96.9
648334800 220593297228 99.1 43586388596690416 96.9
648358900 220593312628 99.1 43586400073698800 96.9
648367100 220593314428 99.1 43586400624406000 96.9
648398700 220593316128 99.1 43586401269935600 96.9
648407800 220593325628 99.1 43586404582370800 96.9
648463000 220593328828 99.1 43586405645897200 96.9
648519400 220593332428 99.1 43586408197690096 96.9
648609900 220593334628 99.1 43586409069318896 96.9
648646600 220593337328 99.1 43586412149026800 96.9
648674700 220593339028 99.1 43586412856201200 96.9
648823200 220593340828 99.1 43586413822447600 96.9
648858500 220593405628 99.1 43586464347152368 96.9
648988500 220593415828 99.1 43586469934301168 96.9
649137500 220593469228 99.1 43586504460935152 96.9
649150000 220593473028 99.1 43586505757933552 96.9
659687200 220593473628 99.1 43586505835552752 96.9
659719400 220593474628 99.1 43586506250887152 96.9
659788100 220593479628 99.1 43586508727943152 96.9
659801300 220593528228 99.1 43586541688686576 96.9
659840100 220593535128 99.1 43586544992315376 96.9
659841000 220593552828 99.1 43586551196731376 96.9
659956500 220593625128 99.1 43586601088509936 96.9
659975500 220593627228 99.1 43586602327754736 96.9
660097700 220593633228 99.1 43586606679320048 96.9
660118000 220593639428 99.1 43586609399064048 96.9
660123100 220593650028 99.1 43586614128100848 96.9
660137800 220593657728 99.1 43586616832280048 96.9
660160700 220593659728 99.1 43586617627723248 96.9
660166700 220593662028 99.1 43586618983294448 96.9
660218800 220593664128 99.1 43586619865777648 96.9
660243000 220593671328 99.1 43586624653796848 96.9
660246000 220593697428 99.1 43586640064052720 96.9
660255700 220593699728 99.1 43586641113857520 96.9
660272000 220593707828 99.1 43586646570448368 96.9
660282100 220593734928 99.1 43586661217959408 96.9
660284600 220593736028 99.1 43586661838913008 96.9
660286300 220620421228 99.2 43605748382072304 96.9
660299200 220620423628 99.2 43605749314526704 96.9
660329500 220620431128 99.2 43605752926076912 96.9
660404600 220620445028 99.2 43605757615587312 96.9
660405300 220620449628 99.2 43605762511397872 96.9
660405800 220620451228 99.2 43605763164300272 96.9
660415600 220620454028 99.2 43605765883020272 96.9
660450100 220620455528 99.2 43605766374540272 96.9
660462800 220620457728 99.2 43605767182476272 96.9
660473200 220620486128 99.2 43605778531058672 96.9
660477200 220620491228 99.2 43605780970841072 96.9
660485900 220620526728 99.2 43605794053260272 96.9
660508300 220620529028 99.2 43605795222053872 96.9
660553000 220620532128 99.2 43605796596671472 96.9
660588300 220620541028 99.2 43605804253219312 96.9
660592700 220620544528 99.2 43605806173690480 96.9
660601100 220620570728 99.2 43605819761760880 96.9
660602100 220620572828 99.2 43605820388039280 96.9
660608500 220620581328 99.2 43605823400647280 96.9
660652000 220620583628 99.2 43605824756218480 96.9
660655400 220620586228 99.2 43605826077178480 96.9
660676400 220620588228 99.2 43605827189652080 96.9
660682800 220620717728 99.2 43605918283381360 96.9
660685300 220620725828 99.2 43605921362549360 96.9
660702200 220620732128 99.2 43605924233026160 96.9
660707900 220620734028 99.2 43605925330958960 96.9
660735900 220620740528 99.2 43605927991515760 96.9
660738700 220620756028 99.2 43605937348229744 96.9
660739000 220620762828 99.2 43605940545772144 96.9
660739900 220620770028 99.2 43605943105362544 96.9
660759000 220620771328 99.2 43605943407647344 96.9
660763200 220620775728 99.2 43605945217464944 96.9
660764900 220620782428 99.2 43605948024863344 96.9
660774500 220620783028 99.2 43605948428933744 96.9
660838800 220620797228 99.2 43605958286138992 96.9
660850500 220620800828 99.2 43605959444078192 96.9
660879200 220620808228 99.2 43605965005669488 96.9
660909000 220620822428 99.2 43605970978251888 96.9
660913400 220620830828 99.2 43605974489547888 96.9
660938400 220620833728 99.2 43605976318411888 96.9
660974300 220620835828 99.2 43605976814078480 96.9
660982800 220620837328 99.2 43605977250302480 96.9
660989400 220620849428 99.2 43605982808779280 96.9
661002700 220620851528 99.2 43605983110859280 96.9
661011500 220620866028 99.2 43605990027160080 96.9
661013400 220620867228 99.2 43605990786968080 96.9
661015200 220620881928 99.2 43606000384649744 96.9
661015900 220620883828 99.2 43606001238460944 96.9
661025100 220620899928 99.2 43606011067755024 96.9
661026700 220620904328 99.2 43606012819204624 96.9
661031700 220620939828 99.2 43606038406324752 96.9
661037100 220620948128 99.2 43606042616807952 96.9
661066500 220620950328 99.2 43606043369243152 96.9
661096800 220620952428 99.2 43606043998388752 96.9
661098800 220620960528 99.2 43606047968436752 96.9
661105400 220620962728 99.2 43606048831259152 96.9
661118100 220620973828 99.2 43606051952615952 96.9
661127600 220620981328 99.2 43606054369255952 96.9
661130500 220620983228 99.2 43606055431143952 96.9
661132100 220620984228 99.2 43606055583105552 96.9
661156100 220620985928 99.2 43606056645403152 96.9
661161700 220620991628 99.2 43606060833972752 96.9
661171800 220620997528 99.2 43606062348059152 96.9
661176200 220621000028 99.2 43606064235700752 96.9
661240000 220621002028 99.2 43606065441563152 96.9
661264400 220621051228 99.2 43606097929757200 96.9
661283000 220621053728 99.2 43606098487632400 96.9
661284700 220621057828 99.2 43606100263453200 96.9
661288900 220621066328 99.2 43606107550620688 96.9
661297600 220621071628 99.2 43606111479094288 96.9
661300300 220621080428 99.2 43606114751183888 96.9
661309300 220621086928 99.2 43606117237251088 96.9
661330800 220621087528 99.2 43606117345999888 96.9
661346600 220621095628 99.2 43606121158966288 96.9
661398300 220621109328 99.2 43606126670339088 96.9
661406900 220621114928 99.2 43606128660380688 96.9
661407200 220621154428 99.2 43606157483926544 96.9
661417800 220621164128 99.2 43606163010679312 96.9
661420400 220621180228 99.2 43606172784696848 96.9
661438700 220621189328 99.2 43606177047608848 96.9
661445900 220621192928 99.2 43606178256338448 96.9
661463900 220621208728 99.2 43606185430072848 96.9
661528600 220621214828 99.2 43606188294815248 96.9
661542600 220621217128 99.2 43606190031724048 96.9
661545300 220621223128 99.2 43606193440620048 96.9
661572300 220621234228 99.2 43606197748997648 96.9
661581200 220621314628 99.2 43606257978519056 96.9
661610200 220621320528 99.2 43606261318807056 96.9
661637800 220621329228 99.2 43606264788119056 96.9
661674800 220621335728 99.2 43606268641635856 96.9
661700000 220621338828 99.2 43606269958909456 96.9
661757200 220621351228 99.2 43606277457856528 96.9
661764600 220621353328 99.2 43606278812608528 96.9
661835000 220621359528 99.2 43606282701760528 96.9
661959200 220621374928 99.2 43606295049355280 96.9
661997800 220621393528 99.2 43606307549348880 96.9
662291000 220621394428 99.2 43606307867198480 96.9
662398600 220621396528 99.2 43606308523172880 96.9
662426600 220621400328 99.2 43606310158296080 96.9
662468100 220621405228 99.2 43606312354776080 96.9
665785200 220621409828 99.2 43606313882584080 96.9
665794500 220621412028 99.2 43606314792510480 96.9
665822200 220621430828 99.2 43606330157602832 96.9
665935800 220621432428 99.2 43606330327177232 96.9
665968600 220621442828 99.2 43606334854690832 96.9
666004000 220621470428 99.2 43606352893964304 96.9
666073900 220648115228 99.2 43625396095283216 97.0
666128700 220648132628 99.2 43625404153958416 97.0
666177900 220648135528 99.2 43625406343427600 97.0
666214000 220648143828 99.2 43625408786896400 97.0
666218200 220648147128 99.2 43625410252035600 97.0
666222200 220648159628 99.2 43625415357494800 97.0
666238500 220648168928 99.2 43625421119523344 97.0
666317100 220648173928 99.2 43625423647984144 97.0
666319100 220648180128 99.2 43625425457392144 97.0
666336800 220648190928 99.2 43625429327088144 97.0
666362900 220648192728 99.2 43625430090787344 97.0
666377500 220648193328 99.2 43625430205270544 97.0
666405000 220648206128 99.2 43625435803068944 97.0
666413200 220648213628 99.2 43625440696433168 97.0
666418500 220648214928 99.2 43625441180580368 97.0
666419200 220648228028 99.2 43625444782193168 97.0
666431800 220648291428 99.2 43625484618750480 97.0
666435100 220648295928 99.2 43625487503768080 97.0
666456200 220648299728 99.2 43625489571224080 97.0
666468200 220648317828 99.2 43625496655665680 97.0
666470400 220648332428 99.2 43625502987057680 97.0
666487500 220648352128 99.2 43625511151614480 97.0
666514400 220648356628 99.2 43625513207601680 97.0
666527000 220648358728 99.2 43625513897368080 97.0
666528700 220648370628 99.2 43625518068529680 97.0
666533500 220648431428 99.2 43625561187707408 97.0
666537200 220648438028 99.2 43625563859528208 97.0
666540700 220648450728 99.2 43625567485307408 97.0
666543000 220648453928 99.2 43625568768174608 97.0
666562500 220648455528 99.2 43625569461627408 97.0
666564200 220648458828 99.2 43625570678549008 97.0
666567200 220648463628 99.2 43625572792394896 97.0
666571600 220648465028 99.2 43625573255038096 97.0
666580000 220648467228 99.2 43625573843018896 97.0
666600800 220648477728 99.2 43625577644926096 97.0
666614100 220648478828 99.2 43625578087908496 97.0
666629200 220648482828 99.2 43625580331287696 97.0
666629400 220648502728 99.2 43625586708554896 97.0
666658300 220648505028 99.2 43625587590628496 97.0
666660100 220648507428 99.2 43625589027914896 97.0
666665600 220648515328 99.2 43625592186954896 97.0
666672900 220648517428 99.2 43625592891057296 97.0
666673400 220648523028 99.2 43625595960599696 97.0
666703800 220648527228 99.2 43625597663102096 97.0
666724200 220648549128 99.2 43625604927562896 97.0
666731300 220648551428 99.2 43625605684913296 97.0
666734700 220648554228 99.2 43625607788618896 97.0
666757200 220648559328 99.2 43625609371108496 97.0
666757400 220648564928 99.2 43625611213898896 97.0
666794200 220648572228 99.2 43625613494961296 97.0
666801800 220648573228 99.2 43625613924017296 97.0
666811100 220648577828 99.2 43625616615089296 97.0
666822900 220648584528 99.2 43625619218711696 97.0
666823400 220648584928 99.2 43625619386852496 97.0
666851200 220648587928 99.2 43625620813694096 97.0
666862400 220648589328 99.2 43625621204862096 97.0
666867200 220648592628 99.2 43625622336586896 97.0
666909100 220648595428 99.2 43625623230743696 97.0
666914000 220648596628 99.2 43625623568049296 97.0
666951000 220648620628 99.2 43625639177951376 97.0
666956700 220648641128 99.2 43625646812076176 97.0
667005000 220648643728 99.2 43625647519250576 97.0
667010000 220648645428 99.2 43625647775660176 97.0
667014600 220648649428 99.2 43625648752760976 97.0
667018500 220648652428 99.2 43625649689106576 97.0
667028200 220648654628 99.2 43625650678700176 97.0
667037300 220648659428 99.2 43625653494700176 97.0
667061400 220648667528 99.2 43625659345022096 97.0
667062100 220648677328 99.2 43625662178839696 97.0
667065600 220648678928 99.2 43625662435658896 97.0
667087800 220648679928 99.2 43625662680804496 97.0
667099800 220648683528 99.2 43625664085732496 97.0
667106700 220648686528 99.2 43625665265175696 97.0
667111900 220648692228 99.2 43625667433689232 97.0
667123100 220648694628 99.2 43625669862390672 97.0
667131200 220648704428 99.2 43625674535312272 97.0
667132600 220648715428 99.2 43625678251408272 97.0
667134300 220648718328 99.2 43625679158877072 97.0
667161700 220648722328 99.2 43625680673782672 97.0
667164600 220648728728 99.2 43625682253405072 97.0
667192900 220648731228 99.2 43625683832822672 97.0
667193800 220648732428 99.2 43625684205763472 97.0
667221600 220648734028 99.2 43625685012470672 97.0
667230900 220648735228 99.2 43625685664963472 97.0
667249100 220648736528 99.2 43625686032579472 97.0
667259000 220648738828 99.2 43625687385488272 97.0
667270800 220648739828 99.2 43625687688592272 97.0
667273000 220648742428 99.2 43625689165609872 97.0
667277900 220648743028 99.2 43625689256950672 97.0
667286900 220648744828 99.2 43625689835305872 97.0
667290400 220648751828 99.2 43625693425859472 97.0
667293100 220648765428 99.2 43625700599389072 97.0
667293800 220648766128 99.2 43625700639120272 97.0
667350200 220648772328 99.2 43625702547241872 97.0
667392700 220648792928 99.2 43625719603221392 97.0
667417400 220648795328 99.2 43625720438600592 97.0
667429200 220648800528 99.2 43625722020680592 97.0
667433300 220648808828 99.2 43625724832789392 97.0
667489100 220648823628 99.2 43625731037410192 97.0
667490100 220648824828 99.2 43625731374101392 97.0
667509900 220648826328 99.2 43625731804795792 97.0
667631000 220648954928 99.2 43625831886893968 97.0
667664700 220648977928 99.2 43625841930285968 97.0
667763000 220648998528 99.2 43625850120852368 97.0
667811700 220649004428 99.2 43625852006445968 97.0
667858200 220649018228 99.2 43625858646676368 97.0
667999600 220649020128 99.2 43625859788436368 97.0
668007400 220649208628 99.2 43626001019237264 97.0
668071800 220649214728 99.2 43626002685285264 97.0
686491000 220649216128 99.2 43626003643339664 97.0
686750700 220649230428 99.2 43626008979198864 97.0
686878300 220649237828 99.2 43626011372286864 97.0
686914100 220649253328 99.2 43626018532299664 97.0
687034800 220649262528 99.2 43626022078821264 97.0
687106600 220649266228 99.2 43626024004965264 97.0
687113900 220649272728 99.2 43626026126488464 97.0
687153600 220649277928 99.2 43626027947774864 97.0
687206300 220649279128 99.2 43626028294091664 97.0
687213300 220649281028 99.2 43626029311128464 97.0
687216800 220649283228 99.2 43626030568805264 97.0
687230500 220649288728 99.2 43626032883250064 97.0
687274000 220649297528 99.2 43626039018603920 97.0
687278200 220649298628 99.2 43626039399941520 97.0
687333500 220649306328 99.2 43626041580651920 97.0
687334400 220649315228 99.2 43626045028869520 97.0
687357900 220649322128 99.2 43626048359122320 97.0
687390400 220649340628 99.2 43626054827320720 97.0
687407600 220649449328 99.2 43626132630209936 97.0
687422700 220649466828 99.2 43626138455336336 97.0
687448200 220649469228 99.2 43626139088987536 97.0
687497100 220649473428 99.2 43626140837160336 97.0
687540900 220649544028 99.2 43626187503711632 97.0
687541500 220677411728 99.2 43646148456494480 97.0
687554700 220677418328 99.2 43646151993185680 97.0
687560000 220677421328 99.2 43646153408339088 97.0
687583300 220677435728 99.2 43646165350982800 97.0
687652100 220677456228 99.2 43646172377670800 97.0
687670000 220677466528 99.2 43646176038061200 97.0
687673100 220677471528 99.2 43646178473747600 97.0
687681000 220677477728 99.2 43646184680701584 97.0
687715400 220677480728 99.2 43646185859120784 97.0
687757400 220677484328 99.2 43646186592509584 97.0
687774200 220677510028 99.2 43646197727938192 97.0
687788500 220677521128 99.2 43646202171688592 97.0
687794800 220677531928 99.2 43646209716551312 97.0
687848000 220677536428 99.2 43646210609069712 97.0
687880800 220677537528 99.2 43646211253575312 97.0
687929800 220677551928 99.2 43646216656199312 97.0
687932600 220677554928 99.2 43646217246637712 97.0
687950700 220677557028 99.2 43646218299309712 97.0
687979700 220677585328 99.2 43646227723796112 97.0
687999600 220677599328 99.2 43646233121914512 97.0
688012600 220677605628 99.2 43646235660615312 97.0
688023300 220677608028 99.2 43646236992429712 97.0
688074800 220677610728 99.2 43646238207508112 97.0
688079600 220677627928 99.2 43646244907130512 97.0
688086800 220677630028 99.2 43646245944647312 97.0
688090700 220677640528 99.2 43646249585775248 97.0
688099800 220677651028 99.2 43646253833941648 97.0
688130800 220677656428 99.2 43646255836476048 97.0
688166200 220677660728 99.2 43646257577890448 97.0
688178700 220677674428 99.2 43646262885896848 97.0
688191600 220677720028 99.2 43646281683055248 97.0
688212800 220677728528 99.2 43646285537186448 97.0
688215100 220677750528 99.2 43646290754876048 97.0
688246300 220677759128 99.2 43646295587746448 97.0
688281400 220677766428 99.2 43646297669948048 97.0
688320900 220677778728 99.2 43646301572616848 97.0
688352800 220677786428 99.2 43646305003631248 97.0
688365700 220677803328 99.2 43646311432303248 97.0
688369500 220678232228 99.2 43646597300105872 97.0
688386100 220678247028 99.2 43646606984059536 97.0
688416900 220678258728 99.2 43646611890453136 97.0
688445900 220678264428 99.2 43646614183559824 97.0
688506900 220678281028 99.2 43646620002747024 97.0
688508500 220678285728 99.2 43646622392967824 97.0
688605500 220678338228 99.2 43646644189422224 97.0
688643600 220678373928 99.2 43646659370836624 97.0
688753300 220678410028 99.2 43646690791391888 97.0
688766900 220678412228 99.2 43646692289503888 97.0
688844000 220678432028 99.2 43646700933907088 97.0
688870900 220678436228 99.2 43646702639481488 97.0
688920100 220678462528 99.2 43646714901693072 97.0
689319000 220678464228 99.2 43646715925693072 97.0
721213200 220678485928 99.2 43646731367622288 97.0
721391000 220678489028 99.2 43646733166380688 97.0
721474200 220678647328 99.2 43646848554976912 97.0
721482200 220678650528 99.2 43646849916282512 97.0
721631300 220678702528 99.2 43646887496656528 97.0
721725500 220708940728 99.2 43668530944157328 97.1
721755300 220708997228 99.2 43668571537401488 97.1
721808200 220709005128 99.2 43668574515603088 97.1
721861900 220709019628 99.2 43668579277203088 97.1
721887000 220709021828 99.2 43668580351174288 97.1
721906500 220709063128 99.2 43668594723423888 97.1
721917300 220709071428 99.2 43668598427641488 97.1
721938100 220709079028 99.2 43668600734713488 97.1
721947000 220709081428 99.2 43668601568659088 97.1
721959900 220709083928 99.2 43668602508691088 97.1
721973800 220709086328 99.2 43668603525727888 97.1
722017800 220709094728 99.2 43668609040390800 97.1
722086800 220709187428 99.2 43668644778810000 97.1
722107200 220709198528 99.2 43668650258438800 97.1
722156700 220709205828 99.2 43668653475846800 97.1
722157800 220709231228 99.2 43668661268486800 97.1
722165500 220709236628 99.2 43668662929210000 97.1
722190800 220709239928 99.2 43668663751482000 97.1
722194200 220709269728 99.2 43668674898746000 97.1
722199700 220709275828 99.2 43668677691194000 97.1
722252600 220709283728 99.2 43668680905120400 97.1
722290200 220709301028 99.2 43668688003898000 97.1
722293200 220709311228 99.2 43668693488231056 97.1
722295200 220709341328 99.2 43668704791552656 97.1
722295900 220709345028 99.2 43668706356839056 97.1
722318300 220709351628 99.2 43668709496039568 97.1
722352100 220709356328 99.2 43668711280666768 97.1
722387600 220709383128 99.2 43668720035661968 97.1
722399600 220709386528 99.2 43668721835649168 97.1
722422300 220709392628 99.2 43668724142311568 97.1
722427400 220709410528 99.2 43668732093057168 97.1
722455900 220709469128 99.2 43668772795119760 97.1
722480200 220709472628 99.2 43668774335010960 97.1
722557200 220709474128 99.2 43668774915004560 97.1
722576200 220709483828 99.2 43668779703433360 97.1
722601200 220709486528 99.2 43668780485564560 97.1
722632100 220709491928 99.2 43668783175612560 97.1
722645400 220709494928 99.2 43668784927471760 97.1
722693100 220709515028 99.2 43668792409430160 97.1
722696600 220709524028 99.2 43668795746441360 97.1
722703500 220709531828 99.2 43668798257457040 97.1
722765800 220709594728 99.2 43668820497713040 97.1
722783200 220709595628 99.2 43668820804503440 97.1
722784500 220709597528 99.2 43668821663639440 97.1
722788400 220709599528 99.2 43668822612887440 97.1
722799300 220709608928 99.2 43668825289828240 97.1
722801600 220709631128 99.2 43668836816056208 97.1
722809500 220709633228 99.2 43668837279518608 97.1
722825100 220709635228 99.2 43668837599006608 97.1
722825500 220709638228 99.2 43668839073361808 97.1
722848100 220710004728 99.2 43669104868487056 97.1
722855800 220710011428 99.2 43669107301920656 97.1
722860800 220710013828 99.2 43669108280659856 97.1
722881900 220710024328 99.2 43669112958906256 97.1
722893400 220710027528 99.2 43669113891565456 97.1
722895800 220710065828 99.2 43669129638023056 97.1
722909300 220710068128 99.2 43669130564538256 97.1
722920100 220710068328 99.2 43669130587680656 97.1
722940000 220710070928 99.2 43669131484704656 97.1
722943100 220710073328 99.2 43669132217888656 97.1
722993700 220710076028 99.2 43669134296403856 97.1
723077600 220710105028 99.2 43669145199136656 97.1
723087800 220710146128 99.2 43669158233427856 97.1
723137300 220710149628 99.2 43669159018221456 97.1
723234500 220710169528 99.2 43669165324423056 97.1
723312100 220710255328 99.2 43669200681299856 97.1
723379700 220710269928 99.2 43669207560736656 97.1
723418500 220710274328 99.2 43669209852243856 97.1
723476900 220710281528 99.2 43669211423879056 97.1
723532500 220710293428 99.2 43669216801517456 97.1
723654600 220710298128 99.2 43669218047930256 97.1
723719700 220710299328 99.2 43669218352467856 97.1
752337300 220710302228 99.2 43669219744083856 97.1
752554300 220710308928 99.2 43669220923117456 97.1
752567800 220710310628 99.2 43669221890425552 97.1
752649300 220710360428 99.2 43669256207547088 97.1
752744400 220710370028 99.2 43669262284577488 97.1
752888700 220710371428 99.2 43669262797806288 97.1
752937900 220710373428 99.2 43669263658990288 97.1
752955700 220710391828 99.2 43669276668080848 97.1
752977700 220710399428 99.2 43669279388848848 97.1
753001700 220710415028 99.2 43669284095152848 97.1
753010000 220710441328 99.2 43669296675812048 97.1
753022400 220710443728 99.2 43669299521508048 97.1
753024000 220710491828 99.2 43669332225237712 97.1
753031300 220710499628 99.2 43669335636386512 97.1
753034900 220710500928 99.2 43669336201839312 97.1
753035800 220749534428 99.2 43697427171197648 97.1
753070400 220749539928 99.2 43697429780349648 97.1
753072200 220749544328 99.2 43697431554327248 97.1
753074800 220749545728 99.2 43697432090698448 97.1
753074900 220749553328 99.2 43697436063408848 97.1
753093900 220749555328 99.2 43697436720202448 97.1
753094600 220749569528 99.2 43697441298597584 97.1
753110500 220749571228 99.2 43697441787250384 97.1
753133800 220749573028 99.2 43697442340619984 97.1
753134700 220749574728 99.2 43697443147531984 97.1
753145500 220749578528 99.2 43697445007115984 97.1
753192800 220749580628 99.2 43697445382719184 97.1
753223800 220749586628 99.2 43697447626712784 97.1
753224400 220749588428 99.2 43697448274699984 97.1
753240600 220749589728 99.2 43697449016690384 97.1
753292000 220749643628 99.2 43697469383231184 97.1
753292500 220749645128 99.2 43697469825394384 97.1
753292900 220749652428 99.2 43697472299992784 97.1
753311300 220749656028 99.2 43697473674200784 97.1
753356000 220749667428 99.2 43697482409177808 97.1
753469600 220749670928 99.2 43697483810214608 97.1
753486900 220749671728 99.2 43697484090585808 97.1
753522800 220749676828 99.2 43697486160909008 97.1
753539400 220749677928 99.2 43697486680486608 97.1
753541600 220749693228 99.2 43697493836813008 97.1
753551900 220749694328 99.2 43697494290787216 97.1
753560100 220749697028 99.2 43697495842966416 97.1
753572500 220749711228 99.2 43697501978216848 97.1
753574900 220749718028 99.2 43697504215639952 97.1
753577200 220749719428 99.2 43697504584279952 97.1
753580400 220749725028 99.2 43697506983511952 97.1
753583600 220749730828 99.2 43697509736843152 97.1
753593400 220749735128 99.2 43697512431396752 97.1
753596400 220749736928 99.2 43697513085732752 97.1
753598400 220749738328 99.2 43697513933809552 97.1
753598800 220749745128 99.2 43697518025508752 97.1
753606100 220749761028 99.2 43697524784932752 97.1
753608000 220749773328 99.2 43697529718769552 97.1
753627000 220749775928 99.2 43697530757515152 97.1
753631200 220749786928 99.2 43697536692379024 97.1
753636300 220749788628 99.2 43697537181646224 97.1
753659200 220749790328 99.2 43697537739111824 97.1
753674700 220749800328 99.2 43697540954676624 97.1
753679400 220749801928 99.2 43697541539585424 97.1
753698800 220749806628 99.2 43697542851124624 97.1
753760800 220749812628 99.2 43697545107611024 97.1
753773300 220749814628 99.2 43697545952001424 97.1
753773900 220749815628 99.2 43697546542439824 97.1
753775600 220749822928 99.2 43697549250715024 97.1
753780200 220749826228 99.2 43697550675099024 97.1
753802700 220749910828 99.2 43697608741899664 97.1
753817800 220749911328 99.2 43697609004043664 97.1
753823700 220749912028 99.2 43697609379237264 97.1
753832100 220749913928 99.2 43697610089074064 97.1
753848600 220749923628 99.2 43697614001368464 97.1
753861800 220749926028 99.2 43697614416907664 97.1
753868000 220749926928 99.2 43697614700760464 97.1
753871500 220749931728 99.2 43697615997554064 97.1
753886000 220750094528 99.2 43697724038884752 97.1
753910100 220750105728 99.2 43697728146353552 97.1
753927500 220750106628 99.2 43697728292580752 97.1
753993700 220750121428 99.2 43697735604484496 97.1
754029500 220750124228 99.2 43697736997124496 97.1
754054300 220750129328 99.2 43697739030378896 97.1
754079900 220750130928 99.2 43697739403319696 97.1
754087300 220750132228 99.2 43697740111927696 97.1
754095800 220750143328 99.2 43697748652193680 97.1
754117600 220750144928 99.2 43697749024520080 97.1
754125400 220750317628 99.2 43697870450931600 97.1
754137600 220750327628 99.2 43697876608038800 97.1
754163500 220750329228 99.2 43697877028083600 97.1
754187000 220750366028 99.2 43697891481024400 97.1
754191200 220750366728 99.2 43697892420646800 97.1
754196300 220750372928 99.2 43697895179917200 97.1
754198200 220750374628 99.2 43697895926413200 97.1
754214300 220750377528 99.2 43697896752371600 97.1
754218000 220750381328 99.2 43697898866726800 97.1
754224500 220750391328 99.2 43697905117330320 97.1
754243100 220750427828 99.2 43697916147243920 97.1
754255800 220750442828 99.2 43697922727058320 97.1
754314300 220750443928 99.2 43697923148946320 97.1
754392500 220750445528 99.2 43697924097784720 97.1
754454500 220750446628 99.2 43697924634565520 97.1
754454700 220750449928 99.2 43697925562309520 97.1
754549200 220750453228 99.2 43697926628907920 97.1
754563100 220750458728 99.2 43697928700869520 97.1
754563400 220750459828 99.2 43697929281682320 97.1
754580700 220750468028 99.2 43697931763448720 97.1
754611900 220750472028 99.2 43697933082360720 97.1
754670300 220750475928 99.2 43697934193195920 97.1
754691800 220750491728 99.2 43697942064479120 97.1
754694000 220750493528 99.2 43697942740523920 97.1
754720600 220750494328 99.2 43697942992632720 97.1
755244300 220750519628 99.2 43697950763563920 97.1
779657600 220750525528 99.2 43697952881195920 97.1
779868400 220750526528 99.2 43697953057323920 97.1
780042800 220750529928 99.2 43697954282232720 97.1
780299100 220750531228 99.2 43697954530040720 97.1
780515900 220750534128 99.2 43697956326955920 97.1
780519800 220750540428 99.2 43697959546821520 97.1
780542900 220750543728 99.2 43697960511839120 97.1
780628400 220750556728 99.2 43697963968658320 97.1
780663500 220750560328 99.2 43697966365432720 97.1
780737900 220750562828 99.2 43697967351452240 97.1
780748200 220750597128 99.2 43697984773583440 97.1
780782600 220750602028 99.2 43697986889167440 97.1
780785700 220750622428 99.2 43697993878377040 97.1
780791500 220750638528 99.2 43697999592706640 97.1
780818700 220750653828 99.2 43698006140162640 97.1
780823500 220750655328 99.2 43698006924956240 97.1
780837200 220750656628 99.2 43698007703605840 97.1
780847900 220750708828 99.2 43698041214866000 97.1
780879200 220750711028 99.2 43698041974674000 97.1
780898800 220750716028 99.2 43698043487736400 97.1
780911000 220750718628 99.2 43698044171358800 97.1
780923100 220750725528 99.2 43698046947627600 97.1
780937800 220750736728 99.2 43698052994327120 97.1
780946300 220750739428 99.2 43698054016893520 97.1
780949700 220750746428 99.2 43698056835965520 97.1
780969900 220750749328 99.2 43698057930007120 97.1
780973300 220750761628 99.2 43698064878871120 97.1
780976300 220750763228 99.2 43698065534640720 97.1
780983500 220750766228 99.2 43698067492323920 97.1
781004700 220750771628 99.2 43698069512471120 97.1
781039800 220750774628 99.2 43698070330237520 97.1
781042000 220750776128 99.2 43698070646653520 97.1
781047100 220750778928 99.2 43698071670243920 97.1
781049100 220750779928 99.2 43698072233034320 97.1
781122300 220750780928 99.2 43698072637923920 97.1
781131600 220750798028 99.2 43698084125263440 97.1
781157200 220750799128 99.2 43698084479772240 97.1
781165900 220750800628 99.2 43698084851893840 97.1
781187600 220750826928 99.2 43698102712684112 97.1
781253900 220750828028 99.2 43698103607864912 97.1
781263900 220750836528 99.2 43698107769818448 97.1
781290800 220750842228 99.2 43698109224103248 97.1
781300800 220750843528 99.2 43698109791399248 97.1
781321700 220750845128 99.2 43698110652992848 97.1
781333700 220750857828 99.2 43698115420122448 97.1
781338800 220750864328 99.2 43698118974535760 97.1
781339500 220750871928 99.2 43698121401006160 97.1
781357900 220750876128 99.2 43698122986567760 97.1
781364700 220750877928 99.2 43698123811706960 97.1
781383300 220750879328 99.2 43698124104775760 97.1
781390300 220750908928 99.2 43698146606604368 97.1
781415900 220750914828 99.2 43698149191180368 97.1
781426500 220750916428 99.2 43698150175653968 97.1
781436400 220750932228 99.2 43698160526390352 97.1
781449500 220750935728 99.2 43698161510249552 97.1
781473600 220750939828 99.2 43698163054031952 97.1
781507100 220750951228 99.2 43698168844751952 97.1
781531600 220750957828 99.2 43698170649039952 97.1
781543500 220750962328 99.2 43698172931846224 97.1
781550900 220750971128 99.2 43698176156217424 97.1
781565700 220750972328 99.2 43698176656339024 97.1
781566900 220750973328 99.2 43698176817107024 97.1
781576400 220750977028 99.2 43698178460422224 97.1
781576800 220750981228 99.2 43698180458655824 97.1
781600400 220750981928 99.2 43698180865183824 97.1
781610400 220751082028 99.2 43698250314395728 97.1
781615100 220751083228 99.2 43698250719080528 97.1
781629800 220751087228 99.2 43698252465000528 97.1
781636000 220751089928 99.2 43698253134082128 97.1
781661400 220751091628 99.2 43698253591605328 97.1
781687800 220751097228 99.2 43698255799349328 97.1
781690400 220751102528 99.2 43698257493045328 97.1
781690900 220751108628 99.2 43698260482920528 97.1
781691500 220751110328 99.2 43698261617512528 97.1
781698600 220751112428 99.2 43698262846722128 97.1
781742600 220751118228 99.2 43698266354946128 97.1
781790600 220751118728 99.2 43698266508546128 97.1
781796700 220751145528 99.2 43698277974069328 97.1
781826300 220751147128 99.2 43698279415405264 97.1
781844600 220751159528 99.2 43698284419693264 97.1
781871200 220751536728 99.2 43698565332613840 97.2
781909600 220751546328 99.2 43698572169657040 97.2
781911200 220751551328 99.2 43698573410335440 97.2
781937400 220751555028 99.2 43698575142013520 97.2
781938000 220751555928 99.2 43698575552842320 97.2
781940100 220751557828 99.2 43698576455191120 97.2
781988000 220751570328 99.2 43698580424829520 97.2
781996400 220751585928 99.2 43698591736917584 97.2
782025900 220751589328 99.2 43698593284795984 97.2
782051300 220751591628 99.2 43698594132463184 97.2
782063300 220751592828 99.2 43698594321903184 97.2
782109500 220751595928 99.2 43698596307643984 97.2
782118900 220751616528 99.2 43698602866568784 97.2
782130800 220751633528 99.2 43698608404155984 97.2
782141100 220751634828 99.2 43698608703573584 97.2
782142500 220751640228 99.2 43698611359829584 97.2
782144500 220751652428 99.2 43698615682543184 97.2
782172900 220751656728 99.2 43698618591940176 97.2
782195500 220751668428 99.2 43698622566084176 97.2
782233600 220751675428 99.2 43698628247319120 97.2
782252500 220777697928 99.2 43717123578163792 97.2
782293600 220777701728 99.2 43717125244006992 97.2
782315700 220777708828 99.2 43717128557261392 97.2
782351000 220777719628 99.2 43717132989542992 97.2
782382900 220777720628 99.2 43717133948416592 97.2
782417600 220777732528 99.2 43717138605158992 97.2
782735800 220777740228 99.2 43717141555507792 97.2
782849100 220777746828 99.2 43717144348570192 97.2
782970900 220777751828 99.2 43717146295968080 97.2
783017900 220777755028 99.2 43717147797152080 97.2
796396200 220777763628 99.2 43717152346784080 97.2
796629100 220799735428 99.2 43732813536084304 97.2
796812800 220799741128 99.2 43732815403655504 97.2
796887300 220799759428 99.2 43732822486049104 97.2
796907000 220799762728 99.2 43732823732461904 97.2
796911300 220799766228 99.2 43732825088442704 97.2
797011700 220799769228 99.2 43732826949460304 97.2
797117400 220799774528 99.2 43732830802157904 97.2
797188500 220799786128 99.2 43732835821601104 97.2
797201600 220799787428 99.2 43732836233863504 97.2
797231300 220799793028 99.2 43732837820858704 97.2
797251500 220799843328 99.2 43732874524868944 97.2
797292600 220799859128 99.2 43732880693444944 97.2
797326700 220799861028 99.2 43732881645969744 97.2
797342500 220799862228 99.2 43732882328363344 97.2
797349100 220799863928 99.2 43732882970820944 97.2
797419800 220799867928 99.2 43732885348753744 97.2
797420500 220799878528 99.2 43732888310980944 97.2
797435200 220799882428 99.2 43732890689323344 97.2
797461500 220799889428 99.2 43732893153886544 97.2
797468600 220799890328 99.2 43732893489144144 97.2
797478300 220799892528 99.2 43732894562091344 97.2
797488200 220799893628 99.2 43732894928683344 97.2
797498800 220799898828 99.2 43732896647364944 97.2
797500400 220799900028 99.2 43732896832708944 97.2
797502200 220799902028 99.2 43732897348190544 97.2
797531100 220799903128 99.2 43732897702699344 97.2
797533800 220799925828 99.2 43732915766939984 97.2
797554500 220799927428 99.2 43732916286722384 97.2
797554600 220799932528 99.2 43732918707867984 97.2
797559000 220799937628 99.2 43732921451983184 97.2
797579900 220799938428 99.2 43732921818165584 97.2
797591900 220799939428 99.2 43732922081128784 97.2
797596100 220799940628 99.2 43732922539266384 97.2
797602700 220799969228 99.2 43732937801982288 97.2
797610200 220799971728 99.2 43732938478846288 97.2
797611800 220799975928 99.2 43732939982487888 97.2
797615500 220799980128 99.2 43732941603275088 97.2
797625000 220799985428 99.2 43732946042031952 97.2
797627300 220799986828 99.2 43732946619158352 97.2
797631200 220799987628 99.2 43732946813513552 97.2
797656800 220799992928 99.2 43732947896905552 97.2
797677500 220799995328 99.2 43732949065494352 97.2
797715400 220799997628 99.2 43732950022729552 97.2
797723200 220800000128 99.2 43732950937980752 97.2
797723700 220800001528 99.2 43732951629999952 97.2
797729300 220800002928 99.2 43732952285564752 97.2
797795800 220800024428 99.2 43732959220092752 97.2
797814500 220800025828 99.2 43732960124079952 97.2
797820700 220800027028 99.2 43732960381103952 97.2
797843000 220800034928 99.2 43732962430332752 97.2
797869700 220800035628 99.2 43732963049647952 97.2
797889100 220800037028 99.2 43732963593391952 97.2
797904300 220800038928 99.2 43732963963465552 97.2
797946400 220800042228 99.2 43732965169532752 97.2
797960500 220800044528 99.2 43732966296751952 97.2
797961200 220800051428 99.2 43732970561097552 97.2
797973400 220800054928 99.2 43732971534102352 97.2
797986800 220800056028 99.2 43732971905814352 97.2
797997100 220800056428 99.2 43732971959676752 97.2
798012100 220800058128 99.2 43732974086301264 97.2
798019200 220800059328 99.2 43732974761117264 97.2
798025800 220800078128 99.2 43732988584985168 97.2
798051000 220800080528 99.2 43732989390053968 97.2
798065000 220800085228 99.2 43732991539634768 97.2
798077500 220800086228 99.2 43732992179429968 97.2
798090800 220800088228 99.2 43732993132773968 97.2
798117600 220800089428 99.2 43732993872306768 97.2
798130800 220800092028 99.2 43732994663653968 97.2
798145700 220800093028 99.2 43732994953650768 97.2
798150400 220800095528 99.2 43732995612287568 97.2
798154700 220800116928 99.2 43733002364748368 97.2
798173000 220800118428 99.2 43733002943103568 97.2
798188500 220800119728 99.2 43733005018115536 97.2
798226800 220800120228 99.2 43733005091638736 97.2
798245700 220800121228 99.2 43733005483625936 97.2
798253000 220800121928 99.2 43733005659344336 97.2
798281800 220800127428 99.2 43733008585936336 97.2
798291000 220800129628 99.2 43733009277136336 97.2
798291500 220800133728 99.2 43733011183824336 97.2
798292100 220800135428 99.2 43733011746000336 97.2
798298500 220800136528 99.2 43733012761603536 97.2
798300600 220800137828 99.2 43733013054057936 97.2
798313900 220800138828 99.2 43733013608656336 97.2
798336300 220800143528 99.2 43733015735299536 97.2
798344700 220800145428 99.2 43733016324713936 97.2
798346300 220800146828 99.2 43733017014480336 97.2
798350300 220800149428 99.2 43733017969462736 97.2
798352700 220800150728 99.2 43733019005545936 97.2
798365700 220800152328 99.2 43733019819625936 97.2
798391700 220800153328 99.2 43733020192566736 97.2
798407400 220800157728 99.2 43733022921618128 97.2
798410100 220800158628 99.2 43733023111467728 97.2
798414900 220800163028 99.2 43733024943813328 97.2
798433000 220800176728 99.2 43733028103672528 97.2
798464800 220800179628 99.2 43733030435320528 97.2
798465300 220800188228 99.2 43733033129464528 97.2
798469300 220800189228 99.2 43733033387102928 97.2
798488900 220800197028 99.2 43733036671890128 97.2
798519800 220800309828 99.2 43733119120151248 97.2
798527700 220800310428 99.2 43733119545111248 97.2
798534900 220800312228 99.2 43733120174666448 97.2
798538600 220800313328 99.2 43733121277924048 97.2
798541300 220800316428 99.2 43733122791805648 97.2
798559100 220800321128 99.2 43733124713239248 97.2
798617300 220800328928 99.2 43733127330992848 97.2
798627600 220800330328 99.2 43733127865111248 97.2
798633500 220800333228 99.2 43733129076298448 97.2
798646700 220800340528 99.2 43733131871818448 97.2
798685100 220800349528 99.2 43733136093565648 97.2
798705000 220800353428 99.2 43733137456509648 97.2
798705900 220800356928 99.2 43733138944996048 97.2
798759200 220800358328 99.2 43733139259568848 97.2
798772800 220800362128 99.2 43733140811338448 97.2
798836400 220800362828 99.2 43733140999959248 97.2
798848600 220800365228 99.2 43733142281392848 97.2
798879900 220800380828 99.2 43733149632074448 97.2
798893500 220800395728 99.2 43733153947824848 97.2
798927200 220800411228 99.2 43733160772375248 97.2
798979900 220800412028 99.2 43733161089610448 97.2
799103100 220800417628 99.2 43733163268887248 97.2
799137600 220800445428 99.2 43733182667635408 97.2
799158200 220800447228 99.2 43733183307225808 97.2
799166300 220800456328 99.2 43733186329869008 97.2
799238500 220800657128 99.2 43733312443923152 97.2
799242700 220800661928 99.2 43733314775775952 97.2
799305200 220800664828 99.2 43733316089567952 97.2
799341100 220800669628 99.2 43733318005471952 97.2
799560400 220800687428 99.2 43733323161311952 97.2
821742500 220800700428 99.2 43733333260588752 97.2
821743900 220800771228 99.2 43733378445637328 97.2
821896600 220800784528 99.2 43733383630149328 97.2
822009500 220800809328 99.2 43733404270399184 97.2
822259000 220800837328 99.2 43733412467723984 97.2
822397000 220800839328 99.2 43733413299211984 97.2
822425900 220800843628 99.2 43733414652530384 97.2
822448800 220800861328 99.2 43733421556338384 97.2
822449900 220800864528 99.2 43733423143947984 97.2
822479200 220822608628 99.3 43748922065063632 97.3
822550700 220822624028 99.3 43748930044481232 97.3
822557500 220822627828 99.3 43748931695783632 97.3
822571200 220822629628 99.3 43748931944206032 97.3
822579400 220822639228 99.3 43748935881690832 97.3
822608000 220822643628 99.3 43748937036762832 97.3
822636600 220822648228 99.3 43748938346868432 97.3
822657300 220822650128 99.3 43748939174874832 97.3
822667100 220822650928 99.3 43748939695271632 97.3
822692900 220822660228 99.3 43748947358569680 97.3
822704800 220822665128 99.3 43748948806505680 97.3
822708500 220822669228 99.3 43748950514742480 97.3
822714200 220822679028 99.3 43748953453417680 97.3
822730800 220822681628 99.3 43748953903363280 97.3
822736400 220822688428 99.3 43748957316969680 97.3
822752600 220822689828 99.3 43748957810947280 97.3
822802500 220822697528 99.3 43748960151401680 97.3
822868100 220822702528 99.3 43748961796150480 97.3
822871000 220822708628 99.3 43748964783454416 97.3
822938700 220822737028 99.3 43748975044753616 97.3
822968800 220822741928 99.3 43748977471019216 97.3
822970700 220822743128 99.3 43748977975851216 97.3
822987800 220822747528 99.3 43748979447953616 97.3
822989600 220822748628 99.3 43748979602577616 97.3
822999700 220822750328 99.3 43748980424030416 97.3
823007300 220822753428 99.3 43748981313681616 97.3
823020600 220822829328 99.3 43749033756698832 97.3
823022200 220822831628 99.3 43749034314164432 97.3
823091000 220822835328 99.3 43749036288846032 97.3
823118600 220822837328 99.3 43749036671412432 97.3
823122500 220822839728 99.3 43749037681281232 97.3
823129300 220822863228 99.3 43749048607975632 97.3
823166200 220822864328 99.3 43749049054030032 97.3
823208900 220822868228 99.3 43749050447079632 97.3
823215600 220822871528 99.3 43749052336942160 97.3
823243000 220822876328 99.3 43749054520110160 97.3
823244200 220822909928 99.3 43749069491809360 97.3
823246200 220822912028 99.3 43749070347873360 97.3
823262100 220822915728 99.3 43749071193492560 97.3
823273300 220822917028 99.3 43749071604526160 97.3
823319200 220822921928 99.3 43749073930849360 97.3
823330000 220822923428 99.3 43749074074004560 97.3
823334800 220822929428 99.3 43749077707566160 97.3
823341300 220822934228 99.3 43749079471918160 97.3
823363300 220822949728 99.3 43749091724831824 97.3
823365600 220822954828 99.3 43749094263942224 97.3
823371500 220822982928 99.3 43749115485643856 97.3
823374100 220822984128 99.3 43749115888280656 97.3
823388800 220823037128 99.3 43749132901426256 97.3
823489500 220823037928 99.3 43749133047653456 97.3
823547100 220823039128 99.3 43749133533643856 97.3
823592800 220823052628 99.3 43749139893093456 97.3
823595000 220823054328 99.3 43749140954162256 97.3
823635700 220823060828 99.3 43749144169112656 97.3
823641100 220823063028 99.3 43749144760984656 97.3
823662800 220823067428 99.3 43749147229029456 97.3
823668500 220823068728 99.3 43749147912856656 97.3
823679700 220823070928 99.3 43749149219685456 97.3
823754900 220823074028 99.3 43749150722098256 97.3
823769800 220823078328 99.3 43749151537611856 97.3
823770500 220823079428 99.3 43749152107365456 97.3
823816800 220823080928 99.3 43749152304178256 97.3
823827400 220823083228 99.3 43749153502463056 97.3
823848300 220823091428 99.3 43749157952767056 97.3
823857800 220823091928 99.3 43749158083019856 97.3
823866300 220823097228 99.3 43749159764018256 97.3
823882300 220823098728 99.3 43749160474264656 97.3
823896100 220823102528 99.3 43749161899672656 97.3
823929600 220823109728 99.3 43749164703999056 97.3
823938000 220823128928 99.3 43749172349676112 97.3
823962600 220823132928 99.3 43749174455429712 97.3
823966900 220823134128 99.3 43749174998968912 97.3
824016900 220823138028 99.3 43749176413317712 97.3
824028100 220823163428 99.3 43749186291640912 97.3
824029800 220823164328 99.3 43749186984274512 97.3
824053200 220823168328 99.3 43749190123653712 97.3
824053400 220823173828 99.3 43749193690170704 97.3
824057300 220823195228 99.3 43749210898191696 97.3
824074900 220823204028 99.3 43749213937833296 97.3
824091400 220823207528 99.3 43749215081641296 97.3
824107800 220823215228 99.3 43749219808951120 97.3
824158300 220823220728 99.3 43749222316522320 97.3
824226500 220823221328 99.3 43749222402743120 97.3
824242100 220823266728 99.3 43749237157354320 97.3
824245700 220823277228 99.3 43749240827984720 97.3
824363400 220823281528 99.3 43749243273091920 97.3
824404200 220823282428 99.3 43749244099050320 97.3
824406500 220823328728 99.3 43749264722410320 97.3
824494000 220823352928 99.3 43749275263875920 97.3
824569100 220823356828 99.3 43749276140419920 97.3
863689200 220823367528 99.3 43749279504669520 97.3
863733300 220823388528 99.3 43749287357930320 97.3
863995300 220823401428 99.3 43749290915306320 97.3
864015600 220823425528 99.3 43749299211344720 97.3
864038300 220823428028 99.3 43749300384029520 97.3
864080600 220823430028 99.3 43749301238045520 97.3
864109600 220823442828 99.3 43749305191299920 97.3
864147900 220823443728 99.3 43749305458973520 97.3
864157400 220823447128 99.3 43749307018935120 97.3
864184900 220823448328 99.3 43749307239299920 97.3
864218200 220823450828 99.3 43749307970640720 97.3
864257500 220823466128 99.3 43749315302071120 97.3
864259100 220823481728 99.3 43749322904451920 97.3
864298400 220823482728 99.3 43749323049859920 97.3
864345100 220823484928 99.3 43749324037405520 97.3
864357900 220823493928 99.3 43749326899018576 97.3
864360800 220823496728 99.3 43749329760813136 97.3
864411900 220823498028 99.3 43749330054086736 97.3
864416900 220823513828 99.3 43749344834885712 97.3
864458600 220823526228 99.3 43749349939827280 97.3
864459000 220823532028 99.3 43749352035340880 97.3
864461000 220823535528 99.3 43749353459929680 97.3
864477900 220823547728 99.3 43749359105856080 97.3
864486700 220823551328 99.3 43749361229632080 97.3
864500100 220823558028 99.3 43749363526259280 97.3
864506300 220823575228 99.3 43749369616192080 97.3
864523600 220823577728 99.3 43749370277696080 97.3
864534800 220823584928 99.3 43749373847769680 97.3
864540200 220823601928 99.3 43749380095808080 97.3
864553000 220823605128 99.3 43749382842282832 97.3
864562100 220823606028 99.3 43749383266014032 97.3
864574100 220823607828 99.3 43749383953732432 97.3
864616000 220823608628 99.3 43749384253764432 97.3
864637300 220823620828 99.3 43749389716190032 97.3
864641100 220823627228 99.3 43749392460510032 97.3
864661600 220823630228 99.3 43749393766314832 97.3
864666100 220823635628 99.3 43749396018910032 97.3
864671500 220823638028 99.3 43749396374238032 97.3
864680700 220823644528 99.3 43749400142558032 97.3
864689700 220823646828 99.3 43749400821470032 97.3
864693700 220823654828 99.3 43749404152746832 97.3
864700800 220823657828 99.3 43749405924676432 97.3
864704700 220823659228 99.3 43749406396126032 97.3
864712900 220823675428 99.3 43749412262007632 97.3
864737600 220823677328 99.3 43749413057246032 97.3
864760500 220823679628 99.3 43749414141252432 97.3
864780900 220823682928 99.3 43749415643870032 97.3
864782400 220823687728 99.3 43749417115972432 97.3
864791900 220823690228 99.3 43749419140294992 97.3
864821400 220823692828 99.3 43749420050426192 97.3
864824900 220823698928 99.3 43749425806103376 97.3
864838700 220823700128 99.3 43749426005168976 97.3
864868300 220823702328 99.3 43749427047600976 97.3
864890800 220823712228 99.3 43749430763696976 97.3
864898000 220823712928 99.3 43749431187428176 97.3
864908800 220823719128 99.3 43749434216420176 97.3
864945000 220823720628 99.3 43749434959844176 97.3
864960200 220823722728 99.3 43749436074775376 97.3
864970400 220823723628 99.3 43749436668490576 97.3
864980000 220823737428 99.3 43749445211186512 97.3
864993000 220823738828 99.3 43749445609727312 97.3
865020100 220823786528 99.3 43749477913255248 97.3
865075700 220823790028 99.3 43749479622516048 97.3
865083000 220852544228 99.3 43770042267082064 97.3
865086200 220852548728 99.3 43770044457622864 97.3
865087800 220852585428 99.3 43770055462141264 97.3
865107500 220852595328 99.3 43770059265482064 97.3
865143400 220852596328 99.3 43770059477859664 97.3
865144500 220852598328 99.3 43770059985354064 97.3
865159100 220852600028 99.3 43770060709322064 97.3
865176800 220852604228 99.3 43770062439267664 97.3
865219000 220852606528 99.3 43770063050595664 97.3
865236800 220852606928 99.3 43770063152586064 97.3
865237600 220852621628 99.3 43770069285322064 97.3
865246900 220852624628 99.3 43770070687792464 97.3
865248600 220852627928 99.3 43770071684758864 97.3
865282800 220852629828 99.3 43770072259222864 97.3
865290700 220852637328 99.3 43770075953814864 97.3
865308900 220852639228 99.3 43770076448816464 97.3
865310800 220852640528 99.3 43770076913507664 97.3
865338900 220852641128 99.3 43770077123427664 97.3
865340800 220852641928 99.3 43770077346864464 97.3
865354700 220852643928 99.3 43770078106262864 97.3
865360200 220852668628 99.3 43770089973808464 97.3
865370800 220852727228 99.3 43770132543225168 97.3
865371400 220852736028 99.3 43770135991852368 97.3
865372500 220852737828 99.3 43770136656223568 97.3
865395500 220852745428 99.3 43770141507867472 97.3
865412100 220852747228 99.3 43770142168347472 97.3
865421700 220852759928 99.3 43770145445966672 97.3
865434900 220852760828 99.3 43770145989710672 97.3
865461000 220852762228 99.3 43770146522805072 97.3
865471200 220852772728 99.3 43770150738203472 97.3
865499400 220852778228 99.3 43770153244955472 97.3
865551500 220852780928 99.3 43770153599873872 97.3
865571500 220853335328 99.3 43770558803522384 97.3
865571900 220853337828 99.3 43770559487759184 97.3
865593100 220853344328 99.3 43770561701851984 97.3
865629300 220853362928 99.3 43770568426459984 97.3
865659900 220853364328 99.3 43770568719938384 97.3
865682500 220853367628 99.3 43770569419739984 97.3
865687900 220853368728 99.3 43770569811317584 97.3
865703500 220853372728 99.3 43770571213173584 97.3
865711000 220853375228 99.3 43770571968680784 97.3
865732700 220853376828 99.3 43770574710203216 97.3
865750800 220853379428 99.3 43770575715976016 97.3
865765100 220853380228 99.3 43770575840084816 97.3
865777000 220853383028 99.3 43770577151009616 97.3
865787100 220853383528 99.3 43770577525384016 97.3
865799800 220853386228 99.3 43770578715067216 97.3
865803700 220853387828 99.3 43770579267822416 97.3
865827400 220853389228 99.3 43770579576046416 97.3
865889700 220853394828 99.3 43770582085770832 97.3
865892000 220853400028 99.3 43770584696561232 97.3
865998800 220853401828 99.3 43770585583550032 97.3
866039900 220853411828 99.3 43770587995274832 97.3
866051000 220853412728 99.3 43770588490276432 97.3
866063100 220853413628 99.3 43770589046922832 97.3
866134800 220853421028 99.3 43770591222922832 97.3
866188000 220853428728 99.3 43770596733086800 97.3
866441700 220853430228 99.3 43770597504978000 97.3
866466400 220853499328 99.3 43770649189252176 97.3
866517200 220853522128 99.3 43770662427263056 97.3
896337400 220853554228 99.3 43770689796085840 97.3
896662400 220853557228 99.3 43770691079362640 97.3
896755300 220853557628 99.3 43770691135068240 97.3
896909600 220853564228 99.3 43770693666191440 97.3
896939300 220853568928 99.3 43770695723159248 97.3
897039800 220853570428 99.3 43770696282263248 97.3
897091800 220853577528 99.3 43770698154135248 97.3
897114800 220877269928 99.3 43787547885457104 97.3
897186100 220877271628 99.3 43787548374314704 97.3
897239700 220877273828 99.3 43787549058551504 97.3
897296200 220877280728 99.3 43787552744337104 97.3
897309100 220877282028 99.3 43787553156394704 97.3
897309500 220877283828 99.3 43787553697476304 97.3
897319100 220877284628 99.3 43787553870532304 97.3
897324100 220877285328 99.3 43787554042564304 97.3
897354600 220877288428 99.3 43787555631402704 97.3
897400200 220877296428 99.3 43787557886455504 97.3
897408600 220877310728 99.3 43787565043805904 97.3
897428600 220877311228 99.3 43787565130436304 97.3
897468100 220877314328 99.3 43787566406340304 97.3
897471900 220877317928 99.3 43787567783620304 97.3
897548000 220877339328 99.3 43787584406425296 97.3
897549600 220877346328 99.3 43787588634633168 97.3
897617600 220877347028 99.3 43787589286716368 97.3
897636700 220877349728 99.3 43787590879241168 97.3
897638300 220877353728 99.3 43787592364450768 97.3
897654000 220877354328 99.3 43787592588199872 97.3
897659500 220877363128 99.3 43787596900128704 97.3
897667300 220877364128 99.3 43787597217773504 97.3
897667900 220877369228 99.3 43787600063879104 97.3
897689400 220877370228 99.3 43787600466515904 97.3
897691400 220877381628 99.3 43787610293870528 97.3
897727800 220877385928 99.3 43787612899761344 97.3
897739600 220877386928 99.3 43787613527473344 97.3
897758200 220877388828 99.3 43787615423306944 97.3
897764800 220877397028 99.3 43787618155748544 97.3
897788400 220877401728 99.3 43787620328062144 97.3
897794600 220877402628 99.3 43787620573617344 97.3
897818100 220877406028 99.3 43787621663562944 97.3
897829700 220877410328 99.3 43787623813553344 97.3
897847100 220877426628 99.3 43787635381793984 97.3
897849600 220877432228 99.3 43787637002171584 97.3
897853800 220877432828 99.3 43787637236053184 97.3
897915800 220877433228 99.3 43787637289710784 97.3
897924400 220877448928 99.3 43787641309525184 97.3
897930700 220877452128 99.3 43787644073278912 97.3
897954400 220877453328 99.3 43787644562049120 97.3
897967900 220877454228 99.3 43787645587482720 97.3
897990300 220877460528 99.3 43787648047130720 97.3
898006500 220877461828 99.3 43787648408602720 97.3
898070900 220877470728 99.3 43787651299354720 97.3
898090900 220877474028 99.3 43787654626179424 97.3
898097800 220877478828 99.3 43787656158902624 97.3
898114200 220877479628 99.3 43787656648374624 97.3
898121000 220877506928 99.3 43787674724637024 97.3
898171500 220877507928 99.3 43787675873769824 97.3
898190700 220877518328 99.3 43787682234675552 97.3
898218900 220877519128 99.3 43787682455040352 97.3
898264400 220877520328 99.3 43787682826342752 97.3
898265200 220877521628 99.3 43787683650662752 97.3
898278700 220877539028 99.3 43787695177197920 97.3
898304800 220877545228 99.3 43787697557793120 97.3
898323800 220877564028 99.3 43787709075806560 97.3
898323900 220877569928 99.3 43787711139576160 97.3
898325300 220877570828 99.3 43787711375710560 97.3
898332700 220877571928 99.3 43787711882590560 97.3
898339100 220877581628 99.3 43787715041220960 97.3
898346900 220877611928 99.3 43787726135851360 97.3
898348000 220877612628 99.3 43787726439979360 97.3
898355600 220877613928 99.3 43787726780971360 97.3
898356800 220877617428 99.3 43787728482859360 97.3
898433600 220877619928 99.3 43787729676024160 97.3
898445800 220877621728 99.3 43787731590790112 97.3
898446400 220877624528 99.3 43787732220754912 97.3
898457300 220877625328 99.3 43787732417977312 97.3
898458000 220877628928 99.3 43787736011718880 97.3
898479300 220877634728 99.3 43787738503110880 97.3
898480700 220877641428 99.3 43787740702253280 97.3
898492100 220877644028 99.3 43787742310138080 97.3
898494000 220877645228 99.3 43787742710522080 97.3
898508100 220877648928 99.3 43787743871123680 97.3
898508400 220877649528 99.3 43787744074899680 97.3
898518400 220877651328 99.3 43787744588742880 97.3
898537900 220877652228 99.3 43787745449722080 97.3
898564500 220877667228 99.3 43787751513235680 97.3
898585900 220877668428 99.3 43787751743430880 97.3
898587000 220877678628 99.3 43787755592237280 97.3
898605100 220877680128 99.3 43787756057542880 97.3
898608800 220877683128 99.3 43787758945952480 97.3
898632000 220877685228 99.3 43787759767913696 97.3
898634300 220877686328 99.3 43787760113206496 97.3
898669800 220877700928 99.3 43787769318222048 97.3
898678800 220877702328 99.3 43787770246902880 97.3
898689800 220877717128 99.3 43787776574054496 97.3
898722800 220877717728 99.3 43787776869580896 97.3
898728700 220877724928 99.3 43787782764135520 97.3
898749400 220877728328 99.3 43787784248724832 97.3
898769000 220877729228 99.3 43787784377748832 97.3
898791900 220877734928 99.3 43787786244910432 97.3
898797600 220877738128 99.3 43787787130056032 97.3
898805000 220877738828 99.3 43787787598638432 97.3
898821700 220877741328 99.3 43787788371144032 97.3
898822000 220877827328 99.3 43787850684304736 97.3
898839000 220877828628 99.3 43787850912861536 97.3
898858300 220877830028 99.3 43787852371449824 97.3
898904300 220877850028 99.3 43787865629055968 97.3
898904500 220877868128 99.3 43787877875707872 97.3
898925500 220877876028 99.3 43787881039048672 97.3
898961900 220877887528 99.3 43787890543339488 97.3
898993500 220877888228 99.3 43787890595563488 97.3
898995500 220877889328 99.3 43787891036088288 97.3
899056300 220877890428 99.3 43787891560058496 97.3
899077900 220877897428 99.3 43787894539284096 97.3
899131500 220877899428 99.3 43787895411132928 97.3
899163100 220877900128 99.3 43787895620643328 97.3
899168300 220877908128 99.3 43787897598806528 97.3
899179300 220877920828 99.3 43787904493848576 97.3
899199600 220877926928 99.3 43787907047090176 97.3
899218700 220877931528 99.3 43787909110245376 97.3
899244900 220877933328 99.3 43787910280882176 97.3
899259700 220877934528 99.3 43787910682699776 97.3
899270300 220877938328 99.3 43787912839622144 97.3
899298800 220877939028 99.3 43787913075961344 97.3
899299100 220877940128 99.3 43787913387765152 97.3
899329300 220877941928 99.3 43787913794293152 97.3
899331500 220877942728 99.3 43787914241371552 97.3
899340600 220877944928 99.3 43787914530549152 97.3
899341600 220877951428 99.3 43787918624501152 97.3
899376900 220877954928 99.3 43787920937202592 97.3
899397900 220877971128 99.3 43787928224474528 97.3
899415000 220877971628 99.3 43787928288781728 97.3
899426100 220877975028 99.3 43787929435456928 97.3
899438000 220877975928 99.3 43787930409280928 97.3
899473800 220877990628 99.3 43787938684501920 97.3
899513500 220877991228 99.3 43787938822946720 97.3
899540700 220878016928 99.3 43787957219970976 97.3
899547500 220878025928 99.3 43787961112399776 97.3
899575300 220878036728 99.3 43787964625948576 97.3
899587300 220878042428 99.3 43787966891446176 97.3
899752200 220878063428 99.3 43787982778014624 97.3
899822300 220878065628 99.3 43787983477816224 97.3
899839800 220878066828 99.3 43787983800785824 97.3
899932100 220878071228 99.3 43787985412152224 97.3
899947400 220878076928 99.3 43787989334790304 97.3
899973300 220878077728 99.3 43787989617414304 97.3
900648200 220878083928 99.3 43787991624659104 97.3
913057500 220878087228 99.3 43787992666886304 97.3
913118800 220878090128 99.3 43787994014206752 97.3
913143500 220878097828 99.3 43787998025419552 97.3
913207700 220878098428 99.3 43787998234110752 97.3
913217600 220878108128 99.3 43788002488216352 97.3
913473400 220878116528 99.3 43788006212913952 97.3
913475600 220878146728 99.3 43788024847768352 97.3
913482700 220878206028 99.3 43788062340766496 97.3
913498300 220878211728 99.3 43788064850385696 97.3
913588300 220878223728 99.3 43788070323051296 97.3
913645600 220878282828 99.3 43788111568055072 97.3
913692200 220878299028 99.3 43788117571767072 97.3
913701800 220878310828 99.3 43788121667767072 97.3
913702200 220878315528 99.3 43788123267869472 97.3
913751300 220878318128 99.3 43788123974634272 97.3
913772500 220878318828 99.3 43788124243946272 97.3
913783700 220878320728 99.3 43788124634499872 97.3
913784900 220878321328 99.3 43788125020138272 97.3
913812200 220878326128 99.3 43788126724688672 97.3
913897600 220878327128 99.3 43788127192451872 97.3
913923700 220878328928 99.3 43788128066743072 97.3
913944800 220878329728 99.3 43788128268061472 97.3
913965600 220878330028 99.3 43788128430672672 97.3
913978100 220878348028 99.3 43788141568026400 97.3
914011000 220878350628 99.3 43788142778599200 97.3
914028900 220878355428 99.3 43788144542541600 97.3
914032000 220878356928 99.3 43788145251968800 97.3
914048200 220878360828 99.3 43788146829748000 97.3
914054800 220878363828 99.3 43788148150912800 97.3
914066300 220878403328 99.3 43788166115559200 97.3
914104000 220878405428 99.3 43788167040026400 97.3
914127500 220878406328 99.3 43788167350093600 97.3
914183200 220878406728 99.3 43788167435904800 97.3
914205100 220878409528 99.3 43788168758298400 97.3
914210200 220878410128 99.3 43788168913741600 97.3
914220300 220878411428 99.3 43788169602486688 97.3
914224200 220878419728 99.3 43788172380189088 97.3
914267000 220878425428 99.3 43788176837625760 97.3
914275500 220878428628 99.3 43788178570517408 97.3
914288800 220878429328 99.3 43788178832456608 97.3
914298000 220878433028 99.3 43788180455496608 97.3
914305300 220878438328 99.3 43788183608597408 97.3
914307200 220878442928 99.3 43788185757563808 97.3
914319900 220878447028 99.3 43788187189320608 97.3
914334900 220878448628 99.3 43788188498197408 97.3
914360100 220878455628 99.3 43788190500527008 97.3
914367400 220878458628 99.3 43788193057537184 97.3
914374600 220878462328 99.3 43788194476801184 97.3
914404800 220878462928 99.3 43788194673613984 97.3
914412800 220878463528 99.3 43788195053927584 97.3
914420600 220878464028 99.3 43788195310746784 97.3
914433600 220878464928 99.3 43788196062772384 97.3
914437600 220878465528 99.3 43788196261428384 97.3
914439700 220878466428 99.3 43788196453735584 97.3
914503900 220878470628 99.3 43788198046055584 97.3
914513500 220878473828 99.3 43788200921836704 97.3
914526200 220878475028 99.3 43788201297030304 97.3
914529400 220878510028 99.3 43788215615827104 97.3
914559900 220878512628 99.3 43788217603055264 97.3
914565200 220878516028 99.3 43788218989346464 97.3
914582200 220878517828 99.3 43788219552136864 97.3
914584500 220878518028 99.3 43788219598831264 97.3
914607500 220878520628 99.3 43788222248112032 97.3
914622100 220878521428 99.3 43788222442467232 97.3
914639900 220878521828 99.3 43788222473392032 97.3
914643000 220878522528 99.3 43788222654025632 97.3
914647800 220878534228 99.3 43788229279430560 97.3
914673800 220878541828 99.3 43788233173967776 97.3
914675100 220878546128 99.3 43788235390927776 97.3
914679700 220878548228 99.3 43788236137218976 97.3
914682200 220878549028 99.3 43788236495414176 97.3
914709800 220878552028 99.3 43788237713359776 97.3
914713700 220878553128 99.3 43788238112719776 97.3
914728000 220878554828 99.3 43788239191606176 97.3
914782800 220878557528 99.3 43788240658256800 97.3
914812800 220878558128 99.3 43788241215517600 97.3
914846600 220878559028 99.3 43788241406391200 97.3
914848500 220878560228 99.3 43788241693725600 97.3
914848800 220878561028 99.3 43788242179101600 97.3
914850200 220878562128 99.3 43788242420765600 97.3
914857900 220878570528 99.3 43788248342802336 97.3
914859200 220895525528 99.3 43800257080799136 97.4
914868000 220895529928 99.3 43800259228741536 97.4
914913100 220895533128 99.3 43800260837445536 97.4
914924700 220895533728 99.3 43800261035896736 97.4
914934100 220895539028 99.3 43800264112402336 97.4
914943800 220895539828 99.3 43800264253304736 97.4
914963600 220895541028 99.3 43800264585490336 97.4
914987600 220895541328 99.3 43800264792747936 97.4
915006800 220895543028 99.3 43800265557061536 97.4
915074600 220895546528 99.3 43800266688171936 97.4
915076700 220895547428 99.3 43800267106783136 97.4
915097100 220895548428 99.3 43800267448799136 97.4
915102900 220895551228 99.3 43800268664082336 97.4
915105900 220895563028 99.3 43800273319896096 97.4
915144700 220895565328 99.3 43800274594980896 97.4
915146300 220895567028 99.3 43800275429336096 97.4
915152400 220895568828 99.3 43800275804939296 97.4
915163900 220895569428 99.3 43800275999089696 97.4
915169000 220895570528 99.3 43800276168459296 97.4
915185500 220895575228 99.3 43800277832049696 97.4
915194900 220895594128 99.3 43800288947549216 97.4
915203400 220895595228 99.3 43800289207030816 97.4
915209800 220895596028 99.3 43800289496003616 97.4
915220400 220895597528 99.3 43800289977898016 97.4
915222100 220895602028 99.3 43800291485430816 97.4
915230000 220895603528 99.3 43800292096349216 97.4
915230300 220895605528 99.3 43800293275382816 97.4
915249100 220895606328 99.3 43800293412598816 97.4
915276000 220895629828 99.3 43800314157800480 97.4
915317700 220895637028 99.3 43800317862632480 97.4
915319700 220895637628 99.3 43800318092418080 97.4
915335900 220895638528 99.3 43800318950120480 97.4
915352500 220895645128 99.3 43800322705206304 97.4
915360800 220895649428 99.3 43800324721462304 97.4
915395400 220895650028 99.3 43800324871785504 97.4
915419700 220895656528 99.3 43800329141032736 97.4
915438500 220895663028 99.3 43800331382363936 97.4
915470700 220895663528 99.3 43800331403253536 97.4
915473500 220895705128 99.3 43800358325667616 97.4
915483000 220895709328 99.3 43800360787363616 97.4
915505400 220895710428 99.3 43800361155184416 97.4
915560600 220895711328 99.3 43800361435555616 97.4
915614400 220895711628 99.3 43800361514403616 97.4
915653200 220895713328 99.3 43800361931786016 97.4
915725600 220895722928 99.3 43800367624603424 97.4
915752400 220895723428 99.3 43800369178011424 97.4
915760700 220895732428 99.3 43800372317185824 97.4
915784500 220895737928 99.3 43800373914011424 97.4
915814100 220895738428 99.3 43800374088296224 97.4
915830500 220895740828 99.3 43800375030581024 97.4
915839200 220895747328 99.3 43800380371011872 97.4
915865300 220895748228 99.3 43800380732074272 97.4
915866000 220895749628 99.3 43800381195331872 97.4
915901000 220895762828 99.3 43800390771189024 97.4
916010100 220895763828 99.3 43800391490651424 97.4
916016400 220895764628 99.3 43800392050369824 97.4
916046400 220895771528 99.3 43800394629825824 97.4
916054900 220895781328 99.3 43800398624654624 97.4
916074800 220895782428 99.3 43800399517377824 97.4
916090100 220895785828 99.3 43800401141851424 97.4
916213100 220895786628 99.3 43800401332110624 97.4
916215000 220895798128 99.3 43800405764187424 97.4
934899900 220895805628 99.3 43800408104437024 97.4
935083500 220895806928 99.3 43800408579777824 97.4
935103800 220895809028 99.3 43800409169601824 97.4
935163400 220895816228 99.3 43800411512923424 97.4
935246600 220895826728 99.3 43800415580865824 97.4
935312200 220895827128 99.3 43800416010331424 97.4
935380400 220895831728 99.3 43800417755227424 97.4
935420900 220895834628 99.3 43800418507662624 97.4
935473100 220895835628 99.3 43800418710414624 97.4
935545300 220895841728 99.3 43800420925326624 97.4
935545800 220895862128 99.3 43800435479081248 97.4
935555900 220895870528 99.3 43800437556162848 97.4
935566800 220895881528 99.3 43800441483612448 97.4
935574900 220895884528 99.3 43800442555330848 97.4
935679400 220895885128 99.3 43800442597519648 97.4
935710900 220895943128 99.3 43800467043266848 97.4
935717000 220895945428 99.3 43800467502018848 97.4
935739400 220895953428 99.3 43800470713142304 97.4
935768600 220895956628 99.3 43800471502851104 97.4
935784100 220895957928 99.3 43800471947062304 97.4
935859200 220895958628 99.3 43800472557161504 97.4
935873500 220895960528 99.3 43800472999324704 97.4
935874700 220895964428 99.3 43800476032207904 97.4
935890900 220895966128 99.3 43800476788739104 97.4
935897300 220895967628 99.3 43800477156355104 97.4
935906800 220895970728 99.3 43800478093519904 97.4
935934500 220895971628 99.3 43800478400310304 97.4
935979700 220895976728 99.3 43800482606902304 97.4
936026400 220895978328 99.3 43800483213248480 97.4
936089100 220895984628 99.3 43800485304051680 97.4
936127400 220895991928 99.3 43800488407590880 97.4
936130600 220896000328 99.3 43800492251891680 97.4
936132900 220912532628 99.3 43812259356035040 97.4
936157300 220912598528 99.3 43812283106486240 97.4
936185400 220912598928 99.3 43812283150518240 97.4
936191400 220912603928 99.3 43812285557942240 97.4
936225500 220912605428 99.3 43812286079567840 97.4
936234300 220912609228 99.3 43812287591401440 97.4
936244500 220912615928 99.3 43812290680399840 97.4
936267100 220912675328 99.3 43812310741753824 97.4
936271000 220912676828 99.3 43812311131078624 97.4
936331800 220912730328 99.3 43812350506860512 97.4
936345500 220912731028 99.3 43812350654111712 97.4
936409900 220912731928 99.3 43812350926495712 97.4
936423100 220912735828 99.3 43812352252166112 97.4
936478900 220912748728 99.3 43812356664377312 97.4
936494600 220912756028 99.3 43812360043986912 97.4
936495800 220912756828 99.3 43812360298758112 97.4
936508000 220912758128 99.3 43812361048326112 97.4
936578500 220912762828 99.3 43812362706796512 97.4
936582700 220912765228 99.3 43812364679634912 97.4
936586500 220912767828 99.3 43812365795999712 97.4
936586600 220912768728 99.3 43812366156652512 97.4
936591700 220912799028 99.3 43812378017439712 97.4
936621700 220912802128 99.3 43812379479097312 97.4
936645300 220912861128 99.3 43812421214171104 97.4
936658600 220912869728 99.3 43812424708673504 97.4
936688300 220912870428 99.3 43812424871079904 97.4
936691800 220912871128 99.3 43812425002561504 97.4
936701700 220912875328 99.3 43812426151899104 97.4
936715000 220912885328 99.3 43812434952214496 97.4
936881000 220912893328 99.3 43812437245974496 97.4
936894900 220912912128 99.3 43812443523299296 97.4
936951000 220912913128 99.3 43812443785033696 97.4
937001700 220912920228 99.3 43812451262788064 97.4
937055800 220912951828 99.3 43812476084582880 97.4
937168300 220912953428 99.3 43812476784589280 97.4
937182200 220912959528 99.3 43812480229436896 97.4
937237300 220912961328 99.3 43812480651734496 97.4
937237800 220912962328 99.3 43812480862883296 97.4
937306800 220912966628 99.3 43812483001306848 97.4
937324200 220912968928 99.3 43812484303015648 97.4
937347200 220913008128 99.3 43812517409089248 97.4
937368800 220913010528 99.3 43812517976999648 97.4
937375500 220913021928 99.3 43812521334081248 97.4
937476800 220913040928 99.3 43812529051150048 97.4
937567400 220913231428 99.3 43812657863075552 97.4
937637400 220913242028 99.3 43812665782979808 97.4
937663900 220913246828 99.3 43812667603856608 97.4
937881900 220913247628 99.3 43812667725917408 97.4
937907300 220913260428 99.3 43812672248311008 97.4
981202200 220913263128 99.3 43812673372253408 97.4
981320000 220913265028 99.3 43812674392157408 97.4
981345200 220913318828 99.3 43812706628187360 97.4
981423700 220913320628 99.3 43812707552654560 97.4
981432400 220913321228 99.3 43812707703182560 97.4
981537300 220913323728 99.3 43812708409298848 97.4
981575000 220913327828 99.3 43812710971583392 97.4
981633200 220913334128 99.3 43812713479154592 97.4
981681900 220913334428 99.3 43812713697880992 97.4
981840800 220913337628 99.3 43812715134143392 97.4
981938000 220913340228 99.3 43812716203404192 97.4
981952900 220913341028 99.3 43812716491967392 97.4
981955600 220913343228 99.3 43812717623379744 97.4
981969500 220913344828 99.3 43812718321338144 97.4
982004600 220913364028 99.3 43812726197946144 97.4
982027100 220913365528 99.3 43812727076947744 97.4
982032000 220913365728 99.3 43812727185901344 97.4
982037600 220913376328 99.3 43812731611014944 97.4
982099500 220913385928 99.3 43812735284512544 97.4
982117500 220913386528 99.3 43812735543994144 97.4
982195100 220913388528 99.3 43812736101664544 97.4
982207400 220913389628 99.3 43812736400058144 97.4
982276600 220913390328 99.3 43812736743917344 97.4
982278900 220913403328 99.3 43812740299654944 97.4
982285300 220913412128 99.3 43812743300384544 97.4
982287000 220913415528 99.3 43812744349779744 97.4
982316700 220913417328 99.3 43812744837818144 97.4
982322300 220913418528 99.3 43812745338758944 97.4
982331700 220913430828 99.3 43812751371552544 97.4
982339800 220913432428 99.3 43812752253626144 97.4
982373600 220913432728 99.3 43812752352749344 97.4
982383100 220913435328 99.3 43812752999507744 97.4
982387700 220913438228 99.3 43812754446189728 97.4
982438300 220913443328 99.3 43812755887572128 97.4
982439800 220913446028 99.3 43812757244986528 97.4
982465300 220913446728 99.3 43812757401453728 97.4
982466300 220913447928 99.3 43812757680800928 97.4
982495100 220913450028 99.3 43812758285575328 97.4
982499700 220913452828 99.3 43812758851437728 97.4
982503100 220913454628 99.3 43812759270048928 97.4
982529200 220913469328 99.3 43812764896928928 97.4
982533200 220913473528 99.3 43812766387668128 97.4
982539500 220913481128 99.3 43812769577837728 97.4
982557900 220913482128 99.3 43812769774855328 97.4
982558400 220913500628 99.3 43812780653188256 97.4
982564100 220913504528 99.3 43812782042551456 97.4
982565200 220913505228 99.3 43812782515844256 97.4
982601200 220913506528 99.3 43812782907421856 97.4
982608300 220913508828 99.3 43812784530257056 97.4
982610600 220913509228 99.3 43812784595793056 97.4
982638600 220913510128 99.3 43812785144247456 97.4
982644200 220913511128 99.3 43812785671812256 97.4
982651900 220913512828 99.3 43812786756228256 97.4
982663500 220913513228 99.3 43812786787972256 97.4
982670700 220913514628 99.3 43812787152106656 97.4
982679700 220913515628 99.3 43812787841258656 97.4
982726100 220913516828 99.3 43812788023940256 97.4
982794000 220913534728 99.3 43812799894633632 97.4
982801900 220913535028 99.3 43812800014646432 97.4
982807200 220913543628 99.3 43812804540521632 97.4
982814300 220913544728 99.3 43812805028150432 97.4
982837400 220913545528 99.3 43812805123792032 97.4
982891600 220913549228 99.3 43812805904694432 97.4
982954200 220913551928 99.3 43812806983785632 97.4
983008200 220913552428 99.3 43812807082089632 97.4
983031900 220913555528 99.3 43812807820393632 97.4
983046600 220913556328 99.3 43812808164252832 97.4
983060700 220933831828 99.3 43827329851333792 97.4
983078600 220933846628 99.3 43827343155886240 97.4
983118500 220933847828 99.3 43827343499540640 97.4
983131900 220933847928 99.3 43827343507527840 97.4
983143600 220933849128 99.3 43827344116193440 97.4
983175500 220933849828 99.3 43827344358062240 97.4
983177100 220933850328 99.3 43827344617953440 97.4
983185000 220933850628 99.3 43827344641300640 97.4
983238100 220933852128 99.3 43827345644206240 97.4
983273800 220933852528 99.3 43827345850030240 97.4
983281000 220933853128 99.3 43827346150676640 97.4
983289100 220933853928 99.3 43827346517268640 97.4
983329500 220933855328 99.3 43827347261307040 97.4
983349500 220933855828 99.3 43827347423508640 97.4
983351000 220933856928 99.3 43827347756923040 97.4
983372700 220933861528 99.3 43827348853217440 97.4
983372800 220933889028 99.3 43827358232647840 97.4
983375600 220933891228 99.3 43827359027271840 97.4
983396400 220933893028 99.3 43827359717243040 97.4
983397700 220933896828 99.3 43827360776878240 97.4
983404900 220933898028 99.3 43827361149819040 97.4
983406500 220933898928 99.3 43827361546721440 97.4
983413800 220933901228 99.3 43827362313287840 97.4
983420100 220933902928 99.3 43827363646513440 97.4
983432800 220933903628 99.3 43827363771031840 97.4
983436800 220933904428 99.3 43827364559511840 97.4
983444900 220933913728 99.3 43827367991140640 97.4
983447000 220933920828 99.3 43827370926334240 97.4
983460700 220933921528 99.3 43827370998423840 97.4
983472400 220933924028 99.3 43827371632279840 97.4
983499900 220933925628 99.3 43827372142846240 97.4
983509900 220933930728 99.3 43827374813233440 97.4
983544900 220933932028 99.3 43827375254987040 97.4
983551900 220933933728 99.3 43827375762686240 97.4
983582200 220933937628 99.3 43827376773988640 97.4
983717900 220933947728 99.3 43827380863844640 97.4
983737100 220933953528 99.3 43827382978609440 97.4
983760300 220933966728 99.3 43827389410148640 97.4
983790100 220933968128 99.3 43827389731275040 97.4
983840900 220933982028 99.3 43827393998283040 97.4
983958200 220933991428 99.3 43827398234571040 97.4
983985900 220933995328 99.3 43827400306327840 97.4
983997500 220934000028 99.3 43827402198679840 97.4
984059400 220934004428 99.3 43827405385982240 97.4
984269500 220934037928 99.3 43827418887627040 97.4
984303400 220934038128 99.3 43827418907902240 97.4
1014461300 220934042828 99.3 43827421403799840 97.4
1014641100 220934043728 99.3 43827421593444640 97.4
1014986100 220934051028 99.3 43827425568014624 97.4
1015015200 220934052728 99.3 43827426638913824 97.4
1015176400 220934058328 99.3 43827429255438624 97.4
1015186200 220934076128 99.3 43827439930843424 97.4
1015471400 220934077028 99.3 43827440318734624 97.4
1015563200 220934077928 99.3 43827440746357024 97.4
1015614200 220934079028 99.3 43827441058267424 97.4
1015631800 220934080428 99.3 43827441324797120 97.4
1015646300 220934106128 99.3 43827450501885120 97.4
1015772500 220934106528 99.3 43827450557385920 97.4
1015803700 220934111128 99.3 43827451975830720 97.4
1015821400 220934117328 99.3 43827454606691520 97.4
1015826700 220934123828 99.3 43827457702243520 97.4
1015856300 220934164928 99.3 43827485034558656 97.4
1015857100 220934165928 99.3 43827485301003456 97.4
1015861800 220934181828 99.3 43827493735691456 97.4
1015887600 220934183128 99.3 43827494433445056 97.4
1015893100 220934202028 99.3 43827501625201856 97.4
1015925400 220934205928 99.3 43827503235953856 97.4
1016002200 220934210928 99.3 43827505381438656 97.4
1016088700 220950704428 99.3 43839231956022464 97.5
1016129200 220950704828 99.3 43839232131331264 97.5
1016137400 220950705028 99.3 43839232153859264 97.5
1016160400 220950705728 99.3 43839232593648160 97.5
1016185700 220950709428 99.3 43839236259992864 97.5
1016191500 220950710028 99.3 43839236467864864 97.5
1016227800 220950710528 99.3 43839236686066464 97.5
1016241500 220950713828 99.3 43839237983679264 97.5
1016294300 220950714828 99.3 43839238335116064 97.5
1016349400 220950716228 99.3 43839238958732064 97.5
1016442800 220950717028 99.3 43839239306892064 97.5
1016449500 220950717628 99.3 43839239650751264 97.5
1016458400 220950725728 99.3 43839243057189664 97.5
1016492400 220950727828 99.3 43839243556492064 97.5
1016513000 220950730328 99.3 43839243962815264 97.5
1016574100 220950732628 99.3 43839245743834272 97.5
1016582100 220950734028 99.3 43839246115136672 97.5
1016585500 220950734728 99.3 43839246223271072 97.5
1016598700 220950735528 99.3 43839246430528672 97.5
1016602200 220950736528 99.3 43839246595187872 97.5
1016612500 220950739228 99.3 43839248767501472 97.5
1016661600 220950745728 99.3 43839250791335072 97.5
1016669100 220950748828 99.3 43839252323443872 97.5
1016677300 220950788928 99.3 43839281008895136 97.5
1016688400 220950795328 99.3 43839283123864736 97.5
1016688800 220950796028 99.3 43839283184690336 97.5
1016692400 220950797928 99.3 43839284097074336 97.5
1016696300 220950823928 99.3 43839302872941728 97.5
1016700000 220950829228 99.3 43839304612512928 97.5
1016767300 220950830528 99.3 43839304908448928 97.5
1016777900 220950832928 99.3 43839305637741728 97.5
1016795500 220950840928 99.3 43839309920314528 97.5
1016803100 220950841628 99.3 43839310125728928 97.5
1016858300 220950844328 99.3 43839311571207328 97.5
1016865500 220950847328 99.3 43839312360096928 97.5
1016869700 220950907928 99.3 43839357063369888 97.5
1016874100 220950908628 99.3 43839357224957088 97.5
1016877400 220950909628 99.3 43839357471741088 97.5
1016901300 220950921428 99.3 43839365225059488 97.5
1016939000 220950926128 99.3 43839367366038688 97.5
1016944800 220950926828 99.3 43839367529469088 97.5
1016974300 220950928528 99.3 43839368231318688 97.5
1016981300 220950929328 99.3 43839368773014688 97.5
1016989400 220950930528 99.3 43839369499645088 97.5
1017013400 220950931128 99.3 43839369758921888 97.5
1017020200 220950942728 99.3 43839374495126688 97.5
1017026900 220950942828 99.3 43839374503113888 97.5
1017048000 220950944528 99.3 43839375420617888 97.5
1017052300 220950949028 99.3 43839377309283488 97.5
1017076500 220950949328 99.3 43839377667478688 97.5
1017088300 220950949628 99.3 43839378351715488 97.5
1017102700 220950960128 99.3 43839384786736288 97.5
1017110600 220950961328 99.3 43839385319011488 97.5
1017118700 220950962128 99.3 43839385446397088 97.5
1017139500 220950963128 99.3 43839385636246688 97.5
1017216600 220950963528 99.3 43839385810531488 97.5
1017222400 220950968228 99.3 43839388493206688 97.5
1017223300 220950969528 99.3 43839389072176288 97.5
1017247700 220950970128 99.3 43839389236630688 97.5
1017253800 220950971328 99.3 43839390013027488 97.5
1017270400 220950973028 99.3 43839391546467104 97.5
1017283800 220950973828 99.3 43839392006652704 97.5
1017286500 220950974528 99.3 43839393077551904 97.5
1017333200 220950977128 99.3 43839394197193504 97.5
1017337100 220950978028 99.3 43839394722710304 97.5
1017367600 220950983828 99.3 43839397344764704 97.5
1017392200 220950984528 99.3 43839397581308704 97.5
1017406800 220950990528 99.3 43839400280163104 97.5
1017421100 220950994528 99.3 43839401936652448 97.5
1017430400 220950996228 99.3 43839402455820448 97.5
1017438200 220951003928 99.3 43839405229599136 97.5
1017445500 220951349928 99.3 43839662231841184 97.5
1017459400 220951353928 99.3 43839663684077984 97.5
1017490100 220951354928 99.3 43839664347834784 97.5
1017533800 220951357228 99.3 43839666173012384 97.5
1017546100 220951357328 99.3 43839666559879584 97.5
1017599600 220951361928 99.3 43839668368877984 97.5
1017683600 220951362728 99.3 43839668531284384 97.5
1017684700 220951363328 99.3 43839668628564384 97.5
1017696700 220951369828 99.3 43839671968852384 97.5
1017702400 220951370228 99.3 43839672200481184 97.5
1017735500 220951373428 99.3 43839673135802784 97.5
1017749800 220951382028 99.3 43839678222601120 97.5
1017770400 220951383228 99.3 43839678374562720 97.5
1017775400 220951383628 99.3 43839678749551520 97.5
1017791100 220951384328 99.3 43839679037090720 97.5
1017860300 220951387928 99.3 43839680432597920 97.5
1017866300 220951389528 99.3 43839681143458720 97.5
1017868800 220951391928 99.3 43839681763919712 97.5
1017880000 220951392328 99.3 43839681817167712 97.5
1017895500 220951396928 99.3 43839683443894112 97.5
1017914700 220951398328 99.3 43839683901417312 97.5
1017929100 220951399628 99.3 43839684439836512 97.5
1017947400 220951413228 99.3 43839693623341920 97.5
1017955500 220951414228 99.3 43839693820769120 97.5
1017982100 220951414528 99.3 43839694377825120 97.5
1018008400 220951426328 99.3 43839699259437920 97.5
1018039600 220951427128 99.3 43839699354669920 97.5
1018083100 220951428328 99.3 43839699967431520 97.5
1018090700 220951429028 99.3 43839700381127520 97.5
1018150600 220951430128 99.3 43839700600877920 97.5
1018240800 220951432628 99.3 43839701343892320 97.5
1018248200 220951434628 99.3 43839702421140320 97.5
1018261300 220951435228 99.3 43839703007687520 97.5
1018281900 220951436928 99.3 43839704341549920 97.5
1018289900 220951437228 99.3 43839704599188320 97.5
1018305100 220951437528 99.3 43839704641581920 97.5
1018360300 220951439428 99.3 43839705226490720 97.5
1018441800 220951442828 99.3 43839706461527776 97.5
1018470700 220951446228 99.3 43839707453783776 97.5
1018476300 220951447628 99.3 43839707943870176 97.5
1018569300 220951447928 99.3 43839707976023776 97.5
1018575500 220951448428 99.3 43839708078218976 97.5
1018593400 220951449228 99.3 43839708198231776 97.5
1018612200 220951451928 99.3 43839710153063904 97.5
1018709400 220951453228 99.3 43839710720359904 97.5
1018883600 220951455128 99.3 43839711396814304 97.5
1019309500 220951456128 99.3 43839711629467104 97.5
1028549800 220951458728 99.3 43839712700161504 97.5
1028667000 220951461028 99.3 43839714386689504 97.5
1028833900 220951464628 99.3 43839716071169504 97.5
1028837900 220951472928 99.3 43839719928167904 97.5
1028926200 220951483028 99.3 43839724810804704 97.5
1028930200 220951498528 99.3 43839730234523104 97.5
1028932100 220951507328 99.3 43839734276455904 97.5
1028932700 220951511428 99.3 43839736095694304 97.5
1028993100 220951512028 99.3 43839736294555104 97.5
1029018600 220951530628 99.3 43839743778971104 97.5
1029026800 220951531428 99.3 43839744475291104 97.5
1029034100 220951544628 99.3 43839749564366304 97.5
1029193600 220951547628 99.3 43839750763060704 97.5
1029244000 220951548428 99.3 43839751014350304 97.5
1029255700 220951563528 99.3 43839755841076704 97.5
1029264400 220951564228 99.3 43839756029902304 97.5
1029268800 220951587928 99.3 43839766019431904 97.5
1029284500 220951588528 99.3 43839766142926304 97.5
1029294800 220951618528 99.3 43839778110004704 97.5
1029353500 220951638128 99.3 43839785561447904 97.5
1029434100 220951645528 99.3 43839790007655904 97.5
1029491300 220951648028 99.3 43839790741863904 97.5
1029508600 220951649028 99.3 43839791225396704 97.5
1029550900 220951650828 99.3 43839791765454304 97.5
1029556600 220951654428 99.3 43839793111195104 97.5
1029573100 220951654928 99.3 43839793344667104 97.5
1029589800 220951664328 99.3 43839797533441504 97.5
1029627900 220951664728 99.3 43839798077390304 97.5
1029636100 220951665928 99.3 43839798542286304 97.5
1029670700 220951667428 99.3 43839799508123104 97.5
1029710200 220951668328 99.3 43839799627316704 97.5
1029712000 220951672428 99.3 43839802396827104 97.5
1029719000 220951685128 99.3 43839806817435104 97.5
1029737300 220951685928 99.3 43839806906932704 97.5
1029750200 220951686728 99.3 43839807029812704 97.5
1029776600 220951687328 99.3 43839807138971104 97.5
1029798100 220951687828 99.3 43839807200001504 97.5
1029831400 220951703028 99.3 43839812682292704 97.5
1029846900 220951704128 99.3 43839813447220704 97.5
1029848600 220951704728 99.3 43839813628878304 97.5
1029928200 220951705228 99.3 43839814317415904 97.5
1030037700 220951705828 99.3 43839814466100704 97.5
1030084200 220951706028 99.3 43839814481051104 97.5
1030105800 220951708228 99.3 43839815201332704 97.5
1030113200 220951708828 99.3 43839815409204704 97.5
1030157100 220951711028 99.3 43839815793204704 97.5
1030178800 220951711828 99.3 43839816171961184 97.5
1030184800 220951712428 99.3 43839816556575584 97.5
1030196400 220951712928 99.3 43839817125509984 97.5
1030205400 220964787228 99.3 43849112050252640 97.5
1030252200 220964788128 99.3 43849112621439840 97.5
1030257000 220964789628 99.3 43849113110707040 97.5
1030267500 220964793428 99.3 43849114752179040 97.5
1030271200 220964793928 99.3 43849114885299040 97.5
1030280900 220964794128 99.3 43849114900863840 97.5
1030293100 220964799328 99.3 43849117352524640 97.5
1030359000 220964800228 99.3 43849117657062240 97.5
1030400400 220964800728 99.3 43849118439193440 97.5
1030407200 220964801328 99.3 43849118969830240 97.5
1030420700 220964801728 99.3 43849119127935840 97.5
1030440000 220964804628 99.3 43849120387660640 97.5
1030451400 220964805628 99.3 43849120949017440 97.5
1030451800 220964806528 99.3 43849121221196640 97.5
1030501100 220964807228 99.3 43849121806310240 97.5
1030525100 220964807928 99.3 43849122669951840 97.5
1030546900 220964810428 99.3 43849123453107040 97.5
1030576600 220964811028 99.3 43849123602201440 97.5
1030585700 220964812428 99.3 43849124170111840 97.5
1030603300 220964812628 99.3 43849124246707040 97.5
1030608600 220964812828 99.3 43849124281113440 97.5
1030633700 220964813428 99.3 43849124361804640 97.5
1030684900 220964815928 99.3 43849125728844640 97.5
1030695200 220964817028 99.3 43849126073113440 97.5
1030761400 220964834028 99.3 43849130971929440 97.5
1030777100 220964846728 99.3 43849136403839840 97.5
1030779900 220964849328 99.3 43849137770060640 97.5
1030858500 220964849528 99.3 43849137907071840 97.5
1030935500 220964850128 99.3 43849138594995040 97.5
1031008900 220964850528 99.3 43849138662374240 97.5
1031039400 220964857928 99.3 43849141312486240 97.5
1031155300 220964868428 99.3 43849145679846240 97.5
1031160000 220964875528 99.3 43849148012723040 97.5
1031253700 220964881328 99.3 43849149738572640 97.5
1031258700 220964881828 99.3 43849149872102240 97.5
1031274600 220964885128 99.3 43849150809676640 97.5
1031307600 220964885428 99.3 43849150843263840 97.5
1031403700 220964914228 99.3 43849164024806240 97.5
1031432100 220964930928 99.3 43849171880319840 97.5
1031944100 220965281028 99.3 43849404878035808 97.5
1072133400 220965287628 99.3 43849407796640608 97.5
1072187500 220965287928 99.3 43849408097901408 97.5
1072293600 220965293328 99.3 43849410555501408 97.5
1072509500 220965295228 99.3 43849411269024608 97.5
1072596900 220965297828 99.3 43849412717984608 97.5
1072739500 220965306028 99.3 43849414816979808 97.5
1072921600 220965306128 99.3 43849414833568608 97.5
1072952400 220965312328 99.3 43849416674515808 97.5
1072985000 220965319528 99.3 43849418835770208 97.5
1073018700 220965324128 99.3 43849420233735008 97.5
1073029600 220965325228 99.3 43849420909165408 97.5
1073065500 220981540628 99.3 43860976918182752 97.5
1073244000 220981541928 99.3 43860977277401952 97.5
1073299700 220981543828 99.3 43860978094553952 97.5
1073320100 220981549628 99.3 43860980828633952 97.5
1073372000 220981550628 99.3 43860981026470752 97.5
1073376400 220981596928 99.3 43861000233024352 97.5
1073403100 220981603628 99.3 43861003073600352 97.5
1073409400 220981607028 99.3 43861004129549152 97.5
1073422800 220981610028 99.3 43861005387635552 97.5
1073428800 220981613428 99.3 43861006765120352 97.5
1073459000 220981615928 99.3 43861008035085152 97.5
1073461600 220981616228 99.3 43861008457177952 97.5
1073479500 220981617428 99.3 43861009025293152 97.5
1073484900 220981618428 99.3 43861009252825952 97.5
1073494100 220981619928 99.3 43861010211289952 97.5
1073528000 220981622928 99.3 43861011361856352 97.5
1073540500 220981628028 99.3 43861013152832352 97.5
1073568800 220981629728 99.3 43861013707021152 97.5
1073598800 220981631628 99.3 43861014168435552 97.5
1073615200 220981632728 99.3 43861015481408352 97.5
1073700500 220981633628 99.3 43861016150489952 97.5
1073707400 220981635528 99.3 43861016601049952 97.5
1073714100 220981638128 99.3 43861018148109152 97.5
1073730600 220981651428 99.3 43861021747469152 97.5
1073762100 220981663928 99.3 43861028401830752 97.5
1073775100 220981685428 99.3 43861035323251552 97.5
1073846500 220981698128 99.3 43861040531520352 97.5
1073861000 220981699528 99.3 43861041139981152 97.5
1073906800 220981700128 99.3 43861041344166752 97.5
1073950300 220981704528 99.3 43861043337075552 97.5
1073984100 220981705228 99.3 43861043451353952 97.5
1074010200 220981708128 99.3 43861044128627552 97.5
1074035000 220981711428 99.3 43861045402278752 97.5
1074050400 220981711828 99.3 43861045495462752 97.5
1074089800 220981712428 99.3 43861045558541152 97.5
1074102500 220981712928 99.3 43861045938035552 97.5
1074153100 220981713628 99.3 43861046430784352 97.5
1074154800 220981716828 99.3 43861047359961952 97.5
1074223500 220981717928 99.3 43861047648525152 97.5
1074234300 220981718428 99.3 43861047713856352 97.5
1074257200 220981719128 99.3 43861047791475552 97.5
1074287500 220981719428 99.3 43861047807654752 97.5
1074295100 220981721028 99.3 43861048341158752 97.5
1074316300 220981722628 99.3 43861048969894752 97.5
1074322600 220981724828 99.3 43861050127219552 97.5
1074337300 220981738728 99.3 43861055039347552 97.5
1074351800 220981738928 99.3 43861055055321952 97.5
1074384200 220981739028 99.3 43861055055731552 97.5
1074389400 220981739228 99.3 43861055078464352 97.5
1074393400 220981745828 99.3 43861057276173152 97.5
1074410700 220981844128 99.3 43861125857094496 97.5
1074439700 220981844828 99.3 43861126006188896 97.5
1074443200 220981845128 99.3 43861126098348896 97.5
1074487300 220981846728 99.3 43861126498937696 97.5
1074499000 220981847528 99.3 43861126653152096 97.5
1074501700 220981850028 99.3 43861127446956896 97.5
1074502700 220981850728 99.3 43861127671212896 97.5
1074524200 220981851028 99.3 43861127710534496 97.5
1074539700 220981854128 99.3 43861128772832096 97.5
1074558100 220981854528 99.3 43861128891001696 97.5
1074571500 220981854928 99.3 43861129081056096 97.5
1074593400 220981870728 99.3 43861137600786784 97.5
1074602600 220981876728 99.3 43861139956396384 97.5
1074663600 220981877228 99.3 43861140418509984 97.5
1074675400 220981877628 99.3 43861140739431584 97.5
1074687400 220981878228 99.3 43861140878695584 97.5
1074706900 220981878828 99.3 43861141000756384 97.5
1074747500 220981882728 99.3 43861142344653984 97.5
1074790600 220981890928 99.3 43861145037773984 97.5
1074859600 220981893428 99.3 43861145426074784 97.5
1074885900 220981894928 99.3 43861146146151584 97.5
1074890300 220981896328 99.3 43861147509914784 97.5
1074919200 220981896628 99.3 43861147748097184 97.5
1074938100 220981898528 99.3 43861148200705184 97.5
1074952000 220981899728 99.3 43861148868762784 97.5
1075004500 220981901128 99.3 43861149076634784 97.5
1075006500 220981901328 99.3 43861149092404384 97.5
1075007600 220981902528 99.3 43861149635329184 97.5
1075074400 220981904628 99.3 43861150243175584 97.5
1075089700 220981906228 99.3 43861150773197984 97.5
1075090200 220981906728 99.3 43861150956903584 97.5
1075157100 220981907728 99.3 43861151920487584 97.5
1075228400 220981910028 99.3 43861152500071584 97.5
1075241000 220981911628 99.3 43861153025178784 97.5
1075273200 220981912628 99.3 43861153432935584 97.5
1075533700 220981916628 99.3 43861158303236768 97.5
1075536600 220981919828 99.3 43861159929553568 97.5
1075567500 220981925228 99.3 43861162234372768 97.5
1075590100 220981931628 99.3 43861168342880416 97.5
1075620500 220981937228 99.3 43861172296503712 97.5
1075626000 220981945128 99.3 43861174956650912 97.5
1075750900 220981945628 99.3 43861175010922912 97.5
1075970000 220982133328 99.3 43861317657006496 97.5
1075999900 220982133828 99.3 43861317896212896 97.5
1077403000 220982180928 99.3 43861340572387744 97.5
1112006900 220982181328 99.3 43861340646115744 97.5
1112097200 220982181428 99.3 43861340654512544 97.5
1112268600 220982182128 99.3 43861340893923744 97.5
1112326300 220982183428 99.3 43861341333629344 97.5
1112391100 220982183628 99.3 43861341372950944 97.5
1112522300 220982188028 99.3 43861343332682144 97.5
1112559700 220982190228 99.3 43861344020605344 97.5
1112613600 220982192228 99.3 43861344950602144 97.5
1112627900 220982195328 99.3 43861346055293344 97.5
1112638100 220982208528 99.3 43861351325206944 97.5
1112694800 220982223028 99.3 43861356753840544 97.5
1112705300 220982224928 99.3 43861357393021344 97.5
1112709000 220982226528 99.3 43861357985712544 97.5
1112726200 220982233428 99.3 43861360422218144 97.5
1112768700 220982241228 99.3 43861364131555744 97.5
1112793500 220982245528 99.3 43861366468528544 97.5
1112807000 220982245928 99.3 43861366614960544 97.5
1112827300 220982246528 99.3 43861366805834144 97.5
1112943300 220982249828 99.3 43861368286742944 97.5
1112960500 220982252428 99.3 43861369531107744 97.5
1112962300 220982253428 99.3 43861369801238944 97.5
1113011900 220982255028 99.3 43861370484861344 97.5
1113065500 220982255928 99.3 43861370718742944 97.5
1113111100 220982256728 99.3 43861370828106144 97.5
1113125000 220995346028 99.3 43870663570762144 97.5
1113128600 220995348028 99.3 43870664128227744 97.5
1113129100 220995348428 99.3 43870664435427744 97.5
1113137900 220995350028 99.3 43870665319958944 97.5
1113167200 220995353028 99.3 43870666838550944 97.5
1113172000 220995353928 99.3 43870667262486944 97.5
1113229400 220995354928 99.3 43870667843094944 97.5
1113262700 220995355428 99.3 43870667897366944 97.5
1113294700 220995356428 99.3 43870668559075744 97.5
1113296300 220995367528 99.3 43870672734538144 97.5
1113353300 220995367928 99.3 43870672859670944 97.5
1113359000 220995374528 99.3 43870674496227744 97.5
1113364500 220995376128 99.3 43870674750998944 97.5
1113376200 220995376528 99.3 43870674879408544 97.5
1113385100 220995388728 99.3 43870680165501344 97.5
1113411100 220995388828 99.3 43870680188234144 97.5
1113444800 220995389328 99.3 43870680535984544 97.5
1113445400 220995389628 99.3 43870680561994144 97.5
1113514300 220995390928 99.3 43870680845232544 97.5
1113524300 220995391228 99.3 43870680864278944 97.5
1113557400 220995391728 99.3 43870681070307744 97.5
1113569000 220995393228 99.3 43870681357027744 97.5
1113585100 220995394428 99.3 43870682000714144 97.5
1113599400 220995397128 99.3 43870685096759456 97.5
1113619500 220995397628 99.3 43870685339037856 97.5
1113644600 220995398128 99.3 43870685512708256 97.5
1113658700 220995398928 99.3 43870686030852256 97.5
1113661400 220995399728 99.3 43870686267396256 97.5
1113686000 220995403028 99.3 43870687657373856 97.5
1113690100 220995403728 99.3 43870687812612256 97.5
1113700900 220995404628 99.3 43870688161386656 97.5
1113743800 220995405128 99.3 43870688280989856 97.5
1113811700 220995405628 99.3 43870688304132256 97.5
1113816000 220995406628 99.3 43870688932663456 97.5
1113827000 220995407428 99.3 43870689132548256 97.5
1113837900 220995408728 99.3 43870689554845856 97.5
1113848100 220995410128 99.3 43870690260177056 97.5
1113869700 220995410628 99.3 43870690391863456 97.5
1113883300 220995410928 99.3 43870690433028256 97.5
1113921200 220995413628 99.3 43870691566801056 97.5
1113933200 220995414328 99.3 43870691722653856 97.5
1113940300 220995414628 99.3 43870691775287456 97.5
1113955000 220995416328 99.3 43870692618039456 97.5
1113995700 220995416928 99.3 43870692839018656 97.5
1114013000 220995417728 99.3 43870693065937056 97.5
1114023600 220995420328 99.3 43870693969924256 97.5
1114026100 220995420428 99.3 43870693985079456 97.5
1114028100 220995422828 99.3 43870695052087456 97.5
1114049600 220995423728 99.3 43870695482986656 97.5
1114060700 220995424128 99.3 43870695838519456 97.5
1114090300 220995424728 99.3 43870696080901552 97.5
1114146700 220995425128 99.3 43870696379499952 97.5
1114210600 220995425828 99.3 43870697007211952 97.5
1114221400 220995432228 99.3 43870699039442352 97.5
1114241900 220995432728 99.3 43870699089208752 97.5
1114287300 220995433328 99.3 43870699460511152 97.5
1114313700 220995433928 99.3 43870699533419952 97.5
1114324800 220995434428 99.3 43870699747126048 97.5
1114390800 220995434628 99.3 43870699771702048 97.5
1114403600 220995435428 99.3 43870700573289248 97.5
1114424200 220995435828 99.3 43870700739382048 97.5
1114450600 220995495828 99.3 43870746255641376 97.5
1114460400 220995500828 99.3 43870747569228576 97.5
1114476100 220995501628 99.3 43870747951590176 97.5
1114485700 220995505328 99.3 43870750186162976 97.5
1114498800 220995506228 99.3 43870750566681376 97.5
1114507400 220995507828 99.3 43870750969932576 97.5
1114515500 220995508128 99.3 43870751048370976 97.5
1114529300 220995508928 99.3 43870751466777376 97.5
1114579100 220995525128 99.3 43870757992934176 97.5
1114602800 220995531028 99.3 43870760700799776 97.5
1114638000 220995536728 99.3 43870761934924576 97.5
1114645600 220995545828 99.3 43870765458713376 97.5
1114660300 220995551828 99.3 43870767295154976 97.5
1114661800 220995552728 99.3 43870767684684576 97.5
1114673800 220995554228 99.3 43870768114150176 97.5
1114783600 220995561528 99.3 43870771179391776 97.5
1114922400 220995564728 99.3 43870772458572576 97.5
1114925900 220995569728 99.3 43870774682086176 97.5
1114932900 220995570428 99.3 43870775392537376 97.5
1115009800 220995645828 99.3 43870826976455456 97.5
1115032800 220995645928 99.3 43870827002669856 97.5
1115333600 220995646028 99.3 43870827117767456 97.5
1115433600 220995673728 99.3 43870847540988704 97.5
1115661100 220995694928 99.3 43870863598162720 97.5
1115686700 220995709628 99.3 43870874350440224 97.5
1131147800 220995714828 99.3 43870875999694624 97.5
1131209100 220995725228 99.3 43870879498792736 97.5
1131228800 220995730828 99.3 43870881736642336 97.5
1131257700 220995740628 99.3 43870884938075936 97.5
1131269900 221005678728 99.3 43877946246516512 97.5
1131470700 221005683228 99.3 43877948824743712 97.5
1131560700 221005688328 99.3 43877950948929312 97.5
1131660700 221005691828 99.3 43877951807450912 97.5
1131803000 221005692028 99.3 43877951857626912 97.5
1131811900 221005696928 99.3 43877953919553312 97.5
1131963200 221005697128 99.3 43877954002906912 97.5
1131984100 221005697528 99.3 43877954116161312 97.5
1132010400 221005712128 99.3 43877960301326112 97.5
1132019900 221005725628 99.3 43877965290663712 97.5
1132044600 221005730528 99.3 43877967063822112 97.5
1132063200 221005732028 99.3 43877967544078112 97.5
1132065000 221005748528 99.3 43877973095591712 97.5
1132083400 221005758528 99.3 43877976824180512 97.5
1132205300 221005759528 99.3 43877977278426912 97.5
1132221800 221005761028 99.3 43877977926004512 97.5
1132236900 221005773028 99.3 43877982671015712 97.5
1132266600 221005773628 99.3 43877982799220512 97.5
1132279400 221005775728 99.3 43877983783694112 97.5
1132295800 221005776628 99.3 43877984414068512 97.5
1132411600 221005777428 99.3 43877984723111712 97.5
1132472000 221005777828 99.3 43877984971124512 97.5
1132529200 221005778028 99.3 43877984980135712 97.5
1132559100 221005779228 99.3 43877986298638112 97.5
1132655200 221005780428 99.3 43877986720321312 97.5
1132766400 221005782428 99.3 43877987375271712 97.5
1132771000 221005783228 99.3 43877987731828512 97.5
1132785600 221005783728 99.3 43877987957313312 97.5
1132888700 221005784328 99.3 43877988049063712 97.5
1132928400 221005798128 99.3 43877993235009312 97.5
1132969900 221005799128 99.3 43877993572519712 97.5
1133021700 221005800528 99.3 43877994363662112 97.5
1133062600 221005800628 99.3 43877994406670112 97.5
1133070700 221005849228 99.3 43878028527085344 97.5
1133084700 221005849728 99.3 43878028697478944 97.5
1133106900 221005868228 99.3 43878037496597280 97.5
1133176300 221005870528 99.3 43878038631598880 97.5
1133246800 221005873128 99.3 43878039847906080 97.5
1133264200 221005874928 99.3 43878040429947680 97.5
1133320800 221005875228 99.3 43878040698030880 97.5
1133381000 221005935428 99.3 43878066863074080 97.5
1133433100 221005939928 99.3 43878068603259680 97.5
1133689200 221005941728 99.3 43878069464648480 97.5
1133689500 221005943228 99.3 43878070204386080 97.5
1181355400 221005945228 99.3 43878070831074080 97.5
1181415300 221005948628 99.3 43878073347246880 97.5
1181424400 221005961328 99.3 43878078830562080 97.5
1181451700 221005963228 99.3 43878080021883680 97.5
1181533700 221005966128 99.3 43878081385237280 97.5
1181585800 221018811428 99.3 43887248126806816 97.6
1181651600 221018813728 99.3 43887248769878816 97.6
1181655900 221019084928 99.3 43887427599960864 97.6
1181665700 221019086628 99.3 43887428397861664 97.6
1181732600 221019092128 99.3 43887431119448864 97.6
1181745600 221019093428 99.3 43887432098597664 97.6
1181763800 221019097028 99.3 43887432787749664 97.6
1181767500 221019100328 99.3 43887434596952864 97.6
1181810900 221019101228 99.3 43887435052223264 97.6
1181831300 221019102528 99.3 43887435334028064 97.6
1181971400 221019103328 99.3 43887435493772064 97.6
1181976000 221019110028 99.3 43887438287653664 97.6
1181982300 221019140328 99.3 43887449292172064 97.6
1182033200 221019140928 99.3 43887449447615264 97.6
1182073600 221019142328 99.3 43887449776728864 97.6
1182078600 221019142828 99.3 43887450183256864 97.6
1182137800 221019180728 99.3 43887462445247264 97.6
1182253800 221019183228 99.3 43887463188671264 97.6
1182286400 221019183528 99.3 43887463241509664 97.6
1182289200 221019183928 99.3 43887463428287264 97.6
1182368700 221019184128 99.3 43887463645784864 97.6
1182409400 221019188728 99.3 43887465132428064 97.6
1182450500 221019189028 99.3 43887465349720864 97.6
1182536300 221019242528 99.3 43887482658597664 97.6
1182602800 221019243728 99.3 43887483391167264 97.6
1182607700 221019244128 99.3 43887483499916064 97.6
1182662100 221019244528 99.3 43887483701848864 97.6
1182709600 221019245328 99.3 43887484284504864 97.6
1182711800 221019246528 99.3 43887484722776864 97.6
1182794200 221019247428 99.3 43887485526821664 97.6
1182858100 221019247528 99.3 43887485591333664 97.6
1182869700 221019248928 99.3 43887486675954464 97.6
1182923000 221019249728 99.3 43887487059340064 97.6
1182943200 221019250828 99.3 43887487578508064 97.6
1183007900 221019251628 99.3 43887487980530464 97.6
1183032200 221019255028 99.3 43887488978111264 97.6
1183033400 221019255428 99.3 43887489028492064 97.6
1183100400 221019257228 99.3 43887490037746464 97.6
1183175600 221019275128 99.3 43887497217215264 97.6
1183181000 221019275228 99.3 43887497224178464 97.6
1183197600 221019276028 99.3 43887497647704864 97.6
1183233900 221019277528 99.3 43887498094578464 97.6
1183465400 221019279328 99.3 43887498744408864 97.6
1183507200 221019279428 99.3 43887498772056864 97.6
1183527500 221019296828 99.3 43887507775474464 97.6
1183756800 221019297528 99.3 43887507850431264 97.6
1217641500 221019297628 99.3 43887507882175264 97.6
1218048900 221019297828 99.3 43887508152511264 97.6
1218078700 221019305028 99.3 43887511852632864 97.6
1218101800 221019314428 99.3 43887515005938464 97.6
1218122600 221019315128 99.3 43887515686079264 97.6
1218560700 221019327828 99.3 43887521192127264 97.6
1218578100 221019381328 99.3 43887540358540064 97.6
1218626200 221019382528 99.3 43887540727999264 97.6
1218659700 221019406828 99.3 43887551640767264 97.6
1218660300 221019408428 99.3 43887552158092064 97.6
1218761500 221019408628 99.3 43887552166079264 97.6
1218772900 221019416728 99.3 43887559514712864 97.6
1218840600 221019417128 99.3 43887559674866464 97.6
1218994600 221019420128 99.3 43887560828095264 97.6
1219097000 221019610128 99.3 43887675384253216 97.6
1219193500 221019610828 99.3 43887675813718816 97.6
1219432100 221028408228 99.3 43893909680352032 97.6
1219453100 221028409328 99.3 43893909987552032 97.6
1219613500 221028412128 99.3 43893910692883232 97.6
1219627100 221028413028 99.3 43893911165766432 97.6
1219658900 221028414128 99.3 43893912571104032 97.6
1219684700 221028414328 99.3 43893912587078432 97.6
1219697800 221028415428 99.3 43893913064876832 97.6
1219711800 221028477628 99.3 43893937978182432 97.6
1219723700 221028483528 99.3 43893940220332832 97.6
1219921300 221028483628 99.3 43893940239993632 97.6
1220070700 221028493028 99.3 43893945102355232 97.6
1264406000 221038389528 99.3 43901008912698144 97.6
1264914000 221038397228 99.3 43901012979002144 97.6
1264951000 221038405728 99.3 43901016187808544 97.6
1265042900 221038414428 99.3 43901018573114144 97.6
1265054500 221038422428 99.3 43901021840288544 97.6
1265173400 221038642928 99.3 43901180444945184 97.6
1265921700 221038643828 99.3 43901180635818784 97.6
1266005300 221038645928 99.3 43901181719210784 97.6
1266017300 221038647528 99.3 43901182709623584 97.6
1266032400 221038647628 99.3 43901182834756384 97.6
1266092800 221038763628 99.3 43901234536311584 97.6
1315917500 221048082128 99.4 43907839133281056 97.6
1316287200 221048082228 99.4 43907839146593056 97.6
1316340300 221048082828 99.4 43907839614356256 97.6
1316390500 221048085228 99.4 43907840486189856 97.6
1316451800 221048092528 99.4 43907843376532256 97.6
1316586800 221048332028 99.4 43907996994980640 97.6
1316661200 221048332328 99.4 43907997117451040 97.6
1317403700 221048333528 99.4 43907997784484640 97.6
1317481200 221048339128 99.4 43907999493950240 97.6
1317542100 221048420428 99.4 43908032246590240 97.6
1317590000 221048422628 99.4 43908032951307040 97.6
1317737000 221048467328 99.4 43908048911985440 97.6
1317767500 221048482428 99.4 43908053292452640 97.6
1354200500 221048582928 99.4 43908089733131040 97.6
1354304000 221048584128 99.4 43908090157476640 97.6
1354344600 221048584228 99.4 43908090176318240 97.6
1354398000 221048589228 99.4 43908091525335840 97.6
1354401800 221048589428 99.4 43908091603364640 97.6
1354457800 221048590228 99.4 43908091896228640 97.6
1355425600 221048619228 99.4 43908102575524640 97.6
1355432900 221048620728 99.4 43908102910782240 97.6
1355525400 221048623528 99.4 43908105235876640 97.6
1355700000 221053483928 99.4 43911567719549728 97.6
1355773800 221053484228 99.4 43911567841815328 97.6
1356397100 221053599628 99.4 43911649843112736 97.6
1356548700 221053599828 99.4 43911649967835936 97.6
1356657300 221053600328 99.4 43911650095426336 97.6
1356759000 221053600528 99.4 43911650314971936 97.6
1356858100 221053600828 99.4 43911650349787936 97.6
1356924000 221053601028 99.4 43911650543119136 97.6
1357043900 221053601828 99.4 43911650716584736 97.6
1357107500 221053602028 99.4 43911650743003936 97.6
1357110900 221053602128 99.4 43911650750786336 97.6
1357163000 221053602228 99.4 43911650758568736 97.6
1401431400 221053603828 99.4 43911651420277536 97.6
1401466900 221053604528 99.4 43911651506547736 97.6
1401677200 221053608028 99.4 43911654181645336 97.6
1401697500 221053608728 99.4 43911654425030936 97.6
1401751700 221053609228 99.4 43911654568800536 97.6
1401753400 221053614128 99.4 43911656517267736 97.6
1401788600 221053614228 99.4 43911656517472536 97.6
1401813700 221053614528 99.4 43911656540614936 97.6
1401823900 221053615128 99.4 43911656629088536 97.6
1401832300 221053615228 99.4 43911656648544536 97.6
1401840900 221053616328 99.4 43911657381417112 97.6
1401870100 221053617228 99.4 43911658472796312 97.6
1401877600 221053617328 99.4 43911658660188312 97.6
1401879000 221053619228 99.4 43911660017980952 97.6
1401880300 221053619528 99.4 43911660303676952 97.6
1401891200 221053622728 99.4 43911663167712536 97.6
1401903700 221053626428 99.4 43911664777440536 97.6
1401910100 221053626628 99.4 43911664802630936 97.6
1401916900 221053631328 99.4 43911666608557336 97.6
1401917600 221053633728 99.4 43911669703904536 97.6
1401920800 221053633928 99.4 43911669719674136 97.6
1401962300 221053634228 99.4 43911669823507736 97.6
1401964200 221053634328 99.4 43911669864058136 97.6
1401975300 221053635728 99.4 43911670203206936 97.6
1401977700 221053639728 99.4 43911671548333336 97.6
1401987000 221053640828 99.4 43911671847955736 97.6
1401994500 221053641328 99.4 43911672017120536 97.6
1401999300 221053642928 99.4 43911672421190936 97.6
1402021000 221053643128 99.4 43911672436755736 97.6
1402036800 221053644128 99.4 43911672714259736 97.6
1402053700 221053645628 99.4 43911674411846936 97.6
1402074400 221053645728 99.4 43911674419629336 97.6
1402082100 221053645928 99.4 43911674456288536 97.6
1402102400 221053646728 99.4 43911675120097752 97.6
1402108800 221053647028 99.4 43911675159214552 97.6
1402127400 221053647128 99.4 43911675272673752 97.6
1402139200 221053647628 99.4 43911675330836952 97.6
1402144200 221053648428 99.4 43911675902638552 97.6
1402173600 221053648528 99.4 43911675902891252 97.6
1402204700 221053649228 99.4 43911677199480052 97.6
1402214600 221053649728 99.4 43911677472888052 97.6
1402238000 221053652928 99.4 43911679045763700 97.6
1402238500 221053653028 99.4 43911679065424500 97.6
1402242000 221053653128 99.4 43911679067267700 97.6
1402269000 221053654128 99.4 43911679409898100 97.6
1402274700 221053654328 99.4 43911679465603700 97.6
1402292200 221053758728 99.4 43911756551201396 97.6
1402335900 221053758828 99.4 43911756559188596 97.6
1402353900 221053759328 99.4 43911756822970996 97.6
1402367500 221053759428 99.4 43911756830958196 97.6
1402404400 221053759828 99.4 43911756861882996 97.6
1402405600 221053760228 99.4 43911757337633396 97.6
1402427200 221053760728 99.4 43911757340910196 97.6
1402434500 221053760828 99.4 43911757355450996 97.6
1402435800 221053763728 99.4 43911758770634612 97.6
1402465500 221053766628 99.4 43911761060274036 97.6
1402484100 221053766928 99.4 43911761067851636 97.6
1402513800 221053767128 99.4 43911761083416436 97.6
1402524500 221053768328 99.4 43911761332862836 97.6
1402551500 221053768828 99.4 43911761439154036 97.6
1402565700 221053769228 99.4 43911761464958836 97.6
1402576300 221053770928 99.4 43911763276505844 97.6
1402577200 221053771528 99.4 43911763574899444 97.6
1402579400 221053771928 99.4 43911763792701652 97.6
1402583000 221053772428 99.4 43911764212541652 97.6
1402584800 221053772828 99.4 43911764597156052 97.6
1402586400 221053773528 99.4 43911765369661652 97.6
1402590000 221053773628 99.4 43911765370480852 97.6
1402592600 221053774628 99.4 43911765891082452 97.6
1402617700 221053774728 99.4 43911765892720852 97.6
1402625500 221053774928 99.4 43911765925079252 97.6
1402649500 221053775028 99.4 43911765928356052 97.6
1402671400 221053775128 99.4 43911765936343252 97.6
1402736500 221053775428 99.4 43911766077450452 97.6
1402771700 221053775528 99.4 43911766081136852 97.6
1402773800 221053775628 99.4 43911766103664852 97.6
1402795800 221053775828 99.4 43911766117181652 97.6
1402803300 221053776928 99.4 43911766687549652 97.6
1402817700 221053778328 99.4 43911766869241556 97.6
1402817900 221053778628 99.4 43911766949727956 97.6
1402822200 221053778728 99.4 43911766957510356 97.6
1402824100 221053778828 99.4 43911766957919956 97.6
1402846800 221053779228 99.4 43911767011577556 97.6
1402853300 221053780628 99.4 43911768450380628 97.6
1402858800 221053781428 99.4 43911769156902356 97.6
1402874700 221053782028 99.4 43911769728294356 97.6
1402876000 221053784528 99.4 43911770419494356 97.6
1402886800 221053785328 99.4 43911770451001856 97.6
1402894600 221053785428 99.4 43911770465747456 97.6
1402904600 221053785528 99.4 43911770473734656 97.6
1402913500 221053785628 99.4 43911770708435456 97.6
1402915500 221053786128 99.4 43911770742022656 97.6
1402916600 221053787528 99.4 43911771215920352 97.6
1402925500 221053787628 99.4 43911771216739552 97.6
1402936600 221053787828 99.4 43911771249917152 97.6
1402937400 221053788028 99.4 43911771265891552 97.6
1402946200 221053788328 99.4 43911771303574752 97.6
1402953600 221053788428 99.4 43911771311561952 97.6
1402963500 221053789728 99.4 43911771556093152 97.6
1402966400 221053790128 99.4 43911771692489952 97.6
1402969900 221053790328 99.4 43911772853910752 97.6
1402983900 221053790528 99.4 43911772937673952 97.6
1402987000 221053791328 99.4 43911773224803552 97.6
1403004900 221053791828 99.4 43911773387619552 97.6
1403007500 221053791928 99.4 43911773407280352 97.6
1403009000 221053792328 99.4 43911774151318752 97.6
1403014700 221053792728 99.4 43911774306761952 97.6
1403019300 221053793028 99.4 43911774337686752 97.6
1403024300 221053793428 99.4 43911774383357152 97.6
1403052800 221053793728 99.4 43911774426979552 97.6
1403055800 221053794028 99.4 43911774478179552 97.6
1403056100 221053794128 99.4 43911774478589152 97.6
1403058600 221053794528 99.4 43911775131386528 97.6
1403063600 221053794628 99.4 43911775135277728 97.6
1403065000 221053794728 99.4 43911775135687328 97.6
1403067300 221053796128 99.4 43911775907783328 97.6
1403075200 221053797228 99.4 43911776119136928 97.6
1403084500 221053797628 99.4 43911776438498624 97.6
1403094400 221053797828 99.4 43911776453858624 97.6
1403096600 221053798028 99.4 43911776476181824 97.6
1403105700 221053798228 99.4 43911776507106624 97.6
1403109700 221053798328 99.4 43911776543765824 97.6
1403111000 221053799528 99.4 43911777373205824 97.6
1403113100 221053800728 99.4 43911778782025024 97.6
1403121100 221053801228 99.4 43911778998908224 97.6
1403121200 221053801428 99.4 43911779002389824 97.6
1403123500 221053801528 99.4 43911779157833024 97.6
1403141200 221053802128 99.4 43911779168277824 97.6
1403150000 221053802828 99.4 43911779582997824 97.6
1403152000 221053803428 99.4 43911779594057024 97.6
1403166900 221053809928 99.4 43911781205218624 97.6
1403175600 221053810028 99.4 43911781205628224 97.6
1403186700 221053810228 99.4 43911781216892224 97.6
1403186800 221053810528 99.4 43911781400188224 97.6
1403191500 221053811028 99.4 43911781496034624 97.6
1403203100 221053811128 99.4 43911781502178624 97.6
1403214200 221053811228 99.4 43911781502793024 97.6
1403224500 221053812828 99.4 43911783450971968 97.6
1403228800 221053812928 99.4 43911783451381568 97.6
1403229200 221053813628 99.4 43911783783567168 97.6
1403230600 221053814228 99.4 43911783908290368 97.6
1403233200 221053815528 99.4 43911785402920768 97.6
1403246700 221053816028 99.4 43911785651426464 97.6
1403249600 221053816128 99.4 43911785671701664 97.6
1403267000 221053816528 99.4 43911785680508064 97.6
1403269900 221053816728 99.4 43911785695663264 97.6
1403270300 221053818528 99.4 43911787323088160 97.6
1403282000 221053818728 99.4 43911787745227456 97.6
1403296700 221053820928 99.4 43911789438923456 97.6
1403321200 221053821128 99.4 43911789538046656 97.6
1403324700 221053821728 99.4 43911789638603456 97.6
1403325300 221053822328 99.4 43911789656011456 97.6
1403329900 221053822828 99.4 43911789767832256 97.6
1403341800 221053824128 99.4 43911790029864560 97.6
1403354600 221053824428 99.4 43911790043176560 97.6
1403359600 221053824628 99.4 43911790165646960 97.6
1403374300 221053825328 99.4 43911790202101360 97.6
1403374600 221053825428 99.4 43911790262107760 97.6
1403383200 221053826028 99.4 43911790316379760 97.6
1403383900 221053826128 99.4 43911790323957360 97.6
1403388000 221053826328 99.4 43911790339522160 97.6
1403389000 221053827528 99.4 43911791297694192 97.6
1403402200 221053827628 99.4 43911791305681392 97.6
1403409700 221053827728 99.4 43911791337834992 97.6
1403421900 221053828628 99.4 43911792417063664 97.6
1403422000 221053829128 99.4 43911792812532464 97.6
1403423300 221053829828 99.4 43911793652212464 97.6
1403433100 221053830028 99.4 43911793698087664 97.6
1403440900 221053830128 99.4 43911793744782064 97.6
1403445300 221053830228 99.4 43911794365326064 97.6
1403455200 221053831828 99.4 43911794785780464 97.6
1403456900 221053832528 99.4 43911794893710064 97.6
1403471700 221053833728 99.4 43911795153601264 97.6
1403482500 221053834028 99.4 43911795165479664 97.6
1403497500 221053835028 99.4 43911795505174672 97.6
1403516900 221053835928 99.4 43911795531389072 97.6
1403527400 221053836028 99.4 43911795532003472 97.6
1403536500 221053836928 99.4 43911795982031984 97.6
1403539400 221053837428 99.4 43911796073782384 97.6
1403547900 221053839328 99.4 43911797524419440 97.6
1403550700 221053839828 99.4 43911797538550640 97.6
1403556500 221053840228 99.4 43911797901046640 97.6
1403565700 221053840428 99.4 43911797908624240 97.6
1403577900 221053843328 99.4 43911798766941040 97.6
1403580700 221053843428 99.4 43911799365571440 97.6
1403590100 221053843928 99.4 43911799513232240 97.6
1403592600 221053844028 99.4 43911799521014640 97.6
1403606600 221053844428 99.4 43911800098755440 97.6
1403620700 221053844628 99.4 43911800228393840 97.6
1403631800 221053844728 99.4 43911800236176240 97.6
1403639800 221053844928 99.4 43911800310723440 97.6
1403640300 221053845428 99.4 43911800758915728 97.6
1403675900 221053845928 99.4 43911800805200528 97.6
1403685100 221053847028 99.4 43911801740255632 97.6
1403687500 221053848028 99.4 43911801944850832 97.6
1403710200 221053850128 99.4 43911803634489360 97.6
1403712000 221053850328 99.4 43911803680774160 97.6
1403716700 221053850928 99.4 43911803717842960 97.6
1403728600 221053851128 99.4 43911803722758160 97.6
1403736400 221053851828 99.4 43911804243564560 97.6
1403749600 221053852128 99.4 43911804263430160 97.6
1403751300 221053852528 99.4 43911804300089360 97.6
1403760300 221053854128 99.4 43911805162502160 97.6
1403762100 221053854328 99.4 43911805164754960 97.6
1403777000 221053854428 99.4 43911805375782064 97.6
1403777700 221053854728 99.4 43911805399334064 97.6
1403781900 221053855028 99.4 43911805478796464 97.6
1403799500 221053855428 99.4 43911805691470464 97.6
1403842800 221053857528 99.4 43911806393729664 97.6
1403856200 221053857628 99.4 43911806394753664 97.6
1403867800 221053858328 99.4 43911806411342464 97.6
1403869300 221053858428 99.4 43911806413595264 97.6
1403873300 221053858828 99.4 43911806618600064 97.6
1403877400 221053861128 99.4 43911807709567104 97.6
1403882500 221053861528 99.4 43911807940786304 97.6
1403895900 221053862928 99.4 43911808407730304 97.6
1403903900 221053863128 99.4 43911809202149504 97.6
1403914800 221053863728 99.4 43911809526143104 97.6
1403929500 221053863828 99.4 43911809527576704 97.6
1403934100 221053863928 99.4 43911809566079104 97.6
1403937100 221053864328 99.4 43911809635096704 97.6
1403941000 221053865728 99.4 43911809867749504 97.6
1403941800 221053866128 99.4 43911809924274304 97.6
1403947400 221053866528 99.4 43911810007218304 97.6
1403947800 221053867128 99.4 43911810187647104 97.6
1403961400 221053867228 99.4 43911810366847104 97.6
1403962300 221053867428 99.4 43911810382821504 97.6
1403991300 221053867528 99.4 43911810383435904 97.6
1404002700 221053867728 99.4 43911810410879104 97.6
1404008300 221053867828 99.4 43911810466584704 97.6
1404009900 221053868528 99.4 43911811615194624 97.6
1404015000 221053871828 99.4 43911812833662016 97.6
1404016800 221053872728 99.4 43911813139725120 97.6
1404024800 221053872828 99.4 43911813147507520 97.6
1404025000 221053873128 99.4 43911813389785920 97.6
1404028700 221053873628 99.4 43911813395520320 97.6
1404031800 221053873828 99.4 43911813405555520 97.6
1404049200 221053874628 99.4 43911813889702720 97.6
1404061500 221053874728 99.4 43911813924928320 97.6
1404068800 221053874828 99.4 43911813932915520 97.6
1404076600 221053875728 99.4 43911814718146432 97.6
1404080300 221053876628 99.4 43911815116361024 97.6
1404082100 221053877328 99.4 43911815253986624 97.6
1404085400 221053878128 99.4 43911815503515824 97.6
1404089000 221053878228 99.4 43911815504539824 97.6
1404089400 221053878328 99.4 43911815523995824 97.6
1404090900 221053878428 99.4 43911815660187824 97.6
1404093300 221053879628 99.4 43911816216629424 97.6
1404095300 221053879928 99.4 43911816532226224 97.6
1404103900 221058678528 99.4 43915211490226352 97.6
1404112800 221058679128 99.4 43915212607489200 97.6
1404121400 221058679428 99.4 43915212836865200 97.6
1404127300 221058680428 99.4 43915213799931824 97.6
1404128200 221058680528 99.4 43915213800955824 97.6
1404131400 221058680928 99.4 43915213949845424 97.6
1404132500 221058683328 99.4 43915215045730224 97.6
1404133200 221058683728 99.4 43915216142616368 97.6
1404149700 221058683828 99.4 43915216188696368 97.6
1404152900 221058683928 99.4 43915216189105968 97.6
1404164500 221058684428 99.4 43915216326526768 97.6
1404172700 221058686128 99.4 43915216894232368 97.6
1404181200 221058686628 99.4 43915216938469168 97.6
1404181900 221058686728 99.4 43915216953624368 97.6
1404193800 221058687428 99.4 43915216965912368 97.6
1404195700 221058688128 99.4 43915217222526768 97.6
1404196900 221058689128 99.4 43915217469925168 97.6
1404199300 221058689428 99.4 43915217493681968 97.6
1404201100 221058689528 99.4 43915217494091568 97.6
1404207800 221058689728 99.4 43915217985406768 97.6
1404231200 221058689928 99.4 43915218040497968 97.6
1404242000 221058690028 99.4 43915218043774768 97.6
1404243100 221058690228 99.4 43915218063845168 97.6
1404245800 221058690628 99.4 43915218103576368 97.6
1404247800 221058690728 99.4 43915218118731568 97.6
1404248200 221058690928 99.4 43915218444031984 97.6
1404251200 221058691228 99.4 43915218727065584 97.6
1404252100 221058691928 99.4 43915219826752368 97.6
1404263900 221058692528 99.4 43915220466137968 97.6
1404278200 221058692628 99.4 43915220480883568 97.6
1404283400 221058692928 99.4 43915220660902768 97.6
1404293400 221058694128 99.4 43915220988582768 97.6
1404302900 221058694528 99.4 43915221038553968 97.6
1404304100 221058694728 99.4 43915221107366768 97.6
1404305800 221058695328 99.4 43915221114329968 97.6
1404308300 221058695828 99.4 43915221118630768 97.6
1404308400 221058696628 99.4 43915221207718768 97.6
1404309000 221058696728 99.4 43915221211200368 97.6
1404319000 221058698428 99.4 43915222160857968 97.6
1404321400 221058698528 99.4 43915222168640368 97.6
1404323500 221058699028 99.4 43915222206118768 97.6
1404334000 221058699228 99.4 43915222242804068 97.6
1404334500 221058700128 99.4 43915223694116324 97.6
1404340900 221058700928 99.4 43915224005002724 97.6
1404345200 221058701528 99.4 43915224353777124 97.6
1404350100 221058701828 99.4 43915224646231524 97.6
1404366800 221058702028 99.4 43915224685348324 97.6
1404371800 221058702828 99.4 43915224955889124 97.6
1404379500 221058703228 99.4 43915225177687524 97.6
1404389300 221058703928 99.4 43915225490417124 97.6
1404397200 221058704128 99.4 43915225513354724 97.6
1404398500 221058705528 99.4 43915226100821732 97.6
1404407000 221058705628 99.4 43915226311857924 97.6
1404408200 221058705928 99.4 43915226347493124 97.6
1404413900 221058706228 99.4 43915226350974724 97.6
1404421400 221058706328 99.4 43915226562002116 97.6
1404425100 221058706528 99.4 43915226577771716 97.6
1404426600 221058706628 99.4 43915226585349316 97.6
1404427300 221058706728 99.4 43915226592517316 97.6
1404432700 221058706828 99.4 43915226600504516 97.6
1404434500 221058707328 99.4 43915226808786116 97.6
1404438600 221058708328 99.4 43915227081989316 97.6
1404444800 221058708828 99.4 43915227264466116 97.6
1404480900 221058709528 99.4 43915227383454916 97.6
1404494200 221058709628 99.4 43915227385298116 97.6
1404499600 221058709828 99.4 43915227680414916 97.6
1404508800 221058711528 99.4 43915228799342660 97.6
1404510400 221058712228 99.4 43915229882120260 97.6
1404513000 221058712728 99.4 43915229944789060 97.6
1404520500 221058713228 99.4 43915230012168260 97.6
1404545100 221058713828 99.4 43915230085281860 97.6
1404546500 221058714228 99.4 43915230389205060 97.6
1404550400 221058715028 99.4 43915231434913860 97.6
1404553000 221058715728 99.4 43915232054943044 97.6
1404555200 221058715828 99.4 43915232055762244 97.6
1404555700 221058716728 99.4 43915232513899844 97.6
1404557500 221058717328 99.4 43915232930463044 97.6
1404560300 221058717728 99.4 43915232954629444 97.6
1404567200 221058717828 99.4 43915232960159044 97.6
1404572500 221058718428 99.4 43915233032043844 97.6
1404578000 221058718728 99.4 43915233312005444 97.6
1404584000 221058719128 99.4 43915233821138244 97.6
1404584800 221058719528 99.4 43915233883192644 97.6
1404589900 221058720728 99.4 43915234548178244 97.6
1404592300 221058722628 99.4 43915235092946244 97.6
1404602000 221058723828 99.4 43915235216235844 97.6
1404613100 221058724828 99.4 43915236264288772 97.6
1404614700 221058725028 99.4 43915236278624772 97.6
1404629900 221058725328 99.4 43915236333920772 97.6
1404639000 221058725628 99.4 43915236408672772 97.6
1404639200 221058729128 99.4 43915240073978372 97.6
1404648100 221058729628 99.4 43915240526381572 97.6
1404658500 221058729928 99.4 43915240984807364 97.6
1404661200 221058730028 99.4 43915241028429764 97.6
1404663300 221058730128 99.4 43915241140660164 97.6
1404692000 221058730728 99.4 43915241215412164 97.6
1404695900 221058731328 99.4 43915241334400964 97.6
1404702700 221058731928 99.4 43915241363072964 97.6
1404703100 221058732028 99.4 43915241371060164 97.6
1404703700 221058732628 99.4 43915241378432964 97.6
1404709100 221058733028 99.4 43915241450112964 97.6
1404713100 221058733228 99.4 43915241622144964 97.6
1404715200 221058735028 99.4 43915242177972164 97.6
1404720400 221058735128 99.4 43915242208077764 97.6
1404720800 221058735828 99.4 43915242599860164 97.6
1404723300 221058735928 99.4 43915242707789764 97.6
1404737400 221058736428 99.4 43915243589453764 97.6
1404741200 221058736628 99.4 43915243592525764 97.6
1404746400 221058736828 99.4 43915243594368964 97.6
1404751200 221058736928 99.4 43915244606900164 97.6
1404756400 221058737328 99.4 43915245279955972 97.6
1404761000 221058738328 99.4 43915246077536196 97.6
1404765300 221058738428 99.4 43915246079584196 97.6
1404775800 221058738528 99.4 43915246094329796 97.6
1404777400 221058738628 99.4 43915246102316996 97.6
1404787900 221058738828 99.4 43915246109484996 97.6
1404790500 221058739328 99.4 43915246252435396 97.6
1404791200 221058740028 99.4 43915246344595396 97.6
1404802000 221058740728 99.4 43915246365689796 97.6
1404803500 221058741928 99.4 43915246576838596 97.6
1404805900 221058743128 99.4 43915246989305796 97.6
1404807700 221058744028 99.4 43915247939372996 97.6
1404808700 221058744228 99.4 43915247989344196 97.6
1404814100 221058744328 99.4 43915248013920196 97.6
1404817800 221058744728 99.4 43915248019654596 97.6
1404817900 221058744928 99.4 43915248093587396 97.6
1404837400 221058745228 99.4 43915248207046596 97.6
1404847500 221058745628 99.4 43915248575891396 97.6
1404849000 221058745728 99.4 43915248577120196 97.6
1404858900 221058746828 99.4 43915248823396500 97.6
1404860400 221058748228 99.4 43915250113698196 97.6
1404892400 221058748528 99.4 43915250160187796 97.6
1404925700 221058748828 99.4 43915250213845396 97.6
1404928900 221058749128 99.4 43915250817186196 97.6
1404929700 221058749228 99.4 43915250829474196 97.6
1404930100 221058749328 99.4 43915250830088596 97.6
1404935600 221058749828 99.4 43915250854459796 97.6
1404951000 221058750428 99.4 43915250917128596 97.6
1404952500 221058750828 99.4 43915250995566996 97.6
1404953500 221058750928 99.4 43915251001915796 97.6
1404954200 221058751828 99.4 43915251765819796 97.6
1404962600 221058752428 99.4 43915252795963796 97.6
1404989800 221058753128 99.4 43915252934408596 97.6
1405025100 221058753228 99.4 43915252934818196 97.6
1405029500 221058753428 99.4 43915252953250196 97.6
1405036200 221058764728 99.4 43915256366242196 97.6
1405046900 221058765628 99.4 43915256599040100 97.6
1405058400 221062855328 99.4 43918170222645348 97.6
1405061000 221062855528 99.4 43918170356174948 97.6
1405078500 221062856628 99.4 43918170668578660 97.6
1405101000 221062857428 99.4 43918170784085860 97.6
1405103300 221062857528 99.4 43918170787567460 97.6
1405107300 221062857828 99.4 43918171059746660 97.6
1405109800 221062857928 99.4 43918171060770660 97.6
1405111800 221062858028 99.4 43918171068757860 97.6
1405141500 221062858328 99.4 43918171106850660 97.6
1405177000 221062858528 99.4 43918171115452260 97.6
1405181700 221062858828 99.4 43918171131631460 97.6
1405182800 221062858928 99.4 43918171153545060 97.6
1405191800 221062859028 99.4 43918171161327460 97.6
1405194800 221062859628 99.4 43918171185903460 97.6
1405206700 221062860128 99.4 43918171713877860 97.6
1405218500 221062860528 99.4 43918172176849348 97.6
1405221500 221062860628 99.4 43918172177463748 97.6
1405223800 221062890428 99.4 43918184794254788 97.6
1405232200 221062891428 99.4 43918185749980100 97.6
1405233800 221062892228 99.4 43918185858114500 97.6
1405240700 221062892828 99.4 43918186304373700 97.6
1405243100 221062892928 99.4 43918186330588100 97.6
1405246100 221062894428 99.4 43918186854261700 97.6
1405249800 221062894928 99.4 43918187127260100 97.6
1405259100 221062895028 99.4 43918187131765700 97.6
1405261200 221062895728 99.4 43918187143029700 97.6
1405266500 221062896228 99.4 43918187779703300 97.6
1405266600 221062896728 99.4 43918188128272900 97.6
1405270300 221062897028 99.4 43918188355889300 97.6
1405271200 221062897828 99.4 43918188369201300 97.6
1405299100 221062898528 99.4 43918188698314900 97.6
1405312200 221062898828 99.4 43918188733540500 97.6
1405314400 221062899128 99.4 43918189379479700 97.6
1405329600 221062901028 99.4 43918190155466900 97.6
1405352800 221062901228 99.4 43918190200113300 97.6
1405354800 221062903728 99.4 43918191183358100 97.6
1405376000 221062903828 99.4 43918191186020500 97.6
1405379900 221062905028 99.4 43918191759665300 97.6
1405383400 221062906628 99.4 43918193441884948 97.6
1405395400 221062907928 99.4 43918194058332948 97.6
1405400900 221062908028 99.4 43918194066115348 97.6
1405431800 221062908828 99.4 43918194284841748 97.6
1405433600 221062909228 99.4 43918194339932948 97.6
1405434500 221062909828 99.4 43918195333534676 97.6
1405434700 221062909928 99.4 43918195341521876 97.6
1405441600 221062910828 99.4 43918196495979476 97.6
1405458200 221062912228 99.4 43918197199672276 97.6
1405463600 221062912728 99.4 43918198015414164 97.6
1405464900 221062913028 99.4 43918198019919764 97.6
1405507600 221062913128 99.4 43918198047977364 97.6
1405513600 221062913428 99.4 43918198736924564 97.6
1405522000 221062913728 99.4 43918198783004564 97.6
1405533800 221062914128 99.4 43918198814134164 97.6
1405542100 221062916628 99.4 43918199219516756 97.6
1405544400 221062919828 99.4 43918199979529556 97.6
1405567300 221062920728 99.4 43918200943932756 97.6
1405574700 221062921228 99.4 43918201189226052 97.6
1405574900 221062921428 99.4 43918201293674052 97.6
1405575400 221062921528 99.4 43918201294698052 97.6
1405576400 221062921828 99.4 43918201380099652 97.6
1405576900 221062922028 99.4 43918201382762052 97.6
1405584000 221062922428 99.4 43918201622582852 97.6
1405591600 221062922828 99.4 43918201837304852 97.6
1405592800 221062923028 99.4 43918202044767252 97.6
1405599300 221062923928 99.4 43918203122834452 97.6
1405599400 221062924028 99.4 43918203123039252 97.6
1405600200 221062924128 99.4 43918203131436052 97.6
1405608800 221062924928 99.4 43918203252882452 97.6
1405611300 221062925128 99.4 43918203268652052 97.6
1405617700 221062926328 99.4 43918204019244052 97.6
1405620200 221062926528 99.4 43918204020472852 97.6
1405627000 221062926628 99.4 43918204028664852 97.6
1405629600 221062926928 99.4 43918204044639252 97.6
1405632700 221062927428 99.4 43918204298181652 97.6
1405664600 221062928728 99.4 43918205014521620 97.6
1405702900 221062928928 99.4 43918205027424020 97.6
1405705700 221062929128 99.4 43918205054662420 97.6
1405712200 221062929428 99.4 43918205069612820 97.6
1405713800 221062929628 99.4 43918205085382420 97.6
1405717900 221062929928 99.4 43918205146412820 97.6
1405747500 221062930828 99.4 43918205468768020 97.6
1405749900 221062932428 99.4 43918205995104020 97.6
1405757900 221062933328 99.4 43918206017017620 97.6
1405789600 221062935228 99.4 43918206829664020 97.6
1405795000 221062935528 99.4 43918207343916820 97.6
1405802800 221062935628 99.4 43918207347603220 97.6
1405832500 221062935728 99.4 43918207448569620 97.6
1405833300 221062936328 99.4 43918208427923220 97.6
1405834700 221062937028 99.4 43918208510662420 97.6
1405849300 221062937128 99.4 43918208511276820 97.6
1405892700 221062937328 99.4 43918208540972820 97.6
1405896400 221062937628 99.4 43918208545888020 97.6
1405900300 221062937928 99.4 43918208569030420 97.6
1405912200 221062938428 99.4 43918208928888308 97.6
1405959000 221062938528 99.4 43918208937489908 97.6
1405978300 221062939828 99.4 43918208979883508 97.6
1405982300 221062939928 99.4 43918209094366708 97.6
1405988100 221062940128 99.4 43918209133073908 97.6
1405997500 221062940928 99.4 43918209336849908 97.6
1406018200 221062942128 99.4 43918212852734964 97.6
1406034200 221062942328 99.4 43918212868299764 97.6
1406049000 221062944128 99.4 43918213123275764 97.6
1406049700 221062944228 99.4 43918213137816564 97.6
1406059900 221062944428 99.4 43918213178571764 97.6
1406066600 221062945628 99.4 43918213500722164 97.6
1406085100 221062945728 99.4 43918213514034164 97.6
1406086200 221062946928 99.4 43918214070249044 97.6
1406121400 221062947228 99.4 43918214119810644 97.6
1406135500 221062947328 99.4 43918214126978644 97.6
1406150900 221062947428 99.4 43918214134965844 97.6
1406151000 221062948028 99.4 43918214449743444 97.6
1406161700 221062948728 99.4 43918215815349844 97.6
1406172900 221062949028 99.4 43918215819445844 97.6
1406197200 221062949628 99.4 43918215941916244 97.6
1406218300 221062950528 99.4 43918216154498644 97.6
1406241400 221062950728 99.4 43918216159004244 97.6
1406276800 221062952028 99.4 43918217501877844 97.6
1406298200 221062952328 99.4 43918217504745044 97.6
1406303000 221062975028 99.4 43918225203996244 97.6
1406305400 221062976228 99.4 43918225660193236 97.6
1406318200 221062976328 99.4 43918226090068436 97.6
1406328500 221062976728 99.4 43918226254932436 97.6
1406376100 221062978028 99.4 43918228016834900 97.6
1406438400 221062979128 99.4 43918229185487700 97.6
1406525400 221062980828 99.4 43918229525660500 97.6
1406531600 221062980928 99.4 43918229539382100 97.6
1406544400 221062981028 99.4 43918229762614100 97.6
1406556900 221062981428 99.4 43918230045442900 97.6
1406579400 221062981528 99.4 43918230045647700 97.6
1406658600 221062981628 99.4 43918230066742100 97.6
1406679500 221062982228 99.4 43918230753846100 97.6
1406689400 221062982328 99.4 43918230964882004 97.6
1406717800 221062982428 99.4 43918230965701204 97.6
1406740800 221062982728 99.4 43918230979218004 97.6
1406760100 221062982928 99.4 43918230984747604 97.6
1406803000 221062983428 99.4 43918231110085204 97.6
1406826600 221062983728 99.4 43918231325823108 97.6
1406841300 221062983828 99.4 43918231333810308 97.6
1406898200 221062985428 99.4 43918231622783108 97.6
1406990700 221062985728 99.4 43918231787442308 97.6
1407013600 221062986628 99.4 43918232819019908 97.6
1407042900 221062987928 99.4 43918233302347908 97.6
1407152000 221062988528 99.4 43918233575346308 97.6
1456930500 221062988628 99.4 43918233621835908 97.6
1456988600 221062988728 99.4 43918233820287108 97.6
1456988900 221062988928 99.4 43918233836261508 97.6
1457065900 221062989228 99.4 43918233839128708 97.6
1457080000 221062989528 99.4 43918234105368708 97.6
1457129900 221062989728 99.4 43918234141618308 97.6
1457155000 221062990128 99.4 43918235043762308 97.6
1457169400 221062990228 99.4 43918235063423108 97.6
1457188300 221062990328 99.4 43918235066904708 97.6
1457222100 221062990528 99.4 43918235372163396 97.6
1457233700 221062990728 99.4 43918235386089796 97.6
1457254200 221062990928 99.4 43918235498301300 97.6
1457264800 221062991028 99.4 43918235498710900 97.6
1457269700 221062991928 99.4 43918235594557300 97.6
1457283100 221062992128 99.4 43918235738326900 97.6
1457290600 221062992228 99.4 43918235759011700 97.6
1457300700 221062992328 99.4 43918235766794100 97.6
1457321600 221062992828 99.4 43918236060067700 97.6
1457329400 221062992928 99.4 43918236061296500 97.6
1457374700 221062993128 99.4 43918236062730100 97.6
1457385200 221062993228 99.4 43918236131133300 97.6
1457399100 221062993328 99.4 43918236152432500 97.6
1457402300 221062993428 99.4 43918236152637300 97.6
1457417500 221062993728 99.4 43918236277360500 97.6
1457424500 221062993828 99.4 43918236296816500 97.6
1457440400 221062993928 99.4 43918236352112500 97.6
1457453400 221062994528 99.4 43918236519638900 97.6
1457522200 221062994928 99.4 43918236779120500 97.6
1457555000 221062995028 99.4 43918236800010100 97.6
1457563400 221062995228 99.4 43918237370582900 97.6
1457598000 221062995328 99.4 43918237373245300 97.6
1457683200 221062995428 99.4 43918237407037300 97.6
1457703500 221062995528 99.4 43918237415229300 97.6
1457830600 221062995628 99.4 43918237862922100 97.6
1458170100 221062995728 99.4 43918237864970100 97.6
1458188900 221062996228 99.4 43918238507018100 97.6
1458195600 221067565528 99.4 43921494458181492 97.6
1458274900 221067565828 99.4 43921494917547892 97.6
1458292400 221067566028 99.4 43921494933522292 97.6
1458396000 221067566328 99.4 43921495004587892 97.6
1458401700 221067566428 99.4 43921495004997492 97.6
1458446700 221067566628 99.4 43921495011960692 97.6
1458532600 221067567928 99.4 43921495978724596 97.6
1458562700 221067568228 99.4 43921496002276596 97.6
1458602200 221067568728 99.4 43921496421911796 97.6
1458610000 221067570828 99.4 43921497784650996 97.6
1458623900 221067571128 99.4 43921497976343796 97.6
1458677100 221067571228 99.4 43921497980234996 97.6
1458713700 221067571328 99.4 43921497981873396 97.6
1458719100 221067571528 99.4 43921498402942196 97.6
1458719900 221067571928 99.4 43921498407652596 97.6
1458726500 221067572028 99.4 43921498649930996 97.6
1458766600 221067573528 99.4 43921499329866996 97.6
1458786400 221067574228 99.4 43921499346455796 97.6
1458792600 221067574828 99.4 43921499565282100 97.6
1458795700 221067574928 99.4 43921499573064500 97.6
1458805900 221067575028 99.4 43921499581051700 97.6
1458820600 221067575228 99.4 43921500071441300 97.6
1458824900 221067576028 99.4 43921500386628500 97.6
1458826400 221067576128 99.4 43921500388471700 97.6
1458921800 221067576228 99.4 43921500396049300 97.6
1458951700 221067576428 99.4 43921500608927700 97.6
1458956500 221067576628 99.4 43921500609337300 97.6
1458959800 221067577128 99.4 43921500679378900 97.6
1459023100 221067579628 99.4 43921501847026260 97.6
1459032800 221067579828 99.4 43921501848664660 97.6
1459041000 221067579928 99.4 43921502002674260 97.6
1459063300 221067580228 99.4 43921502007794260 97.6
1459069100 221067582328 99.4 43921503085247060 97.6
1459089200 221067582928 99.4 43921503109618260 97.6
1459114400 221067583128 99.4 43921503398386260 97.6
1459151200 221067583228 99.4 43921503400434260 97.6
1459287300 221067586428 99.4 43921505867449940 97.6
1459438500 221067586628 99.4 43921505896736340 97.6
1459477700 221067587028 99.4 43921506044601940 97.6
1459522800 221067587728 99.4 43921507402107988 97.6
1459544100 221067589228 99.4 43921507510651988 97.6
1459553100 221067589628 99.4 43921507583765588 97.6
1459564000 221067589728 99.4 43921507796757588 97.6
1459580500 221067590028 99.4 43921508138159188 97.6
1459621400 221067590128 99.4 43921508228271188 97.6
1459665700 221067590328 99.4 43921508255714388 97.6
1459688400 221067590828 99.4 43921509253841492 97.6
1459694500 221067591428 99.4 43921509324702292 97.6
1459701400 221067591628 99.4 43921509333099092 97.6
1459713300 221067592028 99.4 43921509413448892 97.6
1459721000 221067592228 99.4 43921509450927292 97.6
1459804600 221067592428 99.4 43921509479599292 97.6
1459804900 221067592628 99.4 43921509481647292 97.6
1459806800 221067592828 99.4 43921509497416892 97.6
1459812800 221067593428 99.4 43921509567048892 97.6
1459861400 221067593628 99.4 43921509705903292 97.6
1459891200 221067593928 99.4 43921509731093692 97.6
1459901400 221067594328 99.4 43921509807484092 97.6
1459909100 221067605228 99.4 43921515255170236 97.6
1459932800 221067608728 99.4 43921518201535164 97.6
1459956400 221067609128 99.4 43921518238603964 97.6
1460075300 221067609428 99.4 43921518262565564 97.6
1460106100 221067609528 99.4 43921518263179964 97.6
1460133100 221067611028 99.4 43921518964415164 97.6
1460174800 221067611128 99.4 43921518965848764 97.6
1460225900 221067611728 99.4 43921519069682364 97.6
1460297600 221067611928 99.4 43921519107365564 97.6
1460422900 221067636728 99.4 43921529089931964 97.6
1460425600 221067637028 99.4 43921529132735164 97.6
1460573300 221067638928 99.4 43921529756351164 97.6
1460590500 221067640228 99.4 43921530313407164 97.6
1461022600 221067640828 99.4 43921531327745084 97.6
1461115500 221067641428 99.4 43921531582106684 97.6
1461144800 221067641528 99.4 43921531583949884 97.6
1461148700 221067641728 99.4 43921531706625084 97.6
1461161900 221067641928 99.4 43921531734273084 97.6
1461186600 221067642828 99.4 43921532591156284 97.6
1461187700 221067643128 99.4 43921532712193084 97.6
1461189900 221067643228 99.4 43921532726119484 97.6
1461203400 221067643328 99.4 43921532726733884 97.6
1461211100 221067643428 99.4 43921532918205980 97.6
1461318200 221067643728 99.4 43921533483971164 97.6
1461430400 221067644628 99.4 43921535076086364 97.6
1461541600 221067645128 99.4 43921535306281564 97.6
1461751400 221067645228 99.4 43921535659766364 97.6
1461756100 221067645528 99.4 43921535978639964 97.6
1479284800 221070157028 99.4 43923338723005020 97.6
1479335200 221070167028 99.4 43923342146032220 97.6
1480376200 221070213228 99.4 43923358815933020 97.6
1481199800 221070258728 99.4 43923390252151388 97.6
1525036400 221072114828 99.4 43924712154296924 97.7
1526136600 221072147428 99.4 43924722860831324 97.7
1526190300 221072155928 99.4 43924724835922524 97.7
1527025100 221072196628 99.4 43924754148424284 97.7
1593703100 221074296128 99.4 43926267494726236 97.7
1593748800 221074300228 99.4 43926268500908636 97.7
1594654100 221074345028 99.4 43926285607033436 97.7
1595428700 221074360828 99.4 43926294073845340 97.7
1647203500 221074360928 99.4 43926294164776540 97.7
1647670700 221074869928 99.4 43926660568393308 97.7