# 26329016320 5822085867765760 950340 928280000 824732555240000 0 0
0 17308952576 65.7 -2100619112349696 -36.1
1062800 19892043520 75.6 199354665140224 3.4
1688400 20601797248 78.2 802625503100928 13.8
2251500 21004280032 79.8 1140422432784384 19.6
2771500 21279822016 80.8 1368939003117568 23.5
3274800 21490315408 81.6 1543245838417920 26.5
3763700 21660559712 82.3 1685231333539840 28.9
4236100 21803403712 82.8 1805000581840896 31.0
4686400 21925186512 83.3 1907535099461632 32.8
5103800 22030433216 83.7 1996556525895680 34.3
5509500 22122824816 84.0 2074977973043200 35.6
5896200 22204854616 84.3 2144855908155392 36.8
6291100 22278880216 84.6 2208305506156544 37.9
6681300 22346618416 84.9 2266473124855808 38.9
7059300 22408810716 85.1 2320083946831872 39.8
7425900 22466350916 85.3 2369727389237248 40.7
7760100 22519758716 85.5 2416007322796032 41.5
8081700 22569464016 85.7 2459040697286656 42.2
8396000 22616030016 85.9 2499579748548608 42.9
8716100 22659986016 86.1 2537830987333632 43.6
9028400 22701778616 86.2 2574309461590016 44.2
9043500 22702610416 86.2 2574664898314240 44.2
9619300 22778503520 86.5 2641699837706240 45.4
9637500 22780069120 86.5 2642376592130048 45.4
10195800 22849143720 86.8 2703290154549248 46.4
10216200 22849834920 86.8 2703754725228544 46.4
10785400 22912757220 87.0 2759349889204224 47.4
10803800 22913414120 87.0 2759804176564224 47.4
11412400 22970957520 87.2 2810705964695552 48.3
11430600 22971584520 87.2 2811126415818752 48.3
11991200 23024694420 87.4 2858162993430528 49.1
12010000 23025281920 87.5 2858556726542336 49.1
12565000 23074057520 87.6 2901755176255488 49.8
12586700 23074629820 87.6 2902131060867072 49.8
13153200 23119835520 87.8 2942205957865472 50.5
13169000 23120366120 87.8 2942566227279872 50.5
13740800 23162588620 88.0 2980197371772928 51.2
13762000 23163103020 88.0 2980545126465536 51.2
14324000 23202451720 88.1 3015542839443456 51.8
14337000 23202937420 88.1 3015859254427648 51.8
14857200 23239642820 88.3 3048536359665664 52.4
14879400 23239643020 88.3 3048536781718464 52.4
14879800 23240340820 88.3 3048928293585856 52.4
15628400 23290677420 88.5 3094299371799488 53.1
15631300 23291360120 88.5 3094439718781888 53.2
15631400 23291363020 88.5 3094440535114688 53.2
16406400 23337694320 88.6 3136228117431232 53.9
16408300 23337696920 88.6 3136228592976832 53.9
16408500 23338307420 88.6 3136361153258432 53.9
17084900 23381322520 88.8 3175158163268544 54.5
17088600 23381912120 88.8 3175282555716544 54.5
17113200 23382296120 88.8 3175529652650944 54.5
17763000 23421920420 89.0 3211429631722432 55.2
17767000 23422488520 89.0 3211552740279232 55.2
17775000 23423035520 89.0 3211921867277248 55.2
18316000 23460465320 89.1 3245849070142400 55.8
18344300 23460467120 89.1 3245849472984000 55.8
18344400 23461369620 89.1 3246202771432384 55.8
19031000 23497029920 89.2 3278557556990912 56.3
19044500 23498131020 89.2 3279014172517312 56.3
19074000 23498316620 89.2 3279130810827712 56.3
19744800 23531949820 89.4 3309636048831424 56.8
19747300 23531951320 89.4 3309636473996224 56.8
19747500 23532435020 89.4 3309738132620224 56.8
19767200 23533111120 89.4 3310176411993024 56.9
20648800 23574493120 89.5 3347649804518336 57.5
20687800 23574493920 89.5 3347649902003136 57.5
20687900 23575432720 89.5 3347996830352320 57.5
20688300 23575433820 89.5 3347997023069120 57.5
21638500 23614043420 89.7 3382714439099328 58.1
21663400 23614650220 89.7 3383125662745536 58.1
21663500 23614651220 89.7 3383125998412736 58.1
22589800 23650456920 89.8 3415308901393344 58.7
22626900 23650457620 89.8 3415309013418944 58.7
22627100 23650458820 89.8 3415309401105344 58.7
22627200 23651174720 89.8 3415737133474752 58.7
23383300 23683919420 90.0 3445554155398080 59.2
23420800 23683920420 90.0 3445554293023680 59.2
23421000 23684995220 90.0 3446031456117696 59.2
24224000 23716144620 90.1 3474373934818240 59.7
24229800 23716145520 90.1 3474374055240640 59.7
24230100 23716652020 90.1 3474478590075840 59.7
24230200 23716653320 90.1 3474478960354240 59.7
25317800 23753318220 90.2 3507723315848128 60.2
25321600 23753920520 90.2 3507850833339328 60.3
25321800 23753920920 90.2 3507850943316928 60.3
25322000 23753922520 90.2 3507851344929728 60.3
26453500 23787433320 90.3 3538311018111936 60.8
26457400 23787434720 90.3 3538311187686336 60.8
26457700 23787435620 90.3 3538311539942336 60.8
26457800 23787436220 90.3 3538311664665536 60.8
26458000 23787986320 90.3 3538429643391936 60.8
27338200 23818928720 90.5 3566529328513984 61.3
27342300 23818929720 90.5 3566529485800384 61.3
27342500 23818931720 90.5 3566530090574784 61.3
27342700 23819488820 90.5 3566650106651584 61.3
28218900 23848493620 90.6 3592991682143168 61.7
28221800 23849018420 90.6 3593101162283968 61.7
28221900 23849019620 90.6 3593101396984768 61.7
28222100 23849020220 90.6 3593101479314368 61.7
28288800 23849021520 90.6 3593101699269568 61.7
28288900 23849714020 90.6 3593420500386752 61.7
29573400 23849714720 90.6 3593420614050752 61.7
29573700 23849715520 90.6 3593420752085952 61.7
29573900 23881222920 90.7 3622205658555328 62.2
29582200 23881691620 90.7 3622302243668928 62.2
29609000 23881859920 90.7 3622336787899328 62.2
29616900 23882438620 90.7 3622724588594112 62.2
30631400 23882439320 90.7 3622724713317312 62.2
30631700 23911539020 90.8 3649331527680960 62.7
30683600 23912032520 90.8 3649663814042560 62.7
30691300 23912470620 90.8 3649759052800960 62.7
30691700 23912471820 90.8 3649759429018560 62.7
31951600 23912472220 90.8 3649759483495360 62.7
31952000 23939310320 90.9 3674263567958976 63.1
31952400 23939311520 90.9 3674263844643776 63.1
32002000 23939864820 90.9 3674627403768768 63.1
32006600 23939865720 90.9 3674627569042368 63.1
32006700 23940386120 90.9 3674749507576768 63.1
32658900 23965817320 91.0 3697890666398656 63.5
32659200 23965818720 91.0 3697890882257856 63.5
32659600 23965819420 91.0 3697891391800256 63.5
32719400 23966421320 91.0 3698265626936256 63.5
32724800 23966986020 91.0 3698386907038656 63.5
32724900 23966986320 91.0 3698387008619456 63.5
33813700 23966986820 91.0 3698387215672256 63.5
33813900 23995657820 91.1 3723890228159424 64.0
33814200 23995658420 91.1 3723890489279424 64.0
33885100 23995659020 91.1 3723890554815424 64.0
33885200 23995659720 91.1 3723890664383424 64.0
33885300 23995660320 91.1 3723890759001024 64.0
33886000 23996533620 91.1 3724298877887424 64.0
34979000 24022179120 91.2 3747761726383040 64.4
34979100 24022179720 91.2 3747761810146240 64.4
34979200 24022180220 91.2 3747761879368640 64.4
34995900 24023310920 91.2 3748257825932224 64.4
34996200 24023312120 91.2 3748257986085824 64.4
34996600 24023312620 91.2 3748258071077824 64.4
35917000 24047641220 91.3 3770592129606592 64.8
35917100 24047641920 91.3 3770592210912192 64.8
35917600 24047642220 91.3 3770592220128192 64.8
35917900 24047642820 91.3 3770592317612992 64.8
35923300 24047643320 91.3 3770592585081792 64.8
35923400 24048219320 91.3 3770727960544192 64.8
35923500 24048219620 91.3 3770728009491392 64.8
35923800 24048220220 91.3 3770728064787392 64.8
37602100 24074671620 91.4 3794935242859456 65.2
37680800 24075085320 91.4 3795056221291456 65.2
37680900 24075087720 91.4 3795056619013056 65.2
37681700 24075088920 91.4 3795056979665856 65.2
38722200 24076159620 91.4 3795539189556160 65.2
38722900 24076160120 91.4 3795539231335360 65.2
38730400 24100376420 91.5 3817879874921408 65.6
38791300 24100508420 91.5 3817966366467008 65.6
38792400 24100508920 91.5 3817966541366208 65.6
38793100 24100509420 91.5 3817966631887808 65.6
38793600 24100510020 91.5 3817966946347296 65.6
38794200 24100510520 91.5 3817967030110496 65.6
40151100 24125821520 91.6 3841309728573728 66.0
40157900 24126375720 91.6 3841427435530528 66.0
40200900 24126376320 91.6 3841427500656928 66.0
40201000 24126958020 91.6 3841806989510944 66.0
40201800 24126958720 91.6 3841807289133344 66.0
40202200 24126959420 91.6 3841807380064544 66.0
41468400 24150221420 91.7 3863207243360544 66.4
41473400 24150729620 91.7 3863316253075744 66.4
41546100 24151268720 91.7 3863671334496544 66.4
41546400 24151269020 91.7 3863671403923744 66.4
41547600 24151386620 91.7 3863698147526944 66.4
41548100 24151387420 91.7 3863698254637344 66.4
41557800 24151387820 91.7 3863698311571744 66.4
41559000 24151629120 91.7 3863751316678944 66.4
42698700 24175901720 91.8 3886095577852192 66.7
42698900 24175901920 91.8 3886095761762592 66.7
42699400 24175902520 91.8 3886095877064992 66.7
42780300 24176469820 91.8 3886459868203296 66.8
42796500 24176836220 91.8 3886543081924896 66.8
42796800 24176836620 91.8 3886543139064096 66.8
42797200 24176837320 91.8 3886543826987296 66.8
42797400 24176837420 91.8 3886543837432096 66.8
42798000 24176837620 91.8 3886544068241696 66.8
44221300 24200083720 91.9 3907838650312992 67.1
44221800 24200084320 91.9 3907838739196192 67.1
44290300 24200613320 91.9 3908174716053792 67.1
44292000 24200614420 91.9 3908174839343392 67.1
44293600 24201141620 91.9 3908289599637792 67.1
45616500 24224242620 92.0 3929477883365664 67.5
45702500 24224243120 92.0 3929477967128864 67.5
45703400 24224733220 92.0 3929807875156256 67.5
45709800 24224733720 92.0 3929807958509856 67.5
45710100 24224734720 92.0 3929808125421856 67.5
45711200 24225242320 92.0 3929922595309856 67.5
47210200 24247007120 92.1 3949896487520544 67.8
47265700 24247008520 92.1 3949896980474144 67.8
47266300 24247911620 92.1 3950345483036960 67.9
47361600 24247912520 92.1 3950345758492960 67.9
47361700 24247913920 92.1 3950346128976160 67.9
47362700 24248154920 92.1 3950507150321952 67.9
48993500 24270082920 92.2 3970736471451936 68.2
48993600 24270624420 92.2 3970861775259936 68.2
49057300 24270624820 92.2 3970861828098336 68.2
49059800 24270625820 92.2 3970861958555936 68.2
49059900 24271191620 92.2 3971247788878112 68.2
50520400 24291272920 92.3 3989927211919648 68.5
50521800 24291273520 92.3 3989927309404448 68.5
50523500 24291752520 92.3 3990033727785248 68.5
50536300 24291943720 92.3 3990075329014048 68.5
50578600 24291944520 92.3 3990075468687648 68.5
50579600 24291945220 92.3 3990075595868448 68.5
50580500 24292493620 92.3 3990443355654432 68.5
52633100 24292494520 92.3 3990443768736032 68.5
52633800 24312654920 92.3 4009178277669152 68.9
52736700 24312726220 92.3 4009194921150752 68.9
52739200 24313078820 92.3 4009434836371744 68.9
52753200 24313491920 92.3 4009527719315744 68.9
52754100 24313492420 92.3 4009527833798944 68.9
52755200 24313612520 92.3 4009555275360544 68.9
54062500 24332714020 92.4 4027213798517024 69.2
54063200 24332714620 92.4 4027213896821024 69.2
54122100 24333530720 92.4 4027605914757408 69.2
54134000 24333531620 92.4 4027606231173408 69.2
54135000 24333531920 92.4 4027606279096608 69.2
54135100 24333532720 92.4 4027606424709408 69.2
54135200 24333607320 92.4 4027622843320608 69.2
55804400 24352830720 92.5 4045379416721696 69.5
55805500 24352831420 92.5 4045379531000096 69.5
55827600 24353338120 92.5 4045745705830688 69.5
55832400 24353826620 92.5 4045855147264288 69.5
55951600 24354032620 92.5 4045988303104288 69.5
55952700 24354033320 92.5 4045988390349088 69.5
55954800 24354292620 92.5 4046048790989088 69.5
56708800 24357585420 92.5 4049105279928608 69.5
56966400 24357687820 92.5 4049155448555808 69.5
57273600 24357688320 92.5 4049155728312608 69.5
57274100 24357688720 92.5 4049155785451808 69.5
57274500 24377121320 92.6 4067272890738976 69.9
57286700 24377344320 92.6 4067325082585376 69.9
57413300 24377780620 92.6 4067591924910368 69.9
57414800 24377781120 92.6 4067592024238368 69.9
57434100 24377781520 92.6 4067592072775968 69.9
57434800 24377872420 92.6 4067614516193568 69.9
58547300 24378387820 92.6 4067940750108960 69.9
58548100 24378388420 92.6 4067940812777760 69.9
58625000 24378389120 92.6 4067941032732960 69.9
58626300 24378389620 92.6 4067941345667360 69.9
58627200 24398004820 92.7 4086035124332832 70.2
58733600 24398608220 92.7 4086228437920032 70.2
58733700 24398608620 92.7 4086228654803232 70.2
58734700 24398609620 92.7 4086229085497632 70.2
59074900 24398720720 92.7 4086287177836832 70.2
59259100 24398739720 92.7 4086299793721632 70.2
59331700 24398828420 92.7 4086352416876832 70.2
59444400 24402345720 92.7 4089703265216800 70.2
59498400 24402375720 92.7 4089711102708000 70.2
59503600 24402573020 92.7 4089805316548896 70.2
59721700 24402606620 92.7 4089813725841696 70.2
59725200 24402640920 92.7 4089837806840096 70.2
59744400 24405235820 92.7 4092285731367200 70.3
60131400 24405236520 92.7 4092286604144096 70.3
60131800 24405266220 92.7 4092293334773728 70.3
60133000 24405266920 92.7 4092293470760928 70.3
60134100 24423577020 92.8 4109096165060576 70.6
60135100 24423577520 92.8 4109096249642976 70.6
60157000 24423934320 92.8 4109179478601696 70.6
60208800 24423990920 92.8 4109190911521760 70.6
60220100 24424021220 92.8 4109198152964064 70.6
60233700 24424648920 92.8 4109599338928096 70.6
61843200 24424681220 92.8 4109614345033696 70.6
61996100 24432337020 92.8 4116792164947936 70.7
62006400 24432374220 92.8 4116817823111136 70.7
62066800 24432591620 92.8 4116923031123936 70.7
62227700 24432652020 92.8 4116961056544736 70.7
62255200 24432771320 92.8 4116984632301536 70.7
62260300 24435673820 92.8 4119251994138592 70.8
62279800 24435692620 92.8 4119261552359392 70.8
62340000 24442932720 92.8 4126197220423648 70.9
62348300 24442933120 92.8 4126197267118048 70.9
62350300 24442965420 92.8 4126211425966048 70.9
62419700 24443043020 92.8 4126253669857248 70.9
62465500 24443058520 92.8 4126262322247648 70.9
62486900 24443197320 92.8 4126317227079648 70.9
62586200 24446121920 92.8 4128582863484896 70.9
62597600 24446122820 92.8 4128582992713696 70.9
62598500 24446123320 92.8 4128583231305696 70.9
62598700 24464232820 92.9 4145270874798048 71.2
62598900 24464233520 92.9 4145271503001952 71.2
62599700 24464234020 92.9 4145271579801952 71.2
62601600 24464234720 92.9 4145271807539552 71.2
62613000 24464751820 92.9 4145598871173472 71.2
62627900 24465229920 92.9 4145708018923872 71.2
62740400 24465301020 92.9 4145736594053472 71.2
63097000 24465319820 92.9 4145744902379872 71.2
63258400 24465399820 92.9 4145805298104672 71.2
63260200 24478582220 93.0 4157960347056480 71.4
63260300 24478583020 93.0 4157960478742880 71.4
63281100 24496197020 93.0 4174309096642912 71.7
63318000 24496251220 93.0 4174343004764512 71.7
63334000 24496251420 93.0 4174343033231712 71.7
63336700 24496332420 93.0 4174396838287712 71.7
63394600 24496333120 93.0 4174397312399712 71.7
63397200 24496352220 93.0 4174410285865312 71.7
63466300 24496719920 93.0 4174542161090912 71.7
63482800 24496747120 93.0 4174560352860512 71.7
63484500 24496798720 93.0 4174573654825312 71.7
63495300 24497012620 93.0 4174680253430112 71.7
63498200 24497012820 93.0 4174680283945312 71.7
63498900 24497167320 93.0 4174788765686112 71.7
63502700 24497191620 93.0 4174807969272160 71.7
64211500 24514611020 93.1 4191352937222496 72.0
64370800 24514643420 93.1 4191373415788896 72.0
64537200 24517555420 93.1 4193541600162144 72.0
64547400 24517701920 93.1 4193603414536544 72.0
66036700 24517779820 93.1 4193655637717344 72.0
66112600 24517874320 93.1 4193708151099744 72.0
66121800 24518005920 93.1 4193744271675744 72.0
66143200 24524363020 93.1 4199822218727776 72.1
66153800 24524432620 93.1 4199838780494176 72.1
66203700 24524595320 93.1 4199898683060576 72.1
66263700 24524950620 93.1 4199990228660576 72.1
66271200 24525127620 93.1 4200031612596576 72.1
66289000 24537288920 93.2 4211692469776736 72.3
66309100 24537502020 93.2 4211823463543136 72.3
66333300 24537532620 93.2 4211829669802336 72.3
66356500 24537655520 93.2 4211907688362336 72.3
66372400 24537656120 93.2 4211907774378336 72.3
66372900 24537656720 93.2 4211907877802336 72.3
66373000 24537676320 93.2 4211921358352736 72.3
66374200 24537676520 93.2 4211921388663136 72.3
66374600 24537677120 93.2 4211921596739936 72.3
66388700 24542197120 93.2 4216264450404704 72.4
66514100 24545341620 93.2 4218672525373792 72.5
66521000 24545342220 93.2 4218672621015392 72.5
66522200 24545509220 93.2 4218731613450592 72.5
66524500 24545509620 93.2 4218731684516192 72.5
66535800 24545509920 93.2 4218732135076192 72.5
66539000 24545534320 93.2 4218737797796192 72.5
66545800 24545803320 93.2 4218910736437600 72.5
66558900 24545979420 93.2 4218954835816800 72.5
66806400 24546313120 93.2 4219165191418208 72.5
66964200 24546329020 93.2 4219173159981408 72.5
67006900 24546378420 93.2 4219191131591008 72.5
67147000 24546415520 93.2 4219204820832608 72.5
67159900 24546520320 93.2 4219251693613408 72.5
67216400 24546565920 93.2 4219280505696608 72.5
67224700 24546604620 93.2 4219306243936608 72.5
67304800 24546706720 93.2 4219347529568608 72.5
67374200 24546742320 93.2 4219371663815008 72.5
67380400 24546765120 93.2 4219388339450208 72.5
67491200 24546816620 93.2 4219419405767008 72.5
67491400 24551434820 93.2 4223795834048864 72.5
67543000 24551435620 93.2 4223795967168864 72.5
67545100 24551451920 93.2 4223807085351264 72.5
67545200 24551972720 93.3 4223953436660064 72.6
67593400 24554776720 93.3 4226129036562784 72.6
67598600 24554824720 93.3 4226161962463584 72.6
67602700 24554825320 93.3 4226162065068384 72.6
67604500 24557972120 93.3 4228563537940832 72.6
67749100 24558315920 93.3 4228664809492832 72.6
67761400 24558556720 93.3 4228835602469216 72.6
67761700 24558671020 93.3 4228906675646816 72.6
67833100 24558755620 93.3 4228950042661216 72.6
67839200 24572316120 93.3 4241967495041376 72.9
68569200 24572341220 93.3 4241986741530976 72.9
68690800 24585638020 93.4 4254775806718304 73.1
68857100 24585764920 93.4 4254865206014304 73.1
68876800 24585787420 93.4 4254879061553504 73.1
68887000 24586284220 93.4 4255031977931104 73.1
68961000 24589349420 93.4 4257405578867040 73.1
68962200 24589350020 93.4 4257405709324640 73.1
69017100 24589415120 93.4 4257429052838240 73.1
69020800 24589471720 93.4 4257441828262240 73.1
69033800 24589491220 93.4 4257455110657376 73.1
69183300 24589641020 93.4 4257553840747872 73.1
69222200 24601576720 93.4 4268991488603488 73.3
69261300 24601595720 93.4 4269005268161888 73.3
69457400 24604481220 93.5 4271222604797280 73.4
69498100 24604532420 93.5 4271255591114080 73.4
69667900 24604724820 93.5 4271332109718880 73.4
69781500 24604740420 93.5 4271344282826080 73.4
69869000 24605004620 93.5 4271435104458080 73.4
69924100 24605017620 93.5 4271443637450080 73.4
69924500 24605033320 93.5 4271455299786080 73.4
69948800 24617853020 93.5 4283709522007392 73.6
69959000 24617908220 93.5 4283745499837792 73.6
69972900 24618037720 93.5 4283776947492192 73.6
69979200 24618055220 93.5 4283791478461792 73.6
70018800 24618102420 93.5 4283821219927392 73.6
70032500 24618227320 93.5 4283894575805792 73.6
70069500 24618248920 93.5 4283908973860192 73.6
70071500 24618271520 93.5 4283924861424992 73.6
70084100 24618289220 93.5 4283936997463392 73.6
70109400 24621328320 93.5 4286299304449376 73.6
70122600 24623964720 93.5 4288353138857312 73.7
70125400 24623965120 93.5 4288353172444512 73.7
70134400 24623997620 93.5 4288376199542112 73.7
70156700 24624014220 93.5 4288386470671712 73.7
70222600 24624052120 93.5 4288411238774112 73.7
70230400 24624167120 93.5 4288493011113312 73.7
70242900 24641583320 93.6 4305005388272992 73.9
70253100 24641646820 93.6 4305042269885792 73.9
70265800 24641690220 93.6 4305052671268192 73.9
70287500 24660855720 93.7 4322898400892256 74.2
70304300 24661005520 93.7 4322992323196256 74.3
70321100 24661184720 93.7 4323034274633056 74.3
70356100 24661201020 93.7 4323042515375456 74.3
70432200 24661217820 93.7 4323054137365856 74.3
70445700 24661334620 93.7 4323136467989856 74.3
70499700 24661421820 93.7 4323195622831456 74.3
70525100 24661457320 93.7 4323220232623456 74.3
70545600 24661472820 93.7 4323230447637856 74.3
70689500 24661490520 93.7 4323241165436256 74.3
70748700 24661507120 93.7 4323251116463456 74.3
70778800 24661581820 93.7 4323268136367456 74.3
70779100 24661598420 93.7 4323281816393056 74.3
70781600 24661717320 93.7 4323315851900256 74.3
70876500 24661733320 93.7 4323323966076256 74.3
70904900 24661753820 93.7 4323341707285856 74.3
70977400 24661953520 93.7 4323481124066656 74.3
71191100 24664832520 93.7 4325655327266144 74.3
71542800 24677147020 93.7 4337534014575968 74.5
71625500 24677241320 93.7 4337601129993568 74.5
71644900 24677335720 93.7 4337630595593568 74.5
71659900 24677394120 93.7 4337664026326368 74.5
71672600 24680342020 93.7 4339926193780064 74.5
71796300 24680461320 93.7 4339959523341664 74.5
71818500 24680479920 93.7 4339968968717664 74.5
71826200 24680952420 93.7 4340077373248864 74.5
71826500 24681021620 93.7 4340092181927264 74.5
71959300 24681144920 93.7 4340170066138464 74.5
71988600 24681220320 93.7 4340217544512864 74.5
72058300 24681237520 93.7 4340229503399264 74.5
74205300 24681305220 93.7 4340273110644064 74.5
74248000 24681641620 93.7 4340381610407264 74.6
74289700 24681710220 93.7 4340427072525664 74.6
74313300 24681844820 93.7 4340475587802464 74.6
74314100 24681879020 93.7 4340500459533664 74.6
74424400 24681930420 93.7 4340531551655264 74.6
74426600 24681967120 93.7 4340555597837664 74.6
74518300 24681982620 93.7 4340564334605664 74.6
74534800 24682098120 93.7 4340609036096864 74.6
74544200 24682130020 93.7 4340624504845664 74.6
74545500 24682162620 93.7 4340639775962464 74.6
74579000 24682199920 93.7 4340667241895264 74.6
74593600 24698391120 93.8 4355973185181024 74.8
74623900 24698421320 93.8 4355989431760224 74.8
74708000 24701120320 93.8 4358203078456672 74.9
74763600 24701172920 93.8 4358234024965472 74.9
76597400 24701188720 93.8 4358241428720480 74.9
76777000 24701303020 93.8 4358277800381280 74.9
76781100 24701342020 93.8 4358309988387680 74.9
76785100 24701359420 93.8 4358320998026080 74.9
76798100 24701392920 93.8 4358344486742880 74.9
76810900 24701431120 93.8 4358354800061280 74.9
76850800 24720990420 93.9 4376792517946208 75.2
76947700 24721005120 93.9 4376803606637408 75.2
76963600 24721042720 93.9 4376827626810208 75.2
77079700 24721155420 93.9 4376906100181856 75.2
77131400 24721286420 93.9 4376992540117856 75.2
80139600 24721501820 93.9 4377134862388064 75.2
80399100 24724056420 93.9 4379220332464992 75.2
80405200 24724354120 93.9 4379297464855392 75.2
80409100 24724354520 93.9 4379297548823392 75.2
80410100 24735621620 93.9 4389929497095008 75.4
80428600 24735652520 93.9 4389950361914208 75.4
80504600 24735710820 93.9 4389982978157408 75.4
80608600 24735726420 93.9 4389992189651808 75.4
80693900 24735742820 93.9 4390004859808608 75.4
80722400 24735892820 93.9 4390040507296608 75.4
80723600 24735893220 93.9 4390040568736608 75.4
80732200 24735944820 93.9 4390076205575008 75.4
80872000 24735975620 93.9 4390092050951008 75.4
80978300 24736183720 94.0 4390231669271392 75.4
83540900 24736229120 94.0 4390259213028192 75.4
83726400 24736245820 94.0 4390271121533792 75.4
83728400 24736246820 94.0 4390271262436192 75.4
83744200 24754543220 94.0 4407691339410272 75.7
83824200 24755002020 94.0 4407986684472160 75.7
83974800 24755063420 94.0 4408027846609760 75.7
83997100 24757599420 94.0 4410109306800992 75.7
83998900 24757599820 94.0 4410109379095392 75.7
84003400 24758109220 94.0 4410236006320992 75.8
84006300 24758109820 94.0 4410236118141792 75.8
84163500 24758128520 94.0 4410247894756192 75.8
86273200 24775407420 94.1 4426737939344224 76.0
86317100 24775451620 94.1 4426766166518624 76.0
86417300 24775467920 94.1 4426777176157024 76.0
86523000 24775551020 94.1 4426828538358624 76.0
86605000 24775843820 94.1 4426933994589024 76.0
86706100 24778327820 94.1 4428959530027872 76.1
86719700 24778361320 94.1 4428987038968672 76.1
86743800 24778409020 94.1 4429014164933472 76.1
86752000 24778409620 94.1 4429014247672672 76.1
86752100 24778410020 94.1 4429014325291872 76.1
86752900 24778428120 94.1 4429024543173472 76.1
86941100 24778633920 94.1 4429150234258272 76.1
90947000 24778714020 94.1 4429201943493472 76.1
90957900 24797064820 94.2 4446543728540512 76.4
90967000 24797081020 94.2 4446552889244512 76.4
91009400 24797602420 94.2 4446684604111712 76.4
91011600 24811947320 94.2 4460390207560544 76.6
91136300 24811978520 94.2 4460409625058144 76.6
91172200 24812042320 94.2 4460449107426144 76.6
91202500 24812456120 94.2 4460699428109152 76.6
91206600 24812643920 94.2 4460756059814752 76.6
91227000 24812660920 94.2 4460767492774752 76.6
91393800 24812726620 94.2 4460809397721952 76.6
91403000 24812920520 94.2 4460932015373152 76.6
91416700 24812966620 94.2 4460959040781152 76.6
91416900 24815441920 94.3 4463094770547552 76.7
91430300 24815646920 94.3 4463144949824352 76.7
91442800 24815647320 94.3 4463145179609952 76.7
91443000 24815675320 94.3 4463164976192352 76.7
91459900 24815722320 94.3 4463175485094752 76.7
91509300 24815786120 94.3 4463191271897952 76.7
91512300 24815988120 94.3 4463262260493152 76.7
91515900 24818424320 94.3 4465327464741728 76.7
91544700 24818436320 94.3 4465331470220128 76.7
91579700 24818492020 94.3 4465345124236128 76.7
91625900 24818521020 94.3 4465362073893728 76.7
91649300 24818549520 94.3 4465381672844128 76.7
95497300 24818610720 94.3 4465424640703328 76.7
95532100 24818626920 94.3 4465436612696928 76.7
95552900 24832010920 94.3 4478097615297376 76.9
95572800 24832206520 94.3 4478152487975776 76.9
95584400 24832222120 94.3 4478162456615776 76.9
95718200 24832279420 94.3 4478176320961376 76.9
95730800 24832585020 94.3 4478373664914272 76.9
95749500 24832629120 94.3 4478384070392672 76.9
95750300 24832751120 94.3 4478470858693472 76.9
95823900 24832799320 94.3 4478506476280672 76.9
95870400 24832842120 94.3 4478536518187872 76.9
96072800 24835293320 94.3 4480668697475936 77.0
100396000 24835293620 94.3 4480668749085536 77.0
100398200 24851013420 94.4 4495541836004192 77.2
100435900 24851146020 94.4 4495578918730592 77.2
100634700 24851147420 94.4 4495579229412192 77.2
100635800 24851579020 94.4 4495857471118176 77.2
100674100 24851733820 94.4 4495896346868576 77.2
100907200 24851734920 94.4 4495896512346976 77.2
100908200 24852093820 94.4 4496150296410976 77.2
100908700 24852094520 94.4 4496150396353376 77.2
101302400 24854465520 94.4 4498188980665184 77.3
105803000 24854733520 94.4 4498258337209184 77.3
105835200 24854772220 94.4 4498268619807584 77.3
105836400 24854773220 94.4 4498268787743584 77.3
105837500 24854774020 94.4 4498268923730784 77.3
105841300 24874563620 94.5 4516985697049440 77.6
110550500 24874564620 94.5 4516986056063840 77.6
110551800 24885920120 94.5 4527761815485280 77.8
110815900 24886225220 94.5 4527834179722080 77.8
110818400 24886976620 94.5 4528317610548064 77.8
110858100 24887051720 94.5 4528335660596064 77.8
111169700 24889488020 94.5 4530467746167648 77.8
111171000 24889488920 94.5 4530468196522848 77.8
111172200 24889490020 94.5 4530468478942048 77.8
111423600 24890092620 94.5 4530877338188640 77.8
111426100 24890093420 94.5 4530877880990944 77.8
111458600 24890368020 94.5 4530953215114464 77.8
116823700 24890377920 94.5 4530956573507040 77.8
116857000 24890488620 94.5 4530983660969440 77.8
116857500 24890489320 94.5 4530983803510240 77.8
116867000 24908561120 94.6 4548090800856544 78.1
117266900 24910894520 94.6 4550140180389344 78.2
117613100 24911607820 94.6 4550607414156768 78.2
117613200 24911608220 94.6 4550607483788768 78.2
122948400 24911608820 94.6 4550607568575968 78.2
122949900 24911609220 94.6 4550608008161568 78.2
122950100 24911609920 94.6 4550608313927968 78.2
122950200 24911610820 94.6 4550608460155168 78.2
122950700 24924768720 94.7 4563017838070048 78.4
122961300 24925293720 94.7 4563156342278432 78.4
123251100 24925961120 94.7 4563601496082720 78.4
123252200 24925962220 94.7 4563601673234720 78.4
123693300 24928329620 94.7 4565695648180512 78.4
129094000 24928614720 94.7 4565771207911712 78.4
129096700 24928615520 94.7 4565771334273312 78.4
129096900 24944320920 94.7 4580732927297824 78.7
129137200 24944322220 94.7 4580733662734624 78.7
129137300 24944412020 94.7 4580757325121824 78.7
129138000 24944413020 94.7 4580757517633824 78.7
129440100 24945324420 94.7 4581363920800032 78.7
129443100 24945325120 94.7 4581364222675232 78.7
129706200 24947693120 94.8 4583470239467808 78.7
133245900 24947773520 94.8 4583513606408480 78.7
133594900 24947803720 94.8 4583536007842080 78.7
133644200 24948386620 94.8 4584037638900000 78.7
133669000 24971879820 94.8 4606304236243232 79.1
133718800 24971898920 94.8 4606310142060832 79.1
133842200 24971945020 94.8 4606344163471648 79.1
133860100 24972018520 94.8 4606397113692448 79.1
134001500 24972062320 94.8 4606428618778912 79.1
134163800 24972214520 94.8 4606516796238112 79.1
134182800 24972468020 94.8 4606683887839520 79.1
134210900 24972498320 94.8 4606704375007520 79.1
134360100 24972525720 94.8 4606720693471520 79.1
134380400 24972645620 94.8 4606815203518752 79.1
134448000 24972790320 94.8 4606896091941152 79.1
134458900 24972862020 94.8 4606957529266464 79.1
134476400 24973033220 94.8 4607062959790368 79.1
134574600 24973098520 94.9 4607103321766176 79.1
134617800 24973139320 94.9 4607127250096416 79.1
134653400 24975002320 94.9 4608719553384736 79.2
134664800 24975383920 94.9 4608974357401888 79.2
134714500 24975424620 94.9 4608984824115488 79.2
134728500 24975436320 94.9 4608993520947488 79.2
134756100 24975682820 94.9 4609184754716960 79.2
134816600 24975698020 94.9 4609196197507360 79.2
134819100 24975743220 94.9 4609207325929760 79.2
134846100 24975774120 94.9 4609225255350560 79.2
134872500 24975855120 94.9 4609247383785760 79.2
135017100 24975957020 94.9 4609289847427360 79.2
135025000 24976163820 94.9 4609436441760032 79.2
135067900 24976359220 94.9 4609542209900832 79.2
135093300 24976411820 94.9 4609585599463712 79.2
135218500 24977896820 94.9 4610757838225696 79.2
135239600 24977928420 94.9 4610783654226208 79.2
135491100 24978007620 94.9 4610814555064608 79.2
135586800 24978072120 94.9 4610850786470176 79.2
135666000 24978176020 94.9 4610931290392864 79.2
135887400 24978343520 94.9 4611039389772064 79.2
135943400 24978372620 94.9 4611059189221664 79.2
135947500 24978467320 94.9 4611124501788960 79.2
136024400 24978920220 94.9 4611420846799136 79.2
136145300 24979016020 94.9 4611445302991136 79.2
136217500 24979257920 94.9 4611615229204768 79.2
136237700 24979258420 94.9 4611615275489568 79.2
136238800 24979259920 94.9 4611617070605856 79.2
136240500 24995878520 94.9 4627398716122656 79.5
136242700 24996102420 94.9 4627509873985056 79.5
136256600 24996103620 94.9 4627510081857056 79.5
136256700 24996701820 94.9 4627675160684064 79.5
136270300 24997073720 94.9 4627941112555040 79.5
136272900 24997307120 94.9 4628031647876640 79.5
136284100 24997463720 94.9 4628116863010336 79.5
136287400 24997501520 94.9 4628139626325536 79.5
136329500 24997542420 94.9 4628168889955872 79.5
136356100 24997806920 94.9 4628359375877664 79.5
136461700 24998012320 94.9 4628496306558496 79.5
136503300 24998064620 94.9 4628519324235296 79.5
136596500 24999053620 94.9 4629109808117280 79.5
136610800 24999180220 94.9 4629191820482080 79.5
136654400 24999215920 94.9 4629205809141280 79.5
136658800 24999370020 94.9 4629280756930080 79.5
136669100 24999376420 94.9 4629281652930080 79.5
136673200 24999432520 95.0 4629312359822880 79.5
136676800 24999490720 95.0 4629354073605664 79.5
136708900 24999628220 95.0 4629436862588448 79.5
136709200 24999721820 95.0 4629500181014048 79.5
136724900 24999822720 95.0 4629573527905824 79.5
136731900 24999833620 95.0 4629580876949024 79.5
136741800 24999840620 95.0 4629582482581024 79.5
136756600 24999881820 95.0 4629603895649824 79.5
136765800 24999975220 95.0 4629662377518624 79.5
136767100 25000016220 95.0 4629686815766048 79.5
136786600 25000085820 95.0 4629707170182688 79.5
136790100 25000225520 95.0 4629832627533344 79.5
136817000 25000342620 95.0 4629914945050144 79.5
136829700 25021760720 95.0 4650240349296160 79.9
136865100 25021788920 95.0 4650247106876960 79.9
136934300 25024177520 95.0 4652469909214752 79.9
136970800 25024327020 95.0 4652505924617760 79.9
137020900 25024814720 95.0 4652887827334688 79.9
137053000 25024877320 95.0 4652928962450976 79.9
137093800 25025053320 95.0 4653015881209376 79.9
137116500 25025518220 95.0 4653390391006752 79.9
137151300 25025538420 95.0 4653394916062752 79.9
137190100 25025634620 95.0 4653460034065952 79.9
137233500 25026197220 95.1 4653919913350688 79.9
137257900 25026203520 95.1 4653921096275488 79.9
137275100 25026213520 95.1 4653927664825888 79.9
137298700 25026497020 95.1 4654144009532960 79.9
137318600 25027122220 95.1 4654646950721056 79.9
137339900 25027131520 95.1 4654654492685856 79.9
137393300 25027203620 95.1 4654670667585056 79.9
137759200 25027213720 95.1 4654679461697056 79.9
137789500 25027353020 95.1 4654743522727456 79.9
137864000 25048520820 95.1 4674788055406112 80.3
138348400 25048547320 95.1 4674810243534368 80.3
138471600 25048756320 95.1 4674975765827104 80.3
138752400 25066919320 95.2 4692230426791456 80.6
138962600 25067244820 95.2 4692406799928864 80.6
139008500 25067410720 95.2 4692508020280864 80.6
139084100 25067439720 95.2 4692525518597664 80.6
139123700 25067556120 95.2 4692574719135264 80.6
139134500 25067629420 95.2 4692597391519264 80.6
139135400 25067682420 95.2 4692609182879264 80.6
139168500 25067794720 95.2 4692637737119264 80.6
139173300 25086219320 95.3 4710127846387232 80.9
139329700 25086468920 95.3 4710309687438880 80.9
139423000 25086506520 95.3 4710327694069280 80.9
139430900 25086648120 95.3 4710366147112480 80.9
139468400 25086773420 95.3 4710445828648480 80.9
139468800 25087485720 95.3 4710924541505056 80.9
139505500 25087834920 95.3 4711197048630816 80.9
139786700 25087856320 95.3 4711208044752416 80.9
140072200 25090132420 95.3 4713281893461536 81.0
140118700 25090208720 95.3 4713301830536736 81.0
140274500 25090218720 95.3 4713309563989536 81.0
144837500 25090238720 95.3 4713316828245536 81.0
144952700 25090263220 95.3 4713335501704736 81.0
145005300 25090307720 95.3 4713365048722976 81.0
145028000 25090383920 95.3 4713392343238176 81.0
145032800 25090421820 95.3 4713419239212576 81.0
145107900 25090453820 95.3 4713438124639776 81.0
145382300 25090626220 95.3 4713570382808608 81.0
145385500 25090635920 95.3 4713576121099808 81.0
145403100 25090653620 95.3 4713584538994208 81.0
145416300 25095970520 95.3 4718614202598944 81.0
145445400 25096004920 95.3 4718637188634144 81.0
145512400 25096015120 95.3 4718639310157344 81.0
145524800 25096030220 95.3 4718647950054944 81.0
145560900 25096054720 95.3 4718657006925344 81.0
145593900 25096075020 95.3 4718663907046944 81.0
145646100 25096250520 95.3 4718796574004768 81.0
145653900 25096293420 95.3 4718826117320224 81.1
145698000 25096366420 95.3 4718871828270624 81.1
145726600 25096376220 95.3 4718874097249824 81.1
145809200 25096400320 95.3 4718897842861600 81.1
145838200 25096414520 95.3 4718903669216800 81.1
145843000 25097269920 95.3 4719555274331680 81.1
145846000 25097277320 95.3 4719560935413280 81.1
145862400 25097331120 95.3 4719599548835360 81.1
145863900 25097341220 95.3 4719605321942560 81.1
145872800 25097360720 95.3 4719611008009760 81.1
145947200 25097373720 95.3 4719613991740960 81.1
145953600 25097389820 95.3 4719617354352160 81.1
145961400 25097399220 95.3 4719622772745760 81.1
145995900 25097424120 95.3 4719628586403360 81.1
146050200 25097619720 95.3 4719803266254368 81.1
146059800 25097635120 95.3 4719806957569568 81.1
146069500 25097643620 95.3 4719811731252768 81.1
146078200 25097649220 95.3 4719812816283168 81.1
146090900 25097673920 95.3 4719822810523168 81.1
146096600 25097735720 95.3 4719865120429600 81.1
146226100 25097835020 95.3 4719932276090400 81.1
146279600 25097856920 95.3 4719943835412000 81.1
146281900 25097865520 95.3 4719949755156000 81.1
146358400 25097943420 95.3 4719999490102816 81.1
146377400 25097977820 95.3 4720016532534816 81.1
146393200 25098007620 95.3 4720036427011616 81.1
146419400 25098091920 95.3 4720104280942112 81.1
146451000 25098183720 95.3 4720184756471328 81.1
146509200 25098437620 95.3 4720389391828512 81.1
146520300 25098664420 95.3 4720547561588256 81.1
146892000 25098690020 95.3 4720561919297056 81.1
146921400 25098723220 95.3 4720592952526368 81.1
147074500 25098917920 95.3 4720739871983136 81.1
148421900 25099026320 95.3 4720802437563936 81.1
148459300 25099122020 95.3 4720877594117664 81.1
148486600 25099138720 95.3 4720890752312864 81.1
148844500 25099166020 95.3 4720903302252064 81.1
148892300 25099389820 95.3 4721103473739296 81.1
149039800 25099454120 95.3 4721152712918560 81.1
149041100 25099566920 95.3 4721225255740960 81.1
149049400 25099594320 95.3 4721235627222560 81.1
149104900 25099704320 95.3 4721290266019360 81.1
149128200 25099712920 95.3 4721295357552160 81.1
149182800 25099740720 95.3 4721304563516960 81.1
149192900 25099849220 95.3 4721406943733280 81.1
149342700 25099886920 95.3 4721430694798880 81.1
149516800 25099926120 95.3 4721454565967392 81.1
149576200 25100151520 95.3 4721633680868896 81.1
149590000 25115178920 95.4 4735868665251360 81.3
149767800 25115250820 95.4 4735901570057760 81.3
149783100 25115471020 95.4 4736086030173728 81.3
149847500 25115536220 95.4 4736148373120544 81.3
149853400 25115568520 95.4 4736158348109344 81.3
149853500 25115594820 95.4 4736164460160544 81.3
149971400 25115600120 95.4 4736165605402144 81.3
150027200 25115648120 95.4 4736185957606944 81.3
150054600 25115717520 95.4 4736217931392544 81.3
150150100 25115767720 95.4 4736253828122144 81.3
150155500 25115776520 95.4 4736258571904544 81.3
150209200 25115800520 95.4 4736273054336544 81.4
157161800 25115815320 95.4 4736285597107744 81.4
157469000 25115877420 95.4 4736319408563744 81.4
157618300 25115892020 95.4 4736329792742944 81.4
157722900 25115911820 95.4 4736334602880544 81.4
157835000 25115920520 95.4 4736337674061344 81.4
157973000 25115928120 95.4 4736342149350944 81.4
158048800 25115947320 95.4 4736349346842144 81.4
158148300 25115950420 95.4 4736350195942944 81.4
158236300 25116080120 95.4 4736422796723744 81.4
158248000 25116093520 95.4 4736427534976544 81.4
158253700 25116126020 95.4 4736447383987744 81.4
158255000 25116191220 95.4 4736480201549344 81.4
158351700 25116218520 95.4 4736490883917344 81.4
158360500 25116254020 95.4 4736506604365344 81.4
158375100 25116300220 95.4 4736536131405344 81.4
158451500 25116308920 95.4 4736541937894944 81.4
158463000 25116317020 95.4 4736544471680544 81.4
158580100 25116385620 95.4 4736586961946144 81.4
158674000 25116409320 95.4 4736598518810144 81.4
158677000 25116437220 95.4 4736617790899744 81.4
158691300 25116458120 95.4 4736628410598944 81.4
158692400 25116483220 95.4 4736641045530144 81.4
158737100 25116521920 95.4 4736659874842144 81.4
158763400 25116532020 95.4 4736665932621344 81.4
158793800 25126938620 95.4 4746567054878240 81.5
158804800 25126956220 95.4 4746575760516640 81.5
158816300 25126964920 95.4 4746581374903840 81.5
158824100 25127000320 95.4 4746598996715040 81.5
158830400 25127022720 95.4 4746607945450016 81.5
159238500 25127045620 95.4 4746621687325216 81.5
159258800 25127301220 95.4 4746817484972576 81.5
159503300 25128948620 95.4 4748206460592672 81.6
159895900 25128956320 95.4 4748212198269472 81.6
160016500 25128976320 95.4 4748216482890272 81.6
164689200 25128993820 95.4 4748227197616672 81.6
165221400 25129010020 95.4 4748234029130272 81.6
165280400 25129017020 95.4 4748237548208672 81.6
165620600 25129096620 95.4 4748300575171104 81.6
165694800 25129136120 95.4 4748333901761056 81.6
165847200 25129142420 95.4 4748337263757856 81.6
166038200 25129147420 95.4 4748342503975456 81.6
166187600 25129153620 95.4 4748345024653856 81.6
166221300 25129185920 95.4 4748360795073056 81.6
166296600 25129206420 95.4 4748369249012256 81.6
166340800 25129305320 95.4 4748414215924256 81.6
166357100 25129315920 95.4 4748421904525856 81.6
166390700 25129335720 95.4 4748428613364256 81.6
166458300 25129442620 95.4 4748514661550624 81.6
166478100 25139646820 95.5 4758220967823904 81.7
166490400 25139661220 95.5 4758229754153504 81.7
166673000 25139667920 95.5 4758234264873504 81.7
166835200 25139698420 95.5 4758247827753504 81.7
166951000 25139811120 95.5 4758330427361824 81.7
167003300 25139817320 95.5 4758333640364064 81.7
167065800 25139923220 95.5 4758424480804896 81.7
167090800 25139973820 95.5 4758444892196896 81.7
167342000 25140045520 95.5 4758481410699296 81.7
167370200 25140051020 95.5 4758483672920096 81.7
173332200 25140063720 95.5 4758492404977696 81.7
173372800 25140076920 95.5 4758496108580896 81.7
173436400 25140087720 95.5 4758501596811296 81.7
173443500 25140145920 95.5 4758535086526496 81.7
173546400 25140156620 95.5 4758540325515296 81.7
173662500 25140185720 95.5 4758555235569696 81.7
173881800 25140199520 95.5 4758568575012896 81.7
173905900 25140209920 95.5 4758574868312096 81.7
173909200 25140227620 95.5 4758582279819296 81.7
174003100 25140271320 95.5 4758613311182880 81.7
174046600 25140321020 95.5 4758628913256480 81.7
174091900 25140356420 95.5 4758654852106272 81.7
174098100 25140399520 95.5 4758676618045472 81.7
174099400 25140405620 95.5 4758679371581472 81.7
174105400 25140416020 95.5 4758682469591072 81.7
174108200 25140490020 95.5 4758750299797536 81.7
174116900 25140544220 95.5 4758794494265376 81.7
174134600 25140612120 95.5 4758815269791776 81.7
174171600 25140617720 95.5 4758818875500576 81.7
174172400 25140625320 95.5 4758824690182176 81.7
174277800 25140651420 95.5 4758834736236576 81.7
174329300 25140661920 95.5 4758841345337376 81.7
174334800 25140674920 95.5 4758849200031776 81.7
174377500 25140685020 95.5 4758853961426976 81.7
174401500 25140692020 95.5 4758859304658976 81.7
174405000 25140695920 95.5 4758862253778976 81.7
174457600 25140708820 95.5 4758870059526176 81.7
174485900 25140720120 95.5 4758875436345376 81.7
174509800 25140731120 95.5 4758880736569376 81.7
174606900 25140737320 95.5 4758883572230176 81.7
174621700 25140747120 95.5 4758888819206176 81.7
174621800 25140762420 95.5 4758900167583776 81.7
174722900 25140783320 95.5 4758909385631776 81.7
174770200 25140810020 95.5 4758926410450976 81.7
174802700 25140828220 95.5 4758936087865376 81.7
174816700 25140866220 95.5 4758949247084576 81.7
174836500 25140883020 95.5 4758961946669088 81.7
174846300 25140905120 95.5 4758973274157088 81.7
174861400 25140908620 95.5 4758974244499488 81.7
174866800 25140919420 95.5 4758980143968288 81.7
174876400 25140927120 95.5 4758985424531488 81.7
174893600 25140941620 95.5 4758990734995488 81.7
174905900 25140957120 95.5 4759002599163936 81.7
174906900 25140985020 95.5 4759014384994336 81.7
174909100 25140989020 95.5 4759015414114336 81.7
174926100 25141001420 95.5 4759023539144736 81.7
174953300 25141024920 95.5 4759032015202336 81.7
175005300 25141040520 95.5 4759041166905376 81.7
175009100 25141056520 95.5 4759047515705376 81.7
175014300 25141066520 95.5 4759055317766176 81.7
175026000 25141106520 95.5 4759076488146976 81.7
175055200 25141125120 95.5 4759085730361376 81.7
175058600 25141280720 95.5 4759209733132320 81.7
175090700 25141293620 95.5 4759213761343520 81.7
175123400 25141297520 95.5 4759215666393120 81.7
175143400 25141324320 95.5 4759224984383520 81.7
175147400 25141426720 95.5 4759292472467488 81.7
175190800 25141466220 95.5 4759314310291488 81.7
175213600 25141472420 95.5 4759319770464288 81.7
175243000 25147985320 95.5 4765551500623904 81.9
175262500 25149574920 95.5 4766873758498848 81.9
175281500 25149719120 95.5 4766981887885344 81.9
175302900 25149943520 95.5 4767161281134624 81.9
175322300 25149953120 95.5 4767168780296224 81.9
175323500 25149957320 95.5 4767172012449824 81.9
175349400 25149981920 95.5 4767181212475424 81.9
175354100 25150006620 95.5 4767193493307424 81.9
175358000 25150026520 95.5 4767199139029024 81.9
175367200 25150035420 95.5 4767205849915424 81.9
175378100 25150044120 95.5 4767210915233824 81.9
175454100 25150054720 95.5 4767216877985824 81.9
175478600 25150078120 95.5 4767231435989024 81.9
175552400 25150101520 95.5 4767239901601824 81.9
175554600 25150150220 95.5 4767276001763360 81.9
175571800 25150169520 95.5 4767287435132960 81.9
175628500 25150189020 95.5 4767297306902560 81.9
175637500 25150365120 95.5 4767442031411232 81.9
175667900 25150403920 95.5 4767466696499232 81.9
175707600 25150417520 95.5 4767473213954080 81.9
175799500 25150426020 95.5 4767478905550880 81.9
176017700 25150430620 95.5 4767482861467680 81.9
176051100 25150438620 95.5 4767486741403680 81.9
176052000 25159806920 95.6 4776482847152160 82.0
176061700 25159812620 95.6 4776485916899360 82.0
176094600 25159822220 95.6 4776490668873760 82.0
176155100 25159828220 95.6 4776493847574560 82.0
176180400 25159832520 95.6 4776496882710560 82.0
176220700 25159881820 95.6 4776521882851360 82.0
176227100 25159932820 95.6 4776559532599328 82.0
176231100 25159962120 95.6 4776575663261728 82.0
176250500 25159980920 95.6 4776582664349728 82.0
176286400 25159989920 95.6 4776585538512928 82.0
176307700 25160200820 95.6 4776752525649952 82.0
176328800 25160523120 95.6 4777009034258464 82.0
176392000 25160538620 95.6 4777016916191264 82.0
176557000 25160555920 95.6 4777024658450464 82.1
176573000 25160573420 95.6 4777036079122464 82.1
176623100 25160592820 95.6 4777043324332064 82.1
176645400 25160596220 95.6 4777044122437664 82.1
176758100 25160612920 95.6 4777051524933664 82.1
176789200 25160627720 95.6 4777058282514464 82.1
176791100 25160631820 95.6 4777060650821664 82.1
176791900 25160636120 95.6 4777063028140064 82.1
176834300 25160645320 95.6 4777066451986464 82.1
176856900 25160684920 95.6 4777089247455264 82.1
176907500 25160689520 95.6 4777092753836064 82.1
176956800 25160700320 95.6 4777100503877664 82.1
176968100 25160707520 95.6 4777103126546464 82.1
177009700 25160991420 95.6 4777341319792672 82.1
177303200 25161004020 95.6 4777348260055072 82.1
177383700 25161015320 95.6 4777356105738272 82.1
177550100 25161023620 95.6 4777358088407072 82.1
183029400 25161040720 95.6 4777365573027872 82.1
183118100 25161088420 95.6 4777393766000672 82.1
183506100 25161092920 95.6 4777396462602272 82.1
183592600 25161105220 95.6 4777403787479072 82.1
183630400 25161109520 95.6 4777407971133472 82.1
183646800 25161115420 95.6 4777411053373472 82.1
183724800 25161121820 95.6 4777414804285472 82.1
183743400 25161153320 95.6 4777430296791072 82.1
183744300 25161162620 95.6 4777434647562272 82.1
183759900 25161183920 95.6 4777448632535072 82.1
183815900 25161207120 95.6 4777459916605472 82.1
183824400 25161210420 95.6 4777462699018272 82.1
183844600 25161231220 95.6 4777474034288672 82.1
183845400 25161286720 95.6 4777502393968672 82.1
184006200 25161327920 95.6 4777521967933472 82.1
184023100 25161332320 95.6 4777524997539872 82.1
184053900 25161356420 95.6 4777537257277472 82.1
184057200 25161361520 95.6 4777540169943072 82.1
184076800 25161376120 95.6 4777548584355872 82.1
184093800 25161383020 95.6 4777552120842272 82.1
184106000 25161389720 95.6 4777554911856672 82.1
184165500 25161395920 95.6 4777558802442272 82.1
184203400 25161480920 95.6 4777603649751072 82.1
184286200 25161485420 95.6 4777606704957472 82.1
184321500 25161501920 95.6 4777615949629472 82.1
184325600 25161513720 95.6 4777621951088672 82.1
184386800 25161519320 95.6 4777624574371872 82.1
184396500 25161599120 95.6 4777662140426272 82.1
184445400 25161648920 95.6 4777683330877472 82.1
184494000 25161651320 95.6 4777683757885472 82.1
184545900 25161693320 95.6 4777694815856672 82.1
184585400 25161715220 95.6 4777704006666272 82.1
184597500 25170542120 95.6 4786125547816992 82.2
184624600 25170564720 95.6 4786134505564192 82.2
184645700 25170570220 95.6 4786138097960992 82.2
184657400 25172081920 95.6 4787378323114016 82.2
184662200 25172086220 95.6 4787381035485216 82.2
184680800 25172089320 95.6 4787383361398816 82.2
184885300 25172098220 95.6 4787386260957216 82.2
184940200 25172102120 95.6 4787388336195616 82.2
184954500 25172108320 95.6 4787392018294816 82.2
184961200 25172118420 95.6 4787401584707616 82.2
184984900 25172131020 95.6 4787407654774816 82.2
185102600 25172141520 95.6 4787411286902816 82.2
185209300 25172145820 95.6 4787412731971616 82.2
185287200 25172187420 95.6 4787428869392416 82.2
189103400 25172247920 95.6 4787461138704416 82.2
189434200 25172253020 95.6 4787466237610016 82.2
189586700 25172269820 95.6 4787472499984416 82.2
189639900 25172275020 95.6 4787476894173216 82.2
189663100 25172280420 95.6 4787481063696416 82.2
189932100 25172286620 95.6 4787484944656416 82.2
189968800 25172303020 95.6 4787497235728416 82.2
190031200 25172320820 95.6 4787504355395616 82.2
190232800 25172462520 95.6 4787624859707424 82.2
190322700 25172467820 95.6 4787629263931424 82.2
190324700 25172472520 95.6 4787631878408224 82.2
190347800 25172510620 95.6 4787642541320224 82.2
190401600 25172565120 95.6 4787677496789024 82.2
190458300 25172576920 95.6 4787681528072224 82.2
190474400 25172582220 95.6 4787686513109024 82.2
190496700 25172588520 95.6 4787690719086624 82.2
190501600 25172610520 95.6 4787702618785824 82.2
190542800 25172616020 95.6 4787705721710624 82.2
190700100 25182820720 95.6 4797403455875104 82.4
190705800 25182827820 95.6 4797409202153504 82.4
190777300 25182834720 95.6 4797413011228704 82.4
190861900 25182860520 95.6 4797419301046304 82.4
190908500 25182877720 95.6 4797428976617504 82.4
190918500 25190472520 95.7 4804773618157600 82.5
191012000 25190478620 95.7 4804778532128800 82.5
191020700 25190505220 95.7 4804790441658400 82.5
191035200 25190519220 95.7 4804801939616800 82.5
191063700 25190536220 95.7 4804805852935200 82.5
191068900 25190556620 95.7 4804814053332000 82.5
191108700 25190585720 95.7 4804831658349600 82.5
191109900 25190623120 95.7 4804849028256800 82.5
191279700 25190666120 95.7 4804864579744800 82.5
191295100 25190693820 95.7 4804876556448800 82.5
191308500 25190699220 95.7 4804879082861600 82.5
191308600 25190738820 95.7 4804898862437408 82.5
191339400 25190746720 95.7 4804903288165408 82.5
191369900 25192353520 95.7 4806277772071968 82.6
191534200 25192357920 95.7 4806280046171168 82.6
191553600 25192448420 95.7 4806333267342368 82.6
191605200 25192452020 95.7 4806335601038368 82.6
191634200 25192466120 95.7 4806341237134368 82.6
191636300 25192484320 95.7 4806350012199968 82.6
191642600 25192565320 95.7 4806395664167968 82.6
191650200 25192584820 95.7 4806405665166368 82.6
191657700 25192634520 95.7 4806432608859168 82.6
191677500 25192719620 95.7 4806472894043168 82.6
191760200 25192878220 95.7 4806577392219168 82.6
191836800 25192894420 95.7 4806585338459168 82.6
191865200 25192900520 95.7 4806589672231968 82.6
191868500 25192942720 95.7 4806608236737568 82.6
191879200 25192961120 95.7 4806616954663968 82.6
191915000 25192977420 95.7 4806624905819168 82.6
191954800 25193008820 95.7 4806641270567968 82.6
191989000 25193021120 95.7 4806648029582368 82.6
192046500 25193082220 95.7 4806674110657568 82.6
192116900 25193107720 95.7 4806685960590368 82.6
192185000 25193112020 95.7 4806689359041568 82.6
192193200 25193161820 95.7 4806714569511968 82.6
192209100 25193168420 95.7 4806717380391968 82.6
192214300 25193187420 95.7 4806726857307168 82.6
192451200 25193200020 95.7 4806732191118368 82.6
192460100 25193204620 95.7 4806734904308768 82.6
192475300 25193210520 95.7 4806738490356768 82.6
192488800 25193217120 95.7 4806745434305568 82.6
192523600 25193243020 95.7 4806757970523168 82.6
192561400 25193260420 95.7 4806766426510368 82.6
192561700 25193266420 95.7 4806769787483168 82.6
192585400 25193275420 95.7 4806772149851168 82.6
192645500 25201670520 95.7 4814745202463776 82.7
192646800 25201674220 95.7 4814747675628576 82.7
192688600 25201680720 95.7 4814750318162976 82.7
192692800 25201684920 95.7 4814753498297376 82.7
192760600 25201691820 95.7 4814756175442976 82.7
192796400 25201696620 95.7 4814759157126176 82.7
192809600 25201722620 95.7 4814771655660576 82.7
192816700 25201725920 95.7 4814772653036576 82.7
192820600 25201742320 95.7 4814782296454176 82.7
192939700 25201783220 95.7 4814801509766176 82.7
192978100 25201797520 95.7 4814806893958176 82.7
192998900 25201815220 95.7 4814816840684576 82.7
193035800 25201911020 95.7 4814862330246176 82.7
193071300 25201949220 95.7 4814881839084576 82.7
193115100 25203470220 95.7 4816130393732128 82.7
193140200 25203511720 95.7 4816149557892128 82.7
193213100 25203516720 95.7 4816153683178528 82.7
193259000 25203548220 95.7 4816167530320928 82.7
193282800 25203559820 95.7 4816172035306528 82.7
193325400 25203590420 95.7 4816189731664928 82.7
193785300 25203595120 95.7 4816193431376928 82.7
193827600 25203599320 95.7 4816195596317728 82.7
193846000 25203700720 95.7 4816258482820128 82.7
198410200 25203778620 95.7 4816302692168736 82.7
198582500 25203869720 95.7 4816367853384736 82.7
198729100 25203882620 95.7 4816372449096736 82.7
198884300 25203939620 95.7 4816407002543136 82.7
199004500 25204014020 95.7 4816449414575136 82.7
199038500 25204027420 95.7 4816458590229536 82.7
199130500 25208036420 95.7 4820237807555616 82.8
199149400 25208049920 95.7 4820246772575264 82.8
199165000 25208057320 95.7 4820250057362464 82.8
199270700 25208415920 95.7 4820537829542944 82.8
199373600 25208440520 95.7 4820551140109344 82.8
199379300 25208445420 95.7 4820554899008544 82.8
199441000 25208463920 95.7 4820565678042144 82.8
199561400 25208489520 95.7 4820580438797344 82.8
199582400 25208642420 95.7 4820720310217760 82.8
199730000 25208657220 95.7 4820728822729760 82.8
199794600 25208852020 95.7 4820855733808160 82.8
199861000 25208915020 95.7 4820895416470560 82.8
199913300 25208922520 95.7 4820899626953760 82.8
199987900 25209003320 95.7 4820942551395360 82.8
199990600 25209046720 95.7 4820966810569760 82.8
200071700 25209110420 95.7 4820999134358560 82.8
200083300 25209165320 95.7 4821025987939360 82.8
200174800 25209192520 95.7 4821038157769760 82.8
200181300 25209233520 95.7 4821074012347424 82.8
200221100 25209288920 95.7 4821093011438624 82.8
200279500 25209389820 95.7 4821154156424224 82.8
200317500 25209399020 95.7 4821156665224224 82.8
200366800 25209413720 95.7 4821164121377824 82.8
200412000 25209420520 95.7 4821168602811424 82.8
200420000 25209429920 95.7 4821174847982624 82.8
200631200 25209435320 95.7 4821178144033824 82.8
200753800 25209536820 95.7 4821260943772704 82.8
200791700 25211114720 95.8 4822676966362144 82.8
200934800 25211238320 95.8 4822749795904544 82.8
201115900 25211274420 95.8 4822763898127392 82.8
201144100 25211335920 95.8 4822807591064608 82.8
206648800 25211440420 95.8 4822869670450208 82.8
206669800 25211479320 95.8 4822892855858208 82.8
206808800 25211584020 95.8 4822958667314208 82.8
206912200 25211721320 95.8 4823012282528800 82.8
207021300 25211755120 95.8 4823027913069600 82.8
207044500 25211781820 95.8 4823046341588000 82.8
207204900 25225143820 95.8 4835726195487776 83.1
207332000 25225214120 95.8 4835761500140576 83.1
207429800 25225226020 95.8 4835768247071776 83.1
207527900 25225334520 95.8 4835822514566176 83.1
207574900 25225379620 95.8 4835846707794976 83.1
207607300 25225388520 95.8 4835852863878176 83.1
207678800 25227372320 95.8 4837639327659040 83.1
207694300 25227381020 95.8 4837643856196640 83.1
207702400 25227400220 95.8 4837648934007840 83.1
207755500 25227416220 95.8 4837654826923040 83.1
207797900 25227426520 95.8 4837661411857440 83.1
207825500 25227470620 95.8 4837690711364640 83.1
207826500 25227550620 95.8 4837729273975840 83.1
207890400 25227558820 95.8 4837735006737440 83.1
207899300 25227573020 95.8 4837738768094240 83.1
207969400 25227578620 95.8 4837741872247840 83.1
208063900 25227745920 95.8 4837823559595040 83.1
208083600 25227761220 95.8 4837831434769440 83.1
208156000 25227768120 95.8 4837837434180640 83.1
208169200 25227801420 95.8 4837856218436640 83.1
208191900 25227907120 95.8 4837917824734240 83.1
208216300 25227981220 95.8 4837950375859232 83.1
208255500 25227988920 95.8 4837957372646432 83.1
208326600 25228025620 95.8 4837983074841632 83.1
208347000 25228196320 95.8 4838071549056032 83.1
208364000 25240591020 95.9 4849806406341664 83.3
208382700 25240652920 95.9 4849844308268064 83.3
208406000 25240789820 95.9 4849932540408864 83.3
208500700 25240796620 95.9 4849936557970464 83.3
208516600 25240806020 95.9 4849942508639264 83.3
208679000 25240871720 95.9 4849981762450464 83.3
208746200 25240935520 95.9 4850016478712864 83.3
208791900 25240944420 95.9 4850022370399264 83.3
208801300 25240998520 95.9 4850053310559264 83.3
208914000 25241031220 95.9 4850070312236064 83.3
208944400 25241039320 95.9 4850074484012064 83.3
208967600 25241062920 95.9 4850083374584864 83.3
209018500 25241075920 95.9 4850090063967264 83.3
209066700 25241082320 95.9 4850092556383264 83.3
209104500 25241095720 95.9 4850101893215264 83.3
209181100 25241099320 95.9 4850103029855264 83.3
209235100 25241184120 95.9 4850180454413344 83.3
209438700 25241192120 95.9 4850188887462944 83.3
209449300 25241258620 95.9 4850224172454944 83.3
209674800 25241317420 95.9 4850250235302944 83.3
209698800 25241463520 95.9 4850347313779744 83.3
209820500 25241507920 95.9 4850368541504544 83.3
210004400 25241636120 95.9 4850455161156640 83.3
210197900 25241690120 95.9 4850467685905440 83.3
210350900 25241730120 95.9 4850494059639840 83.3
210385100 25241746520 95.9 4850498488644640 83.3
210487200 25243229920 95.9 4851822090400800 83.3
210573300 25243265620 95.9 4851840355898400 83.3
210612500 25243312120 95.9 4851852818388000 83.3
217298000 25243342220 95.9 4851867023930400 83.3
217578500 25243351420 95.9 4851872880800800 83.3
217713400 25243382720 95.9 4851891463902240 83.3
217720000 25243411520 95.9 4851904545297440 83.3
217728400 25243448820 95.9 4851923607671840 83.3
217733700 25243844820 95.9 4852295006704672 83.3
218182100 25243853920 95.9 4852300112983072 83.3
218336800 25243862620 95.9 4852305546941472 83.3
218343000 25243906320 95.9 4852333268136992 83.3
218351200 25243919920 95.9 4852338665640992 83.3
218368900 25243947220 95.9 4852354453672992 83.3
218374200 25243967520 95.9 4852368484111392 83.3
218375400 25244026620 95.9 4852406112220192 83.3
218379100 25244058120 95.9 4852426271298592 83.3
218486300 25244072320 95.9 4852437466280992 83.3
218515700 25244197420 95.9 4852531189928992 83.3
218540200 25244217220 95.9 4852545568936992 83.3
218549300 25244246320 95.9 4852562437288992 83.3
218556600 25244263420 95.9 4852572877992992 83.3
218571000 25244297320 95.9 4852590984156192 83.3
218616800 25244333820 95.9 4852604307829792 83.3
218675500 25244376520 95.9 4852628130165792 83.3
218689600 25244385120 95.9 4852632155919392 83.3
218728300 25244580220 95.9 4852779667002400 83.4
218733600 25244602620 95.9 4852783587488800 83.4
218788800 25244650820 95.9 4852800689108000 83.4
218869400 25244675920 95.9 4852821943456800 83.4
218870100 25244682320 95.9 4852825074439200 83.4
219040800 25244719820 95.9 4852839029920800 83.4
219181500 25256793920 95.9 4864253517878304 83.5
219182600 25257120520 95.9 4864560513078304 83.6
219193000 25257186420 95.9 4864588300342304 83.6
219286300 25257221620 95.9 4864607794230304 83.6
219323100 25257245920 95.9 4864618028086304 83.6
219404100 25257261320 95.9 4864629724828704 83.6
219447600 25257299820 95.9 4864650029315104 83.6
219511000 25257414720 95.9 4864731296257056 83.6
219523700 25257426720 95.9 4864737842279456 83.6
219537200 25257491420 95.9 4864780134093856 83.6
219586900 25257557120 95.9 4864815118849056 83.6
219666700 25257623420 95.9 4864851855873056 83.6
219681800 25257630320 95.9 4864854779393056 83.6
219709500 25257640120 95.9 4864860759348256 83.6
228002800 25257745120 95.9 4864944803025952 83.6
228232200 25257750220 95.9 4864947646059552 83.6
228271000 25257757820 95.9 4864956334699552 83.6
228407000 25257771320 95.9 4864962973905952 83.6
228537400 25257805520 95.9 4864982379525152 83.6
228652400 25257811920 95.9 4864986198021152 83.6
228688000 25257817720 95.9 4864991118545952 83.6
228692200 25257898020 95.9 4865058239161376 83.6
228697200 25257914220 95.9 4865065912198176 83.6
228721200 25257919620 95.9 4865068861113376 83.6
228734700 25257932820 95.9 4865075157484576 83.6
228736200 25257958820 95.9 4865088643982368 83.6
228804000 25257972220 95.9 4865096025998368 83.6
228851800 25257995820 95.9 4865105716315168 83.6
228866200 25258000420 95.9 4865108522689568 83.6
228880900 25258007220 95.9 4865112805876768 83.6
228930600 25270722220 96.0 4877111988200480 83.8
229028400 25270735520 96.0 4877118952834080 83.8
229039800 25270747720 96.0 4877123963880480 83.8
229088000 25270766620 96.0 4877136774530080 83.8
229157000 25270779420 96.0 4877142787048480 83.8
229175600 25270785120 96.0 4877146840654880 83.8
229196600 25270805320 96.0 4877160234370080 83.8
229214100 25270813820 96.0 4877164669109280 83.8
229270000 25270819620 96.0 4877169077429280 83.8
229276500 25270842020 96.0 4877184774325280 83.8
229290000 25270864020 96.0 4877194101531680 83.8
229319100 25270874020 96.0 4877199144322080 83.8
229390600 25270884620 96.0 4877206625461280 83.8
229405500 25270909320 96.0 4877217012507680 83.8
229421900 25270923720 96.0 4877222936757280 83.8
229445800 25270941720 96.0 4877235023438880 83.8
229551600 25270945720 96.0 4877237281768480 83.8
229574200 25270986420 96.0 4877250876187680 83.8
229582300 25270991720 96.0 4877254638773280 83.8
229599000 25270997520 96.0 4877258992411680 83.8
229599900 25271005820 96.0 4877264109134880 83.8
229614300 25271028720 96.0 4877273800680480 83.8
229669700 25272800620 96.0 4878823742415904 83.8
229703700 25272847620 96.0 4878852335772704 83.8
229707100 25272915620 96.0 4878896445187104 83.8
229846100 25272921020 96.0 4878899599721504 83.8
229860200 25272932720 96.0 4878907096220704 83.8
229876100 25272950420 96.0 4878916675331104 83.8
229897200 25273036120 96.0 4878959893251104 83.8
229902900 25273077220 96.0 4878979560399904 83.8
229967000 25273120620 96.0 4878999142351904 83.8
229978700 25273129920 96.0 4879005048988704 83.8
230001200 25273149720 96.0 4879015035651104 83.8
230013700 25273216020 96.0 4879052339766304 83.8
230065200 25273232420 96.0 4879059175375904 83.8
230071900 25273276620 96.0 4879087944246304 83.8
230077800 25273343920 96.0 4879149952902176 83.8
230136700 25273390920 96.0 4879177181471776 83.8
230146200 25273419420 96.0 4879201455186976 83.8
230212300 25273424920 96.0 4879204318495776 83.8
230308800 25273432220 96.0 4879208060396576 83.8
230315900 25273438020 96.0 4879211573740576 83.8
230325900 25273442920 96.0 4879215546041376 83.8
230375900 25273461620 96.0 4879222670828576 83.8
230483900 25273488520 96.0 4879237548524576 83.8
230661900 25273514020 96.0 4879249100473376 83.8
230734100 25273526820 96.0 4879254933382176 83.8
230742500 25273550920 96.0 4879268881081376 83.8
230864400 25273557320 96.0 4879272339334176 83.8
230953800 25273609520 96.0 4879295332434976 83.8
230993700 25273617920 96.0 4879301143225376 83.8
231093000 25273625120 96.0 4879305718457376 83.8
231141100 25273629220 96.0 4879308185273376 83.8
231491800 25273732120 96.0 4879373254456352 83.8
231530700 25273738120 96.0 4879376867947552 83.8
236474400 25273809220 96.0 4879424129889312 83.8
237041400 25273834520 96.0 4879439178593312 83.8
237177900 25273838720 96.0 4879444408570912 83.8
237344100 25273919820 96.0 4879486618874912 83.8
237352200 25273929820 96.0 4879493159982112 83.8
237494900 25274296320 96.0 4879799591703584 83.8
237518200 25274324820 96.0 4879822627197984 83.8
237571200 25274373520 96.0 4879846544356384 83.8
237579200 25274382720 96.0 4879851216253984 83.8
237705700 25274418520 96.0 4879873265021984 83.8
237976400 25274466220 96.0 4879896937239584 83.8
238023100 25274499020 96.0 4879911881290784 83.8
238078300 25274511120 96.0 4879921656804384 83.8
238105800 25274555620 96.0 4879945945265184 83.8
238175100 25274579220 96.0 4879959997207584 83.8
238222600 25274584320 96.0 4879963642442784 83.8
238245500 25274674020 96.0 4880002174948384 83.8
238246200 25287571520 96.0 4892171425813536 84.0
238299000 25287575820 96.0 4892173920277536 84.0
238317800 25287583420 96.0 4892178834863136 84.0
238336700 25287602820 96.0 4892186771272736 84.0
238368900 25287625420 96.0 4892205378352160 84.0
238380400 25287631420 96.0 4892209515312160 84.0
238415300 25287644820 96.0 4892219958575136 84.0
238458300 25287686120 96.0 4892248841725984 84.0
238476300 25287697820 96.0 4892255025047584 84.0
238498400 25287701420 96.0 4892257554532384 84.0
238528100 25287744320 96.0 4892296708507680 84.0
238557600 25287753020 96.0 4892303068981280 84.0
238693000 25287780820 96.0 4892311891765280 84.0
238759100 25287786820 96.0 4892315732584480 84.0
238786800 25287795020 96.0 4892319775541280 84.0
238806900 25287844520 96.0 4892346183886880 84.0
238817400 25287850320 96.0 4892350404200480 84.0
238880300 25287861920 96.0 4892356098869280 84.0
238882200 25287865520 96.0 4892357011867680 84.0
238903100 25287968420 96.0 4892415984437280 84.0
238916300 25287972420 96.0 4892418173339680 84.0
239053200 25287996620 96.0 4892435448629280 84.0
239084800 25288018720 96.0 4892448695093280 84.0
239145500 25288027120 96.0 4892453103003680 84.0
239198100 25288045920 96.0 4892463712053280 84.0
239415100 25288055720 96.0 4892469372930080 84.0
239423200 25288119320 96.0 4892502047950880 84.0
239601900 25288226820 96.0 4892600398899232 84.0
239682200 25288233820 96.0 4892604512102432 84.0
239836200 25288240620 96.0 4892610123008032 84.0
239876500 25289239720 96.1 4893483140057120 84.1
240247300 25289249120 96.1 4893488320677920 84.1
240834500 25289329420 96.1 4893547711969312 84.1
247626800 25289433820 96.1 4893629296072736 84.1
248364900 25289444620 96.1 4893635784546336 84.1
248587400 25289457420 96.1 4893642497480736 84.1
248702400 25289465820 96.1 4893647241877536 84.1
248770800 25289475820 96.1 4893653595183136 84.1
248877200 25289481520 96.1 4893656025544736 84.1
248956300 25289506620 96.1 4893668049762336 84.1
249187700 25289517420 96.1 4893675844859936 84.1
249239500 25289523020 96.1 4893679008815136 84.1
249259100 25289543120 96.1 4893687403976736 84.1
249273400 25289621220 96.1 4893726382331936 84.1
249379200 25289669620 96.1 4893744867375136 84.1
249551700 25289673820 96.1 4893746361595936 84.1
249585300 25289681920 96.1 4893751488968736 84.1
249592000 25289690020 96.1 4893755925141536 84.1
249606500 25289694120 96.1 4893757572962336 84.1
249624300 25289697320 96.1 4893760011106336 84.1
249687100 25289733020 96.1 4893778572130336 84.1
249804600 25289742320 96.1 4893784486344736 84.1
249833400 25289760920 96.1 4893790567061536 84.1
249878900 25289792720 96.1 4893808791803936 84.1
249893400 25289796720 96.1 4893811008763936 84.1
249899200 25289802120 96.1 4893815601403936 84.1
249902100 25289826720 96.1 4893827960469536 84.1
249915300 25289830620 96.1 4893830057007136 84.1
249998200 25289834620 96.1 4893833467951136 84.1
250009800 25289837020 96.1 4893834154645536 84.1
250030700 25289845220 96.1 4893838770018336 84.1
250222000 25289848720 96.1 4893841466824736 84.1
250223100 25289888820 96.1 4893864964757536 84.1
250255100 25289907620 96.1 4893872688789536 84.1
250434200 25289910520 96.1 4893875109525536 84.1
250469400 25289929620 96.1 4893884585621536 84.1
250488500 25289935920 96.1 4893887566075936 84.1
250496700 25289940420 96.1 4893891061602336 84.1
250501400 25289946720 96.1 4893896397871136 84.1
250546800 25290112420 96.1 4894040011003936 84.1
250593000 25290118520 96.1 4894043358050336 84.1
250601500 25290122420 96.1 4894045475067936 84.1
250612800 25290136020 96.1 4894050787579936 84.1
250712400 25290173020 96.1 4894076220504096 84.1
250740500 25290188920 96.1 4894089891723296 84.1
250755900 25290191620 96.1 4894091375499296 84.1
250795600 25290200720 96.1 4894094508324896 84.1
250925700 25300826620 96.1 4904076223084576 84.2
250941900 25300836520 96.1 4904081386297376 84.2
250955800 25300839520 96.1 4904082976774176 84.2
250989600 25300857220 96.1 4904095923410976 84.2
251129100 25300892220 96.1 4904112552146976 84.2
251145500 25300914420 96.1 4904121927481376 84.2
251207300 25300921020 96.1 4904123568953376 84.2
251280700 25300942820 96.1 4904133379282976 84.2
251371500 25300950220 96.1 4904141091436576 84.2
251396300 25301013920 96.1 4904174289721376 84.2
251402900 25301019020 96.1 4904178607929376 84.2
251412700 25301027820 96.1 4904185183442976 84.2
251548400 25301030520 96.1 4904187202770976 84.2
251591000 25301033320 96.1 4904191783942176 84.2
251620100 25301047220 96.1 4904197300844576 84.2
251668800 25301062420 96.1 4904211511097376 84.2
251679400 25301068920 96.1 4904213953746976 84.2
251692500 25301081220 96.1 4904220231071776 84.2
251917000 25301084020 96.1 4904222127519776 84.2
251972700 25301088020 96.1 4904223923410976 84.2
252144800 25301917120 96.1 4904913877768224 84.2
252243100 25301933620 96.1 4904920940091424 84.2
252363600 25301947020 96.1 4904927813384224 84.2
253024600 25301971120 96.1 4904938237089824 84.2
254983200 25301984220 96.1 4904945659656224 84.2
255031700 25302013820 96.1 4904967951616032 84.2
255116300 25302041720 96.1 4904986193561632 84.2
255125300 25302104120 96.1 4905036395571232 84.2
255211200 25302226420 96.1 4905138160601120 84.3
255256900 25302234820 96.1 4905141689714720 84.3
255717100 25302281620 96.1 4905174982692896 84.3
255722400 25302309020 96.1 4905191637848096 84.3
255888100 25302312620 96.1 4905193548222496 84.3
255927700 25302315220 96.1 4905195549732896 84.3
255951400 25302375620 96.1 4905228231921696 84.3
256078500 25302400620 96.1 4905240174424096 84.3
256113700 25302425820 96.1 4905258533879840 84.3
256125600 25302433420 96.1 4905262625579040 84.3
256133500 25302487520 96.1 4905288809463840 84.3
256141300 25302491920 96.1 4905291680350240 84.3
256185700 25302494720 96.1 4905292995985440 84.3
256214300 25302502520 96.1 4905295809118240 84.3
256300500 25302510120 96.1 4905299589726240 84.3
256302400 25302515420 96.1 4905306089748000 84.3
256335900 25302531920 96.1 4905316708423200 84.3
256387400 25302539020 96.1 4905324547337248 84.3
256420700 25302545720 96.1 4905328863953440 84.3
256482800 25302549120 96.1 4905331087057440 84.3
256510300 25302605220 96.1 4905374082028064 84.3
256540100 25302615920 96.1 4905377967084064 84.3
256583900 25302774820 96.1 4905511203574304 84.3
256603300 25302798620 96.1 4905522033603104 84.3
256674000 25302804920 96.1 4905524718121504 84.3
256694900 25302830720 96.1 4905546368348704 84.3
256712400 25302834520 96.1 4905549673820704 84.3
256715800 25302862820 96.1 4905558144758304 84.3
256734200 25302881920 96.1 4905565791580704 84.3
256742400 25302891920 96.1 4905575497257504 84.3
256779900 25302896520 96.1 4905579110339104 84.3
256783600 25302905720 96.1 4905582538486304 84.3
256829600 25303132120 96.1 4905758252692000 84.3
256836800 25303139820 96.1 4905763268448800 84.3
256902000 25303162120 96.1 4905775547232800 84.3
256906600 25303165020 96.1 4905776950727200 84.3
256919100 25303168520 96.1 4905780288352800 84.3
256963000 25303186120 96.1 4905791296148000 84.3
256963700 25303188320 96.1 4905793052512800 84.3
257009700 25303323020 96.1 4905911863177760 84.3
257010800 25303327120 96.1 4905913905238560 84.3
257030500 25303329920 96.1 4905915459260960 84.3
257125500 25303342920 96.1 4905920414396960 84.3
257156400 25303359620 96.1 4905929067196960 84.3
257185000 25303361420 96.1 4905930318320160 84.3
257228300 25303380120 96.1 4905946704063008 84.3
257243300 25312332520 96.1 4914365445515808 84.4
257264400 25312368220 96.1 4914375758629408 84.4
257289500 25312373620 96.1 4914378364709408 84.4
257303200 25312376620 96.1 4914379680139808 84.4
257326600 25312379320 96.1 4914379935730208 84.4
257395700 25312384420 96.1 4914383754431008 84.4
257406500 25312389120 96.1 4914386404338208 84.4
257415200 25312394320 96.1 4914389887781408 84.4
257496500 25312501320 96.1 4914474830244384 84.4
257556200 25312596120 96.1 4914553011284512 84.4
257575800 25312600920 96.1 4914556675770912 84.4
257582500 25312654420 96.1 4914601124059680 84.4
257613000 25312657520 96.1 4914605256923680 84.4
257619300 25312667220 96.1 4914612536539680 84.4
257620600 25312678520 96.1 4914621647682080 84.4
257719000 25312680920 96.1 4914623909902880 84.4
257735800 25312684720 96.1 4914627224795680 84.4
257754100 25312699020 96.1 4914638529728032 84.4
257795700 25312707520 96.1 4914644236070432 84.4
257853400 25312723820 96.1 4914657778058784 84.4
257904100 25312944020 96.1 4914842919470624 84.4
257946400 25312959620 96.1 4914852434397728 84.4
257946900 25312967720 96.1 4914858539690528 84.4
258003100 25312979420 96.1 4914862552951328 84.4
258077300 25312983620 96.1 4914864359492128 84.4
258091000 25312987120 96.1 4914867398109728 84.4
258096300 25312991120 96.1 4914870385117728 84.4
258131600 25312993420 96.1 4914871771408928 84.4
258132300 25313000120 96.1 4914874937821728 84.4
258165900 25313009420 96.1 4914879955012128 84.4
258286400 25313015420 96.1 4914886652083744 84.4
258371200 25313018420 96.1 4914887854464544 84.4
258379500 25313032520 96.1 4914898433818144 84.4
258442900 25313046520 96.1 4914906788019744 84.4
258453300 25313050520 96.1 4914910140800544 84.4
258477800 25313056520 96.1 4914914050637344 84.4
258488200 25313067120 96.1 4914921240755744 84.4
258525600 25313075020 96.1 4914926601805344 84.4
258591200 25313086620 96.1 4914933380070944 84.4
258670400 25313089220 96.1 4914934476365344 84.4
258696400 25313094220 96.1 4914937206144544 84.4
258740700 25313117120 96.1 4914947893632544 84.4
258755900 25313134220 96.1 4914961638755872 84.4
258942400 25313166320 96.1 4914982107696672 84.4
259025200 25313199820 96.1 4914997472407072 84.4
259038000 25313320820 96.1 4915099532578336 84.4
259170900 25313338620 96.1 4915109149986336 84.4
259283700 25313378020 96.1 4915135849762336 84.4
259376100 25313419120 96.1 4915158682504736 84.4
259381100 25313426220 96.1 4915162702933536 84.4
259420600 25313433420 96.1 4915168194031136 84.4
259444500 25313482620 96.1 4915192223215136 84.4
259454000 25313497020 96.1 4915202075247136 84.4
259475000 25313513220 96.1 4915212752085536 84.4
259485700 25313517020 96.1 4915214284808736 84.4
259517500 25313523520 96.1 4915218023842336 84.4
259524700 25313553920 96.1 4915240263635488 84.4
259605600 25313556920 96.1 4915242647507488 84.4
259640000 25313564620 96.1 4915247813792288 84.4
259648000 25313588620 96.1 4915265072083488 84.4
259663000 25313595620 96.1 4915269281133088 84.4
259667700 25313598520 96.1 4915270613152288 84.4
259710500 25313600220 96.1 4915271494816288 84.4
259722800 25313624120 96.1 4915284131385888 84.4
259781900 25313627620 96.1 4915287921414688 84.4
259802400 25313634120 96.1 4915290761581088 84.4
259802700 25313639620 96.1 4915295004013088 84.4
259829400 25313668820 96.1 4915313714541088 84.4
259877600 25313673320 96.1 4915317344211488 84.4
259934700 25313681220 96.1 4915323634643488 84.4
260011600 25313691320 96.1 4915327854342688 84.4
260057300 25313739220 96.1 4915368979612192 84.4
260096700 25313743020 96.1 4915371044405792 84.4
260100500 25313769320 96.1 4915384832975392 84.4
260154600 25313787320 96.1 4915395146088992 84.4
260159600 25313795020 96.1 4915400048591392 84.4
260180400 25313809320 96.1 4915411900981792 84.4
260191300 25321690320 96.2 4922866926117408 84.6
260193200 25321692820 96.2 4922868177035808 84.6
260233900 25321795420 96.2 4922955063099936 84.6
260279200 25321802120 96.2 4922959001608736 84.6
260283500 25321830520 96.2 4922978008394272 84.6
260293500 25321835820 96.2 4922980004375072 84.6
260332800 25321839020 96.2 4922982355683872 84.6
260339000 25330508020 96.2 4931164234828320 84.7
260342900 25330510920 96.2 4931165207628320 84.7
260351900 25330518520 96.2 4931171411305504 84.7
260360100 25330521920 96.2 4931174641615904 84.7
260382000 25330542020 96.2 4931188423631904 84.7
260382400 25330557620 96.2 4931197664714784 84.7
260438100 25330566320 96.2 4931204301258784 84.7
260441600 25330589620 96.2 4931212198756384 84.7
260476200 25330598320 96.2 4931217375485984 84.7
260489100 25330601720 96.2 4931219416113184 84.7
260507700 25330661120 96.2 4931269070966816 84.7
260529300 25330664420 96.2 4931270769578016 84.7
260542200 25330668020 96.2 4931272952950816 84.7
260548300 25330692920 96.2 4931282094403616 84.7
260559900 25330713820 96.2 4931292280336416 84.7
260562200 25330720920 96.2 4931296263286816 84.7
260608600 25330738020 96.2 4931304713949216 84.7
260661500 25330742520 96.2 4931307568861216 84.7
260666000 25330747620 96.2 4931311952810016 84.7
260666300 25330791720 96.2 4931328786346016 84.7
260699300 25331050620 96.2 4931545505902624 84.7
260714700 25331053820 96.2 4931548001595424 84.7
260755200 25331057620 96.2 4931550499950624 84.7
260778600 25331060020 96.2 4931551216750624 84.7
260781100 25331086820 96.2 4931562630664224 84.7
260793900 25331090420 96.2 4931565389115424 84.7
260796500 25331097720 96.2 4931568622552352 84.7
260858500 25331112520 96.2 4931576098776352 84.7
260864600 25331115520 96.2 4931578141656352 84.7
260920100 25331126320 96.2 4931584473662752 84.7
260981400 25331140720 96.2 4931592304395552 84.7
261056700 25331153120 96.2 4931597515326752 84.7
261068900 25331172920 96.2 4931604954686752 84.7
261076800 25331179820 96.2 4931610431038752 84.7
261094000 25331215120 96.2 4931623090750752 84.7
261143200 25331218420 96.2 4931624810046752 84.7
261148300 25331221520 96.2 4931627535525152 84.7
261152400 25331225620 96.2 4931629884581152 84.7
261214300 25331228820 96.2 4931631277425952 84.7
261217800 25331232620 96.2 4931633116529952 84.7
261219000 25331238420 96.2 4931637266392352 84.7
261223000 25331243020 96.2 4931640889918752 84.7
261265500 25331250620 96.2 4931648456664352 84.7
261335700 25331253420 96.2 4931649989387552 84.7
261356100 25331255620 96.2 4931651863102752 84.7
261364400 25331259920 96.2 4931656317912352 84.7
261462400 25331323220 96.2 4931696275592480 84.7
261467600 25331328820 96.2 4931700021998880 84.7
261502600 25331340320 96.2 4931706568021280 84.7
261520700 25331347220 96.2 4931710283502880 84.7
261535000 25331350620 96.2 4931712330683680 84.7
261548900 25331354520 96.2 4931715785250080 84.7
261567800 25331963020 96.2 4932215464023328 84.7
261603100 25331967320 96.2 4932218602173728 84.7
261630300 25332007420 96.2 4932241104368928 84.7
261666900 25332011020 96.2 4932244053693728 84.7
261674700 25332013320 96.2 4932245718717728 84.7
261731400 25332017920 96.2 4932247836349728 84.7
261770600 25332029320 96.2 4932255054320928 84.7
261781600 25332059120 96.2 4932279746499872 84.7
261833200 25332102020 96.2 4932310206508320 84.7
261900800 25332109220 96.2 4932315291692320 84.7
261937200 25332116220 96.2 4932319163231520 84.7
261949500 25332151720 96.2 4932348570967328 84.7
261973800 25332156020 96.2 4932350107581728 84.7
261979600 25332158520 96.2 4932352087383328 84.7
261998300 25332485920 96.2 4932619643952416 84.7
262030800 25332506220 96.2 4932628102192416 84.7
262044100 25332514020 96.2 4932632261885216 84.7
262048000 25332534120 96.2 4932645672876320 84.7
262087600 25332537420 96.2 4932647314143520 84.7
262225900 25332558920 96.2 4932657056684320 84.7
262243400 25332575820 96.2 4932665413548320 84.7
262293500 25332586420 96.2 4932672751122720 84.7
262328300 25332603220 96.2 4932686269765920 84.7
262491300 25332606520 96.2 4932688122181920 84.7
271155400 25332669420 96.2 4932720471161120 84.7
271310700 25332684620 96.2 4932726517881120 84.7
271373900 25332692420 96.2 4932729713785120 84.7
271714000 25332697020 96.2 4932734118418720 84.7
271746800 25335923020 96.2 4935768399304992 84.8
271758200 25335931320 96.2 4935771242952992 84.8
271849500 25335942120 96.2 4935776315234592 84.8
272021400 25335950620 96.2 4935782220028192 84.8
272118100 25335957720 96.2 4935788105365792 84.8
272128900 25336019020 96.2 4935820982114592 84.8
272131300 25336034720 96.2 4935828307810592 84.8
272160600 25336087820 96.2 4935857718933792 84.8
272215700 25336139620 96.2 4935887873480992 84.8
272226100 25336144520 96.2 4935890103548192 84.8
272333800 25336154920 96.2 4935896624380192 84.8
272337800 25336210720 96.2 4935925294127392 84.8
272343300 25336214920 96.2 4935927465007392 84.8
272352000 25336222920 96.2 4935932538517792 84.8
272353900 25336255520 96.2 4935951224879392 84.8
272369300 25336312520 96.2 4935973709666592 84.8
272483200 25336315620 96.2 4935976251848992 84.8
272535900 25336361820 96.2 4936007739439392 84.8
272637900 25336366320 96.2 4936010843592992 84.8
272712600 25336400620 96.2 4936028018735392 84.8
272731900 25336416220 96.2 4936035862984992 84.8
272773300 25336466320 96.2 4936056888162592 84.8
272789100 25336473220 96.2 4936061748476192 84.8
272855300 25336484320 96.2 4936069492578592 84.8
272902900 25336515520 96.2 4936086941948192 84.8
272925500 25336527920 96.2 4936093393148192 84.8
272927700 25336530920 96.2 4936095102204192 84.8
272945000 25336534320 96.2 4936096120264992 84.8
272952300 25336541020 96.2 4936100665391392 84.8
272952500 25336552720 96.2 4936106708015392 84.8
273036100 25336556720 96.2 4936108654024992 84.8
273063400 25336562020 96.2 4936112978461472 84.8
273132400 25336576420 96.2 4936124045853472 84.8
273133900 25336587520 96.2 4936129172407072 84.8
273190400 25336605220 96.2 4936138404791072 84.8
273267700 25336622720 96.2 4936151181648672 84.8
273287200 25336626920 96.2 4936153517392672 84.8
273322600 25336632420 96.2 4936155394589472 84.8
273353300 25336696720 96.2 4936180646224672 84.8
273390200 25336700620 96.2 4936183735018272 84.8
273415700 25336704120 96.2 4936187095581472 84.8
273419200 25336707920 96.2 4936190441399072 84.8
273482100 25336711220 96.2 4936192226231072 84.8
273512400 25336715120 96.2 4936196467843872 84.8
273578500 25336720920 96.2 4936200176771872 84.8
273616500 25336733420 96.2 4936206609335072 84.8
273707800 25336746320 96.2 4936212001719072 84.8
273717100 25336759120 96.2 4936220472451872 84.8
273826600 25336768720 96.2 4936230269059872 84.8
273897000 25336842920 96.2 4936276460061472 84.8
273933700 25336847120 96.2 4936278969271072 84.8
273944800 25336852020 96.2 4936281275319072 84.8
273952700 25336866420 96.2 4936288422839072 84.8
273962300 25336871720 96.2 4936291658269472 84.8
273969800 25336889020 96.2 4936299385783072 84.8
274004600 25336894520 96.2 4936303438160672 84.8
274089100 25336974120 96.2 4936344437072672 84.8
274139000 25337000320 96.2 4936363683971872 84.8
274193800 25337005820 96.2 4936367918211872 84.8
274453300 25337012120 96.2 4936372342301472 84.8
274639400 25337021520 96.2 4936380004688672 84.8
274976200 25337026720 96.2 4936383133827872 84.8
275000400 25338437820 96.2 4937627909407520 84.8
285457800 25348574720 96.3 4947148605145888 85.0
285574800 25348585320 96.3 4947156523533088 85.0
285656900 25348591020 96.3 4947160230822688 85.0
285746300 25348599120 96.3 4947165608256288 85.0
285848400 25348740820 96.3 4947251774071584 85.0
285910400 25348748520 96.3 4947256674116384 85.0
285956000 25348754120 96.3 4947260077687584 85.0
285985200 25348769520 96.3 4947270974790432 85.0
286014500 25348780920 96.3 4947278289427232 85.0
286117800 25348813020 96.3 4947290026924832 85.0
286162700 25348857820 96.3 4947319540652832 85.0
286203100 25348862420 96.3 4947323577260832 85.0
286302100 25348879220 96.3 4947333813164832 85.0
286304900 25348884720 96.3 4947337513081632 85.0
286440000 25348899220 96.3 4947346398124832 85.0
286445700 25348903920 96.3 4947349607340832 85.0
286532600 25348914720 96.3 4947355212102432 85.0
286706900 25348925520 96.3 4947361155808032 85.0
286716400 25348930820 96.3 4947363223059232 85.0
286732100 25348942020 96.3 4947369652550432 85.0
286737900 25348959320 96.3 4947380128889632 85.0
286740900 25348973320 96.3 4947386731846432 85.0
286750100 25348978820 96.3 4947391602195232 85.0
286800100 25348990220 96.3 4947398598572832 85.0
286967400 25349010820 96.3 4947410429459232 85.0
286998800 25349019020 96.3 4947413972089632 85.0
287085100 25349448520 96.3 4947810210413344 85.0
287104000 25349453120 96.3 4947811976813344 85.0
287127000 25349458320 96.3 4947816045779744 85.0
287153600 25349466920 96.3 4947822073658144 85.0
287252200 25349528820 96.3 4947855347309344 85.0
287257800 25349656120 96.3 4947931679750944 85.0
287290900 25349692720 96.3 4947946604960544 85.0
287405300 25349725720 96.3 4947964936198944 85.0
287469800 25349760720 96.3 4947985416813344 85.0
287478800 25349807120 96.3 4948014140422944 85.0
287515200 25349853720 96.3 4948040929901344 85.0
287526300 25349872520 96.3 4948052134509344 85.0
287527800 25349898420 96.3 4948070327917344 85.0
287536300 25349903720 96.3 4948073970899744 85.0
287544500 25349915120 96.3 4948080763706144 85.0
287574100 25350017720 96.3 4948121010797344 85.0
287640200 25350032420 96.3 4948131419757344 85.0
287796100 25351308420 96.3 4949240168815392 85.0
287825900 25351314220 96.3 4949242987068192 85.0
287832700 25351319920 96.3 4949246417672992 85.0
287914500 25351336720 96.3 4949254564616992 85.0
288137500 25351438820 96.3 4949307497634592 85.0
288189800 25351444820 96.3 4949310310357792 85.0
288324900 25351509820 96.3 4949350988143392 85.0
288356100 25351527520 96.3 4949358108629792 85.0
288659600 25351642620 96.3 4949427675708192 85.0
288724500 25351647920 96.3 4949431684258592 85.0
288747400 25351654620 96.3 4949435697724192 85.0
288898700 25351733820 96.3 4949476409506592 85.0
289157300 25351739320 96.3 4949478935509792 85.0
291827100 25352157120 96.3 4949755665988384 85.0
291902700 25365161420 96.3 4961951973260064 85.2
292125100 25365203720 96.3 4961980505791264 85.2
292211300 25365250420 96.3 4962010697407264 85.2
292250800 25365292420 96.3 4962036575730464 85.2
292901900 25365392620 96.3 4962069359500064 85.2
292957600 25365614620 96.3 4962269846346528 85.2
293031900 25365741820 96.3 4962304763927328 85.2
293145200 25365753020 96.3 4962312974154528 85.2
293242000 25365768420 96.3 4962322040036128 85.2
293334600 25365773620 96.3 4962324716567328 85.2
293411000 25365797120 96.3 4962337347812128 85.2
293474700 25365801220 96.3 4962339751344928 85.2
293829600 25365864720 96.3 4962378851146528 85.2
294073500 25365875720 96.3 4962387966794528 85.2
294285600 25365992120 96.3 4962463091120928 85.2
305440400 25366011220 96.3 4962474094000928 85.2
305526800 25366015420 96.3 4962477741284128 85.2
305541000 25366128920 96.3 4962536322480928 85.2
305557300 25366136920 96.3 4962541630282528 85.2
305722700 25366143620 96.3 4962545817828128 85.2
305907000 25366260720 96.3 4962628168932128 85.2
305961400 25366270520 96.3 4962635680791328 85.2
305967900 25366300120 96.3 4962659691338528 85.2
305971600 25366310320 96.3 4962664030026528 85.2
306008000 25366340320 96.3 4962681999383328 85.2
306021400 25366344520 96.3 4962686301412128 85.2
306104000 25366357120 96.3 4962696629271328 85.2
306146600 25366364920 96.3 4962701520509728 85.2
306231800 25366371020 96.3 4962706551831328 85.2
306245800 25366434420 96.3 4962743971355424 85.2
306397900 25366438220 96.3 4962747002395424 85.2
306414500 25366444220 96.3 4962749906869024 85.2
306453000 25366449720 96.3 4962755120257824 85.2
306464500 25366454220 96.3 4962759155227424 85.2
306471400 25366458720 96.3 4962761410894624 85.2
306598200 25366462620 96.3 4962763785345824 85.2
306608500 25366473020 96.3 4962769125301024 85.2
306649000 25366477320 96.3 4962770807937824 85.2
306702100 25374926620 96.4 4970672925432608 85.4
306807700 25376649820 96.4 4972262046817056 85.4
306814100 25376654420 96.4 4972264419629856 85.4
306821500 25376713620 96.4 4972287017466656 85.4
306898800 25376718520 96.4 4972290566445856 85.4
306920300 25376731120 96.4 4972301276871456 85.4
306925300 25376752320 96.4 4972310991149856 85.4
306942900 25376762420 96.4 4972319846087456 85.4
306989100 25376774420 96.4 4972328287329056 85.4
306999400 25376794320 96.4 4972339914644256 85.4
307020200 25376799720 96.4 4972344017402656 85.4
307031900 25376803620 96.4 4972346291297056 85.4
307160400 25376871920 96.4 4972395770776352 85.4
307190100 25376881620 96.4 4972403771902752 85.4
307195500 25376889020 96.4 4972415430757152 85.4
307251600 25376899320 96.4 4972424034405152 85.4
307266800 25376909320 96.4 4972430711089952 85.4
307324200 25376923920 96.4 4972435899493152 85.4
307355100 25376931020 96.4 4972439836568352 85.4
307361500 25376935120 96.4 4972442274302752 85.4
307468000 25376969820 96.4 4972467555224352 85.4
307596000 25376989020 96.4 4972477648997152 85.4
307669200 25376997520 96.4 4972483861809952 85.4
307771200 25377005720 96.4 4972489819441952 85.4
307793200 25377027620 96.4 4972502491851552 85.4
307894000 25377047120 96.4 4972511329381152 85.4
307918800 25377177520 96.4 4972587904920352 85.4
307942200 25377233320 96.4 4972625711409952 85.4
307962000 25377253620 96.4 4972641368779552 85.4
307974200 25377340020 96.4 4972681974180640 85.4
308064900 25377385820 96.4 4972707390475040 85.4
308120200 25377406720 96.4 4972726393914144 85.4
308297200 25377410720 96.4 4972728289338144 85.4
308309000 25377425420 96.4 4972739509920544 85.4
308479900 25377442320 96.4 4972749196550944 85.4
309288400 25377450320 96.4 4972755603923744 85.4
320040800 25387935120 96.4 4982611470689056 85.6
320426100 25387972220 96.4 4982633144058656 85.6
320558700 25388028220 96.4 4982660534625056 85.6
320593100 25388071020 96.4 4982692736353056 85.6
320881000 25388074320 96.4 4982695003284256 85.6
320920100 25388195820 96.4 4982812285666080 85.6
320933500 25388197820 96.4 4982812997550880 85.6
320989000 25388206720 96.4 4982818422907680 85.6
321141700 25388229920 96.4 4982831688827680 85.6
321187000 25388396020 96.4 4982962951176992 85.6
321377300 25388400320 96.4 4982965043208992 85.6
321718100 25388409620 96.4 4982970882466592 85.6
321733700 25388412420 96.4 4982972942140192 85.6
321807900 25388472320 96.4 4983010611004192 85.6
321925500 25388490420 96.4 4983022350754592 85.6
321980200 25388501420 96.4 4983029917909792 85.6
321998500 25388503520 96.4 4983031320175392 85.6
322020400 25388511520 96.4 4983036302754592 85.6
322043000 25388517320 96.4 4983038757896992 85.6
322050400 25389032520 96.4 4983472070263584 85.6
322051100 25389183220 96.4 4983607583474464 85.6
322103100 25389196320 96.4 4983615069938464 85.6
322117600 25389220120 96.4 4983627284620064 85.6
322198200 25389326220 96.4 4983702233678624 85.6
322210800 25389337420 96.4 4983707349582624 85.6
322248700 25389367120 96.4 4983716533019424 85.6
322285400 25389376520 96.4 4983724408398624 85.6
322379800 25389382820 96.4 4983727400936224 85.6
322390900 25389391420 96.4 4983733320680224 85.6
322466300 25389411720 96.4 4983742352974624 85.6
322501100 25389474120 96.4 4983782828827424 85.6
322566800 25389493320 96.4 4983794105320224 85.6
322614500 25389508620 96.4 4983802807272224 85.6
322772600 25389513220 96.4 4983806796776224 85.6
322862400 25389530120 96.4 4983817876865824 85.6
322868900 25389536720 96.4 4983820852609824 85.6
322875800 25389541020 96.4 4983824396059424 85.6
322894100 25389542920 96.4 4983826115355424 85.6
322972900 25389558120 96.4 4983836243704608 85.6
322973000 25389624220 96.4 4983867900664608 85.6
323023400 25389627820 96.4 4983870167800608 85.6
323105500 25389637720 96.4 4983874243730208 85.6
323159000 25389640520 96.4 4983875573291808 85.6
323166900 25389644220 96.4 4983878174661408 85.6
323170200 25389650820 96.4 4983883021048608 85.6
323171000 25389681520 96.4 4983904031480608 85.6
323238800 25389714820 96.4 4983926176914208 85.6
323243400 25389945720 96.4 4984119523269408 85.6
323334100 25389961920 96.4 4984129203141408 85.6
323371800 25389965320 96.4 4984131939883808 85.6
323424500 25389969120 96.4 4984133966379808 85.6
323481000 25389976320 96.4 4984137687186208 85.6
323516500 25389979820 96.4 4984140827999008 85.6
323548700 25389986520 96.4 4984144823851808 85.6
323554000 25389997520 96.4 4984155682533152 85.6
323555700 25390000820 96.4 4984157855051552 85.6
323613900 25390034220 96.4 4984186499921696 85.6
323789300 25390053220 96.4 4984196411422496 85.6
323882600 25390075420 96.4 4984204904888096 85.6
323976700 25390079520 96.4 4984207649208096 85.6
324008100 25390083320 96.4 4984209771345696 85.6
324162600 25390091220 96.4 4984213919160096 85.6
324194200 25390093020 96.4 4984215186257696 85.6
324222200 25390108420 96.4 4984223834347296 85.6
324225400 25390120420 96.4 4984232683764512 85.6
324290600 25390144620 96.4 4984245599271712 85.6
324295900 25390146820 96.4 4984246681230112 85.6
324319000 25390314420 96.4 4984403977362208 85.6
324381800 25390321420 96.4 4984408493407008 85.6
324468500 25390324720 96.4 4984410145938208 85.6
324638500 25390333520 96.4 4984416168508704 85.6
324747400 25390349420 96.4 4984426474659104 85.6
324794000 25390365920 96.4 4984437764259104 85.6
324874600 25390401020 96.4 4984459489852704 85.6
324883900 25390410520 96.4 4984464905371424 85.6
324954800 25390416820 96.4 4984468910849824 85.6
325036500 25390454420 96.4 4984500399789856 85.6
325590800 25390504120 96.4 4984526648596256 85.6
325642100 25390506120 96.4 4984527135610656 85.6
332113300 25390508220 96.4 4984528424212256 85.6
332284500 25390528420 96.4 4984538896045856 85.6
332337000 25390531820 96.4 4984541636474656 85.6
332457000 25390542120 96.4 4984548551137056 85.6
332530800 25390551620 96.4 4984553713325856 85.6
332644900 25390566720 96.4 4984564738529056 85.6
332696100 25390569220 96.4 4984565334701856 85.6
332751300 25390577920 96.4 4984568865249056 85.6
332811500 25390588420 96.4 4984576091207456 85.6
332863100 25390590920 96.4 4984576731002656 85.6
332903000 25390600620 96.4 4984581857556256 85.6
332907500 25390602520 96.4 4984583142266656 85.6
332940700 25390607220 96.4 4984586337556256 85.6
332943200 25390610320 96.4 4984588429383456 85.6
332966000 25390619720 96.4 4984593172551456 85.6
332967700 25390626920 96.4 4984597661153056 85.6
332980000 25390645820 96.4 4984604228065056 85.6
332984900 25390674620 96.4 4984617030317856 85.6
333032600 25390683420 96.4 4984622089901856 85.6
333043800 25390685920 96.4 4984623189473056 85.6
333078300 25390725920 96.4 4984645167994656 85.6
333122900 25390732920 96.4 4984648233441056 85.6
333185900 25390747420 96.4 4984651809658656 85.6
333241000 25390764820 96.4 4984659828807456 85.6
333265200 25390774220 96.4 4984664402810656 85.6
333319200 25390780220 96.4 4984668803757856 85.6
333353600 25390791020 96.4 4984673428429088 85.6
333392500 25390798120 96.4 4984678196173088 85.6
333403200 25390824020 96.4 4984693950822688 85.6
333414400 25390829320 96.4 4984697780173088 85.6
333416100 25390840020 96.4 4984704532429088 85.6
333464200 25390852220 96.4 4984710148045088 85.6
333468900 25390867420 96.4 4984719504947488 85.6
333577200 25390877020 96.4 4984725229926688 85.6
333581900 25390905020 96.4 4984742025779488 85.6
333583700 25390910620 96.4 4984744691865888 85.6
333602300 25390914320 96.4 4984745959168288 85.6
333623300 25390943420 96.4 4984759571200288 85.6
333624900 25390946220 96.4 4984761008077088 85.6
333625800 25390949820 96.4 4984763273165088 85.6
333672600 25390960520 96.4 4984773553510688 85.6
333672700 25390973420 96.4 4984782463334688 85.6
333713100 25390977520 96.4 4984786254592288 85.6
333725600 25390980520 96.4 4984788220262688 85.6
333727500 25390986120 96.4 4984791175526688 85.6
333773400 25390988020 96.4 4984792560998688 85.6
333800200 25390993920 96.4 4984796300237088 85.6
333826900 25391001320 96.4 4984800185497888 85.6
333832000 25391013720 96.4 4984808655411488 85.6
333857200 25391015820 96.4 4984809897113888 85.6
333880800 25391033320 96.4 4984819236198688 85.6
333891800 25391061420 96.4 4984845785829664 85.6
333892000 25391066220 96.4 4984849388671264 85.6
333916300 25391069920 96.4 4984852875596064 85.6
333966500 25391072320 96.4 4984854431871264 85.6
334008900 25391074420 96.4 4984855766143264 85.6
334029100 25391104920 96.4 4984873581490464 85.6
334075000 25391111020 96.4 4984876297957664 85.6
334076200 25391115720 96.4 4984879595647264 85.6
334165800 25391123820 96.4 4984886132863264 85.6
334189200 25391132120 96.4 4984891600818464 85.6
334201200 25391141820 96.4 4984895524581664 85.6
334209100 25391144420 96.4 4984897536536864 85.6
334224400 25391147320 96.4 4984898592485664 85.6
334240800 25391150920 96.4 4984900768690464 85.6
334246100 25391162720 96.4 4984906193228064 85.6
334277400 25391172320 96.4 4984913824690464 85.6
334294500 25391174420 96.4 4984915560044064 85.6
334298000 25391176520 96.4 4984917174482464 85.6
334359300 25391183720 96.4 4984920425477664 85.6
334388900 25391189620 96.4 4984923653944864 85.6
334419900 25391192720 96.4 4984925104338464 85.6
334454400 25391222320 96.4 4984937516242464 85.6
334455500 25391224920 96.4 4984939313976864 85.6
334483500 25400425320 96.5 4993546600404512 85.8
334502000 25400437420 96.5 4993551804577312 85.8
334520100 25400443820 96.5 4993556138145312 85.8
334564900 25400447220 96.5 4993558285473312 85.8
334595500 25400456120 96.5 4993564053460512 85.8
334597900 25400469820 96.5 4993569566881312 85.8
334608200 25400475620 96.5 4993574089274912 85.8
334646300 25400478420 96.5 4993576683271712 85.8
334652500 25400482220 96.5 4993580094420512 85.8
334662600 25400509220 96.5 4993596469409312 85.8
334672900 25400510920 96.5 4993597034657312 85.8
334686000 25400512620 96.5 4993598765012512 85.8
334717600 25400522820 96.5 4993605235463712 85.8
334719200 25400525220 96.5 4993606967866912 85.8
334729300 25400527820 96.5 4993607984698912 85.8
334744100 25400532620 96.5 4993610213332512 85.8
334749400 25400536020 96.5 4993612177159712 85.8
334768700 25400537020 96.5 4993612540884512 85.8
334778300 25400539120 96.5 4993613490951712 85.8
334793700 25400542720 96.5 4993616000570912 85.8
334798600 25400545720 96.5 4993618363962912 85.8
334801500 25400551820 96.5 4993623426209312 85.8
334803200 25400553720 96.5 4993624632686112 85.8
334807900 25400739220 96.5 4993783307957792 85.8
334812000 25400774220 96.5 4993795294492192 85.8
334839400 25400775820 96.5 4993796873500192 85.8
334847300 25400817220 96.5 4993819977397792 85.8
334851600 25400827620 96.5 4993823953384992 85.8
334852900 25400838220 96.5 4993832073909792 85.8
334897500 25400840520 96.5 4993833781736992 85.8
334904400 25400874220 96.5 4993853084751392 85.8
334926100 25400877720 96.5 4993854110594592 85.8
334935400 25400879920 96.5 4993854893749792 85.8
334940900 25400908920 96.5 4993868209845792 85.8
334946600 25400913820 96.5 4993871248872992 85.8
334987800 25400926220 96.5 4993878186677792 85.8
335007800 25409119020 96.5 5001540998682144 85.9
335008800 25409544620 96.5 5001892687173152 85.9
335016200 25409547120 96.5 5001894242219552 85.9
335114600 25409549220 96.5 5001895299192352 85.9
335119300 25409553720 96.5 5001898824414752 85.9
335132900 25409555620 96.5 5001899879134752 85.9
335155000 25409629520 96.5 5001961757799968 85.9
335159700 25409631920 96.5 5001963017524768 85.9
335161100 25409634120 96.5 5001964526491168 85.9
335178600 25409677820 96.5 5001985619252768 85.9
335183500 25409683520 96.5 5001989824615968 85.9
335198600 25409695820 96.5 5002000314062368 85.9
335207300 25409698820 96.5 5002002223617568 85.9
335213100 25409718520 96.5 5002014262171168 85.9
335214100 25409720520 96.5 5002014913230368 85.9
335260100 25409738420 96.5 5002021698254368 85.9
335261400 25409741020 96.5 5002023365531168 85.9
335279200 25409748920 96.5 5002027651175968 85.9
335291200 25409768520 96.5 5002034944513568 85.9
335291900 25409770620 96.5 5002036166964768 85.9
335297000 25409774820 96.5 5002039835547168 85.9
335332600 25409848320 96.5 5002095780828704 85.9
335333900 25409851420 96.5 5002098264438304 85.9
335339600 25409854020 96.5 5002099927209504 85.9
335348600 25409865020 96.5 5002107411420704 85.9
335351000 25409876220 96.5 5002115113539104 85.9
335417500 25409880420 96.5 5002118675830304 85.9
335420900 25409886620 96.5 5002122236687904 85.9
335549500 25409888320 96.5 5002123297347104 85.9
335591000 25409925620 96.5 5002140109788704 85.9
335596600 25409930020 96.5 5002144113219104 85.9
335624800 25409932520 96.5 5002146664822304 85.9
335666000 25409941320 96.5 5002149327017504 85.9
335688300 25409946220 96.5 5002151465334304 85.9
335692700 25409950020 96.5 5002153759708704 85.9
335731900 25409962920 96.5 5002160536131104 85.9
335739600 25409975520 96.5 5002166231823904 85.9
335759200 25409980820 96.5 5002169721615904 85.9
335771300 25409985620 96.5 5002173760067104 85.9
335815100 25409990020 96.5 5002178136643104 85.9
335816700 25410000620 96.5 5002184823567904 85.9
335878500 25410003320 96.5 5002187064079904 85.9
335967200 25410017420 96.5 5002194406569504 85.9
335976100 25410024020 96.5 5002197080233504 85.9
335996800 25410025620 96.5 5002198410409504 85.9
335997700 25410029120 96.5 5002200273679904 85.9
336014800 25410037820 96.5 5002207718569504 85.9
336018500 25410057020 96.5 5002219051996704 85.9
336052400 25410071120 96.5 5002225488860704 85.9
336087300 25410188920 96.5 5002333326669344 85.9
336111900 25410190920 96.5 5002334501606944 85.9
336156200 25410192520 96.5 5002336009958944 85.9
336179100 25410224120 96.5 5002357554042400 85.9
336187100 25410338520 96.5 5002449218696736 85.9
336259300 25410342020 96.5 5002449837192736 85.9
336317600 25410345720 96.5 5002452113135136 85.9
336331700 25410347720 96.5 5002453547759136 85.9
336335200 25410354020 96.5 5002457711752736 85.9
336350200 25410356620 96.5 5002459085960736 85.9
336417400 25410361820 96.5 5002462654191136 85.9
336426000 25410392920 96.5 5002475766511136 85.9
336428400 25410395720 96.5 5002477673403936 85.9
336435100 25410397720 96.5 5002479767688736 85.9
336437900 25410401620 96.5 5002484061240864 85.9
336440400 25410434720 96.5 5002507216133664 85.9
336547500 25410435620 96.5 5002507860639264 85.9
336568100 25410455620 96.5 5002522020101664 85.9
336593900 25410466320 96.5 5002525944888864 85.9
336595500 25410471320 96.5 5002529088364064 85.9
336639300 25410482620 96.5 5002535982341664 85.9
336639500 25411318320 96.5 5003243626110496 85.9
336667500 25411321220 96.5 5003245248740896 85.9
336668400 25411343920 96.5 5003259818417696 85.9
336748200 25411353420 96.5 5003264130686496 85.9
336843100 25411370820 96.5 5003270421937696 85.9
336862300 25411372720 96.5 5003271643569696 85.9
336951300 25411376920 96.5 5003273426763296 85.9
336972600 25411384920 96.5 5003279582436896 85.9
336988000 25411398320 96.5 5003286857752096 85.9
337124400 25411403820 96.5 5003288561278496 85.9
337183500 25411481520 96.5 5003322723966496 85.9
337336500 25411483720 96.5 5003323797528096 85.9
337449900 25411485920 96.5 5003327074532896 85.9
337484900 25411494320 96.5 5003331579313696 85.9
337494600 25411504520 96.5 5003342795800096 85.9
337816100 25411513620 96.5 5003348314340896 85.9
343488500 25411816120 96.5 5003628654378528 85.9
343495500 25411821320 96.5 5003631363882528 85.9
343763900 25411833220 96.5 5003640027946528 85.9
343875000 25411959020 96.5 5003748543733280 85.9
344160200 25411986720 96.5 5003763760987680 85.9
344174500 25411994420 96.5 5003769526312480 85.9
344181900 25411999020 96.5 5003771826011680 85.9
344340500 25412038120 96.5 5003793720155680 85.9
344345800 25412040120 96.5 5003794917211680 85.9
344349600 25412042320 96.5 5003798955867680 85.9
344369300 25412046520 96.5 5003802734632480 85.9
344399700 25412051620 96.5 5003808795074080 85.9
344444100 25412059120 96.5 5003813008219680 85.9
344500100 25412090320 96.5 5003827244686880 85.9
344625100 25412115020 96.5 5003840787291680 85.9
344645500 25412119920 96.5 5003844140277280 85.9
344684200 25412123220 96.5 5003844971765280 85.9
344695100 25412192820 96.5 5003876313333280 85.9
344711400 25412195420 96.5 5003877781544480 85.9
344713700 25412203620 96.5 5003880597954080 85.9
344715200 25412209120 96.5 5003884085083680 85.9
344747500 25412212220 96.5 5003885800693280 85.9
344840200 25412314820 96.5 5003942920232480 85.9
344949000 25412318320 96.5 5003944638709280 85.9
344998400 25412330020 96.5 5003952989224480 85.9
345006000 25412336920 96.5 5003957088706080 85.9
345121900 25419981720 96.5 5011113756745248 86.1
345149700 25419986720 96.5 5011118159740448 86.1
345220800 25419998020 96.5 5011125624700448 86.1
345277100 25420001920 96.5 5011127572143648 86.1
345347300 25420007220 96.5 5011129699810848 86.1
345407200 25420013720 96.5 5011134378262048 86.1
345425800 25420019020 96.5 5011137332502048 86.1
345574300 25420020820 96.5 5011138647727648 86.1
345582600 25420030020 96.5 5011143507631648 86.1
345588100 25420040520 96.5 5011147308924448 86.1
345595000 25420043420 96.5 5011150113865248 86.1
345644000 25420055420 96.5 5011156337327648 86.1
345667100 25420085720 96.5 5011176791113248 86.1
345680400 25420099920 96.5 5011187291618848 86.1
345691100 25420113420 96.5 5011196789423648 86.1
345718700 25420117420 96.5 5011200230063648 86.1
345745400 25420120520 96.5 5011203955990048 86.1
345783400 25420124520 96.5 5011206140386848 86.1
345826800 25420136920 96.5 5011214598626848 86.1
345874600 25420139020 96.5 5011216367689248 86.1
345925100 25420142620 96.5 5011219558063648 86.1
346016900 25420156120 96.5 5011224643657248 86.1
346080000 25420160420 96.5 5011227513314848 86.1
346097000 25420184320 96.5 5011243841199648 86.1
346156100 25420187620 96.5 5011245336034848 86.1
346189200 25420191120 96.5 5011248545865248 86.1
346196600 25420194620 96.5 5011250421218848 86.1
346237900 25420214720 96.5 5011260816457248 86.1
346299900 25420222520 96.5 5011265155554848 86.1
346322400 25420238720 96.5 5011275373641248 86.1
346325800 25420241920 96.5 5011276662447648 86.1
346358400 25420245520 96.5 5011278933679648 86.1
346368900 25420273020 96.5 5011296491927072 86.1
346480900 25420279120 96.5 5011298850608672 86.1
346516800 25420282720 96.5 5011300142487072 86.1
346567100 25420314320 96.5 5011319156119072 86.1
346584100 25420333220 96.5 5011326346237472 86.1
346603300 25420336520 96.5 5011328407139872 86.1
346654400 25420420520 96.5 5011377830376992 86.1
346783600 25420456720 96.5 5011394819560992 86.1
346810600 25420461420 96.5 5011397315458592 86.1
346860500 25420495820 96.5 5011415419368992 86.1
346941100 25420548320 96.5 5011450145871392 86.1
347080600 25420551620 96.5 5011452335592992 86.1
347147000 25420565120 96.5 5011460862850592 86.1
347173300 25420600720 96.5 5011483209192992 86.1
347196300 25420640920 96.5 5011505343976992 86.1
347328300 25420700820 96.6 5011537367528992 86.1
347643000 25420707020 96.6 5011541614261792 86.1
347956600 25420713120 96.6 5011546248476192 86.1
358979000 25420717020 96.6 5011548592207392 86.1
359090900 25420726020 96.6 5011555630978592 86.1
359969000 25420730020 96.6 5011559320245792 86.1
360002000 25420733820 96.6 5011560692405792 86.1
360090500 25420758020 96.6 5011574858626592 86.1
360225200 25420813820 96.6 5011610895644192 86.1
360269800 25420816620 96.6 5011612792092192 86.1
360379400 25420821720 96.6 5011615538869792 86.1
360672000 25420871420 96.6 5011642088527392 86.1
360796500 25420875120 96.6 5011644148610592 86.1
360853900 25421017220 96.6 5011731717404192 86.1
361018000 25421037520 96.6 5011744301954592 86.1
361050700 25421044020 96.6 5011749109634592 86.1
361062400 25421076620 96.6 5011766463362592 86.1
361144600 25421080920 96.6 5011769125352992 86.1
361159600 25421162320 96.6 5011813448168992 86.1
361280000 25429929920 96.6 5020047323051552 86.2
361283200 25429940020 96.6 5020053082641952 86.2
361292400 25429954520 96.6 5020062489105952 86.2
361352800 25430020220 96.6 5020095585400352 86.2
361431200 25430028020 96.6 5020100642526752 86.2
361456500 25430033120 96.6 5020104472901152 86.2
361560700 25430041220 96.6 5020109904811552 86.2
361677700 25431229220 96.6 5021209847928352 86.2
361702100 25431235620 96.6 5021213294302752 86.2
361881100 25431247820 96.6 5021220549752352 86.2
361890800 25431251220 96.6 5021221891806752 86.2
361948900 25431265120 96.6 5021230618334752 86.2
362023200 25431276820 96.6 5021237343352352 86.2
362116900 25431285020 96.6 5021243039249952 86.2
362138700 25431375620 96.6 5021287736030752 86.2
362168500 25431378820 96.6 5021290592171552 86.2
362197900 25431382220 96.6 5021292073080352 86.2
362214200 25431400520 96.6 5021301087966752 86.2
362315100 25431431120 96.6 5021314877969952 86.2
362517300 25431434920 96.6 5021316619589152 86.2
362584700 25431443720 96.6 5021323510699552 86.2
362753000 25431450520 96.6 5021326461867552 86.2
362792900 25431567220 96.6 5021402804753952 86.2
363014700 25431581320 96.6 5021414345848352 86.2
363063000 25431585620 96.6 5021417929438752 86.2
363084500 25431615320 96.6 5021432695109152 86.2
363125200 25431679820 96.6 5021472874821152 86.2
363155200 25431727820 96.6 5021495187371552 86.2
363277400 25431854620 96.6 5021568372037152 86.3
363386300 25431964820 96.6 5021636029560352 86.3
363530200 25431970120 96.6 5021638081451552 86.3
363558900 25432119820 96.6 5021714501137952 86.3
374106100 25443761420 96.6 5032587540100640 86.4
375208400 25443779920 96.6 5032599609783840 86.4
375382000 25443792920 96.6 5032604761118240 86.4
375387800 25443800620 96.6 5032608817387040 86.4
375415000 25443804020 96.6 5032610914334240 86.4
375438800 25443831320 96.6 5032629627319840 86.4
375443100 25443846120 96.6 5032640847287840 86.4
375462500 25443855220 96.6 5032646147511840 86.4
375587400 25443949420 96.6 5032699188868640 86.4
375602500 25443957920 96.6 5032704846673440 86.4
375634700 25444086020 96.6 5032784938219040 86.4
375681800 25444105520 96.6 5032800099153440 86.4
375839100 25444127620 96.6 5032810097694240 86.4
375983800 25444134420 96.6 5032813800683040 86.4
375986400 25444141820 96.6 5032818344375840 86.4
376033400 25444158520 96.6 5032831391569440 86.4
376162500 25444167720 96.6 5032835220510240 86.4
376165100 25444179720 96.6 5032839215953440 86.4
376223400 25444185420 96.6 5032842643895840 86.4
376299700 25444196220 96.6 5032849312798240 86.4
376331200 25444231420 96.6 5032867399505440 86.4
376341800 25444240320 96.6 5032873285457440 86.4
376380600 25444242620 96.6 5032874599454240 86.4
376648100 25445413720 96.6 5033963319203360 86.5
376702500 25445445220 96.6 5033981242275360 86.5
376706700 25445537520 96.6 5034044938147360 86.5
376787500 25445544920 96.6 5034049311651360 86.5
376875000 25445550020 96.6 5034052747785760 86.5
376886000 25445557720 96.6 5034057339606560 86.5
376910100 25445560620 96.6 5034058749859360 86.5
377005800 25445625720 96.6 5034094346147360 86.5
377046200 25445632020 96.6 5034097068963360 86.5
377121700 25445689320 96.6 5034128410635808 86.5
377130800 25445707520 96.6 5034139430923808 86.5
377229400 25445727720 96.6 5034154915753504 86.5
377283600 25445732820 96.6 5034157244739104 86.5
377347800 25445735720 96.6 5034157953142304 86.5
377454300 25445743320 96.6 5034161739279904 86.5
377590200 25445768220 96.6 5034174703939104 86.5
377695100 25445781820 96.6 5034184112246304 86.5
377709600 25445839020 96.6 5034211601526304 86.5
377714900 25445841320 96.6 5034213667753504 86.5
377735900 25445844820 96.6 5034216999439904 86.5
378421900 25445939020 96.6 5034268776566304 86.5
392792000 25445952720 96.6 5034273741123104 86.5
393012900 25446009820 96.6 5034307059625504 86.5
393209300 25446032920 96.6 5034321071427104 86.5
393273400 25446052820 96.6 5034332876508704 86.5
393338800 25446059320 96.6 5034335566147104 86.5
393469800 25446081520 96.6 5034351956700704 86.5
393511900 25446089420 96.6 5034357793500704 86.5
393834900 25453773820 96.7 5041552997232160 86.6
393926200 25453781120 96.7 5041557539286560 86.6
394109800 25453791220 96.7 5041565566217760 86.6
394120600 25453792820 96.7 5041566435798560 86.6
394135700 25453794420 96.7 5041566960291360 86.6
394138500 25453818420 96.7 5041579844873760 86.6
394150200 25454877820 96.7 5042544058281504 86.6
394332200 25454896820 96.7 5042552653942304 86.6
394360900 25454899820 96.7 5042554668969504 86.6
394461300 25454919720 96.7 5042566549827104 86.6
394471200 25454926320 96.7 5042570771574304 86.6
394533300 25454927620 96.7 5042571801103904 86.6
394544600 25454934920 96.7 5042574934748704 86.6
394695400 25454936620 96.7 5042576082652704 86.6
394788900 25454941420 96.7 5042578344463904 86.6
394853000 25454949820 96.7 5042582858460704 86.6
394905000 25454969820 96.7 5042599824663072 86.6
394958500 25455035620 96.7 5042633018237472 86.6
395001600 25455037620 96.7 5042634198909472 86.6
395009600 25455039520 96.7 5042635452899872 86.6
395054000 25455060620 96.7 5042648357962272 86.6
395063500 25455069320 96.7 5042652358320672 86.6
395084200 25455076220 96.7 5042655260746272 86.6
395085800 25455078120 96.7 5042656136061472 86.6
395171100 25455082120 96.7 5042657952227872 86.6
395290800 25455084620 96.7 5042660131095072 86.6
395361800 25455090520 96.7 5042664753635872 86.6
395405900 25455104020 96.7 5042673221501472 86.6
395412100 25455108120 96.7 5042675996746272 86.6
395437000 25455112320 96.7 5042678648496672 86.6
395456500 25455116120 96.7 5042680528765472 86.6
395497200 25455117720 96.7 5042681732375072 86.6
395498300 25455124020 96.7 5042684873187872 86.6
395529200 25455127220 96.7 5042688811901472 86.6
395696300 25455129120 96.7 5042689377763872 86.6
395697800 25455131720 96.7 5042691755491872 86.6
395714400 25455149520 96.7 5042701738058272 86.6
395717400 25455173120 96.7 5042716535267872 86.6
395735900 25455174420 96.7 5042717363479072 86.6
395787300 25455178020 96.7 5042718506467872 86.6
395789500 25455179220 96.7 5042719599690272 86.6
395801900 25455180920 96.7 5042720923107872 86.6
395842100 25455185920 96.7 5042725176394272 86.6
395849900 25455203220 96.7 5042733926269472 86.6
395881900 25455209720 96.7 5042736628810272 86.6
395984600 25455217320 96.7 5042739676439072 86.6
395998500 25455240320 96.7 5042753893450272 86.6
396058100 25455247420 96.7 5042758519063072 86.6
396058800 25455249120 96.7 5042759328227872 86.6
396062800 25455254720 96.7 5042761396093472 86.6
396188900 25455256420 96.7 5042762675274272 86.6
396265400 25455257520 96.7 5042763403952672 86.6
396305600 25455259920 96.7 5042764567831072 86.6
396306100 25455262920 96.7 5042765448266272 86.6
396314000 25455266820 96.7 5042768144663072 86.6
396326500 25455268520 96.7 5042768885834272 86.6
396624400 25455282320 96.7 5042775297303072 86.6
396742300 25455283620 96.7 5042775832650272 86.6
396776400 25455285720 96.7 5042776393597472 86.6
396822900 25455307220 96.7 5042790881354272 86.6
396870800 25455334320 96.7 5042803038691872 86.6
396901300 25455337820 96.7 5042803930391072 86.6
396913600 25455341520 96.7 5042805794685472 86.6
396964100 25455419120 96.7 5042853783421472 86.6
396988500 25455422220 96.7 5042855246922272 86.6
397041400 25455426420 96.7 5042857975063072 86.6
397057600 25455428320 96.7 5042858591920672 86.6
397158100 25455436020 96.7 5042862221386272 86.6
397220200 25455437420 96.7 5042863029117472 86.6
397249700 25455446420 96.7 5042867076375072 86.6
397265700 25455460720 96.7 5042878150730272 86.6
397294000 25455501420 96.7 5042904233443872 86.6
397311500 25455503520 96.7 5042904795210272 86.6
397477600 25455521820 96.7 5042914545328672 86.6
397543200 25455523420 96.7 5042915325616672 86.6
397623600 25455526220 96.7 5042916623229472 86.6
397658100 25455540620 96.7 5042924285087264 86.6
397722900 25455545920 96.7 5042926978002464 86.6
397764600 25455550520 96.7 5042929175301664 86.6
397776800 25455603920 96.7 5042962881695264 86.6
397867900 25455609420 96.7 5042965678648864 86.6
397913500 25455611120 96.7 5042966646943264 86.6
397991300 25455641820 96.7 5042986512133664 86.6
398018200 25455652920 96.7 5042992112594464 86.6
398044700 25455661020 96.7 5042997976837664 86.6
398075700 25455670720 96.7 5043002700549664 86.6
398192500 25455673220 96.7 5043004071480864 86.6
398377400 25455676020 96.7 5043006249938464 86.6
398378500 25455677220 96.7 5043006823992864 86.6
398440100 25456357220 96.7 5043601821142560 86.6
398443600 25456358620 96.7 5043602735369760 86.6
398491300 25456360320 96.7 5043603882044960 86.6
398509800 25456366020 96.7 5043608185712160 86.6
398518500 25456378120 96.7 5043615539875360 86.6
398527600 25456386820 96.7 5043620562185760 86.6
398554600 25456390520 96.7 5043622314536992 86.6
398635400 25456440620 96.7 5043646800015392 86.6
398676800 25456442520 96.7 5043647657103392 86.6
398725300 25456453720 96.7 5043652603023392 86.6
398744600 25456469520 96.7 5043662153052192 86.6
398758100 25456487020 96.7 5043672916725792 86.6
398768100 25456512820 96.7 5043687123292192 86.6
398788400 25456518220 96.7 5043689917992992 86.6
398804100 25456525220 96.7 5043694537052192 86.6
398912800 25462670220 96.7 5049475464466464 86.7
399007000 25462675720 96.7 5049478470725664 86.7
399035200 25462678720 96.7 5049479023480864 86.7
399095000 25462680320 96.7 5049479627231264 86.7
399270700 25462686220 96.7 5049482971410464 86.7
399348900 25462688920 96.7 5049484257759264 86.7
399355200 25462694720 96.7 5049486276268064 86.7
399381100 25462745820 96.7 5049532236394528 86.7
399428200 25462749520 96.7 5049533568618528 86.7
399550300 25462752120 96.7 5049535282999328 86.7
399565200 25462756020 96.7 5049536678096928 86.7
399580500 25462759120 96.7 5049538480746528 86.7
399631300 25462762320 96.7 5049540010192928 86.7
399643000 25462766920 96.7 5049541519159328 86.7
399683000 25462769320 96.7 5049542562205728 86.7
399690900 25462771420 96.7 5049543132778528 86.7
399740300 25462772820 96.7 5049544031031328 86.7
399765300 25462774520 96.7 5049545274781728 86.7
399836900 25462783120 96.7 5049548918378528 86.7
399868100 25462785120 96.7 5049549820932128 86.7
399913000 25462787320 96.7 5049551135952928 86.7
399938100 25462788920 96.7 5049552566071328 86.7
399955500 25462806120 96.7 5049564170244128 86.7
399981400 25462808520 96.7 5049566408708128 86.7
399988600 25462824620 96.7 5049573860970528 86.7
400002800 25462836420 96.7 5049582393143328 86.7
400025500 25462843720 96.7 5049584959082528 86.7
400051300 25462845420 96.7 5049585525559328 86.7
400052700 25462847520 96.7 5049587356266528 86.7
400061300 25462853620 96.7 5049590503223328 86.7
400126400 25462857620 96.7 5049593365508128 86.7
400145500 25462861320 96.7 5049595177128992 86.7
400177700 25462862420 96.7 5049595989980192 86.7
400206800 25462888920 96.7 5049610045813792 86.7
400220500 25462891120 96.7 5049610846991392 86.7
400233700 25462920120 96.7 5049628253557792 86.7
400481100 25462929620 96.7 5049632895964192 86.7
400548100 25462935120 96.7 5049637020226592 86.7
400550000 25462957520 96.7 5049655508136992 86.7
400575400 25462964020 96.7 5049658777768992 86.7
400579000 25462988620 96.7 5049672291292192 86.7
400583600 25462989720 96.7 5049672751068192 86.7
400657100 25463012220 96.7 5049686786421792 86.7
400671600 25463015920 96.7 5049689023247392 86.7
400680200 25463020820 96.7 5049692133954592 86.7
400682500 25463030520 96.7 5049696822440992 86.7
400724400 25463040320 96.7 5049700262876192 86.7
400750900 25463043320 96.7 5049701695452192 86.7
400772000 25463068020 96.7 5049718037879840 86.7
400814800 25463074720 96.7 5049723592875040 86.7
400885900 25463082020 96.7 5049728431479840 86.7
400978300 25463118520 96.7 5049750735223840 86.7
400996500 25463123120 96.7 5049753048030240 86.7
401017100 25463124420 96.7 5049753769950240 86.7
401103200 25463144120 96.7 5049765336439840 86.7
401179500 25463169520 96.7 5049780535671840 86.7
401228600 25463179920 96.7 5049786427153440 86.7
401235200 25463187920 96.7 5049791069969440 86.7
401264900 25463196520 96.7 5049797507857440 86.7
401291900 25463206220 96.7 5049804787883040 86.7
401333200 25463216920 96.7 5049810718891040 86.7
401420300 25463225520 96.7 5049814121438240 86.7
401442200 25463231620 96.7 5049817962667040 86.7
401516400 25463249920 96.7 5049828829355040 86.7
401519700 25463262220 96.7 5049839206775840 86.7
401553500 25463271220 96.7 5049844932164640 86.7
401605600 25463320420 96.7 5049880735915040 86.7
401650900 25463332220 96.7 5049888796638240 86.7
401700100 25463335020 96.7 5049890711518240 86.7
401703600 25463396020 96.7 5049929875831840 86.7
401754000 25463398620 96.7 5049931389713440 86.7
401806600 25463406720 96.7 5049935174417440 86.7
401836400 25463414420 96.7 5049938719505440 86.7
401886600 25463421520 96.7 5049941264964640 86.7
402061300 25463434220 96.7 5049952202923040 86.7
402184000 25464232020 96.7 5050619546442784 86.7
402397100 25464238720 96.7 5050623234481184 86.7
402441900 25464240720 96.7 5050624385457184 86.7
402457800 25464245620 96.7 5050627795786784 86.7
402458300 25464246620 96.7 5050628655741984 86.7
402551400 25464248420 96.7 5050629039127584 86.7
402668700 25464259720 96.7 5050635591703584 86.7
402683600 25470651520 96.7 5056585533316128 86.9
402718200 25470659220 96.7 5056590222007328 86.9
402759800 25470661120 96.7 5056591047965728 86.9
402762100 25470670120 96.7 5056596753079328 86.9
402802600 25470672620 96.7 5056597918596128 86.9
402827300 25470677620 96.7 5056602163280928 86.9
402918100 25470679420 96.7 5056602990468128 86.9
402942700 25470686820 96.7 5056606616452128 86.9
402952400 25470688520 96.7 5056607402679328 86.9
403046700 25470731420 96.7 5056632693636128 86.9
403109000 25470740120 96.7 5056636404816928 86.9
403171300 25470742320 96.7 5056637231184928 86.9
403195100 25470765120 96.7 5056646891805728 86.9
403232400 25470766920 96.7 5056648295504928 86.9
403240800 25470791320 96.7 5056663279696928 86.9
403323300 25470810120 96.7 5056672272260128 86.9
403369900 25470819720 96.7 5056677075639328 86.9
403479200 25470828920 96.7 5056680083946528 86.9
403650200 25470839520 96.7 5056687555050528 86.9
403719500 25470842620 96.7 5056689697872928 86.9
403842000 25470847920 96.7 5056693999696928 86.9
419922700 25470988820 96.7 5056787987332128 86.9
420092600 25471020720 96.7 5056807308678176 86.9
420343900 25471033620 96.7 5056813187462176 86.9
420348600 25471068120 96.7 5056832885535776 86.9
420383700 25471191820 96.7 5056909653382176 86.9
421487800 25471223220 96.7 5056930738156576 86.9
421519300 25471329120 96.7 5056991440262176 86.9
421582500 25476836520 96.8 5062105185506336 86.9
421590600 25476855220 96.8 5062111543317536 86.9
421802700 25476857520 96.8 5062112866735136 86.9
421815600 25476867720 96.8 5062116929352736 86.9
421820800 25476869920 96.8 5062118409032736 86.9
421854500 25476877120 96.8 5062122819605536 86.9
422133300 25476964720 96.8 5062175719240736 86.9
422256300 25476966720 96.8 5062177095496736 86.9
422322200 25476975220 96.8 5062179804386336 86.9
422418500 25476977620 96.8 5062180915835936 86.9
422565600 25476985920 96.8 5062186590024736 86.9
422615800 25476994920 96.8 5062192112866336 86.9
422782000 25477007720 96.8 5062200608994336 86.9
422895800 25477915720 96.8 5063010169893920 87.0
422910900 25477921220 96.8 5063014764581920 87.0
422939800 25477951520 96.8 5063024614028320 87.0
422963200 25477982020 96.8 5063036313477152 87.0
422982000 25478020020 96.8 5063060638187552 87.0
423060800 25478026220 96.8 5063063653253152 87.0
423352800 25478087020 96.8 5063098066919456 87.0
423367400 25478092120 96.8 5063101671604256 87.0
423774100 25478113620 96.8 5063113343770656 87.0
424114400 25478118720 96.8 5063115696922656 87.0
424345000 25478484620 96.8 5063361477697568 87.0
424513200 25478515420 96.8 5063381293735968 87.0
424676600 25478517420 96.8 5063382931931168 87.0
424797600 25478639520 96.8 5063451822555168 87.0
439147400 25478698620 96.8 5063484901236768 87.0
440491900 25478705920 96.8 5063488955867168 87.0
440949300 25478813120 96.8 5063561550094368 87.0
441008700 25487830320 96.8 5072013476356128 87.1
441213000 25487831120 96.8 5072013677674528 87.1
441222100 25487831220 96.8 5072013730512928 87.1
441499100 25487849320 96.8 5072022794756128 87.1
441500500 25487854320 96.8 5072024275255328 87.1
441517200 25487863720 96.8 5072028741328928 87.1
441523800 25487863920 96.8 5072028793348128 87.1
441530900 25487867820 96.8 5072030132330528 87.1
441549800 25487872620 96.8 5072033407696928 87.1
441577600 25487951520 96.8 5072076822429728 87.1
441711900 25487966620 96.8 5072085759696928 87.1
441727600 25487989220 96.8 5072095803908128 87.1
441760900 25487995920 96.8 5072100538474528 87.1
441775600 25488011320 96.8 5072111027306528 87.1
441848900 25488046420 96.8 5072132627562528 87.1
442642100 25488055020 96.8 5072136304541728 87.1
442697000 25488062420 96.8 5072141086826528 87.1
442827800 25488065020 96.8 5072141929988128 87.1
442905200 25488072820 96.8 5072145343389728 87.1
443069000 25488089920 96.8 5072153753911328 87.1
443099400 25488126820 96.8 5072177403191328 87.1
443153700 25488925120 96.8 5072916320215072 87.1
443164300 25488945220 96.8 5072922059939872 87.1
443179100 25488946920 96.8 5072923106672672 87.1
443235200 25488968820 96.8 5072936358256672 87.1
443385600 25488971020 96.8 5072937682493472 87.1
443406600 25489040620 96.8 5072977439498272 87.1
443528500 25489058320 96.8 5072987580579872 87.1
443642600 25489070020 96.8 5072992789872672 87.1
443689200 25489091120 96.8 5072999921213472 87.1
444037200 25489092420 96.8 5073000412119072 87.1
444175700 25489125720 96.8 5073016560189472 87.1
444380100 25489161720 96.8 5073045045207072 87.1
444863000 25489271120 96.8 5073102479319072 87.1
445096200 25489288720 96.8 5073111370301472 87.1
457679600 25489323520 96.8 5073141063524384 87.1
458061800 25489325320 96.8 5073143046193184 87.1
458264700 25489334720 96.8 5073152033505312 87.1
458315800 25489338220 96.8 5073154882478112 87.1
458472900 25489354420 96.8 5073164591636512 87.1
459077500 25489357620 96.8 5073166994759712 87.1
459101500 25489365920 96.8 5073172179066912 87.1
459117200 25489473120 96.8 5073239937146912 87.1
459189100 25489479320 96.8 5073245154426912 87.1
459577700 25489489120 96.8 5073250939002912 87.1
459656400 25489501920 96.8 5073258694164512 87.1
459682500 25489502920 96.8 5073258833428512 87.1
459761000 25489535020 96.8 5073274994196512 87.1
459775500 25489544220 96.8 5073278777876512 87.1
459799500 25489568620 96.8 5073296722802720 87.1
459909500 25489581020 96.8 5073305686693920 87.1
459926400 25489582320 96.8 5073306020927520 87.1
460118800 25489585620 96.8 5073306828453920 87.1
460158800 25489599020 96.8 5073315277682720 87.1
460184000 25489600420 96.8 5073316665612320 87.1
460252800 25489602020 96.8 5073318377740320 87.1
460284700 25489652320 96.8 5073343622821920 87.1
460454500 25489653420 96.8 5073344748197920 87.1
460481900 25489665420 96.8 5073351909644320 87.1
460527700 25489679620 96.8 5073356934617120 87.1
460690000 25489695120 96.8 5073362064857120 87.1
460751400 25489703020 96.8 5073366965005856 87.1
460773900 25489709220 96.8 5073372018445856 87.1
461147800 25489730020 96.8 5073377557261856 87.1
461207200 25489737620 96.8 5073380990119456 87.1
461351200 25489738520 96.8 5073381826113056 87.1
461368500 25489762320 96.8 5073392670682656 87.1
461377500 25494548620 96.8 5077870245916192 87.2
461416100 25494549920 96.8 5077871087439392 87.2
461436800 25494562120 96.8 5077877495016992 87.2
461448900 25494681320 96.8 5077947295772192 87.2
461462000 25494684420 96.8 5077950387023392 87.2
461475600 25494695620 96.8 5077953573301792 87.2
461535000 25494696320 96.8 5077954347650592 87.2
461557200 25494712620 96.8 5077965036162592 87.2
461570100 25494720020 96.8 5077968720309792 87.2
461627900 25494723220 96.8 5077970079772192 87.2
461701700 25494732020 96.8 5077974323432992 87.2
461747600 25494745320 96.8 5077982913973792 87.2
461774200 25494747420 96.8 5077984317058592 87.2
461889100 25494761920 96.8 5077994290613792 87.2
461913500 25494777320 96.8 5078001937436192 87.2
461960700 25494839920 96.8 5078045227650592 87.2
461990300 25494843520 96.8 5078047003880992 87.2
462233100 25494856120 96.8 5078053638172192 87.2
462390100 25494856920 96.8 5078053964418592 87.2
462501500 25494860420 96.8 5078055972892192 87.2
462587500 25494874320 96.8 5078064956239392 87.2
462606100 25494941620 96.8 5078120049282592 87.2
462628800 25494946420 96.8 5078123349020192 87.2
462633700 25494958720 96.8 5078129430760992 87.2
462634000 25494959720 96.8 5078130031029792 87.2
462664900 25494975320 96.8 5078136441474592 87.2
462733600 25494981220 96.8 5078141604687392 87.2
462737800 25494983020 96.8 5078142521372192 87.2
462776200 25494990220 96.8 5078147731688992 87.2
462809400 25495789820 96.8 5078863983283744 87.2
462839100 25495796520 96.8 5078867846630944 87.2
462891800 25495807720 96.8 5078874669747744 87.2
462899100 25495828920 96.8 5078886312627744 87.2
462939600 25495853620 96.8 5078906309504544 87.2
462962800 25495856220 96.8 5078908408499744 87.2
462971500 25495871720 96.8 5078917792230944 87.2
462989600 25495875520 96.8 5078919865830944 87.2
462997600 25495881620 96.8 5078923335552544 87.2
463003600 25495882720 96.8 5078923950771744 87.2
463016000 25495883620 96.8 5078924499840544 87.2
463020400 25495889020 96.8 5078928066432544 87.2
463089800 25501813620 96.9 5084495906426400 87.3
463098300 25501814620 96.9 5084496775597600 87.3
463123800 25501819120 96.9 5084498216980000 87.3
463155400 25501829020 96.9 5084506280775200 87.3
463187300 25501838320 96.9 5084510134906400 87.3
463284900 25501840020 96.9 5084511698759200 87.3
463357400 25501841420 96.9 5084512261140000 87.3
463464800 25501856420 96.9 5084516696903200 87.3
463469300 25501858920 96.9 5084517844602400 87.3
463520900 25501866820 96.9 5084523759021600 87.3
463615400 25501869720 96.9 5084525198970400 87.3
464132700 25501871420 96.9 5084526652026400 87.3
464165000 25501877620 96.9 5084528920391200 87.3
464305200 25501886620 96.9 5084533164052000 87.3
464324300 25501888020 96.9 5084533355949600 87.3
464328200 25501892820 96.9 5084536133447200 87.3
464382100 25501904020 96.9 5084542492282400 87.3
464480100 25501907720 96.9 5084544768224800 87.3
464499700 25501908720 96.9 5084545299066400 87.3
464513900 25501912020 96.9 5084548714975520 87.3
464525300 25501917020 96.9 5084551832236320 87.3
464539700 25501934620 96.9 5084560241119520 87.3
464559900 25501935820 96.9 5084560766841120 87.3
464567800 25501937820 96.9 5084561846956320 87.3
464617700 25501949720 96.9 5084568249413920 87.3
464619900 25501955820 96.9 5084572620869920 87.3
464681500 25501971520 96.9 5084579092345120 87.3
464699200 25501975720 96.9 5084580670329120 87.3
464708400 25501978320 96.9 5084581743071520 87.3
464710200 25502063920 96.9 5084651965313312 87.3
464717800 25502072120 96.9 5084656184602912 87.3
464737400 25502075120 96.9 5084658950836512 87.3
464757000 25502080920 96.9 5084661221658912 87.3
464780700 25502083320 96.9 5084662778138912 87.3
464978400 25502084120 96.9 5084662879105312 87.3
465073000 25502094820 96.9 5084669454823712 87.3
465157200 25502151920 96.9 5084702584295712 87.3
465160500 25502152520 96.9 5084703392026912 87.3
465295300 25502180220 96.9 5084717098266912 87.3
465301800 25502181320 96.9 5084717722087712 87.3
465363300 25502192520 96.9 5084726319591712 87.3
465370000 25502199420 96.9 5084729654759712 87.3
465842500 25502205220 96.9 5084733621940512 87.3
466300600 25502632020 96.9 5085091756323104 87.3
466471300 25502641520 96.9 5085097231241504 87.3
476264200 25502650120 96.9 5085102377046304 87.3
476355300 25503359120 96.9 5085724094140704 87.4
476420500 25503423420 96.9 5085763613167904 87.4
476490800 25503440520 96.9 5085769334870304 87.4
476544200 25510043120 96.9 5091893979730208 87.5
476622600 25510066020 96.9 5091904513823008 87.5
477616000 25510159720 96.9 5091961260421408 87.5
477966800 25510209920 96.9 5091995189227808 87.5
477992700 25510267020 96.9 5092024546079008 87.5
478050100 25510659720 96.9 5092283887399200 87.5
478108000 25510714520 96.9 5092319416308000 87.5
478416700 25510970720 96.9 5092560158167328 87.5
479613300 25510973720 96.9 5092562994442528 87.5
479843100 25510975520 96.9 5092563756503328 87.5
479856900 25511024420 96.9 5092592681226528 87.5
479915400 25511045020 96.9 5092599468298528 87.5
500626700 25511333620 96.9 5092854850654496 87.5
500715300 25511337220 96.9 5092859241854240 87.5
501745300 25511357420 96.9 5092869393790240 87.5
501869900 25511382820 96.9 5092884818097440 87.5
501885300 25511418420 96.9 5092907726206240 87.5
501975700 25511420920 96.9 5092909797758240 87.5
501978400 25511424220 96.9 5092910388196640 87.5
502118900 25511428920 96.9 5092913057559840 87.5
502248900 25511481520 96.9 5092943608395040 87.5
502253400 25517569020 96.9 5098569196614944 87.6
502272200 25517659620 96.9 5098622608659744 87.6
502364300 25517719620 96.9 5098655465133344 87.6
502401100 25517741520 96.9 5098674244650272 87.6
502449200 25517764420 96.9 5098685118506272 87.6
502465700 25517810120 96.9 5098723588924704 87.6
502505100 25517816120 96.9 5098726935766304 87.6
502549900 25517877420 96.9 5098763312956704 87.6
503560800 25517878720 96.9 5098763804271904 87.6
503580700 25517888420 96.9 5098768290211104 87.6
503823200 25517894320 96.9 5098771509667104 87.6
503932900 25517904320 96.9 5098774789539104 87.6
503935600 25517906620 96.9 5098775391036704 87.6
503940600 25517931620 96.9 5098791706838304 87.6
503966600 25517947520 96.9 5098800745071904 87.6
503984000 25517986320 96.9 5098821901526304 87.6
503999300 25517987920 96.9 5098823267951904 87.6
504017400 25518311020 96.9 5099038642611488 87.6
504132400 25518322820 96.9 5099043150464288 87.6
504139600 25518337120 96.9 5099051130496288 87.6
504146000 25518353620 96.9 5099060465075488 87.6
504169900 25518354920 96.9 5099061452621088 87.6
504292900 25518355820 96.9 5099062345958688 87.6
513349000 25518368820 96.9 5099069990937888 87.6
513804700 25518371820 96.9 5099072598656288 87.6
513913800 25518396620 96.9 5099085699097888 87.6
514016200 25518402820 96.9 5099089924121888 87.6
514036500 25518408920 96.9 5099092783129888 87.6
514097100 25518419020 96.9 5099098374579488 87.6
514168700 25518422320 96.9 5099099914675488 87.6
514192100 25518427920 96.9 5099101601613088 87.6
514340200 25518432120 96.9 5099103820006688 87.6
514410500 25518438820 96.9 5099106896921888 87.6
514413200 25518456020 96.9 5099116097357088 87.6
514591000 25518461520 96.9 5099120494208288 87.6
515004800 25518462420 96.9 5099120966067488 87.6
515005500 25518465120 96.9 5099122984576288 87.6
515143000 25518480820 96.9 5099127981901088 87.6
515171900 25518485820 96.9 5099132311168288 87.6
515267100 25518491420 96.9 5099135613158688 87.6
515370900 25523539420 96.9 5103863653352736 87.7
515386600 25523546620 96.9 5103868877800736 87.7
515469500 25523547420 96.9 5103869096527136 87.7
515563500 25523558320 96.9 5103874164712736 87.7
515576600 25523567120 96.9 5103878360859936 87.7
515580300 25524188920 96.9 5104424501118240 87.7
515584900 25524196120 96.9 5104431313402656 87.7
515631100 25524196620 96.9 5104431962413856 87.7
515742300 25524197420 96.9 5104432447175456 87.7
515851300 25524201620 96.9 5104434510535456 87.7
515853600 25524202620 96.9 5104435235117856 87.7
515986700 25524204720 96.9 5104437368929056 87.7
516034200 25524205420 96.9 5104439035386656 87.7
516048000 25524209720 96.9 5104442331028256 87.7
516114500 25524211420 96.9 5104443153914656 87.7
516163500 25524212920 96.9 5104444810541856 87.7
516192000 25524214020 96.9 5104445116103456 87.7
516209800 25524216820 96.9 5104447095085856 87.7
516322200 25524217620 96.9 5104447193389856 87.7
516324100 25524218320 96.9 5104447829498656 87.7
516405200 25524219220 96.9 5104448652180256 87.7
516673900 25524220020 96.9 5104449901050656 87.7
516732000 25524223520 96.9 5104451706567456 87.7
516834900 25524235520 96.9 5104458113121056 87.7
517008300 25524251020 96.9 5104469236013856 87.7
517104400 25524252520 96.9 5104470760340256 87.7
517314200 25524254720 96.9 5104472020474656 87.7
517342300 25524665220 96.9 5104839138466592 87.7
517345900 25524670720 96.9 5104843587951392 87.7
517402300 25524708420 96.9 5104865707989792 87.7
517408800 25524744120 96.9 5104888207727392 87.7
517441700 25524745020 96.9 5104888535612192 87.7
517446600 25524759520 96.9 5104895383304992 87.7
517484100 25524772220 96.9 5104903089724192 87.7
517625900 25524775220 96.9 5104904774204192 87.7
517645500 25524897020 96.9 5104983666440992 87.7
517648000 25524906620 96.9 5104990880111392 87.7
517810200 25524913220 96.9 5104995532552992 87.7
517914000 25524913720 96.9 5104995962837792 87.7
518070700 25524950820 96.9 5105017442466592 87.7
518213700 25525003320 96.9 5105046796040992 87.7
518214200 25525012820 96.9 5105052240648992 87.7
518726100 25525054020 96.9 5105072766114592 87.7
518934000 25525078720 96.9 5105095849597728 87.7
528051500 25525095620 96.9 5105105832778528 87.7
528188100 25530349420 97.0 5109966513642272 87.8
528460400 25530390020 97.0 5109987014531872 87.8
528580900 25530459320 97.0 5110025630391072 87.8
528692700 25530464120 97.0 5110029191658272 87.8
528765800 25530538420 97.0 5110068657027872 87.8
528867100 25530547620 97.0 5110073187818272 87.8
528914400 25530549820 97.0 5110074323434272 87.8
530134600 25530566020 97.0 5110082180791072 87.8
530338800 25530568020 97.0 5110083612547872 87.8
530389200 25530571120 97.0 5110085419907872 87.8
530455200 25530628220 97.0 5110118236035872 87.8
530503800 25530634920 97.0 5110119815453472 87.8
530555900 25530641720 97.0 5110124337027872 87.8
530592600 25530662520 97.0 5110130730679072 87.8
530624300 25530699920 97.0 5110140402359072 87.8
530657700 25530706220 97.0 5110144617962272 87.8
530671700 25530707620 97.0 5110145509047072 87.8
530847600 25530747820 97.0 5110170209770272 87.8
549246000 25530771720 97.0 5110182302391072 87.8
549629900 25530788320 97.0 5110191498115872 87.8
549749600 25530801320 97.0 5110198164355872 87.8
549810600 25531023220 97.0 5110334584912672 87.8
550209100 25538445120 97.0 5117158277643040 87.9
550934700 25538460720 97.0 5117170979825440 87.9
551545600 25538461720 97.0 5117171483838240 87.9
551598600 25538478920 97.0 5117180868798240 87.9
551660600 25538480720 97.0 5117182352574240 87.9
551664200 25538481620 97.0 5117182645643040 87.9
551666400 25538502420 97.0 5117193962686240 87.9
551743600 25538509420 97.0 5117197503883040 87.9
551893400 25538538120 97.0 5117229234159392 87.9
551899900 25538544820 97.0 5117232049544992 87.9
551912800 25539600420 97.0 5118092233072416 87.9
551962600 25539610320 97.0 5118100352324384 87.9
551974200 25539619520 97.0 5118107330474784 87.9
552052300 25539621420 97.0 5118109764004384 87.9
552957600 25539622820 97.0 5118110315735584 87.9
553439300 25539625220 97.0 5118112711281184 87.9
553548000 25539627120 97.0 5118114275543584 87.9
553755500 25539649420 97.0 5118131842923040 87.9
553827400 25539654620 97.0 5118137261513248 87.9
553846300 25539698020 97.0 5118181780023840 87.9
553884700 25539860620 97.0 5118294495185440 87.9
553975800 25540162120 97.0 5118577559226912 87.9
554842900 25540170720 97.0 5118582640519712 87.9
555378800 25540194420 97.0 5118594774919712 87.9
574649600 25540197920 97.0 5118596462881312 87.9
575657800 25540199120 97.0 5118597720558112 87.9
575733800 25540203620 97.0 5118600227423520 87.9
575855600 25540219620 97.0 5118610149164320 87.9
575947800 25540227420 97.0 5118615277561120 87.9
576010000 25540235920 97.0 5118620051858720 87.9
576065600 25540238620 97.0 5118621113337120 87.9
576088200 25540239320 97.0 5118621205701920 87.9
576113300 25540239820 97.0 5118621468255520 87.9
576122400 25540240620 97.0 5118621739615520 87.9
576194900 25540247020 97.0 5118625074578720 87.9
576260000 25540259020 97.0 5118631859807520 87.9
576308600 25540263920 97.0 5118637967353120 87.9
576492600 25540269520 97.0 5118642128889120 87.9
576492900 25540271120 97.0 5118645587961120 87.9
576507800 25540272920 97.0 5118646235743520 87.9
576604400 25540274220 97.0 5118647311148320 87.9
576607000 25540277820 97.0 5118649415877920 87.9
576634800 25540277920 97.0 5118649536505120 87.9
576664700 25540284720 97.0 5118655954937120 87.9
576665400 25540285120 97.0 5118656270943520 87.9
576710100 25540288620 97.0 5118658565727520 87.9
576727200 25540289020 97.0 5118658738783520 87.9
576756800 25540289120 97.0 5118659112338720 87.9
576786600 25540303120 97.0 5118667447698720 87.9
576821500 25540307020 97.0 5118671110341920 87.9
576850400 25540320620 97.0 5118680263673120 87.9
576895700 25540322320 97.0 5118680982930720 87.9
576942800 25540324820 97.0 5118683352261920 87.9
576946400 25540343920 97.0 5118693457298720 87.9
576964900 25540347320 97.0 5118695401260320 87.9
576978100 25540349820 97.0 5118697548588320 87.9
577050800 25540362620 97.0 5118706057004320 87.9
577068900 25540368920 97.0 5118710862636320 87.9
577069900 25540373120 97.0 5118714157591840 87.9
577087300 25540382020 97.0 5118718845259040 87.9
577116100 25540544120 97.0 5118864631975200 87.9
577127100 25540546520 97.0 5118866509786400 87.9
577149200 25540555120 97.0 5118872153255200 87.9
577151600 25540556420 97.0 5118873071168800 87.9
577289400 25540562720 97.0 5118877760255264 87.9
577309600 25540563920 97.0 5118878452684064 87.9
577319600 25540567520 97.0 5118881010636064 87.9
577348200 25540571820 97.0 5118885269247264 87.9
577428100 25540575020 97.0 5118887793407264 87.9
577500600 25540608120 97.0 5118914667541792 87.9
577521700 25540609520 97.0 5118916843336992 87.9
577530800 25540627520 97.0 5118930148623648 87.9
577536400 25540629420 97.0 5118931379881248 87.9
577553400 25540632620 97.0 5118932476636832 87.9
577569000 25545997720 97.0 5123890905231008 88.0
577670900 25546044320 97.0 5123906631823008 88.0
577801000 25546047920 97.0 5123910189199008 88.0
577809700 25546049020 97.0 5123910980751008 88.0
577920300 25546049420 97.0 5123911012290208 88.0
577955000 25546051620 97.0 5123911907266208 88.0
577993500 25546052120 97.0 5123911961333408 88.0
578056900 25546052720 97.0 5123912072539808 88.0
578063600 25546053320 97.0 5123912252559008 88.0
578414600 25546056020 97.0 5123913964687008 88.0
578465000 25546056620 97.0 5123914198363808 88.0
578558100 25546057520 97.0 5123914526863008 88.0
578700600 25546057920 97.0 5123914687221408 88.0
578751400 25546063020 97.0 5123917044469408 88.0
578760900 25546064320 97.0 5123917641256608 88.0
578843800 25546065020 97.0 5123917944975008 88.0
578884000 25546068620 97.0 5123920353423008 88.0
578931400 25546069120 97.0 5123920657755808 88.0
578939200 25546070720 97.0 5123923737128608 88.0
578946900 25546071520 97.0 5123924048015008 88.0
578947200 25546072920 97.0 5123924909199008 88.0
578998400 25546073720 97.0 5123926158069408 88.0
579000600 25546074320 97.0 5123926291599008 88.0
579007100 25546074720 97.0 5123926910299808 88.0
579012600 25546076520 97.0 5123927945359008 88.0
579040900 25546081120 97.0 5123931764879008 88.0
579086000 25546085520 97.0 5123933720923808 88.0
579100500 25546086920 97.0 5123934463938208 88.0
579145000 25546088120 97.0 5123934988635808 88.0
579183800 25546091420 97.0 5123936670658208 88.0
579194700 25546118620 97.0 5123947027394208 88.0
579204100 25546122520 97.0 5123950113935008 88.0
579208000 25546123020 97.0 5123950360309408 88.0
579223700 25546124020 97.0 5123950771547808 88.0
579231100 25546124220 97.0 5123950787317408 88.0
579254500 25546135820 97.0 5123959173565600 88.0
579301400 25546137220 97.0 5123959833636000 88.0
579309400 25546137420 97.0 5123960402365600 88.0
579335500 25546137720 97.0 5123960414858400 88.0
579384700 25546186120 97.0 5123994415344800 88.0
579407300 25546186520 97.0 5123994941066400 88.0
579482100 25546187020 97.0 5123995125796000 88.0
579505200 25546187520 97.0 5123995414154400 88.0
579531500 25546187720 97.0 5123995459620000 88.0
579574100 25546188420 97.0 5123995770916000 88.0
579602700 25546189220 97.0 5123996032855200 88.0
579616400 25546189620 97.0 5123996107607200 88.0
579668800 25546191320 97.0 5123996553456800 88.0
579735300 25546193420 97.0 5123998383754400 88.0
579738800 25546196920 97.0 5123999941872800 88.0
579746100 25546197520 97.0 5124000187428000 88.0
579768000 25546199520 97.0 5124001605668000 88.0
579896000 25546200820 97.0 5124002316733600 88.0
579907500 25546202520 97.0 5124003205156000 88.0
579946400 25546203620 97.0 5124003643428000 88.0
579988400 25546205520 97.0 5124004612132000 88.0
580069000 25546210120 97.0 5124006739389600 88.0
580146200 25546210520 97.0 5124006857764000 88.0
580159800 25546288420 97.0 5124068744309920 88.0
581307300 25546288520 97.0 5124068801244320 88.0
581701000 25546291220 97.0 5124071145794720 88.0
586723300 25546291820 97.0 5124071441525920 88.0
587038100 25546294020 97.0 5124072206453920 88.0
587736700 25546324820 97.0 5124095412341920 88.0
587991600 25546349320 97.0 5124107142876320 88.0
588117800 25546353720 97.0 5124108884495520 88.0
588216200 25546354820 97.0 5124109638159520 88.0
588277200 25546355320 97.0 5124109997378720 88.0
588336900 25546360320 97.0 5124112303631520 88.0
588523400 25546378620 97.0 5124122657909920 88.0
588701200 25550299920 97.0 5127759948901536 88.1
588722700 25550302920 97.0 5127761952869536 88.1
588777900 25550312020 97.0 5127767077784736 88.1
588911400 25550312420 97.0 5127767170968736 88.1
589064300 25550313520 97.0 5127767882853536 88.1
589123200 25550314720 97.0 5127768425983136 88.1
589390700 25550316620 97.0 5127769958702496 88.1
589428500 25550320120 97.0 5127771745582496 88.1
589548600 25550320620 97.0 5127772239969696 88.1
589647400 25550327720 97.0 5127777742347168 88.1
589684200 25550328120 97.0 5127777991998368 88.1
589812100 25550328720 97.0 5127778378046368 88.1
589881600 25550330420 97.0 5127780026891168 88.1
590307900 25550345920 97.0 5127798056688544 88.1
590314900 25550360220 97.0 5127805288176544 88.1
590364200 25550361920 97.0 5127805569981344 88.1
590418400 25550363520 97.0 5127806599920544 88.1
590496600 25550364420 97.0 5127807387718176 88.1
590571100 25550368320 97.0 5127810354691360 88.1
590585800 25550371320 97.0 5127811863862560 88.1
590659900 25550378320 97.0 5127815443152160 88.1
590675600 25550382220 97.0 5127818610038048 88.1
590698900 25550395920 97.0 5127825450562848 88.1
590779200 25550410320 97.0 5127833987036448 88.1
590815900 25550415120 97.0 5127837936604448 88.1
590835200 25550425620 97.0 5127843518838048 88.1
590847700 25550428520 97.0 5127845246940448 88.1
590877300 25550430820 97.0 5127846917903648 88.1
590976600 25550444720 97.0 5127853636367648 88.1
591041900 25550452220 97.0 5127856514626848 88.1
591153800 25550454620 97.0 5127857833948448 88.1
591303800 25550467720 97.0 5127865687823648 88.1
591442700 25550469120 97.0 5127866662262048 88.1
591481800 25550506220 97.0 5127905154086176 88.1
591486200 25550506820 97.0 5127905462719776 88.1
591502700 25550508520 97.0 5127906444940576 88.1
591526400 25550512020 97.0 5127908506252576 88.1
591599300 25550552320 97.0 5127935006553376 88.1
591636900 25550552920 97.0 5127935175922976 88.1
591797200 25550730620 97.0 5128103490458912 88.1
591821400 25550746720 97.0 5128123459501344 88.1
592272500 25550779720 97.0 5128161524509984 88.1
592295700 25550790920 97.0 5128167084010784 88.1
592622300 25550798320 97.0 5128178550940960 88.1
592649000 25550810920 97.0 5128192410356000 88.1
592670900 25550811420 97.0 5128192972736800 88.1
592706000 25550823720 97.0 5128198002420000 88.1
592825100 25550827920 97.0 5128199363111200 88.1
592827100 25550830020 97.0 5128201284749600 88.1
592831200 25550833220 97.0 5128202426919200 88.1
592839600 25550838020 97.0 5128204685248800 88.1
592863700 25550839320 97.0 5128205303058592 88.1
593034900 25550840620 97.0 5128206053036192 88.1
593079000 25550945720 97.0 5128241441042592 88.1
593268200 25550951020 97.0 5128246138335392 88.1
593448600 25550952420 97.0 5128247750111392 88.1
593678700 25550956820 97.0 5128250422546592 88.1
593729300 25550965720 97.0 5128257707227296 88.1
593748300 25550966320 97.0 5128258026510496 88.1
593891300 25550969320 97.0 5128259474241696 88.1
615987000 25550975920 97.0 5128263378753696 88.1
616472000 25550978720 97.0 5128265053608096 88.1
616524400 25551184320 97.0 5128413252819104 88.1
616528300 25551184520 97.0 5128413268588704 88.1
616644300 25551187420 97.0 5128414505171104 88.1
616646000 25551189220 97.0 5128414830188704 88.1
616851800 25551189820 97.0 5128415399327904 88.1
616998100 25551194720 97.0 5128418899974304 88.1
617039000 25551204020 97.0 5128427334867104 88.1
617165300 25551206020 97.0 5128428392044704 88.1
617208400 25551207220 97.0 5128428955039904 88.1
617277100 25551233920 97.0 5128451706271904 88.1
617280500 25551236320 97.0 5128452750956704 88.1
617302900 25551246620 97.0 5128460059654304 88.1
617345900 25551249220 97.0 5128461588486304 88.1
617480700 25551255320 97.0 5128464614201504 88.1
617533700 25551258820 97.0 5128468107270304 88.1
617582500 25551261520 97.0 5128469337299104 88.1
617594100 25551262420 97.0 5128469599443104 88.1
617601000 25551267820 97.0 5128474371806880 88.1
617631500 25551271020 97.0 5128475923371680 88.1
617743000 25551277320 97.0 5128478907922080 88.1
617772500 25551282820 97.0 5128483330373280 88.1
617873100 25551283120 97.0 5128483515922080 88.1
617926300 25551294220 97.0 5128491244050080 88.1
617973300 25551295420 97.0 5128492653483680 88.1
618005200 25551297220 97.0 5128493983864480 88.1
618038200 25551300220 97.0 5128495031826080 88.1
618066300 25551301820 97.0 5128496477304480 88.1
618155900 25551304920 97.0 5128497928926880 88.1
618171400 25551305920 97.0 5128499703723680 88.1
618174600 25551315620 97.0 5128506556331680 88.1
618207100 25551316720 97.0 5128507221112480 88.1
618219100 25551319320 97.0 5128507986245280 88.1
618256700 25551319620 97.0 5128508357342880 88.1
618548200 25551320720 97.0 5128508817733280 88.1
618677000 25551324820 97.0 5128513020434080 88.1
618788100 25556993120 97.1 5133692069942944 88.2
618870900 25557001820 97.1 5133700459181216 88.2
618873300 25557003420 97.1 5133701122938016 88.2
618876300 25557004420 97.1 5133701326918816 88.2
618930400 25557005320 97.1 5133701679174816 88.2
618999000 25557006820 97.1 5133702366688416 88.2
619035700 25557007620 97.1 5133702517216416 88.2
619072600 25557007720 97.1 5133702559200416 88.2
619136100 25557008620 97.1 5133703035565216 88.2
619145700 25557012820 97.1 5133706016224416 88.2
619202500 25557015020 97.1 5133706917139616 88.2
619252200 25557015120 97.1 5133706924717216 88.2
619256300 25557016020 97.1 5133707155322016 88.2
619258500 25557017020 97.1 5133707783034016 88.2
619303400 25557019220 97.1 5133708322272416 88.2
619333500 25557020520 97.1 5133708717946016 88.2
619378200 25557020720 97.1 5133708865811616 88.2
619495100 25557021020 97.1 5133709157446816 88.2
619503600 25557022120 97.1 5133710232032416 88.2
619531600 25557118720 97.1 5133799184897184 88.2
619539400 25557119420 97.1 5133799568282784 88.2
619558500 25557121820 97.1 5133801017447584 88.2
619573000 25557124720 97.1 5133803837338784 88.2
619627700 25557146520 97.1 5133815636481184 88.2
619639900 25557146820 97.1 5133815765095584 88.2
619652800 25557147620 97.1 5133816329524384 88.2
619678000 25557147820 97.1 5133816359834784 88.2
619703200 25557157120 97.1 5133826196008096 88.2
619775600 25557160220 97.1 5133828687195296 88.2
619800100 25557162120 97.1 5133830497217696 88.2
619821400 25557162820 97.1 5133831011880096 88.2
619944700 25557164520 97.1 5133831745470496 88.2
619948100 25557167120 97.1 5133833669976096 88.2
619995400 25557169220 97.1 5133834943832096 88.2
620022500 25557176620 97.1 5133839289688096 88.2
620030000 25557177320 97.1 5133839455985696 88.2
620100800 25557180520 97.1 5133841547812896 88.2
620143100 25557182920 97.1 5133843111460896 88.2
620154400 25557183220 97.1 5133843441803296 88.2
620171200 25557184020 97.1 5133843688587296 88.2
620183300 25557189220 97.1 5133847638564896 88.2
620199200 25557194620 97.1 5133851221745696 88.2
620209400 25557197520 97.1 5133853238820896 88.2
620213900 25557199120 97.1 5133854685323296 88.2
620225200 25557199420 97.1 5133854709080096 88.2
620241100 25557202120 97.1 5133856150052896 88.2
620249600 25557202920 97.1 5133856929726496 88.2
620272800 25557203720 97.1 5133857181425696 88.2
620316700 25557204920 97.1 5133857920548896 88.2
620334300 25557207820 97.1 5133859413950496 88.2
620396000 25557208620 97.1 5133860126040096 88.2
620453000 25557220620 97.1 5133868525297696 88.2
620461600 25557223020 97.1 5133870042251296 88.2
620496800 25557223420 97.1 5133870106148896 88.2
620525200 25557223920 97.1 5133871025905696 88.2
620554200 25557224720 97.1 5133871315902496 88.2
620750400 25557224920 97.1 5133871333924896 88.2
620804000 25557225320 97.1 5133871403556896 88.2
620845100 25557226420 97.1 5133871863947296 88.2
620886500 25557244720 97.1 5133881411928096 88.2
620922000 25557244920 97.1 5133881513713696 88.2
621032800 25557250920 97.1 5133885493387296 88.2
621037400 25557270920 97.1 5133895201931296 88.2
621152500 25557271320 97.1 5133895247192096 88.2
621490100 25557271720 97.1 5133895648600096 88.2
621518400 25557271920 97.1 5133895995736096 88.2
621595800 25557275920 97.1 5133899335204896 88.2
621619300 25557276420 97.1 5133900117131296 88.2
621624800 25557276720 97.1 5133900154814496 88.2
621671800 25557276920 97.1 5133900273393696 88.2
621765200 25557277220 97.1 5133900310257696 88.2
621770800 25557278820 97.1 5133902571799584 88.2
621828300 25557295720 97.1 5133914307658784 88.2
621870900 25557297020 97.1 5133914661757984 88.2
621899000 25557307220 97.1 5133920004580384 88.2
621995700 25557307720 97.1 5133920061309984 88.2
621997100 25557308720 97.1 5133920264881184 88.2
622008100 25557309220 97.1 5133920487703584 88.2
622028700 25557310120 97.1 5133920957309984 88.2
622029200 25557310220 97.1 5133920973693984 88.2
622076800 25557312520 97.1 5133923231613984 88.2
622209700 25557313120 97.1 5133923494577184 88.2
622218900 25557315220 97.1 5133925203837984 88.2
622288600 25557320320 97.1 5133926997066784 88.2
622424300 25557329720 97.1 5133935260407840 88.2
622499300 25557340820 97.1 5133945171121184 88.2
622535700 25557342020 97.1 5133945438180384 88.2
622576900 25557342120 97.1 5133945486717984 88.2
622615900 25557343220 97.1 5133945747428384 88.2
622635100 25557346620 97.1 5133948893770784 88.2
622732800 25557356020 97.1 5133956638541856 88.2
622747000 25557356320 97.1 5133956851943456 88.2
622862200 25557380820 97.1 5133983702751264 88.2
622881500 25557383920 97.1 5133986324805664 88.2
622881600 25557493420 97.1 5134020543404064 88.2
622950100 25557917620 97.1 5134440140036128 88.2
622991300 25557922520 97.1 5134443970820128 88.2
623009800 25557923320 97.1 5134444208183328 88.2
623014900 25557923820 97.1 5134444544464928 88.2
623076500 25557928120 97.1 5134447583447328 88.2
623181200 25557928520 97.1 5134447844772128 88.2
623246900 25557929820 97.1 5134449296804128 88.2
623346100 25557930320 97.1 5134449907927328 88.2
623397000 25557931120 97.1 5134450181130528 88.2
623485200 25557933020 97.1 5134451013437728 88.2
623499900 25557933420 97.1 5134451255716128 88.2
623523300 25557934320 97.1 5134451992996128 88.2
623538400 25557935720 97.1 5134452714506528 88.2
623556700 25557936420 97.1 5134452902717728 88.2
623665900 25557936720 97.1 5134453231421728 88.2
623762300 25557937020 97.1 5134453874903328 88.2
623800300 25557937320 97.1 5134453934500128 88.2
623800800 25557941320 97.1 5134456608368928 88.2
623855700 25557941720 97.1 5134456678205728 88.2
623873900 25557943420 97.1 5134457844746528 88.2
623928700 25557988820 97.1 5134501211113760 88.2
623983900 25557991420 97.1 5134502406314528 88.2
624048900 25557992320 97.1 5134502931421728 88.2
624053200 25557994320 97.1 5134505028164128 88.2
624069800 25557998720 97.1 5134508257040928 88.2
624072600 25558002120 97.1 5134510160861728 88.2
624101300 25558002720 97.1 5134510532573728 88.2
624105100 25558011620 97.1 5134517783722528 88.2
624124900 25558012120 97.1 5134518239812128 88.2
624156300 25558013620 97.1 5134519093828128 88.2
624158500 25558013720 97.1 5134519241898528 88.2
624170100 25558016220 97.1 5134521402862112 88.2
624195400 25558016720 97.1 5134521450785312 88.2
624206900 25558016920 97.1 5134521464711712 88.2
624252000 25558017020 97.1 5134521528814112 88.2
624267900 25558017320 97.1 5134521768839712 88.2
624295900 25558018020 97.1 5134522016852512 88.2
624334000 25558020120 97.1 5134523290868256 88.2
624336200 25558020320 97.1 5134523374221856 88.2
624479300 25558021120 97.1 5134523839732256 88.2
624574200 25558021520 97.1 5134523923290656 88.2
624686600 25558022920 97.1 5134524344154656 88.2
624736300 25558025820 97.1 5134525097409056 88.2
624820000 25558026420 97.1 5134525387201056 88.2
624835600 25558027220 97.1 5134525912513056 88.2
624877100 25558029320 97.1 5134530314384416 88.2
624994900 25558029420 97.1 5134530314998816 88.2
625188300 25558029720 97.1 5134530986742816 88.2
625218900 25558030120 97.1 5134531159798816 88.2
625221800 25558030720 97.1 5134531361526816 88.2
625237100 25558031320 97.1 5134531556906016 88.2
625271800 25558033120 97.1 5134532540355616 88.2
625332100 25558033320 97.1 5134532563293216 88.2
625351800 25558035220 97.1 5134533697066016 88.2
625401400 25558037020 97.1 5134534868474272 88.2
625424000 25558037720 97.1 5134535145773472 88.2
625519300 25558043420 97.1 5134537402231712 88.2
625539500 25558044220 97.1 5134537687722912 88.2
625590800 25558045020 97.1 5134538740394912 88.2
625625600 25558045720 97.1 5134538919594912 88.2
625713600 25558046220 97.1 5134539215326112 88.2
625761400 25558048920 97.1 5134540114602912 88.2
625768300 25558049620 97.1 5134540568234912 88.2
625836400 25558049820 97.1 5134540656503712 88.2
625858300 25558050420 97.1 5134540930935712 88.2
625891000 25558050620 97.1 5134540953873312 88.2
625932200 25558053620 97.1 5134544522103712 88.2
625951900 25558056620 97.1 5134546906385312 88.2
625952300 25558060120 97.1 5134550415876768 88.2
625964500 25558060920 97.1 5134550838174368 88.2
625979800 25558065820 97.1 5134552849310368 88.2
625993700 25558068620 97.1 5134555171127968 88.2
626051000 25558072820 97.1 5134557986103968 88.2
626106400 25558073120 97.1 5134559930270368 88.2
626160400 25558075920 97.1 5134563434621344 88.2
626255300 25558077820 97.1 5134564113123744 88.2
626257000 25558078220 97.1 5134564379158944 88.2
626411600 25558078520 97.1 5134564670589344 88.2
626422200 25558085420 97.1 5134570950494112 88.2
626424600 25558086420 97.1 5134571284932512 88.2
626433700 25558088620 97.1 5134573047031712 88.2
626460700 25558089120 97.1 5134573353617312 88.2
626467900 25558089720 97.1 5134573516638112 88.2
626626500 25558090620 97.1 5134573855991712 88.2
626669800 25558091220 97.1 5134574437214112 88.2
626709400 25558091820 97.1 5134574722705312 88.2
626753300 25558092620 97.1 5134574873028512 88.2
626757000 25558093720 97.1 5134575710660512 88.2
626779000 25558094320 97.1 5134576956868512 88.2
626836500 25558097620 97.1 5134580029892512 88.2
626857400 25558099220 97.1 5134581180458912 88.2
626876200 25558108020 97.1 5134591033571232 88.2
626904800 25562951920 97.1 5139035599632288 88.3
626915500 25562952520 97.1 5139036575913888 88.3
626940300 25562952720 97.1 5139036716816288 88.3
626967800 25562952920 97.1 5139036732790688 88.3
626977000 25562953420 97.1 5139037044701088 88.3
627006900 25562954220 97.1 5139037421737888 88.3
627040900 25562954720 97.1 5139037433411488 88.3
627072500 25562955020 97.1 5139037606672288 88.3
627117400 25562955720 97.1 5139037927389088 88.3
627179900 25562956220 97.1 5139038569641888 88.3
627266900 25562956520 97.1 5139038659958688 88.3
627397500 25562956820 97.1 5139039247939488 88.3
627434000 25562957320 97.1 5139039413622688 88.3
627461600 25562957720 97.1 5139039732217984 88.3
627572800 25562957920 97.1 5139039807379584 88.3
627709600 25562958520 97.1 5139040419117184 88.3
627715100 25562959220 97.1 5139041026144384 88.3
627744600 25562960520 97.1 5139041541216384 88.3
627787200 25562963020 97.1 5139042621741184 88.3
627798600 25562963620 97.1 5139043149305984 88.3
627806000 25562964020 97.1 5139043235936384 88.3
627843200 25562965420 97.1 5139043952121984 88.3
627914800 25562965520 97.1 5139043987757184 88.3
627925600 25562966220 97.1 5139044760672384 88.3
627934500 25562968420 97.1 5139046652614784 88.3
627975900 25562969220 97.1 5139046974560384 88.3
628040800 25562970520 97.1 5139047448467584 88.3
628046500 25562970820 97.1 5139047471609984 88.3
628117700 25562972420 97.1 5139048652077184 88.3
628121300 25562973320 97.1 5139048884934784 88.3
628150100 25562973920 97.1 5139049442400384 88.3
628169800 25562975220 97.1 5139050754144384 88.3
628175900 25562975520 97.1 5139050812717184 88.3
628181700 25562976020 97.1 5139050866374784 88.3
628195100 25562976320 97.1 5139051336595584 88.3
628213300 25562976420 97.1 5139051344582784 88.3
628253600 25562977320 97.1 5139051914336384 88.3
628295600 25562979020 97.1 5139054206662784 88.3
628335000 25562980920 97.1 5139055016851584 88.3
628354200 25562983120 97.1 5139055919200384 88.3
628386000 25562986620 97.1 5139057377376384 88.3
628446800 25562986720 97.1 5139057394374784 88.3
628519400 25562986820 97.1 5139057409734784 88.3
628682700 25562986920 97.1 5139057466464384 88.3
628697900 25562987420 97.1 5139058005088384 88.3
628704700 25562987620 97.1 5139058032326784 88.3
628753300 25562988220 97.1 5139058260064384 88.3
628770400 25562996320 97.1 5139062228678784 88.3
628857600 25563006120 97.1 5139069309731456 88.3
628939700 25563009920 97.1 5139071464227456 88.3
628959700 25563010820 97.1 5139072344573824 88.3
628963300 25563011020 97.1 5139072360343424 88.3
628994100 25563014420 97.1 5139075917514624 88.3
628996900 25563014820 97.1 5139076411697024 88.3
629001000 25563015020 97.1 5139076445079424 88.3
629005300 25563015320 97.1 5139076912228224 88.3
629010700 25563016820 97.1 5139078052639872 88.3
629025900 25563018820 97.1 5139079265875072 88.3
629067400 25563019020 97.1 5139079358239872 88.3
629079000 25563019220 97.1 5139079779308672 88.3
629145400 25563019420 97.1 5139079809414272 88.3
629148300 25563019920 97.1 5139080609567872 88.3
629184400 25563020020 97.1 5139080617350272 88.3
629187400 25563022520 97.1 5139081611039872 88.3
629213500 25563024320 97.1 5139083420243072 88.3
629224300 25563026320 97.1 5139085399225472 88.3
629229800 25563029220 97.1 5139090363987072 88.3
629248000 25563030020 97.1 5139090742457472 88.3
629248100 25563031020 97.1 5139090980025472 88.3
629318900 25563031220 97.1 5139091021190272 88.3
629401500 25563032520 97.1 5139091579270272 88.3
629419500 25563037120 97.1 5139094746297472 88.3
629462900 25563038520 97.1 5139095404934272 88.3
630085900 25563039020 97.1 5139095692678272 88.3
630323900 25563040420 97.1 5139096270214272 88.3
630444400 25563041920 97.1 5139097659669632 88.3
630601600 25563042020 97.1 5139097666018432 88.3
630874700 25563042320 97.1 5139097829653632 88.3
631297500 25563046820 97.1 5139100531458432 88.3
652386200 25563049420 97.1 5139103005032832 88.3
652486800 25563049720 97.1 5139103449858432 88.3
652556100 25563053720 97.1 5139106867151232 88.3
652585600 25563054020 97.1 5139107248079232 88.3
652617100 25563054820 97.1 5139108079362432 88.3
652627200 25563054920 97.1 5139108086940032 88.3
652794400 25563056420 97.1 5139108855144832 88.3
653118200 25563059620 97.1 5139110757736832 88.3
653153200 25563062920 97.1 5139112740200832 88.3
653172500 25563066020 97.1 5139115146600832 88.3
653260600 25563067020 97.1 5139115827151232 88.3
653274000 25563067220 97.1 5139115975836032 88.3
653307500 25563071620 97.1 5139117520232832 88.3
653333100 25563072220 97.1 5139117752066432 88.3
653389100 25563078020 97.1 5139122358223232 88.3
653417600 25563083420 97.1 5139124246684032 88.3
653441900 25563084420 97.1 5139124388815232 88.3
653447800 25563090920 97.1 5139129853698432 88.3
653518900 25563091120 97.1 5139129869877632 88.3
653519700 25563091620 97.1 5139130311631232 88.3
653576500 25563092320 97.1 5139130550018432 88.3
653584300 25563092720 97.1 5139130588520832 88.3
653719800 25563094720 97.1 5139132002664832 88.3
653735900 25563098120 97.1 5139134208156032 88.3
653896000 25563101620 97.1 5139137095631232 88.3
653912600 25563107820 97.1 5139140740456832 88.3
653926500 25563109220 97.1 5139142331138432 88.3
654046900 25563109820 97.1 5139142514434432 88.3
654110400 25563110120 97.1 5139142681551232 88.3
654186900 25563110220 97.1 5139142751388032 88.3
654191900 25563114020 97.1 5139145202844032 88.3
654214800 25563118920 97.1 5139148620341632 88.3
654223200 25563119520 97.1 5139148734210432 88.3
654255400 25563122220 97.1 5139151717327232 88.3
654415400 25563123420 97.1 5139153914421632 88.3
654440600 25563123820 97.1 5139154096693632 88.3
654537200 25563124620 97.1 5139154909135232 88.3
654542300 25563124920 97.1 5139155278799232 88.3
654567000 25563128520 97.1 5139157924200832 88.3
654619500 25563129920 97.1 5139158585909632 88.3
654628100 25563130620 97.1 5139159594344832 88.3
654649100 25563132720 97.1 5139161307496832 88.3
654687700 25563136220 97.1 5139164027445632 88.3
654771200 25563137920 97.1 5139164350824832 88.3
654800200 25563139320 97.1 5139165366428032 88.3
654841300 25563140020 97.1 5139165990453632 88.3
654843800 25563140720 97.1 5139166548328832 88.3
654898200 25563143420 97.1 5139168214991232 88.3
654942100 25563143920 97.1 5139168446415232 88.3
655007200 25563144720 97.1 5139169178165632 88.3
655031000 25563144920 97.1 5139169617461632 88.3
655042200 25563151920 97.1 5139175574874496 88.3
655052400 25563152620 97.1 5139176436058496 88.3
655084200 25563154820 97.1 5139177859008896 88.3
655124900 25563155520 97.1 5139177918605696 88.3
655167500 25563156520 97.1 5139178745588096 88.3
655169200 25563156920 97.1 5139178800269696 88.3
655195700 25563159820 97.1 5139182151616896 88.3
655202400 25563160720 97.1 5139182600128896 88.3
655220500 25563171420 97.1 5139191829440896 88.3
655289400 25563173020 97.1 5139193622260096 88.3
655310600 25563173620 97.1 5139193825012096 88.3
655323400 25563174920 97.1 5139194724288896 88.3
655328400 25563176020 97.1 5139195295271296 88.3
655331000 25563179920 97.1 5139199667341696 88.3
655450700 25563180620 97.1 5139199838554496 88.3
655512300 25563180820 97.1 5139199899175296 88.3
655608500 25563181420 97.1 5139200487565696 88.3
655614900 25563181620 97.1 5139200574810496 88.3
655668100 25563183420 97.1 5139202385447296 88.3
655678600 25563184720 97.1 5139203795700096 88.3
655684400 25565371320 97.1 5141241900157312 88.3
655722700 25565372220 97.1 5141242151651712 88.3
655774400 25565375920 97.1 5141245795659392 88.3
655807500 25565376320 97.1 5141246172984992 88.3
655807600 25565376820 97.1 5141246497592992 88.3
655825800 25565377020 97.1 5141246610232992 88.3
655829000 25565377420 97.1 5141246875858592 88.3
655875800 25565378220 97.1 5141247134111392 88.3
655876600 25565381920 97.1 5141248459986592 88.3
655971500 25565382520 97.1 5141248943928992 88.3
655980300 25565384220 97.1 5141250723671072 88.3
655981900 25565387020 97.1 5141252746071072 88.3
656055000 25565387520 97.1 5141253407370272 88.3
656062000 25565388620 97.1 5141254014192672 88.3
656087000 25565389320 97.1 5141254425226272 88.3
656179800 25565389720 97.1 5141254496496672 88.3
656188700 25565394720 97.1 5141259350739488 88.3
656246600 25565396220 97.1 5141260946336288 88.3
656352500 25565398520 97.1 5141262014982688 88.3
656386000 25565405020 97.1 5141269830372896 88.3
656401600 25565405720 97.1 5141270151908896 88.3
656407100 25565406920 97.1 5141270621515296 88.3
656410400 25565410120 97.1 5141273598692896 88.3
656415200 25565413420 97.1 5141275443599392 88.3
656442900 25565415420 97.1 5141279354606624 88.3
656478800 25565416620 97.1 5141279833633824 88.3
656479900 25565417120 97.1 5141280089429024 88.3
656514500 25565417820 97.1 5141280211694624 88.3
656516800 25565418620 97.1 5141280551457824 88.3
656519400 25565419120 97.1 5141280671265824 88.3
656551000 25565420120 97.1 5141281289147424 88.3
656567100 25565420720 97.1 5141281745032224 88.3
656570700 25565422020 97.1 5141282324616224 88.3
656662600 25565424020 97.1 5141283296187424 88.3
656672600 25565424420 97.1 5141283325064224 88.3
656704100 25565427820 97.1 5141285290734624 88.3
656723300 25565428520 97.1 5141285493691424 88.3
656744900 25565431520 97.1 5141287077614624 88.3
656836000 25565432720 97.1 5141287388091424 88.3
656887900 25565434320 97.1 5141288653141024 88.3
656912800 25565442620 97.1 5141293957256224 88.3
656947100 25565445020 97.1 5141294815163424 88.3
656959500 25565448020 97.1 5141298825147424 88.3
656980600 25565456120 97.1 5141304377133600 88.3
656990600 25565465120 97.1 5141308519008800 88.3
657105000 25565473020 97.1 5141317380500000 88.3
657123000 25565473620 97.1 5141317611924000 88.3
657144100 25565474520 97.1 5141317911751200 88.3
657158700 25565480220 97.1 5141321337850400 88.3
657160200 25565482220 97.1 5141322100320800 88.3
657177700 25565493720 97.1 5141333442325024 88.3
657239400 25565495620 97.1 5141334116096608 88.3
657253300 25565497520 97.1 5141335487232608 88.3
657319700 25565498820 97.1 5141336169831008 88.3
657322100 25565502120 97.1 5141337383885408 88.3
657441400 25565505020 97.1 5141339657984608 88.3
657447100 25565505320 97.1 5141339677645408 88.3
657502900 25565505920 97.1 5141339753216608 88.3
657703900 25565507520 97.1 5141340910541408 88.3
657754200 25565507620 97.1 5141341020109408 88.3
657763400 25565507720 97.1 5141341028096608 88.3
657777700 25565511820 97.1 5141344815872608 88.3
657787900 25565516420 97.1 5141348186471008 88.3
657796200 25565523420 97.1 5141352128461408 88.3
657808100 25565524020 97.1 5141352711117408 88.3
657866600 25565531620 97.1 5141358604032608 88.3
657873900 25565534820 97.1 5141361141299808 88.3
657895500 25565604520 97.1 5141384454298208 88.3
657903000 25565629020 97.1 5141405127146080 88.3
657906300 25565633020 97.1 5141406827395680 88.3
657936900 25565635820 97.1 5141408551197280 88.3
657955600 25565636120 97.1 5141408985373280 88.3
657986200 25565638820 97.1 5141412632861280 88.3
658034200 25565642720 97.1 5141415347690080 88.3
658048600 25565646820 97.1 5141418614250080 88.3
658079500 25565655620 97.1 5141425917827680 88.3
658091900 25565657420 97.1 5141426726787680 88.3
658097000 25565660920 97.1 5141429105130080 88.3
658104100 25565676120 97.1 5141441766685280 88.3
658167800 25565676720 97.1 5141442066307680 88.3
658201600 25565679120 97.1 5141443081910880 88.3
658208800 25565680920 97.1 5141444124547680 88.3
658214300 25565687220 97.1 5141447771216480 88.3
658292100 25565689220 97.1 5141448532867680 88.3
658313700 25565690620 97.1 5141449673603680 88.3
658323800 25565691520 97.1 5141450463722080 88.3
658331300 25565693020 97.1 5141452186704480 88.3
658333800 25565699620 97.1 5141455514123872 88.3
658478400 25565702320 97.1 5141458216459872 88.3
658479500 25565705520 97.1 5141460908669280 88.3
658504400 25565708320 97.1 5141462397565280 88.3
658578900 25565908720 97.1 5141661105289568 88.3
658592700 25565909420 97.1 5141661208713568 88.3
658626200 25565910020 97.1 5141662420541664 88.3
658633600 25565913320 97.1 5141663513968864 88.3
658648700 25565919520 97.1 5141667495076064 88.3
658678800 25565920820 97.1 5141670016164064 88.3
658718200 25565921520 97.1 5141670208061664 88.3
658721000 25565921820 97.1 5141670260080864 88.3
658728500 25565923120 97.1 5141671462052064 88.3
658767500 25565929020 97.1 5141674806231264 88.3
658777100 25565963520 97.1 5141710333472992 88.3
658789800 25565965620 97.1 5141711215751392 88.3
658817900 25565965820 97.1 5141711231725792 88.3
658877100 25565966820 97.1 5141712893268192 88.3
658884800 25565974520 97.1 5141717427032800 88.3
658964700 25565986220 97.1 5141725355668704 88.3
658967100 25565987920 97.1 5141727108961504 88.3
659013200 25565989620 97.1 5141728844027104 88.3
659018300 25565995820 97.1 5141731243873504 88.3
659059700 25565995920 97.1 5141731255342304 88.3
659079000 25565996820 97.1 5141732162196704 88.3
659182600 25565996920 97.1 5141732180219104 88.3
659184500 25565997020 97.1 5141732198241504 88.3
659228400 25565997920 97.1 5141732884321504 88.3
659362500 25565998020 97.1 5141732919956704 88.3
659366800 25565998520 97.1 5141733036487904 88.3
659368200 25566005620 97.1 5141734996833504 88.3
659419400 25566006320 97.1 5141735427342400 88.3
659528900 25566007220 97.1 5141736556200000 88.3
659614700 25566007920 97.1 5141736671297600 88.3
659686900 25566009220 97.1 5141737581838400 88.3
659862500 25566010020 97.1 5141737872859200 88.3
660413000 25566010220 97.1 5141737895796800 88.3
660577800 25566010320 97.1 5141737969934400 88.3
660584300 25566010720 97.1 5141738133979200 88.3
661018900 25566016120 97.1 5141741520347200 88.3
661050200 25566068220 97.1 5141794612260928 88.3
661276400 25566070920 97.1 5141796330942528 88.3
661689500 25566085820 97.1 5141813005176896 88.3
661721700 25566088220 97.1 5141814147756096 88.3
670303300 25566089420 97.1 5141814800248896 88.3
670809200 25566090920 97.1 5141815710175296 88.3
670810100 25566092720 97.1 5141817098196544 88.3
670839300 25566097120 97.1 5141817992558144 88.3
670923200 25566102820 97.1 5141820989806144 88.3
670927500 25566107320 97.1 5141823737607744 88.3
671020900 25566108320 97.1 5141824445806144 88.3
671027900 25566181720 97.1 5141847184954944 88.3
671068500 25566184320 97.1 5141848886638144 88.3
671069700 25566186420 97.1 5141851048506944 88.3
671084100 25566187120 97.1 5141851580782144 88.3
671173800 25566190420 97.1 5141853315642944 88.3
671194500 25566192820 97.1 5141855048250944 88.3
671201400 25566192920 97.1 5141855063201344 88.3
671224800 25566198420 97.1 5141858194756672 88.3
671326100 25566200420 97.1 5141858763076672 88.3
671393800 25566202920 97.1 5141860667716672 88.3
671401800 25566203120 97.1 5141860687582272 88.3
671455000 25566204420 97.1 5141861924490944 88.3
671463900 25566205320 97.1 5141862714814144 88.3
671500500 25566206720 97.1 5141863356452544 88.3
671536600 25566207620 97.1 5141864334782144 88.3
671649700 25566208020 97.1 5141864739466944 88.3
671667200 25566208520 97.1 5141865349975744 88.3
671700900 25566208720 97.1 5141865372708544 88.3
671736600 25566211920 97.1 5141867376062144 88.3
671756900 25566212320 97.1 5141867690839744 88.3
671761600 25566214720 97.1 5141870194724544 88.3
671787800 25566215120 97.1 5141870238346944 88.3
671848400 25566219620 97.1 5141872518794944 88.3
671903200 25566220820 97.1 5141873355607744 88.3
671937900 25566222320 97.1 5141873628196544 88.3
671941900 25566224020 97.1 5141874728996544 88.3
671971700 25566225020 97.1 5141875434122944 88.3
672003700 25566225220 97.1 5141875726577344 88.3
672016400 25566225620 97.1 5141875893079744 88.3
672017100 25566226020 97.1 5141875906801344 88.3
672049900 25566235820 97.1 5141881318656192 88.3
672091100 25566236220 97.1 5141881692211392 88.3
672092500 25566237620 97.1 5141882264832192 88.3
672114500 25566237820 97.1 5141882280396992 88.3
672150600 25566238220 97.1 5141882331187392 88.3
672179800 25566238820 97.1 5141882635520192 88.3
672180900 25566240320 97.1 5141882975283392 88.3
672204100 25566240520 97.1 5141882998220992 88.3
672268800 25566242320 97.1 5141884159641792 88.3
672281700 25566242520 97.1 5141884175206592 88.3
672295200 25566242720 97.1 5141884202649792 88.3
672309600 25566243620 97.1 5141884589312192 88.3
672368300 25566245020 97.1 5141885084518592 88.3
672461200 25566245120 97.1 5141885112371392 88.3
672474300 25566245220 97.1 5141885120358592 88.3
672549500 25566247420 97.1 5141887819108288 88.3
672575300 25566248020 97.1 5141887894269888 88.3
672614000 25566248320 97.1 5141887906762688 88.3
672623500 25566248820 97.1 5141888402068896 88.3
672650500 25566250920 97.1 5141888824776096 88.3
672665600 25566252520 97.1 5141889711764896 88.3
672676500 25566252620 97.1 5141889727124896 88.3
672690700 25566253620 97.1 5141890570081696 88.3
672712100 25566253720 97.1 5141890589742496 88.3
672772300 25566254920 97.1 5141891883054496 88.3
672775800 25566255520 97.1 5141892012692896 88.3
672849900 25566256020 97.1 5141892320097696 88.3
672867100 25566256420 97.1 5141892503188896 88.3
672898800 25566258020 97.1 5141892986199392 88.3
672939500 25566259020 97.1 5141893602237792 88.3
672949200 25566260220 97.1 5141894224624992 88.3
673038600 25566263220 97.1 5141896479882592 88.3
673061000 25566263320 97.1 5141896537021792 88.3
673091300 25566263520 97.1 5141896569789792 88.3
673140900 25566264020 97.1 5141896682224992 88.3
673221200 25566264720 97.1 5141897613245792 88.3
673238500 25566266120 97.1 5141898369367392 88.3
673262300 25566266620 97.1 5141898558192992 88.3
673277100 25566267720 97.1 5141899770512736 88.3
673315200 25566268720 97.1 5141900255888736 88.3
673453100 25566281520 97.1 5141910540999008 88.3
673519000 25566282020 97.1 5141910882810208 88.3
673543400 25566283020 97.1 5141911404640608 88.3
673573800 25566283720 97.1 5141911710695712 88.3
673628200 25566295520 97.1 5141922179158304 88.3
673711000 25566297520 97.1 5141923249033504 88.3
673711300 25566297820 97.1 5141923293475104 88.3
673747300 25566298120 97.1 5141923317231904 88.3
673752600 25566298520 97.1 5141923461206304 88.3
673793900 25566301120 97.1 5141925282697504 88.3
673802000 25566303820 97.1 5141926583382304 88.3
673810300 25566304120 97.1 5141926754390304 88.3
673866200 25566305720 97.1 5141928235913504 88.3
673913800 25566306320 97.1 5141928989987104 88.3
673915800 25566307020 97.1 5141929912815904 88.3
673999200 25566307420 97.1 5141930504397984 88.3
674008700 25566307820 97.1 5141930607617184 88.3
674029200 25566309420 97.1 5141931774157984 88.3
674055700 25566310620 97.1 5141932307350080 88.3
674073100 25566311320 97.1 5141932782486080 88.3
674093200 25566313820 97.1 5141934920598080 88.3
674115600 25566314220 97.1 5141935146902080 88.3
674132100 25566314520 97.1 5141935381807680 88.3
674133900 25566314720 97.1 5141935808654272 88.3
674136000 25566315420 97.1 5141936856206272 88.3
674141300 25566323420 97.1 5141944325915584 88.3
674157600 25566323920 97.1 5141944572904384 88.3
674255000 25566324720 97.1 5141944604238784 88.3
674298400 25566326320 97.1 5141946882433984 88.3
674308800 25566326920 97.1 5141947185128384 88.3
674315500 25566345820 97.1 5141962803353536 88.3
674319700 25566346120 97.1 5141962826700736 88.3
674330100 25566347220 97.1 5141963003238336 88.3
674343900 25566351920 97.1 5141966174190272 88.3
674346800 25566352620 97.1 5141966540167872 88.3
674384500 25566353920 97.1 5141967294446272 88.3
674392600 25566354320 97.1 5141967362030272 88.3
674394100 25566355020 97.1 5141967531809472 88.3
674477000 25566356020 97.1 5141967660014272 88.3
674487700 25566356620 97.1 5141967801940672 88.3
674492900 25566357220 97.1 5141967983188672 88.3
674528200 25566358020 97.1 5141968590625472 88.3
674530600 25566359920 97.1 5141970191956672 88.3
674567900 25566360520 97.1 5141971068295872 88.3
674585700 25566363320 97.1 5141973425066688 88.3
674626900 25566363920 97.1 5141973441245888 88.3
674651800 25566364720 97.1 5141973766673088 88.3
674674700 25566365620 97.1 5141974147805888 88.3
674696900 25566366820 97.1 5141974443946688 88.3
674697300 25566367120 97.1 5141974584234688 88.3
674730400 25566367420 97.1 5141974693802688 88.3
674731000 25566368120 97.1 5141976032058304 88.3
674764600 25566369620 97.1 5141976802720704 88.3
674779400 25566369820 97.1 5141977679469504 88.3
674781400 25566376920 97.1 5141986332262336 88.3
674799500 25566380020 97.1 5141987842867136 88.3
674885200 25566381320 97.1 5141988458291136 88.3
674903000 25566383520 97.1 5141990589562432 88.3
674955700 25566384420 97.1 5141991357152832 88.3
674984300 25566384620 97.1 5141991479623232 88.3
675010600 25566385020 97.1 5141991608032832 88.3
675032000 25566386420 97.1 5141992214240832 88.3
675034400 25566388420 97.1 5141992857517632 88.3
675038100 25566392420 97.1 5141994534829632 88.3
675050300 25566392720 97.1 5141994675527232 88.3
675058000 25566395520 97.1 5141998107856960 88.3
675119800 25566395720 97.1 5141998324740160 88.3
675184400 25566406120 97.1 5142005257305664 88.3
675199700 25566406720 97.1 5142005266931264 88.3
675307800 25566407020 97.1 5142005638643264 88.3
675312000 25571632220 97.1 5146783711116864 88.4
675312400 25571633420 97.1 5146784299097664 88.4
675358600 25571634920 97.1 5146784571686464 88.4
675386200 25571636320 97.1 5146785634803264 88.4
675508500 25571637720 97.1 5146787039004096 88.4
675549600 25571638120 97.1 5146787127272896 88.4
675620900 25571640420 97.1 5146789111170496 88.4
675631500 25571640520 97.1 5146789367989696 88.4
675675400 25571640820 97.1 5146789464245696 88.4
675684000 25571641720 97.1 5146789808924096 88.4
675738500 25571641820 97.1 5146790262760896 88.4
675746900 25571644220 97.1 5146791916520896 88.4
675934500 25571644420 97.1 5146791932085696 88.4
675964100 25571646820 97.1 5146793758436032 88.4
675969300 25571646920 97.1 5146793766013632 88.4
676007300 25571647520 97.1 5146794131581632 88.4
676063900 25571647920 97.1 5146794484247232 88.4
676159000 25571657520 97.1 5146804462617280 88.4
676268500 25571657720 97.1 5146804534502080 88.4
676301300 25571658020 97.1 5146804674585280 88.4
676306700 25571661520 97.1 5146807380812480 88.4
676372400 25571665720 97.1 5146812160250560 88.4
676394000 25571669520 97.1 5146814220429120 88.4
676446000 25571678920 97.1 5146823376374592 88.4
676464700 25571680120 97.1 5146824162396992 88.4
676465100 25571684920 97.1 5146828907069248 88.4
676473000 25571686320 97.1 5146829693910848 88.4
676483200 25571686820 97.1 5146830023843648 88.4
676544500 25571689120 97.1 5146832400957248 88.4
676544700 25571689320 97.1 5146832480214848 88.4
676549700 25571698320 97.1 5146840432848704 88.4
676550700 25571698620 97.1 5146840617578304 88.4
676569400 25571699720 97.1 5146841066090304 88.4
676569600 25571709620 97.1 5146849624067904 88.4
676589200 25571709820 97.1 5146849916112704 88.4
676600600 25571710320 97.1 5146850385719104 88.4
676650500 25571711220 97.1 5146850983530304 88.4
676669700 25571711820 97.1 5146851318992704 88.4
676720700 25571713920 97.1 5146852582403904 88.4
676723600 25571716320 97.1 5146853696311104 88.4
676739200 25571717120 97.1 5146854542135104 88.4
676821000 25571717820 97.1 5146855003344704 88.4
676835600 25571717920 97.1 5146855214698304 88.4
676865300 25571720620 97.1 5146857724931904 88.4
676917400 25571721120 97.1 5146858372509504 88.4
676979400 25571730520 97.1 5146865435560256 88.4
677047800 25571731820 97.1 5146866435803456 88.4
677054900 25571732020 97.1 5146866448501056 88.4
677057700 25571733620 97.1 5146866653710656 88.4
677062600 25571734720 97.1 5146866790312256 88.4
677077000 25571735920 97.1 5146867153013056 88.4
677138300 25571739320 97.1 5146870136129856 88.4
677144900 25571739420 97.1 5146870234024256 88.4
677157200 25571739620 97.1 5146870285838656 88.4
677200000 25571743520 97.1 5146871197495744 88.4
677218000 25571745320 97.1 5146872533590976 88.4
677267500 25571747020 97.1 5146873715062208 88.4
677302600 25571747420 97.1 5146874080220608 88.4
677304300 25571747720 97.1 5146874170742208 88.4
677416200 25571747820 97.1 5146874178729408 88.4
677424700 25571748620 97.1 5146874982774208 88.4
677442000 25571750520 97.1 5146876006047040 88.4
677453300 25571759420 97.1 5146884910040384 88.4
677456300 25571759520 97.1 5146885029643584 88.4
677467300 25571759720 97.1 5146885147813184 88.4
677479800 25571760620 97.1 5146885880382784 88.4
677487000 25571765820 97.1 5146889813157184 88.4
677525600 25571765920 97.1 5146889840600384 88.4
677589800 25571766720 97.1 5146890349528384 88.4
677649000 25571769920 97.1 5146892488254784 88.4
677740700 25571770420 97.1 5146893314827584 88.4
677796900 25571770620 97.1 5146893451019584 88.4
677948600 25571771120 97.1 5146894007870784 88.4
678061600 25571775920 97.1 5146898797822272 88.4
678115700 25571776920 97.1 5146900250263872 88.4
678158200 25571777120 97.1 5146900389323072 88.4
678161400 25571777520 97.1 5146900443799872 88.4
678165200 25571777820 97.1 5146900969111872 88.4
678236400 25571804020 97.1 5146922056950080 88.4
678371300 25571804220 97.1 5146922456310080 88.4
678613500 25571805220 97.1 5146923024220480 88.4
678623600 25571806620 97.1 5146923543798080 88.4
678649100 25571806720 97.1 5146923558543680 88.4
678690300 25571807620 97.1 5146925099349824 88.4
678752700 25571808520 97.1 5146925498709824 88.4
679073300 25571814320 97.1 5146932716520768 88.4
679141700 25571815920 97.1 5146934666011968 88.4
679388800 25571818220 97.1 5146937161016384 88.4
679492100 25571820120 97.1 5146938596898368 88.4
679522800 25571821120 97.1 5146938890786368 88.4
679544000 25571824820 97.1 5146941373167168 88.4
679639900 25571826120 97.1 5146942184379968 88.4
679778400 25571829920 97.1 5146944728095296 88.4
680015300 25571830320 97.1 5146945270200896 88.4
680029600 25571841520 97.1 5146954513446464 88.4
680065200 25571845020 97.1 5146958014425920 88.4
680740600 25571855320 97.1 5146965574116672 88.4
683335600 25571856620 97.1 5146966283134272 88.4
683336400 25571863120 97.1 5146970417879104 88.4
683849300 25571864720 97.1 5146971944960192 88.4
683992100 25571865220 97.1 5146972519424192 88.4
684060600 25571865420 97.1 5146972560998592 88.4
684104400 25571865920 97.1 5146972849561792 88.4
684154000 25571872020 97.1 5146976836198592 88.4
684211300 25571873020 97.1 5146977356185792 88.4
684376600 25571873820 97.1 5146977964542400 88.4
684495500 25571874520 97.1 5146978090494400 88.4
684542900 25571874720 97.1 5146978105649600 88.4
684833600 25571875920 97.1 5146978766539200 88.4
685176700 25571876620 97.1 5146978966424000 88.4
685794600 25571876920 97.1 5146978982808000 88.4
685833400 25571883020 97.1 5146985120868800 88.4
685845600 25571883320 97.1 5146985219582400 88.4
685934400 25571883720 97.1 5146985321163200 88.4
685953300 25571884020 97.1 5146985372977600 88.4
685957500 25571884420 97.1 5146985655806400 88.4
685971000 25571884920 97.1 5146985846065600 88.4
686022200 25571885220 97.1 5146985971198400 88.4
686050200 25571886020 97.1 5146986250955200 88.4
686054700 25571886320 97.1 5146986510232000 88.4
686070300 25571887220 97.1 5146986896689600 88.4
686143400 25571887720 97.1 5146987116030400 88.4
686212100 25571887820 97.1 5146987143678400 88.4
686217200 25571890020 97.1 5146988539800000 88.4
686230600 25571890120 97.1 5146988603288000 88.4
686239700 25571890420 97.1 5146988627249600 88.4
686271200 25571891220 97.1 5146989014321600 88.4
686296000 25571892120 97.1 5146989790104000 88.4
686308100 25571892720 97.1 5146989925681600 88.4
686410000 25571893220 97.1 5146990559947200 88.4
686424000 25571894020 97.1 5146990853835200 88.4
686446000 25571898020 97.1 5146992984984000 88.4
686522000 25571905720 97.1 5146998216969152 88.4
686546200 25571906420 97.1 5146998698658752 88.4
686570600 25571907420 97.1 5146999212911552 88.4
686582300 25571910220 97.1 5147001032969152 88.4
686617900 25571910420 97.1 5147001276476352 88.4
686631100 25571911820 97.1 5147001973615552 88.4
686713600 25571913220 97.1 5147002312969152 88.4
686792300 25571914020 97.1 5147002617506752 88.4
686811800 25571914420 97.1 5147003128687552 88.4
686823300 25571915320 97.1 5147003907746752 88.4
686836200 25571915620 97.1 5147004036361152 88.4
686844700 25571916920 97.1 5147005346261952 88.4
686865500 25571917320 97.1 5147005857033152 88.4
686884000 25571918920 97.1 5147007486217152 88.4
686956800 25571919320 97.1 5147007587797952 88.4
686967400 25571919620 97.1 5147007907081152 88.4
687039700 25571921820 97.1 5147010911819712 88.4
687081100 25571923120 97.1 5147011591346112 88.4
687116700 25571923520 97.1 5147011832600512 88.4
687120600 25571925920 97.1 5147013275006912 88.4
687120800 25571931320 97.1 5147017102309312 88.4
687145300 25571933820 97.1 5147019836594112 88.4
687208400 25571934220 97.1 5147019920152512 88.4
687232300 25571935320 97.1 5147020871653312 88.4
687255000 25571936820 97.1 5147021379147712 88.4
687347500 25571937120 97.1 5147021402904512 88.4
687484300 25571937920 97.1 5147022288459712 88.4
687701300 25571941020 97.1 5147024193304512 88.4
687753700 25571942020 97.1 5147024542898112 88.4
687794900 25571942720 97.1 5147024759986112 88.4
687834200 25571944120 97.1 5147025566488512 88.4
687840200 25571944520 97.1 5147026510002112 88.4
688166000 25575108520 97.1 5149916396206016 88.5
688187800 25575109020 97.1 5149916612884416 88.5
688235100 25575116020 97.1 5149922195129792 88.5
688382000 25575116520 97.1 5149922396038592 88.5
688411800 25575117020 97.1 5149922981561792 88.5
688424800 25575117920 97.1 5149923646137792 88.5
688511800 25575118620 97.1 5149923840083392 88.5
688588700 25575119420 97.1 5149924517766592 88.5
688639400 25575120020 97.1 5149924691027392 88.5
688755100 25575120920 97.1 5149925159200192 88.5
688801400 25575123320 97.1 5149926365881792 88.5
688823400 25575123720 97.1 5149926418515392 88.5
688875100 25575124020 97.1 5149926468076992 88.5
689011500 25575124620 97.1 5149926663865792 88.5
689016200 25575126820 97.1 5149927429408192 88.5
689024900 25575127020 97.1 5149927490233792 88.5
689042500 25575128220 97.1 5149928180409792 88.5
689078600 25575129120 97.1 5149928529388992 88.5
689133900 25575129320 97.1 5149928667833792 88.5
689137000 25575129520 97.1 5149928769209792 88.5
689156000 25575130820 97.1 5149929530860992 88.5
689194600 25575132320 97.1 5149930243769792 88.5
689199200 25575132820 97.1 5149930346988992 88.5
689221200 25575133720 97.1 5149931096761792 88.5
689226500 25575134920 97.1 5149932018976192 88.5
689249500 25575135320 97.1 5149932273337792 88.5
689314400 25575185020 97.1 5149951429105088 88.5
689327700 25575185620 97.1 5149951801226688 88.5
689342500 25575185820 97.1 5149951929431488 88.5
689356700 25575186920 97.1 5149952278205888 88.5
689433000 25575189420 97.1 5149953093105088 88.5
689440900 25575189720 97.1 5149953186493888 88.5
689459500 25575190420 97.1 5149953511511488 88.5
689463900 25575190920 97.1 5149953656509888 88.5
689510500 25575191720 97.1 5149953864996288 88.5
689567400 25575192120 97.1 5149954059351488 88.5
689599400 25575192620 97.1 5149954146596288 88.5
689625200 25575192820 97.1 5149954188170688 88.5
689646900 25575192920 97.1 5149954304292288 88.5
689661900 25575193620 97.1 5149954332349888 88.5
689668900 25575194420 97.1 5149954741949888 88.5
689670000 25575194620 97.1 5149954920330688 88.5
689683100 25575195020 97.1 5149955525514688 88.5
689740600 25575196320 97.1 5149956362327488 88.5
689748500 25575196520 97.1 5149956447524288 88.5
689755000 25575197020 97.1 5149956940887488 88.5
689767400 25575198120 97.1 5149957328164288 88.5
689922700 25575198420 97.1 5149957607511488 88.5
689960600 25575198720 97.1 5149957696804288 88.5
689997400 25575199720 97.1 5149958730839488 88.5
689999500 25575201020 97.1 5149959296701888 88.5
690027300 25575202620 97.1 5149960125322688 88.5
690052100 25575205220 97.1 5149961458365888 88.5
690177700 25575209520 97.1 5149964262077888 88.5
690281600 25575209820 97.1 5149964432676288 88.5
690368000 25575214520 97.1 5149967138289088 88.5
690401200 25575216420 97.1 5149968531338688 88.5
690511500 25575217320 97.1 5149969214346688 88.5
690578800 25575217620 97.1 5149969434097088 88.5
690694100 25575218120 97.1 5149969732900288 88.5
690707800 25575218620 97.1 5149969896125888 88.5
690885300 25575219620 97.1 5149971301873088 88.5
690924100 25575220220 97.1 5149971445028288 88.5
691271400 25575220620 97.1 5149971604977088 88.5
691316500 25575221120 97.1 5149972008228288 88.5
691373700 25575222320 97.1 5149972161418688 88.5
691402200 25575223220 97.1 5149972616689088 88.5
691604100 25575224120 97.1 5149973084042688 88.5
691749400 25575229820 97.1 5149975677629888 88.5
691776000 25575230320 97.1 5149976493143488 88.5
691803600 25575230520 97.1 5149977018045888 88.5
691815500 25575232120 97.1 5149977775396288 88.5
691858600 25575232320 97.1 5149977852605888 88.5
691950800 25575233320 97.1 5149978149361088 88.5
692003600 25575240520 97.1 5149984343537088 88.5
692159400 25575244320 97.1 5149987338532288 88.5
692226700 25575244420 97.1 5149987346314688 88.5
692264300 25575249920 97.1 5149992335242688 88.5
692272600 25575250020 97.1 5149992515876288 88.5
692351600 25575254320 97.1 5149996009813696 88.5
692376800 25575254920 97.1 5149996589602496 88.5
692396200 25575256120 97.1 5149998019311296 88.5
692432400 25575257520 97.1 5149998378120896 88.5
692453700 25575259620 97.1 5149999742703296 88.5
692458500 25575260420 97.1 5150000832034496 88.5
692577500 25575260720 97.1 5150000892245696 88.5
692664100 25575263520 97.1 5150002697557696 88.5
692666500 25575264520 97.1 5150003607893696 88.5
692761000 25575272520 97.1 5150009808828096 88.5
693120300 25575277520 97.1 5150013404092096 88.5
717838700 25575278320 97.1 5150014140962496 88.5
718039900 25575278720 97.1 5150014573500096 88.5
718078500 25575279120 97.1 5150014911829696 88.5
718095300 25575281920 97.1 5150016450696896 88.5
718127400 25578150220 97.1 5152636567656128 88.5
718134100 25578150920 97.1 5152636904756928 88.5
718145100 25578151320 97.1 5152637165262528 88.5
718208100 25578153220 97.1 5152637758568128 88.5
718217400 25578153420 97.1 5152637843150528 88.5
718225100 25578156420 97.1 5152640058676928 88.5
718225400 25578156820 97.1 5152640730216128 88.5
718230300 25578158120 97.1 5152642319873728 88.5
718285100 25578158720 97.1 5152642456065728 88.5
718393200 25578159520 97.1 5152643201537728 88.5
718433600 25578160420 97.1 5152644204443328 88.5
718530600 25578170320 97.1 5152653445254848 88.5
718555800 25578172220 97.1 5152654655213248 88.5
718591200 25578174520 97.1 5152658180026048 88.5
718603400 25578174920 97.1 5152658279149248 88.5
718618200 25578177420 97.1 5152660703162048 88.5
718619200 25578178520 97.1 5152661406650048 88.5
718651700 25578182120 97.1 5152665343725248 88.5
718902900 25578182320 97.1 5152665560813248 88.5
718920900 25578182920 97.1 5152665705606848 88.5
718925800 25578183320 97.1 5152667404890688 88.5
719025800 25578183520 97.1 5152667406529088 88.5
719030000 25578183720 97.1 5152667533505088 88.5
719054500 25578184320 97.1 5152667821044288 88.5
719082600 25578185020 97.1 5152667852788288 88.5
719130600 25578185320 97.1 5152667987546688 88.5
719132700 25578186220 97.1 5152669689844288 88.5
719146000 25578186320 97.1 5152669704794688 88.5
719179900 25578186620 97.1 5152669999706688 88.5
719255200 25578187720 97.1 5152670824436288 88.5
719270600 25578188820 97.1 5152671598989888 88.5
719306900 25578188920 97.1 5152671610049088 88.5
719404900 25578189220 97.1 5152671771431488 88.5
719424500 25578191420 97.1 5152674402087488 88.5
719456100 25578192420 97.1 5152676540285120 88.5
719476100 25578192620 97.1 5152676750409920 88.5
719514200 25578192920 97.1 5152677050441920 88.5
719540300 25578194620 97.1 5152678902122432 88.5
719588900 25578195320 97.1 5152679616055232 88.5
719600600 25578196720 97.1 5152680836253632 88.5
719675100 25578197120 97.1 5152681219229632 88.5
719684800 25578197220 97.1 5152681234794432 88.5
719717500 25578198820 97.1 5152681666512832 88.5
719777300 25578201120 97.1 5152684383799232 88.5
719848000 25578201320 97.1 5152684390762432 88.5
719917400 25578202720 97.1 5152685554640832 88.5
719932500 25578203220 97.1 5152686657898432 88.5
719950700 25578203520 97.1 5152686837098432 88.5
719970500 25578203720 97.1 5152687398660032 88.5
720038200 25578203920 97.1 5152687426512832 88.5
720091700 25578204020 97.1 5152687972919232 88.5
720168200 25578204920 97.1 5152688309200832 88.5
720243800 25578209820 97.1 5152690942314432 88.5
720548600 25578210120 97.1 5152690980202432 88.5
720559700 25578213420 97.1 5152692272490432 88.5
720639100 25578213720 97.1 5152692478314432 88.5
720689800 25578214820 97.1 5152693123844032 88.5
720756400 25578215420 97.1 5152693983594432 88.5
720840500 25578215520 97.1 5152694016976832 88.5
720844000 25578228220 97.1 5152702600349632 88.5
720847700 25578228820 97.1 5152702778320832 88.5
720861100 25578229920 97.1 5152703250589632 88.5
720925200 25578232220 97.1 5152705616848832 88.5
720948200 25578235820 97.1 5152708420560832 88.5
721002500 25578237120 97.1 5152710595771328 88.5
721032600 25578246420 97.1 5152714698734528 88.5
721050300 25578252420 97.1 5152719239885248 88.5
721050800 25578253620 97.1 5152720121958848 88.5
721096600 25578254320 97.1 5152720773222848 88.5
721148200 25578254720 97.1 5152720971878848 88.5
721172000 25578257820 97.1 5152723266253248 88.5
721307600 25578258220 97.1 5152723900314048 88.5
721348400 25578258420 97.1 5152723904819648 88.5
721358600 25578516220 97.1 5152962659905984 88.5
721391700 25578517220 97.1 5152963453301184 88.5
721454000 25578517420 97.1 5152963499790784 88.5
721465900 25578518920 97.1 5152964491022784 88.5
721554100 25578520920 97.1 5152965969861952 88.5
721614100 25578531520 97.1 5152970838162752 88.5
721622500 25578532920 97.1 5152971429819968 88.5
721630100 25578534020 97.1 5152972259464768 88.5
721659100 25578595620 97.1 5152996692104768 88.5
721803700 25578598120 97.1 5152997901653568 88.5
721819400 25578602920 97.1 5153001236207168 88.5
721849500 25578603020 97.1 5153001492002368 88.5
721857000 25578604120 97.1 5153001979426368 88.5
721860200 25578609420 97.1 5153006992930368 88.5
721937900 25578609620 97.1 5153007015867968 88.5
721975700 25578613420 97.1 5153009717384768 88.5
721985700 25578618020 97.1 5153015551727168 88.5
722046700 25578618320 97.1 5153016106939968 88.5
722073300 25578618620 97.1 5153016600303168 88.5
722123400 25578619620 97.1 5153017144155584 88.5
722140500 25578621820 97.1 5153021649960384 88.5
722140800 25578623920 97.1 5153022642951808 88.5
722160500 25578625420 97.1 5153023046407808 88.5
722174400 25578626320 97.1 5153023185671808 88.5
722202700 25578641920 97.2 5153034426734208 88.5
722228100 25578645220 97.2 5153036943931008 88.5
722228500 25578648620 97.2 5153040280081536 88.5
722246400 25578650420 97.2 5153041997534336 88.5
722410500 25578651220 97.2 5153042387678336 88.5
722548200 25578657120 97.2 5153048474638464 88.5
722549300 25578657920 97.2 5153048825460864 88.5
722566400 25578659320 97.2 5153049437403264 88.5
722599300 25578659520 97.2 5153049614145664 88.5
722609300 25578662220 97.2 5153051054094464 88.5
722629100 25578662420 97.2 5153051182708864 88.5
722630000 25578666120 97.2 5153054882830464 88.5
722811800 25578666620 97.2 5153055395854464 88.5
722851800 25578668520 97.2 5153057170036864 88.5
723085800 25578670520 97.2 5153058485262464 88.5
723163200 25578670820 97.2 5153058568820864 88.5
723217300 25578671820 97.2 5153058716481664 88.5
723680700 25578672420 97.2 5153058836289664 88.5
723710800 25578682020 97.2 5153065409550464 88.5
723772000 25578682320 97.2 5153065771022464 88.5
723843000 25578682620 97.2 5153065898203264 88.5
723846200 25578682820 97.2 5153066130241664 88.5
723963200 25578685420 97.2 5153067393652864 88.5
724196300 25578688120 97.2 5153069338228864 88.5
724338500 25578695120 97.2 5153074421160064 88.5
724635000 25578710920 97.2 5153089052462208 88.5
724639600 25578711020 97.2 5153089064955008 88.5
724701000 25578711720 97.2 5153089400622208 88.5
724736400 25578713320 97.2 5153091300727552 88.5
724763600 25578713420 97.2 5153091311991552 88.5
725022900 25578717020 97.2 5153093136145152 88.5
725141500 25578718720 97.2 5153093990980352 88.5
725182500 25578719320 97.2 5153094920567552 88.5
725226100 25578719720 97.2 5153095090961152 88.5
726133600 25578720020 97.2 5153095133969152 88.5
726348500 25578724220 97.2 5153097841220352 88.5
727229500 25578725420 97.2 5153098558839552 88.5
752105700 25578725820 97.2 5153100898474752 88.5
752244100 25581854720 97.2 5155940649114368 88.6
752550200 25581855120 97.2 5155940756429568 88.6
752845500 25581855420 97.2 5155941209651968 88.6
752993500 25581857620 97.2 5155942638838912 88.6
753004900 25581857920 97.2 5155942832989312 88.6
753168000 25581859320 97.2 5155943562077312 88.6
753219100 25581859520 97.2 5155943596893312 88.6
753543700 25581865020 97.2 5155946823517312 88.6
753561500 25581865620 97.2 5155947333878912 88.6
753660600 25581865920 97.2 5155947389379712 88.6
753712900 25581866120 97.2 5155947555677312 88.6
753956400 25581867420 97.2 5155948280874112 88.6
754144500 25581867720 97.2 5155948323472512 88.6
754246900 25581870420 97.2 5155952250717312 88.6
754347800 25581871720 97.2 5155954649949312 88.6
754534400 25581871820 97.2 5155954664899712 88.6
754568900 25581871920 97.2 5155954679030912 88.6
754659600 25581872020 97.2 5155955016746112 88.6
754678600 25581872220 97.2 5155955032515712 88.6
754805000 25581872620 97.2 5155955433309312 88.6
754863300 25581872720 97.2 5155955441296512 88.6
754928500 25581872920 97.2 5155955694019712 88.6
754953200 25581873120 97.2 5155956397302912 88.6
754958900 25581880120 97.2 5155959949558912 88.6
755090200 25581880320 97.2 5155960111965312 88.6
755160200 25581885020 97.2 5155961912566912 88.6
755189100 25581885320 97.2 5155962185360512 88.6
755272900 25581886520 97.2 5155963486454912 88.6
755296800 25581887220 97.2 5155963607696512 88.6
755303200 25581887820 97.2 5155963731600512 88.6
755303700 25581888320 97.2 5155963934762112 88.6
755356600 25581889220 97.2 5155964592374912 88.6
755451100 25581889720 97.2 5155964643574912 88.6
755639900 25581890020 97.2 5155964805571712 88.6
755939500 25581906020 97.2 5155976715240576 88.6
756102000 25581911220 97.2 5155978562946176 88.6
756159000 25581911520 97.2 5155978842498176 88.6
756258200 25581911620 97.2 5155978902299776 88.6
756330800 25581912220 97.2 5155979469800576 88.6
756497600 25581913420 97.2 5155980613608576 88.6
756507800 25581916620 97.2 5155983444149376 88.6
756593100 25581916820 97.2 5155983483880576 88.6
756633000 25581950920 97.2 5155994006709376 88.6
756918700 25581955020 97.2 5155995814069376 88.6
756950000 25581956120 97.2 5155996519605376 88.6
757060900 25581959820 97.2 5155999186101376 88.6
757187000 25581967620 97.2 5156007032287360 88.6
757187300 25581968920 97.2 5156008952696960 88.6
757566300 25581969120 97.2 5156009045676160 88.6
757707100 25581970320 97.2 5156010152824960 88.6
757843700 25581982120 97.2 5156019577311360 88.6
757876400 25581992620 97.2 5156026414559360 88.6
757949300 25581999620 97.2 5156029918687360 88.6
758160700 25582001120 97.2 5156030219743360 88.6
759033600 25582026120 97.2 5156045122424960 88.6
759058600 25582037520 97.2 5156057362911360 88.6
759087400 25582038620 97.2 5156057704108160 88.6
759113200 25582038720 97.2 5156057891500160 88.6
759128200 25582038820 97.2 5156057899077760 88.6
759168900 25582039020 97.2 5156057943724160 88.6
759409200 25582039420 97.2 5156057983045760 88.6
759412700 25582040220 97.2 5156059706847360 88.6
759634700 25582042820 97.2 5156060764024960 88.6
759775900 25582044420 97.2 5156061780856960 88.6
759953800 25582044820 97.2 5156062079864960 88.6
759960000 25582049920 97.2 5156065955500160 88.6
760029900 25582051920 97.2 5156066938744960 88.6
760110000 25582067720 97.2 5156076547346560 88.6
760406800 25582071220 97.2 5156078699589760 88.6
774251100 25582221220 97.2 5156221101797504 88.6
774745200 25582221320 97.2 5156221404082304 88.6
774764600 25584789320 97.2 5158580339896448 88.6
774924300 25584790720 97.2 5158580849234048 88.6
775062600 25584793920 97.2 5158585580728448 88.6
776934800 25584838520 97.2 5158600723845248 88.6
776944400 25584914920 97.2 5158658721771648 88.6
777431700 25584924520 97.2 5158664198533248 88.6
777940500 25584947020 97.2 5158682307358848 88.6
778212400 25584952020 97.2 5158686471147648 88.6
811743100 25587048320 97.2 5160599401058432 88.6
813336100 25587216520 97.2 5160710196408448 88.6
813345300 25587367420 97.2 5160862166298752 88.6
813411000 25587399220 97.2 5160872504602752 88.6
831867400 25587647720 97.2 5161102806102144 88.6
833054000 25588959620 97.2 5162315004391552 88.7
833792500 25588994220 97.2 5162347825709184 88.7
835639800 25589037120 97.2 5162371426041984 88.7
836488300 25589168320 97.2 5162492022792320 88.7
872945000 25589168820 97.2 5162492498425536 88.7
875053300 25590098620 97.2 5163368542189248 88.7
875117900 25590130320 97.2 5163379136493248 88.7
876849000 25590320420 97.2 5163505863661248 88.7
877754300 25590321120 97.2 5163506553858176 88.7
878838400 25590420820 97.2 5163581464742016 88.7
878924000 25590435820 97.2 5163586064959616 88.7
880674300 25590542920 97.2 5163650995570816 88.7
908046000 25590961420 97.2 5164059414382720 88.7
908046900 25590962020 97.2 5164059523950720 88.7
909743800 25591035220 97.2 5164126877612160 88.7
909795100 25591051520 97.2 5164133168044160 88.7
912756000 25591109520 97.2 5164168875948160 88.7
931636100 25591270920 97.2 5164319965755520 88.7
931638700 25591271120 97.2 5164320001800320 88.7
932804500 25591297720 97.2 5164343828781184 88.7
933659500 25591317120 97.2 5164355177977984 88.7
948908400 25591349220 97.2 5164386323232896 88.7